X,logFC,AveExpr,t,P.Value,adj.P.Val,B
LTBP3,0.749643354,7.573641651,3.257064522,0.003503314,0.998285169,-3.984777403
CLEC3A,-0.512060174,13.09576773,-3.04862311,0.005744034,0.998285169,-4.049085879
DCPS,0.522453787,6.994686871,3.232055507,0.00403743,0.998285169,-4.059784614
TPP1,-0.830800977,8.421705907,-3.129580632,0.00491979,0.998285169,-4.061760449
PPP2CB,-0.581816369,6.743323185,-3.033091962,0.006157699,0.998285169,-4.089294139
FGF1,-0.656885386,8.558868759,-2.837308895,0.009392109,0.998285169,-4.114634734
MARCO,-0.860203268,7.701144573,-2.934979019,0.007721387,0.998285169,-4.117392046
CHAD,-0.492863746,17.65289805,-2.806936768,0.010070759,0.998285169,-4.124056769
PREX1,0.407552819,5.972668706,2.881756054,0.008722168,0.998285169,-4.132660938
BAG6,0.6389351,10.71525139,2.717618804,0.012346271,0.998285169,-4.151732358
COL27A1,-0.517681415,8.02112794,-2.688102168,0.013199529,0.998285169,-4.160862247
UBE2D3,-0.565362011,9.225444014,-2.824014653,0.01024062,0.998285169,-4.169502955
GDF10,0.697334494,6.838784533,2.588621337,0.016502205,0.998285169,-4.191545169
MAPRE2,0.948039539,5.959326123,2.641215335,0.014998348,0.998285169,-4.201662831
RTN1,-1.236926094,5.791035646,-3.991427156,0.001382451,0.998285169,-4.205462811
SNTB2,-0.305332723,8.028034616,-2.521058019,0.019170811,0.998285169,-4.212282279
FAHD2A,0.444009849,7.804083335,2.592213114,0.016717137,0.998285169,-4.215672935
LOC100630020,-1.291925984,9.282015446,-2.50092864,0.020040555,0.998285169,-4.218440968
ETHE1,0.763478355,9.158179385,2.600293022,0.016801163,0.998285169,-4.226322615
RPN2,-0.496463502,7.695790614,-2.439490608,0.022927303,0.998285169,-4.237173939
QNG1,0.31103935,7.737238729,2.374491701,0.026397142,0.998285169,-4.256872785
A0A9L0T229,-0.695194393,8.975263665,-2.361238885,0.027161542,0.998285169,-4.26087235
FAM32A,0.873489655,5.414001184,2.830906999,0.011648956,0.998285169,-4.273182698
BTF3,-0.617066057,5.976208856,-2.477068514,0.022418162,0.998285169,-4.27986218
ARFGEF2,-0.514784045,5.844657498,-2.763533911,0.013414116,0.998285169,-4.286187696
TMED9,-0.558539985,8.356941061,-2.367100062,0.027731718,0.998285169,-4.292835791
CARHSP1,0.848733884,7.602848573,2.438139949,0.024343522,0.998285169,-4.296843108
NME4,0.737332887,5.710889799,2.551402354,0.019626428,0.998285169,-4.297526197
MTMR10,0.535198928,6.772436446,2.403608681,0.026179433,0.998285169,-4.298415868
SHC1,0.459570244,5.917441091,2.407506695,0.025965914,0.998285169,-4.304385025
TMED4,-0.443882947,10.65197625,-2.210852626,0.037376974,0.998285169,-4.305785843
CNPY3,0.781952739,7.40124474,3.347721615,0.005369342,0.998285169,-4.314094051
CRLF1,-1.527845946,8.030747591,-2.8605383,0.012064234,0.998285169,-4.322755075
RPLP0,-0.350517674,10.60889521,-2.131783865,0.044048318,0.998285169,-4.32899528
PTPA,-0.441805733,8.663838961,-2.120678371,0.045066753,0.998285169,-4.332229586
ACYP2,-0.36338128,7.094616186,-2.12004175,0.045125771,0.998285169,-4.332414792
UNK,-1.605705048,8.991778361,-2.750028904,0.01505901,0.998285169,-4.333356707
CSDE1,0.330812191,7.131195382,2.211371204,0.038370538,0.998285169,-4.334056692
GMPS,0.38974805,7.323110415,2.192290091,0.039903875,0.998285169,-4.339055393
LOC100068926,1.852501861,8.770170752,2.567585317,0.020130706,0.998285169,-4.33916023
FKBP3,-0.35920202,8.854110656,-2.096537536,0.047353953,0.998285169,-4.33923721
GOLGB1,0.430846596,6.326373397,2.141179913,0.043720618,0.998285169,-4.342110502
LSM14A,-0.455840246,6.096450394,-2.156768791,0.042907647,0.998285169,-4.345800003
CDO1,0.748582114,6.598432882,2.179946519,0.040925289,0.998285169,-4.350124999
PAICS,-0.36869461,10.38529289,-2.044695093,0.052620643,0.998285169,-4.354174764
SEC11A,-0.832103084,7.303270885,-2.175739608,0.041892341,0.998285169,-4.355299446
STX5,0.36556632,7.125969247,2.030579269,0.0541424,0.998285169,-4.358214534
EIF3E,-0.321839784,6.881222966,-2.02776604,0.054450321,0.998285169,-4.359018193
PDCD6,-0.461960501,9.834963795,-2.021613425,0.055129188,0.998285169,-4.360774121
ABI3BP,0.681602787,7.791826643,2.016619503,0.055685728,0.998285169,-4.362197638
PRPF4,0.558535823,6.621927631,2.604132603,0.020134912,0.998285169,-4.362714916
CUTC,-0.323064,6.994375541,-2.061860956,0.051365907,0.998285169,-4.363588372
NUP43,0.715332518,5.217477482,2.114603426,0.046738516,0.998285169,-4.366559619
MAT2B,0.379385059,8.284573755,1.992011408,0.058501653,0.998285169,-4.369189235
PHLDB1,0.488117574,8.066150522,2.038220533,0.053865684,0.998285169,-4.369928829
HIBCH,0.381031203,6.054751083,2.257899193,0.036791236,0.998285169,-4.373101474
PCBD1,-0.525881492,9.430027475,-1.975676315,0.060439877,0.998285169,-4.373808827
ARL2,-0.300416503,7.591715212,-2.002445498,0.057855298,0.998285169,-4.375532197
AAMDC,-0.340877666,8.751184386,-1.957925272,0.062610264,0.998285169,-4.378808902
GBA1,-0.393881555,7.184238446,-1.948033191,0.063849343,0.998285169,-4.381586093
ADPRH,1.01894563,7.03625645,2.182914634,0.042722078,0.998285169,-4.382161561
SLC25A3,-0.45986746,7.904441275,-1.944954923,0.064239308,0.998285169,-4.382448954
PSPH,-0.411831088,7.457137065,-1.942804612,0.06451296,0.998285169,-4.383051317
GREM2,1.072797845,7.627320351,2.339614636,0.032817441,0.998285169,-4.383428705
MACROD1,-0.423763047,6.943639018,-2.162252635,0.044504193,0.998285169,-4.386567218
STK3,0.398398481,7.203456116,2.139894819,0.046509052,0.998285169,-4.39132424
PSMD2,-0.365848777,6.457515801,-1.902426217,0.069845362,0.998285169,-4.3943025
OGN,0.599474195,13.10646158,1.897137741,0.070571611,0.998285169,-4.395767504
SLC44A2,-0.827454591,7.272176371,-1.921776204,0.067828366,0.998285169,-4.397177611
SPAG9,-0.327855357,6.951949901,-1.929586341,0.066800575,0.998285169,-4.398664894
STT3A,-0.387258877,8.270331322,-1.886591708,0.072039604,0.998285169,-4.398682865
AKT1,0.345930722,6.702067209,1.928069077,0.066999163,0.998285169,-4.399061285
SMU1,-0.491280153,6.647662247,-1.92313818,0.067648139,0.998285169,-4.400348508
CD2BP2,0.600835021,5.734255645,2.464649941,0.027528089,0.998285169,-4.400981563
ILK,-0.331532881,8.636323474,-1.878131093,0.073236526,0.998285169,-4.401015819
A0A9L0SF58,-0.553081527,6.859673196,-1.942784399,0.065730567,0.998285169,-4.401079513
TMEM43,-0.42250432,9.179450702,-1.876061551,0.073531933,0.998285169,-4.401585672
PRKRA,-0.688516622,5.327735139,-1.900532632,0.07069464,0.998285169,-4.40281001
MCTS1,-0.508283494,8.918306178,-1.89072546,0.072053349,0.998285169,-4.405400221
ATXN2,-0.575261644,5.744267802,-2.563309887,0.02387679,0.998285169,-4.407076471
TARS3,-0.43248548,7.376941084,-1.947250895,0.065160815,0.998285169,-4.407818112
FCHO2,0.61380694,5.779808215,2.557182166,0.024153541,0.998285169,-4.407852611
IGSF10,0.495308007,6.779624292,1.84991814,0.077354025,0.998285169,-4.408756596
ARF2,-0.309872663,9.565718213,-1.845472896,0.078020806,0.998285169,-4.409970713
C13H7orf50,-0.600764617,6.044110544,-2.12547906,0.048726369,0.998285169,-4.410543147
CKAP5,-0.489911526,6.615635422,-1.839578929,0.078912586,0.998285169,-4.411578164
MAP1B,0.48466268,6.493102613,1.835972667,0.079462578,0.998285169,-4.412560364
SULF2,-0.478975818,7.446829779,-2.034108697,0.057157845,0.998285169,-4.413665726
UBB,-0.374226457,14.8382866,-1.898051057,0.0716841,0.998285169,-4.414160371
BLOC1S1,0.89956504,6.646124938,2.50576139,0.026601607,0.998285169,-4.414387603
BAG5,0.413821738,5.758746157,1.890074238,0.0727942,0.998285169,-4.416134649
STK10,0.441933908,9.748942532,1.814722937,0.08277132,0.998285169,-4.418327195
EIF5A,0.723546474,8.191157615,2.072177706,0.05400345,0.998285169,-4.420800991
LYPLA2,-0.393233769,7.11608959,-1.8030843,0.084633537,0.998285169,-4.421470503
SNAPIN,0.515586802,5.440596796,1.971073392,0.063652844,0.998285169,-4.424661054
FUS,-0.375503522,9.496828361,-1.788026899,0.087096319,0.998285169,-4.425520857
DYNC1H1,-0.296985248,7.263570052,-1.786884491,0.087285664,0.998285169,-4.425827402
LOC111770931,-0.309515719,8.237903409,-1.778200656,0.088736557,0.998285169,-4.428154029
ME1,-0.341303047,10.25020393,-1.77748543,0.088856976,0.998285169,-4.428345379
MMAB,0.330966927,6.435477315,1.921883896,0.069945269,0.998285169,-4.42839177
PCYT2,0.57231808,5.766217754,1.89960776,0.072972263,0.998285169,-4.431136358
FIBIN,0.823754643,5.758251805,1.860025061,0.077836406,0.998285169,-4.431203288
ASS1,-0.486347897,10.26681476,-1.766119862,0.090789459,0.998285169,-4.431380359
LNX1,1.265584001,8.05295814,1.818992564,0.083370344,0.998285169,-4.431939376
TNFAIP6,-1.328474075,7.214519461,-2.366047703,0.03452192,0.998285169,-4.432317296
DEFB4B,-1.167394939,11.67859689,-1.784251211,0.088336805,0.998285169,-4.433090474
HS3ST1,0.765353544,9.624934948,1.759453569,0.091939619,0.998285169,-4.433155431
SEC61A2,-0.602766616,7.272329299,-2.24086631,0.04207862,0.998285169,-4.433498428
GGA2,0.663227924,5.278548625,2.356614025,0.035131292,0.998285169,-4.433535656
TMEM109,-0.494205796,8.892217402,-1.780772395,0.088918623,0.998285169,-4.433981218
TBC1D13,0.480798258,6.02305132,2.049601557,0.056391576,0.998285169,-4.434297246
RNPS1,-0.378918607,8.690548307,-1.790699609,0.087267015,0.998285169,-4.434318303
EML2,0.522114775,6.943957832,1.858385778,0.078078718,0.998285169,-4.435299477
COX5A,-0.317691155,7.749509397,-1.879485518,0.075805586,0.998285169,-4.43557199
RASA1,0.637662766,5.470044149,1.950480436,0.067084211,0.998285169,-4.436036952
ZNF830,-0.603184148,5.354215518,-2.117322661,0.051643163,0.998285169,-4.436417414
RPS27A,-0.393070528,12.17185467,-1.742166774,0.094980483,0.998285169,-4.437740876
COMMD3,-0.287890337,5.602231406,-1.799861568,0.086435875,0.998285169,-4.438188432
RCN2,-0.40300159,6.405595896,-1.752540791,0.093763514,0.998285169,-4.441175374
AARSD1,0.35406679,8.703845957,1.728778179,0.097394315,0.998285169,-4.441274608
COL6A5,-0.743745813,5.504935065,-2.050341817,0.057350489,0.998285169,-4.441989022
HTRA3,0.694437827,10.02913834,1.725502737,0.097992747,0.998285169,-4.442136737
LAMP2,-0.489671171,7.664209695,-1.745143573,0.095069824,0.998285169,-4.443050077
SLC38A3,-0.712513361,7.058721889,-1.953919059,0.067610929,0.998285169,-4.443330569
PRUNE1,0.582019892,7.303906685,2.27667837,0.04072263,0.998285169,-4.443889528
TXNRD1,0.381764297,7.083504003,1.718259509,0.099327238,0.998285169,-4.44403988
PCYOX1,-0.320630991,7.138042292,-1.713811958,0.100154294,0.998285169,-4.44520617
GRAMD1B,0.62611182,9.46758675,1.769593089,0.091485546,0.998285169,-4.445468688
PGM2L1,0.454584986,6.778245266,1.787406597,0.088483749,0.998285169,-4.445843688
A0A3Q2IDT4,0.532187486,9.362660388,1.730559745,0.097690972,0.998285169,-4.44673334
ACP1,-0.315396222,8.78519568,-1.706615781,0.101504881,0.998285169,-4.447089514
ITGB6,-0.60647784,8.350189362,-1.761183929,0.092932858,0.998285169,-4.447480056
FAH,-0.349693185,9.721703573,-1.70478083,0.101851732,0.998285169,-4.447569008
PRPF6,-0.254076814,6.746314418,-1.72296484,0.099080303,0.998285169,-4.448644713
MPST,0.309433501,8.523911448,1.696316775,0.103464699,0.998285169,-4.449776851
PANK4,0.479399889,5.635751394,2.056870961,0.05782574,0.998285169,-4.449894569
MAP3K20,-0.319576166,7.634944403,-1.750558726,0.094789742,0.998285169,-4.450014354
FAF1,0.336175586,5.434083808,1.816184655,0.085360454,0.998285169,-4.451269146
GAPDHS,0.366039959,8.199697041,1.718564719,0.099892907,0.998285169,-4.452287386
RAB33B,-0.364572521,6.979416296,-1.801534082,0.087716548,0.998285169,-4.452566901
MSI2,0.368481598,7.028009176,1.714976402,0.100559791,0.998285169,-4.45317063
GORASP1,0.519143856,5.280137061,1.753096021,0.094343442,0.998285169,-4.453798005
AP2A2,0.264672419,7.058040761,1.708663814,0.101742191,0.998285169,-4.454721923
ITM2B,0.762078683,4.823965611,1.826242217,0.084676284,0.998285169,-4.456512626
A0A5F5PTR6,0.74172349,7.387350629,1.845520493,0.081704322,0.998285169,-4.456875545
CFI,0.461756416,10.78236311,1.657346821,0.111172982,0.998285169,-4.459857829
DKC1,-0.301945466,6.896815341,-1.6542633,0.111803048,0.998285169,-4.460649481
PPA2,0.33472511,5.812327608,1.702366924,0.103617122,0.998285169,-4.461406465
MAFF,-0.725653295,4.431504731,-1.902371728,0.075561633,0.998285169,-4.461475782
LOC100060547,-0.530723231,7.779261602,-1.801535622,0.088623583,0.998285169,-4.461489082
DHX15,-0.281970703,8.781211982,-1.650968932,0.112479514,0.998285169,-4.461494277
CDIPT,-0.278031731,7.488360984,-1.650582929,0.112559001,0.998285169,-4.461593196
NELFE,0.373694949,6.484526215,1.701320586,0.103816319,0.998285169,-4.461651903
GSTM3,-0.266776487,10.06477111,-1.649260478,0.112831682,0.998285169,-4.461931985
REM1,-0.406684936,7.58274758,-1.648784102,0.112930043,0.998285169,-4.462053983
DNAJC8,0.490817265,6.087565542,1.664014038,0.110447811,0.998285169,-4.463318022
GOLPH3L,-0.344046834,6.244983086,-1.690284965,0.105937182,0.998285169,-4.464235473
KRTCAP2,-0.436991047,6.352461019,-1.639918119,0.114773874,0.998285169,-4.464320613
MTX2,0.715195627,5.562482628,1.906873602,0.074938579,0.998285169,-4.46621429
LOC100630489,0.628206776,6.912268367,1.83136297,0.084884913,0.998285169,-4.466249657
PRPF38A,-0.383169739,6.576260471,-1.730911229,0.099885017,0.998285169,-4.467682347
ADAL,0.530480886,6.768964144,1.653683204,0.112549478,0.998285169,-4.468094381
PPP2CA,-0.289706535,9.232506912,-1.62145209,0.118695367,0.998285169,-4.469017411
B4GALT7,-0.568531177,5.801946048,-1.996246344,0.066092914,0.998285169,-4.469109327
NOP16,-0.561767862,5.999847729,-1.728622629,0.100302613,0.998285169,-4.46978536
G3BP2,-0.366600461,6.30205781,-1.808882381,0.088446797,0.998285169,-4.470396483
HMGCL,0.262744123,5.897673953,1.64284214,0.11479111,0.998285169,-4.47070103
GRK5,0.287129219,6.579850268,1.613162903,0.120491791,0.998285169,-4.47111503
COPS6,0.560267367,8.231190167,1.640849661,0.115207162,0.998285169,-4.471179001
SSH3,0.402855646,5.511191055,1.693779694,0.106015056,0.998285169,-4.471908161
HAT1,0.448613454,5.662933024,1.719949592,0.101068753,0.998285169,-4.47221676
EIF3K,-0.288977928,7.679698193,-1.608188863,0.121580618,0.998285169,-4.472370515
DMGDH,-0.424699606,6.074908499,-1.7115675,0.103462253,0.998285169,-4.473341057
ELOB,0.56975721,6.986911571,1.629818338,0.117533642,0.998285169,-4.473819025
CLTC,-0.368747352,9.573912622,-1.601948062,0.122958339,0.998285169,-4.473942304
SEPTIN6,0.347691943,6.439104308,1.59921281,0.123566261,0.998285169,-4.474629986
UXS1,0.496961188,6.967070555,1.644410664,0.115152603,0.998285169,-4.474874213
STRN,0.437133703,6.72719044,1.62331749,0.11892304,0.998285169,-4.475369817
PON1,0.628514478,7.171883901,1.676117588,0.109468977,0.998285169,-4.475733616
CERT1,0.457737406,5.484660623,1.949462373,0.071925836,0.998285169,-4.475873219
EIF3A,-0.25106253,8.126285654,-1.590695729,0.125475269,0.998285169,-4.476766554
PPP3CB,-0.312420783,7.738264747,-1.589006175,0.125856863,0.998285169,-4.477189532
ILF2,-0.262781281,8.389488732,-1.583278891,0.127157581,0.998285169,-4.478621229
LOC100071548,0.383538548,7.145682003,1.583067624,0.127205774,0.998285169,-4.478673978
APEX1,-0.334408928,9.315135338,-1.576743257,0.128655493,0.998285169,-4.480250973
NOP56,-0.254866043,7.135041263,-1.576467176,0.12871909,0.998285169,-4.480319723
H2AZ2,-0.685043254,11.31241035,-1.592043077,0.125800962,0.998285169,-4.480822611
MOB4,-0.565232048,6.843554272,-1.703102479,0.105987422,0.998285169,-4.481020138
UBE2I,-0.307076321,8.793073688,-1.573579036,0.129385945,0.998285169,-4.481038465
FBP1,0.530893262,6.681708293,1.670592932,0.111404399,0.998285169,-4.481811169
COL4A2,0.602643938,7.623441902,1.566122483,0.131120864,0.998285169,-4.482890192
COG3,0.457663834,5.644996729,1.827305058,0.087944913,0.998285169,-4.483191502
A0A3Q2HLK6,-0.389032891,8.983367535,-1.56058125,0.132422571,0.998285169,-4.484262609
DDOST,-0.433134124,9.132402758,-1.558262976,0.132970322,0.998285169,-4.484835853
THBS2,1.226175253,8.78629423,1.832563635,0.087121309,0.998285169,-4.485072508
FBXO30,-0.314409876,7.508316097,-1.679614204,0.110540544,0.998285169,-4.485605418
PEF1,-0.295402368,8.193236315,-1.553867987,0.134013887,0.998285169,-4.485921096
MAP2K2,-0.233374265,7.036789306,-1.549118009,0.13514933,0.998285169,-4.487091758
POLR2G,0.43751856,5.644931186,1.714740037,0.104825391,0.998285169,-4.487538226
EMD,-0.330409567,6.941240762,-1.545013406,0.136136877,0.998285169,-4.488101485
TARDBP,0.221332373,7.340130993,1.569124691,0.131049137,0.998285169,-4.488150096
F10,0.555296498,6.933878485,1.741314496,0.101112979,0.998285169,-4.489202877
PGK2,0.655079826,8.612010763,1.538776126,0.137648904,0.998285169,-4.489632499
SERPINA6,0.541716888,6.750876685,1.700417801,0.107535037,0.998285169,-4.490111896
SGK3,-0.302738023,6.564863979,-1.575779047,0.13019621,0.998285169,-4.490472595
BZW2,-0.367614979,6.123042728,-1.589594019,0.127042713,0.998285169,-4.4905365
HSD17B12,-0.308584549,8.521121286,-1.533091302,0.139039011,0.998285169,-4.491024373
SERPINB6,-0.25285152,7.998154956,-1.528503222,0.140169324,0.998285169,-4.492145249
CCDC80,-0.590395333,13.25944439,-1.527804592,0.140342097,0.998285169,-4.492315732
SDCBP,-0.347782393,8.182511712,-1.527734951,0.140359329,0.998285169,-4.492332723
RRS1,-0.485583887,6.154240001,-1.721960298,0.104644419,0.998285169,-4.492474407
MAT2A,0.307627149,7.723786947,1.549837343,0.135605426,0.998285169,-4.492633421
MORF4L1,0.429672625,6.458617132,1.746542237,0.10017714,0.998285169,-4.492661426
KRT89,-0.69118368,7.432530973,-1.782973493,0.095167731,0.998285169,-4.492705176
GAR1,-0.367173475,7.684607022,-1.52417985,0.141241313,0.998285169,-4.493199431
BMP6,0.675043258,7.09320568,1.523829964,0.141328361,0.998285169,-4.493284658
CPSF7,0.385941981,6.760321143,1.546110271,0.136500808,0.998285169,-4.493495733
CASP6,0.468915731,5.624794021,1.561107089,0.133616441,0.998285169,-4.493755477
SRPRB,-0.374449913,7.041239576,-1.521879435,0.14181444,0.998285169,-4.493759544
SH3GLB1,0.363311034,6.913377106,1.653361152,0.1158271,0.998285169,-4.493764313
ELP1,0.523121724,5.763453897,1.884177746,0.082530111,0.998285169,-4.494926215
TPRKB,-0.638307495,5.263691631,-1.603395749,0.125553395,0.998285169,-4.495468425
DR1,-0.397848455,7.223591651,-1.642758266,0.118022599,0.998285169,-4.495743986
TRAP1,-0.458932524,5.547613416,-1.658624186,0.115790286,0.998285169,-4.495881415
RRM1,-0.550576904,5.592122201,-1.808486024,0.092433959,0.998285169,-4.496062779
UBE2V1,-0.255327905,9.374440347,-1.511112684,0.144522255,0.998285169,-4.49637361
MOB1B,-0.289329025,7.376680376,-1.548140759,0.136700862,0.998285169,-4.496641065
PGD,-0.28733543,9.312913807,-1.507987399,0.145316127,0.998285169,-4.497130087
KYAT3,-0.305237276,7.826382797,-1.506065103,0.145806188,0.998285169,-4.497594861
HRG,0.573169413,10.66861795,1.500423452,0.147252241,0.998285169,-4.498956613
PDGFRB,0.390774666,6.168694014,1.682735101,0.112132035,0.998285169,-4.499059137
LOC100054601,-0.262160559,10.69173192,-1.494200168,0.14886092,0.998285169,-4.500454779
SERBP1,-0.265835756,8.44664589,-1.493583095,0.149021207,0.998285169,-4.500603102
ACTL6A,0.261972485,6.524771175,1.529888294,0.141142439,0.998285169,-4.500677783
RNASE6,1.034525,6.021740443,1.72705429,0.105022598,0.998285169,-4.501228972
MT-ATP8,-0.600930032,7.517135117,-1.612995285,0.124375653,0.998285169,-4.50126634
PLA2G2A,-1.057073795,8.404663763,-1.505227071,0.146646251,0.998285169,-4.501294619
ARSK,-0.927583109,7.021959301,-1.832147299,0.090368649,0.998285169,-4.501625691
ALAD,-0.336666847,9.865420187,-1.488304374,0.15039812,0.998285169,-4.501870239
GPS1,-0.195624773,7.597190589,-1.488072466,0.150458848,0.998285169,-4.501925839
ARF5,-0.256234077,9.902940271,-1.487371034,0.150642648,0.998285169,-4.502093969
APTX,0.653314714,4.983501331,1.632465173,0.121229338,0.998285169,-4.502187646
STEAP3,0.412392567,7.12827977,1.535190556,0.139840069,0.998285169,-4.502291964
MAPK3,-0.245332249,7.962958227,-1.486340884,0.150912915,0.998285169,-4.502340795
SNX18,0.260418197,7.779703554,1.4857188,0.151076314,0.998285169,-4.502489792
RAB1B,-0.259043837,10.30687968,-1.483757141,0.151592511,0.998285169,-4.502959356
CBFB,0.279414735,7.613462973,1.501621396,0.147569923,0.998285169,-4.503685713
SRP68,-0.218307233,7.195205002,-1.47573576,0.153718212,0.998285169,-4.504875064
C1S,0.339522035,6.91167184,1.552820049,0.137176233,0.998285169,-4.505543349
PACSIN2,0.229826305,9.041421129,1.470417641,0.155140817,0.998285169,-4.506141269
AQP1,-1.405214364,6.842483495,-1.796547652,0.096112082,0.998285169,-4.506188017
OMD,0.459339289,9.958184675,1.466838734,0.15610417,0.998285169,-4.506991625
MYH7,-1.713819774,5.707358391,-1.566215392,0.134945044,0.998285169,-4.507286808
OSBP,-0.238429408,8.134602752,-1.464020786,0.156866094,0.998285169,-4.507660178
MYO1E,0.274343109,6.499668667,1.468115989,0.156382284,0.998285169,-4.511231222
RANBP1,-0.352108826,8.449105698,-1.448242281,0.161188041,0.998285169,-4.511387271
PDK3,-0.588444308,6.677043027,-1.657955067,0.118425402,0.998285169,-4.511623773
TRAPPC3,0.291339099,7.502541961,1.490428921,0.151151731,0.998285169,-4.51177231
PXDN,0.243556646,6.102486531,1.463039065,0.157754131,0.998285169,-4.512364674
RBP4,0.322306387,7.618532922,1.457779102,0.15918571,0.998285169,-4.513536212
BLMH,-0.353870048,7.566828449,-1.436905167,0.164352282,0.998285169,-4.514048006
LOXL4,-0.376222628,8.118638905,-1.436103122,0.164578014,0.998285169,-4.51423569
CHORDC1,0.370848668,5.951045176,1.584755517,0.132883761,0.998285169,-4.515214213
LOC100054696,0.194462222,7.352642697,1.429804358,0.166359446,0.998285169,-4.515707104
IMP3,-0.348766186,5.807628525,-1.546842606,0.140577997,0.998285169,-4.515730122
ACTR10,0.350930053,5.339326047,1.514741441,0.146507977,0.998285169,-4.516127426
PRKACB,-0.751629255,5.126966287,-1.614836893,0.127519308,0.998285169,-4.516155453
RAB6B,-0.28255016,9.408730095,-1.445203049,0.162651115,0.998285169,-4.516325711
FLNC,-0.377721699,6.988798632,-1.42241784,0.168468188,0.998285169,-4.51742686
GULP1,0.248957043,7.772964004,1.419386271,0.169339828,0.998285169,-4.518130875
ARFGAP3,0.191853095,6.47591827,1.433576701,0.165908746,0.998285169,-4.518889968
MYO6,-0.351632478,6.638728822,-1.515215775,0.147316202,0.998285169,-4.519026127
CAMK2D,-0.263619564,7.251121382,-1.412482716,0.171338208,0.998285169,-4.519730129
SORBS3,0.431963924,7.249623802,1.452122187,0.1614167,0.998285169,-4.519742022
BPNT2,0.302902465,6.729094037,1.429033656,0.167195865,0.998285169,-4.519888124
TXNDC12,0.392135118,7.53881158,1.428736645,0.167280292,0.998285169,-4.519953305
ERC1,0.274286266,6.396054561,1.439999065,0.164780691,0.998285169,-4.520109771
IL1RAP,0.582346313,7.640779709,1.479228434,0.154847833,0.998285169,-4.5203248
NMRAL1,0.313814669,8.460757458,1.408913964,0.172378621,0.998285169,-4.520554698
ECPAS,-0.317592479,5.788046829,-1.460385395,0.159904691,0.998285169,-4.520580391
CISD1,0.833391358,5.933174249,1.458348149,0.160459392,0.998285169,-4.520985901
PRMT5,-0.298859789,8.145012168,-1.405023185,0.173518653,0.998285169,-4.521451993
TNPO2,-0.360595905,6.423317449,-1.432185799,0.16697863,0.998285169,-4.521762378
PSMD3,-0.248969983,7.250354503,-1.403641353,0.173924985,0.998285169,-4.52177025
PSMF1,0.265575865,7.993887158,1.440079974,0.164758053,0.998285169,-4.522219259
MTURN,-0.84361914,6.941072046,-1.426372232,0.168629333,0.998285169,-4.522319511
EPYC,0.382271991,9.126256149,1.400535192,0.17484113,0.998285169,-4.522484835
PSMD6,-0.462742427,6.686849465,-1.416019218,0.170927534,0.998285169,-4.5227355
CS,-0.43732968,6.963409583,-1.414737357,0.17129867,0.998285169,-4.523014983
EIF3L,-0.277723864,6.593903861,-1.392346129,0.177274871,0.998285169,-4.524363369
AP3D1,0.195654325,7.150302974,1.407617274,0.173371902,0.998285169,-4.524564183
GSTO1,-0.272213927,10.343255,-1.3903839,0.177862014,0.998285169,-4.52481233
CD5L,0.56868489,7.356187736,1.453894128,0.161677589,0.998285169,-4.525133743
RPL15,-0.324858037,10.36825047,-1.387944368,0.17859413,0.998285169,-4.525369869
BZW1,-0.175193692,7.182227774,-1.387341026,0.178775564,0.998285169,-4.52550765
RIT1,0.753659662,8.88934037,1.478186642,0.156876994,0.998285169,-4.525587899
BLVRB,-0.347467075,9.831830964,-1.386155143,0.179132604,0.998285169,-4.525778339
S100A2,0.848302504,5.649818082,1.588902236,0.134793253,0.998285169,-4.526615134
RAB5C,-0.304348705,7.108909118,-1.382244318,0.180314065,0.998285169,-4.526669846
CCDC134,0.438619965,4.942540564,1.507437009,0.1514848,0.998285169,-4.527631729
CHID1,-0.254372459,7.668656973,-1.377706421,0.181692696,0.998285169,-4.527702037
CSNK2B,0.217259921,6.433475485,1.37654907,0.182045635,0.998285169,-4.527964897
LOC100059533,-0.240490373,11.80967777,-1.375967143,0.182223302,0.998285169,-4.528097006
FARSB,-0.228910721,8.369542585,-1.374707267,0.18260842,0.998285169,-4.528382886
LOC100062210,0.339796479,4.963519041,1.451290699,0.164137163,0.998285169,-4.528401206
PHIP,0.452168133,5.346212104,1.518710783,0.148643667,0.998285169,-4.528588524
A0A3Q2H7D9,-0.538334164,5.775762279,-1.402590933,0.17551902,0.998285169,-4.529842784
CCT6B,0.297574176,7.246932853,1.377837882,0.182261245,0.998285169,-4.529946702
CLIC4,-0.248527454,9.917650341,-1.364790657,0.18566224,0.998285169,-4.530626476
TOMM22,-0.97470021,6.105509477,-1.517559979,0.150254263,0.998285169,-4.530679896
CMBL,-0.404176326,9.059040626,-1.363460521,0.186074902,0.998285169,-4.530926521
GOLGA4,0.339353928,5.100716925,1.486544886,0.156869802,0.998285169,-4.530931925
RBM3,-0.643486394,8.181881567,-1.362493391,0.186375399,0.998285169,-4.531144548
LANCL2,0.238301452,7.339901025,1.37467764,0.183225469,0.998285169,-4.531660209
MYBBP1A,-0.269815482,6.735535935,-1.359384633,0.187343914,0.998285169,-4.531844618
CCDC8,0.360024239,6.342136954,1.479933843,0.158606641,0.998285169,-4.531971104
LOC100053416,-0.461425069,9.761007546,-1.372986787,0.183743024,0.998285169,-4.532021274
UBE2Z,-0.234173264,6.740388103,-1.355861404,0.188446342,0.998285169,-4.532636621
RECQL,0.294612471,6.95323757,1.367908445,0.185304429,0.998285169,-4.533103815
AP1M1,-0.25903279,6.370785539,-1.40898626,0.175202038,0.998285169,-4.533137342
ESYT2,0.268190182,8.253900806,1.352954114,0.18935988,0.998285169,-4.53328904
AMPD2,-0.390467096,7.557269251,-1.350388596,0.190168914,0.998285169,-4.533863915
ITSN2,0.32982609,5.98485872,1.404103622,0.176629671,0.998285169,-4.534044589
IARS2,-0.262507094,6.147692799,-1.443900456,0.167203715,0.998285169,-4.534361852
VPS25,-0.208535813,8.385311157,-1.347235906,0.191166829,0.998285169,-4.534569273
CREB1,-0.223593317,6.021082849,-1.345700149,0.191654426,0.998285169,-4.534912436
GDF1,-1.061035769,6.856866734,-1.412544401,0.175076914,0.998285169,-4.535303548
GOPC,-0.241459025,7.010821448,-1.39140555,0.180386364,0.998285169,-4.535688026
GGACT,0.399332492,6.142878682,1.364073136,0.187154055,0.998285169,-4.53591
SDC2,-0.547102953,6.664275204,-1.339981096,0.193478792,0.998285169,-4.536187832
TMPO,-0.239269315,9.03996932,-1.339474748,0.193640969,0.998285169,-4.53630056
GFUS,-0.290764477,8.873818787,-1.339056449,0.193775026,0.998285169,-4.536393662
AGO3,-0.208776189,6.350029072,-1.351345385,0.19047,0.998285169,-4.536614702
PPP1R8,0.285818702,5.081145478,1.402506345,0.178005555,0.998285169,-4.537072875
SRPRA,-0.215504992,7.132535226,-1.335507278,0.194915393,0.998285169,-4.537182755
ARRB1,0.229459405,6.04197727,1.364947831,0.186883206,0.998285169,-4.53735952
ASL,-0.244649291,7.749465146,-1.334474325,0.195248271,0.998285169,-4.537412124
TNS1,-0.271737179,7.505257112,-1.334126934,0.19536032,0.998285169,-4.537489234
PPP1R1B,-0.621888426,6.243515911,-1.424823058,0.172567311,0.998285169,-4.537493597
JUNB,-0.493222133,6.560209123,-1.545855854,0.14657841,0.998285169,-4.537588285
VPS26C,0.258097798,5.95686006,1.354847563,0.190029729,0.998285169,-4.537789628
CAMK2G,-0.366682202,7.624116785,-1.345171894,0.192424129,0.998285169,-4.537915483
FECH,-0.583703843,6.066170297,-1.44067735,0.16925144,0.998285169,-4.538089486
SCARB2,-0.400423702,7.463543124,-1.341938992,0.19345373,0.998285169,-4.538594963
RBM4B,0.249794236,6.585905989,1.340258077,0.193990769,0.998285169,-4.538947788
IMPDH2,-0.271960273,5.779639663,-1.348366676,0.192070676,0.998285169,-4.539104707
UFD1,0.206260927,8.377619271,1.3393884,0.194269083,0.998285169,-4.539130209
DDB1,-0.200085945,8.145695792,-1.324825525,0.198379189,0.998285169,-4.539548349
ACAD8,0.372428875,6.533265322,1.388041343,0.182295276,0.998285169,-4.53960854
DHFR,0.406686434,6.824694244,1.465263519,0.163829422,0.998285169,-4.539623067
AGL,-0.284615073,6.884450708,-1.324192748,0.198585879,0.998285169,-4.539688046
TSN,-0.240390439,8.584339608,-1.32394309,0.198667473,0.998285169,-4.539743148
A0A9L0SEY9,-0.345845708,7.517273921,-1.323902095,0.198680874,0.998285169,-4.539752196
PRPSAP2,-0.283496696,7.376519049,-1.343072209,0.193750806,0.998285169,-4.540175751
COMMD6,-0.45420294,6.464670948,-1.381659673,0.183312974,0.998285169,-4.540269519
GCSH,-0.266355482,6.879329157,-1.357717014,0.189859687,0.998285169,-4.540551775
AASS,-0.547675572,7.423239144,-1.404981818,0.178293765,0.998285169,-4.540724408
ANXA7,-0.214040736,10.74493109,-1.318727842,0.200377925,0.998285169,-4.540892462
RPSA,-0.207797424,10.95274497,-1.317659021,0.20072988,0.998285169,-4.54112759
EPHX1,-0.423742586,7.955279726,-1.328378945,0.197819488,0.998285169,-4.541432126
SEC22B,-0.222571876,8.372988979,-1.315955337,0.201291885,0.998285169,-4.541502088
EXTL2,0.317104889,7.627478787,1.351506757,0.191806142,0.998285169,-4.541728415
AACS,-0.557503065,7.229030947,-1.355694821,0.19129582,0.998285169,-4.542310422
LCMT1,0.279754707,6.859126798,1.361305431,0.189547798,0.998285169,-4.543836202
AFM,0.415438075,8.347884511,1.316772968,0.20161705,0.998285169,-4.543843849
TMED2,-0.403578762,7.649350609,-1.316735742,0.201629321,0.998285169,-4.54385156
NDRG2,-0.224729725,7.619281261,-1.304202966,0.20520212,0.998285169,-4.544075641
ARG1,0.5884671,6.427952276,1.422793886,0.175591058,0.998285169,-4.544399059
CNNM3,0.365343283,6.796523414,1.364969595,0.189309252,0.998285169,-4.545036899
SUCLG1,0.528545519,5.705843952,1.309432933,0.204047976,0.998285169,-4.545361147
RBM33,-0.504595366,5.343523969,-1.444430114,0.171006843,0.998285169,-4.545839179
SUB1,-0.248357438,9.793964477,-1.295750483,0.208050657,0.998285169,-4.54591593
MYG1,0.358700896,6.534938337,1.371891106,0.188186486,0.998285169,-4.546051309
PPP2R5D,0.192020986,6.979637762,1.305525665,0.205351288,0.998285169,-4.546166309
PYGB,-0.303106343,12.99694737,-1.294270923,0.208552409,0.998285169,-4.546237142
RBM17,-0.316677581,5.346162495,-1.317965225,0.20187627,0.998285169,-4.546540374
GGH,0.206656732,7.986895604,1.292297517,0.209223091,0.998285169,-4.546665139
CTH,-0.263569075,11.10585498,-1.291619417,0.209453934,0.998285169,-4.546812094
GNE,0.192928974,6.483666244,1.299836007,0.207260702,0.998285169,-4.547335607
APIP,0.33622391,6.591007322,1.297886332,0.207918163,0.998285169,-4.547735427
ARIH1,-0.408006046,5.990825496,-1.384892105,0.185381987,0.998285169,-4.548489313
OCIAD1,0.523263119,5.759148396,1.294118964,0.209193161,0.998285169,-4.548506749
STK38L,0.321022146,6.160946225,1.283186149,0.212341309,0.998285169,-4.548634871
ACLY,-0.264773253,9.268212841,-1.282407288,0.212609515,0.998285169,-4.548802762
EDF1,0.56961054,6.254816311,1.378651982,0.187261615,0.998285169,-4.549391724
ARL8B,-0.294590574,7.617480718,-1.279295249,0.213683772,0.998285169,-4.549472823
PTN,-0.672196095,8.572823761,-1.278041112,0.214117872,0.998285169,-4.549742507
LOC100063059,-0.745924633,7.513908087,-1.363972263,0.191744273,0.998285169,-4.549772293
RPN1,-0.31878303,8.236901784,-1.276354809,0.214702628,0.998285169,-4.550104808
MPP7,0.391982128,5.6519665,1.28280605,0.213058237,0.998285169,-4.550151326
VWA5A,0.31413464,6.794720616,1.345562472,0.196369433,0.998285169,-4.550233235
CD68,-0.42589051,6.735215601,-1.332555654,0.199526262,0.998285169,-4.550423493
CUL1,-0.32857652,6.191002796,-1.406474612,0.181769334,0.998285169,-4.550742769
FETUB,0.353236365,9.999349039,1.27263203,0.215997917,0.998285169,-4.550903361
GPC6,-0.329322373,6.777487995,-1.282118467,0.213294918,0.998285169,-4.550952656
A0A9L0R3Z9,-0.358401962,7.626727375,-1.271486542,0.216397679,0.998285169,-4.551148719
LAMTOR2,-0.245023594,6.743409493,-1.275189232,0.215691455,0.998285169,-4.551724879
NRF1,0.303959281,6.726900446,1.335505677,0.199569234,0.998285169,-4.551817084
RBKS,0.205872923,6.497947044,1.273965351,0.216116894,0.998285169,-4.551977069
NAXD,0.280601415,7.282661405,1.265864193,0.218368055,0.998285169,-4.552350566
PICALM,-0.427108873,6.15548998,-1.265516429,0.21849038,0.998285169,-4.552424772
PIP4K2A,-0.24437471,6.777879171,-1.261824945,0.219792095,0.998285169,-4.553211508
NUDT9,0.326403294,7.589923653,1.270224992,0.217421103,0.998285169,-4.55336005
FARP1,-0.21862845,7.929767994,-1.260841337,0.220139942,0.998285169,-4.553420841
FAP,-0.229506707,6.326984343,-1.296849162,0.210410117,0.998285169,-4.553443323
SEC61A1,-0.332780222,7.200793095,-1.281834185,0.214034325,0.998285169,-4.553444089
DNAJA3,0.353145294,5.482890454,1.312761551,0.205977629,0.998285169,-4.553670896
ACP2,0.655599188,5.481642185,1.346755939,0.1971114,0.998285169,-4.553966172
HHIPL2,-0.413377146,12.66643193,-1.257900294,0.221182535,0.998285169,-4.554046018
FAM180A,0.269423185,7.061041706,1.280739832,0.215116391,0.998285169,-4.554076036
TNMD,-0.381199807,7.390548829,-1.263372661,0.219826109,0.998285169,-4.554152217
DAD1,-0.300615509,8.996325377,-1.257342818,0.221380584,0.998285169,-4.554164395
SFRP4,-0.519312824,6.211660697,-1.270431806,0.217986775,0.998285169,-4.55422891
SOX9,-0.240756284,7.653480893,-1.283476466,0.214175724,0.998285169,-4.554371141
FAM98A,-0.255601166,6.026584581,-1.276579888,0.215848698,0.998285169,-4.554436447
ANKMY2,0.302615234,5.736061886,1.376805505,0.190566055,0.998285169,-4.554528274
A0A9L0SDG9,-0.530548493,9.483204005,-1.264178473,0.219542233,0.998285169,-4.554577525
IFIT5,0.367641545,5.763414673,1.279805889,0.21543815,0.998285169,-4.555040141
LOC100049798,-0.38216475,7.928429243,-1.250728874,0.22374061,0.998285169,-4.555565772
ERH,-0.246391276,8.651567412,-1.248995864,0.224362156,0.998285169,-4.555932031
PLXNB2,-0.438380673,5.584620266,-1.390065174,0.18828829,0.998285169,-4.556172459
NAA11,0.25628407,4.857854488,1.290420015,0.213455721,0.998285169,-4.556272067
GAS6,0.283241126,7.658445369,1.255429528,0.222639464,0.998285169,-4.556331428
EPRS1,-0.19370027,8.100756679,-1.244757473,0.225887805,0.998285169,-4.556826146
PDGFD,-0.695449309,7.775708364,-1.265865628,0.220285283,0.998285169,-4.556839845
BOC,0.308305132,7.196093312,1.24807053,0.225270461,0.998285169,-4.557799594
PGM2,-0.202546808,8.591572386,-1.239497424,0.22779218,0.998285169,-4.557932542
MCCC2,-0.290592912,6.015739888,-1.244256694,0.226643302,0.998285169,-4.558043025
PUS7,0.308089787,7.779255502,1.23767762,0.228453866,0.998285169,-4.55831448
EIF4A2,-0.205446887,10.72796853,-1.236258406,0.228970909,0.998285169,-4.558612043
STAT1,0.446549859,9.913335234,1.259905325,0.222383273,0.998285169,-4.558643217
KCTD12,0.263648215,8.870597354,1.234971119,0.229440657,0.998285169,-4.558881717
HDAC1,-0.286041232,6.186926686,-1.266136254,0.220190388,0.998285169,-4.55902651
HSD17B11,-0.248016163,7.28912646,-1.233911901,0.229827728,0.998285169,-4.559103451
CAB39L,0.218150386,8.497988027,1.232182478,0.230460777,0.998285169,-4.559465169
LMAN2,-0.277615989,7.937860996,-1.231536443,0.230697594,0.998285169,-4.55960019
A0A3Q2HY43,0.342336881,5.208762545,1.258203361,0.223755696,0.998285169,-4.559790301
USP7,-0.286924358,7.821148119,-1.228945896,0.231649068,0.998285169,-4.560141065
H1-12,-0.49963167,8.709126302,-1.231967832,0.23111028,0.998285169,-4.560520563
SF3B5,-0.363313305,6.644374267,-1.264236029,0.222488864,0.998285169,-4.560602438
BOLA1,0.221289363,6.936127309,1.248670326,0.226379775,0.998285169,-4.560659296
G6PC1,0.506637274,7.443560714,1.285976518,0.217028252,0.998285169,-4.561252478
RALA,0.338681923,6.402387174,1.222246212,0.234123554,0.998285169,-4.561535791
ERO1A,0.228371697,6.035597891,1.228304649,0.232454709,0.998285169,-4.561710653
RPL10A,-0.19333768,9.642176798,-1.221379646,0.234445069,0.998285169,-4.56171576
APRT,-0.223712615,11.95896349,-1.218343984,0.235573999,0.998285169,-4.562345426
EIF4A1,-0.208949419,8.4733638,-1.218144423,0.235648357,0.998285169,-4.562386777
CD47,0.524945709,7.260480919,1.241484415,0.22972845,0.998285169,-4.562695864
CIRBP,-0.247021498,8.325728093,-1.216137933,0.236396976,0.998285169,-4.562802248
S100A6,-0.27581326,11.78652853,-1.215461713,0.236649677,0.998285169,-4.562942149
CAMSAP2,0.465056672,5.278579819,1.230839731,0.232835433,0.998285169,-4.563255312
SLC4A1,0.867058504,7.106868738,1.239344114,0.23050184,0.998285169,-4.563404401
RIPOR1,0.31410001,6.575469922,1.279414803,0.219270479,0.998285169,-4.563405634
HK1,-0.209126563,8.479188649,-1.212362114,0.237810593,0.998285169,-4.56358264
GNLY,1.214462098,6.353118027,1.325445865,0.208271192,0.998285169,-4.563598993
NRADD,0.756896239,6.048720578,1.325413248,0.208281699,0.998285169,-4.563602695
CHD4,-0.245302964,6.258053855,-1.231915757,0.232441902,0.998285169,-4.563641323
HSPB1,-0.306477728,13.25431011,-1.211575409,0.238105926,0.998285169,-4.563744999
NANS.1,0.217958804,10.98937843,1.210055136,0.238677425,0.998285169,-4.56405852
ARFRP1,-0.387900961,7.414434571,-1.226123695,0.234566213,0.998285169,-4.564109029
HSPBP1,0.205382509,5.681670305,1.247354081,0.228468778,0.998285169,-4.564166473
PXN,-0.517195921,5.060406367,-1.278678084,0.220754552,0.998285169,-4.564306093
ABHD14B,-0.362633178,10.40985119,-1.214414408,0.237606548,0.998285169,-4.564430629
NHLRC2,0.196257732,7.578064959,1.207740347,0.23954958,0.998285169,-4.564535301
UBXN6,0.398382767,6.184165793,1.230783663,0.233615143,0.998285169,-4.56485968
TRUB1,0.273945621,6.288979395,1.29028345,0.218218694,0.998285169,-4.565311123
NHLRC3,0.308795798,6.947197711,1.22620881,0.235292112,0.998285169,-4.565634419
EPHX2,-0.196552408,7.87619928,-1.201338034,0.241974296,0.998285169,-4.565850284
EIF4A3,-0.199732947,8.240335965,-1.201032092,0.242090623,0.998285169,-4.565912985
PRRX1,0.408128968,6.176475935,1.269008417,0.224089184,0.998285169,-4.566232934
MACROH2A1,-0.195432723,11.03119017,-1.19908329,0.242832596,0.998285169,-4.566312088
COPA,-0.229368956,9.352871897,-1.198483675,0.243061232,0.998285169,-4.566434784
ALPL,-0.403639506,5.951417597,-1.211629095,0.239267713,0.998285169,-4.56645361
LOC100053137,-0.50398605,5.882562916,-1.215705885,0.238424303,0.998285169,-4.56649815
STX4,0.24144089,7.630981468,1.197600963,0.243398108,0.998285169,-4.566615321
LSM3,-0.364661851,9.293557302,-1.200781581,0.242746373,0.998285169,-4.56672352
FSCN1,0.306014736,6.861144768,1.24594296,0.229924423,0.998285169,-4.566940693
AP1S2,-0.332599193,6.794297516,-1.207165485,0.240945334,0.998285169,-4.567262179
PPP1R12B,-0.5198246,5.95009276,-1.273701011,0.223869076,0.998285169,-4.567331376
RARRES2,-0.790118093,8.018606695,-1.23350035,0.234412041,0.998285169,-4.567438727
RBMS1,0.222112302,6.496819791,1.209854716,0.240612263,0.998285169,-4.567522468
GALNS,-0.278086589,7.850875482,-1.193144648,0.24510415,0.998285169,-4.567525156
FN3KRP.1,-0.215913387,9.032909544,-1.192845557,0.245218973,0.998285169,-4.567586125
WASHC1,-0.271859761,6.363027883,-1.198580689,0.244196847,0.998285169,-4.568023256
PYGL,-0.250029771,9.735849441,-1.189016936,0.246692361,0.998285169,-4.568365525
CAV1,-0.556165152,8.269970866,-1.18755282,0.247257551,0.998285169,-4.568663057
HMGN2,-0.403484752,10.09259603,-1.187358982,0.24733245,0.998285169,-4.568702427
ACADVL,-0.253897312,6.10510108,-1.197893595,0.245132298,0.998285169,-4.569604935
HNRNPA0,-0.205770469,6.396925736,-1.181193706,0.249723572,0.998285169,-4.569951981
RAB8B,-0.39922968,6.667851716,-1.204750153,0.243281157,0.998285169,-4.570041685
ALDH7A1,-0.195343602,10.43207992,-1.180737905,0.24990103,0.998285169,-4.570044157
CTSK,-0.325188657,7.069163302,-1.18017749,0.250119347,0.998285169,-4.570157451
GDA,-0.345159685,8.825018162,-1.179506038,0.250381107,0.998285169,-4.570293137
SPCS3,0.304929113,7.029504573,1.179248983,0.250481372,0.998285169,-4.570345066
RAD23A,-0.306602616,7.542681604,-1.181510642,0.250153917,0.998285169,-4.57077864
GRIPAP1,0.304528742,5.891460605,1.204638724,0.244153702,0.998285169,-4.570818233
SAT2,0.451647439,6.626589672,1.232933115,0.236881395,0.998285169,-4.570871864
SNRNP40,0.189454158,6.830368296,1.175836417,0.251815283,0.998285169,-4.571033607
RHOT1,-0.687234006,5.228906742,-1.242895345,0.234673875,0.998285169,-4.571042547
RGCC,0.366706195,5.553782852,1.193477603,0.247559716,0.998285169,-4.571115927
GOT1,-0.263201371,11.5239817,-1.173490014,0.252735512,0.998285169,-4.571506116
ARAP1,-0.357487638,5.747626177,-1.212733399,0.24310108,0.998285169,-4.571634239
ARSB,0.423372883,6.556929026,1.186036483,0.249676079,0.998285169,-4.571653976
AGA,0.288314721,7.706674705,1.179918621,0.251379039,0.998285169,-4.571662959
COL8A2,-0.43657883,7.277757432,-1.207248014,0.243172571,0.998285169,-4.571681672
CAMK1D,0.246373723,6.075479704,1.190263137,0.248049156,0.998285169,-4.571773683
CAMK2A,-0.230225816,8.80652756,-1.196297601,0.247310337,0.998285169,-4.572097819
THBS4,-0.443381972,16.21031557,-1.170466722,0.253924891,0.998285169,-4.572113833
WBP11,0.336238417,7.353988889,1.167985823,0.254903991,0.998285169,-4.572611594
VIT,-0.287790987,15.06130995,-1.167973518,0.254908854,0.998285169,-4.572614061
H1-5,-0.43577734,11.43543003,-1.167884331,0.254944105,0.998285169,-4.572631939
DCTN5,0.494995858,5.960307854,1.168223885,0.255358761,0.998285169,-4.573067807
SLC25A12,-0.273827883,6.654344451,-1.182268892,0.251133059,0.998285169,-4.573082617
SF3B1,0.221033158,7.385391995,1.16913769,0.254998234,0.998285169,-4.573130633
GABPA,-0.261033883,6.435690686,-1.200005213,0.247869477,0.998285169,-4.57339668
EQMCE1,-0.502342861,5.914443845,-1.19921959,0.248166135,0.998285169,-4.573505046
MTDH,0.213083125,8.524092706,1.162453119,0.257097583,0.998285169,-4.57371864
FTO,0.288971156,6.401200501,1.197046502,0.248988133,0.998285169,-4.573804544
STK19,-0.273395756,6.460353972,-1.184389728,0.251870425,0.998285169,-4.573913437
MATN2,0.276795733,8.598630056,1.161239221,0.257580731,0.998285169,-4.573960972
SGSH,-0.34495868,6.193067229,-1.183628748,0.253079849,0.998285169,-4.574491703
FAM151B,0.226841241,6.250649496,1.166483759,0.256646662,0.998285169,-4.574526416
SLC25A20,-0.258093202,5.768532603,-1.187481798,0.252630939,0.998285169,-4.575118318
ATP2A2,-0.209883527,6.505079598,-1.158129313,0.259366665,0.998285169,-4.575206919
LOC100072592,-0.324344514,11.96807689,-1.153842837,0.260539119,0.998285169,-4.575433158
LOC100058329,-0.260049438,10.73179399,-1.148658775,0.262627528,0.998285169,-4.576460525
STBD1,0.237589039,6.297844697,1.162910632,0.25944783,0.998285169,-4.576653584
ARPC1B,-0.223008207,8.776231057,-1.146171049,0.263634081,0.998285169,-4.576952223
PTTG1IP,-0.297299899,7.185392431,-1.153276506,0.26255907,0.998285169,-4.576983308
GNAI3,-0.295224895,6.882822029,-1.144536445,0.264296999,0.998285169,-4.577274837
CCS,0.65414877,5.17291807,1.175464347,0.258426246,0.998285169,-4.577745201
NADK2,-0.206564995,5.691591645,-1.14362332,0.265207402,0.998285169,-4.577770779
MPI,-0.234639638,9.902861384,-1.14195086,0.265348092,0.998285169,-4.577784389
EMC2,-0.183606055,6.868072457,-1.14677812,0.264521132,0.998285169,-4.577975974
CAST,-0.47602921,6.722113211,-1.138941847,0.267112914,0.998285169,-4.578656788
PFKP,-0.216851262,9.50510587,-1.137195673,0.267289187,0.998285169,-4.578719097
MELTF,-0.387423134,10.90169259,-1.135796432,0.267862344,0.998285169,-4.578993544
TAX1BP3,0.329083099,6.873561632,1.164425791,0.262731539,0.998285169,-4.579138009
NAMPT,-0.295141316,8.458850852,-1.13392553,0.26863011,0.998285169,-4.579360077
GTPBP4,-0.387368182,6.916275433,-1.164921666,0.262536969,0.998285169,-4.579378307
CTDP1,0.265324159,5.138977161,1.146840102,0.267559958,0.998285169,-4.579855019
C11orf98,-0.250977199,7.737733305,-1.131892638,0.270001146,0.998285169,-4.579985463
CLEC11A,-0.37177427,11.23633674,-1.129316983,0.270528203,0.998285169,-4.580260874
FBXO6,-0.22389967,5.646889773,-1.136838781,0.269206793,0.998285169,-4.580393502
S100A11,-0.209576246,11.13572642,-1.128125751,0.27102042,0.998285169,-4.580493234
RRAGA,0.39402216,6.54977751,1.142210274,0.269425507,0.998285169,-4.580688719
LANCL1,-0.195232257,8.305849092,-1.126632157,0.271638498,0.998285169,-4.580784293
PSMD13,-0.182930813,8.011018622,-1.125539857,0.272091164,0.998285169,-4.580996954
NAXE,-0.199777032,9.200680313,-1.125256967,0.272208488,0.998285169,-4.581052003
SIK3,0.400744729,4.194265317,1.138370886,0.27097993,0.998285169,-4.581229926
GSTZ1,-0.333240595,6.797519768,-1.133525274,0.272066491,0.998285169,-4.581269727
NTPCR,0.367835049,6.093954578,1.135197313,0.272269845,0.998285169,-4.581676273
RACK1,-0.197588734,10.9211192,-1.119759218,0.274495924,0.998285169,-4.582119615
COLGALT1,-0.227573699,7.672134583,-1.119378701,0.274654762,0.998285169,-4.582193352
OSBPL11,-0.277294083,7.87807241,-1.129261544,0.274694769,0.998285169,-4.582374299
SAP18,0.579009023,7.299456835,1.122479168,0.275822247,0.998285169,-4.582624953
DDX46,0.212392093,6.463658754,1.117452006,0.275989243,0.998285169,-4.582686762
ZDHHC18,0.377145514,7.356202667,1.125630382,0.276186113,0.998285169,-4.582891142
CZIB,-0.210375821,7.117849079,-1.115668369,0.27673554,0.998285169,-4.583018487
LAMP1,-0.292418033,8.100005629,-1.114480689,0.276705301,0.998285169,-4.583140674
ACTR2,-0.218978721,9.701950348,-1.114277527,0.276790593,0.998285169,-4.583179894
EFHD1,0.283589091,7.11926443,1.114853752,0.277076876,0.998285169,-4.583218145
MYO1C,-0.198182761,10.36016614,-1.113993208,0.276909991,0.998285169,-4.583234773
NUDT16,-0.232787113,8.880648136,-1.113235847,0.27722822,0.998285169,-4.583380901
DPM1,-0.193238708,6.313098487,-1.117664034,0.277822124,0.998285169,-4.583386087
SLC5A3,0.470379291,7.232953044,1.143677004,0.273765436,0.998285169,-4.583397651
RMDN2,0.269710609,5.417571694,1.120874208,0.279134412,0.998285169,-4.584061479
SNRPB2,0.25197074,6.93583654,1.109182778,0.2794616,0.998285169,-4.584249905
COPS7A,-0.503045704,5.30417407,-1.114672365,0.279850771,0.998285169,-4.584274114
PREP,0.179754932,7.283047586,1.107849975,0.279498934,0.998285169,-4.584417744
GON7,-0.472183963,6.702289252,-1.111610168,0.281130518,0.998285169,-4.584571986
SREK1,0.239727155,7.035539979,1.108870753,0.28080209,0.998285169,-4.584607345
ABI1,-0.200770169,7.232293343,-1.106510507,0.28006575,0.998285169,-4.584674972
CRABP1,-0.447827409,7.561232368,-1.1090602,0.281422114,0.998285169,-4.584691107
HOOK3,-0.14829933,6.936875281,-1.106388018,0.280117625,0.998285169,-4.584698482
MLEC,-0.270083881,7.189744434,-1.10609969,0.28023976,0.998285169,-4.584753814
IGHM,-0.45989914,9.765651087,-1.105977391,0.280291578,0.998285169,-4.58477728
TNXB,0.491623233,9.972926018,1.10549956,0.280494099,0.998285169,-4.584868945
SEH1L,0.379854711,5.630782741,1.116645868,0.280884639,0.998285169,-4.584876711
DAB2,0.38009814,6.575843767,1.107785013,0.281958574,0.998285169,-4.584939793
PROS1,0.193484293,12.29978488,1.104746005,0.28133771,0.998285169,-4.58505417
ADAP2,-0.454712816,5.888445193,-1.12114765,0.281414813,0.998285169,-4.585138687
PPP2R5E,-0.391362819,6.272530293,-1.118310316,0.282582882,0.998285169,-4.585455676
DCTN3,-0.191007679,7.734518415,-1.102399464,0.281810603,0.998285169,-4.585462866
SERPINA10,0.377392536,6.931357372,1.103124263,0.283229161,0.998285169,-4.585544911
ACAA2,0.200931537,9.62525695,1.100480091,0.282627933,0.998285169,-4.585829901
COPB2,-0.227166801,9.79191216,-1.097353159,0.283963149,0.998285169,-4.586426735
LOC100630171,0.78863141,7.841794947,1.100419084,0.286706899,0.998285169,-4.586507308
HP1BP3,-0.208664744,11.69899222,-1.096869485,0.284170087,0.998285169,-4.58651893
BCL2L13,-0.507465462,5.021802497,-1.108209051,0.286771007,0.998285169,-4.586579726
SRSF10,0.247183485,7.15471036,1.097009204,0.286521832,0.998285169,-4.586599198
FAM3C,-0.248729911,7.28726199,-1.092824944,0.285904787,0.998285169,-4.587288572
HINT2,0.336651573,7.382470615,1.091048531,0.288379235,0.998285169,-4.587502632
SFXN3,-0.217720232,7.236988547,-1.091031005,0.286676645,0.998285169,-4.587629199
LAMTOR1,-0.29268964,6.795166515,-1.098472819,0.290851721,0.998285169,-4.587656497
SLC25A13,-0.296901234,6.625766239,-1.086803153,0.291657019,0.998285169,-4.588250899
SP3,-0.500671497,3.825096076,-1.090828357,0.294086035,0.998285169,-4.588497307
SEPTIN7,0.160619934,9.03869984,1.086042825,0.288830742,0.998285169,-4.588573928
SCRIB,-0.259927038,6.781619387,-1.083991676,0.290799514,0.998285169,-4.588657847
NMT1,-0.238508139,6.38968954,-1.083547373,0.293059668,0.998285169,-4.588729017
IPO7,-0.166781607,6.8488987,-1.081822143,0.291176864,0.998285169,-4.589168119
CLN5,0.334717646,6.483684481,1.08045687,0.29619931,0.998285169,-4.589306343
CHRD,0.351181957,5.648276191,1.080881102,0.296016291,0.998285169,-4.589316509
C6,0.236239358,6.940537777,1.077498348,0.296525546,0.998285169,-4.58962975
ROCK1,0.236435781,11.72433616,1.077070144,0.296711288,0.998285169,-4.589687612
DRG2,0.179966146,7.545023513,1.077956327,0.292860235,0.998285169,-4.589854987
CKAP4,-0.313373013,10.05935607,-1.07789712,0.292373357,0.998285169,-4.59010903
TMEM199,0.251718125,6.020780724,1.073450483,0.29923397,0.998285169,-4.590225575
RBBP4,-0.207708913,8.182536568,-1.074570659,0.293828975,0.998285169,-4.590733186
TPR,0.285845546,6.271020094,1.071090802,0.296425296,0.998285169,-4.5907932
LZIC,-0.265953167,7.154482534,-1.070728205,0.296584538,0.998285169,-4.590980076
BPNT1,0.147025385,7.465684947,1.070541906,0.296108383,0.998285169,-4.591166756
PDE4D,0.206422486,5.424758548,1.067523928,0.299283024,0.998285169,-4.591199139
PAOX,0.476627327,4.946679178,1.064271156,0.302302338,0.998285169,-4.591409014
PAMR1,-0.400495814,6.29045687,-1.063561327,0.30462232,0.998285169,-4.591436511
MTREX,0.282651419,5.089147313,1.063386319,0.301854942,0.998285169,-4.591591658
VNN1,0.381897254,6.596432905,1.059776415,0.305222015,0.998285169,-4.591886259
IAH1,-0.288589036,7.258654519,-1.066310319,0.297973703,0.998285169,-4.591912101
MORC2,-0.32577067,6.562646996,-1.056096838,0.309118257,0.998285169,-4.592265287
SNF8,-0.24258384,6.874059016,-1.06590207,0.297646582,0.998285169,-4.592352229
LOC100050599,-0.156853906,10.80362494,-1.065314738,0.297906514,0.998285169,-4.592461534
DYNC1LI1,-0.216089043,6.367629366,-1.062937155,0.299466629,0.998285169,-4.592504515
QARS1,-0.148880315,7.550850048,-1.062414561,0.299698401,0.998285169,-4.592596158
CANX,-0.255217182,7.644548864,-1.064266094,0.298371009,0.998285169,-4.592656567
DHRS7,0.374992988,6.183268106,1.051544713,0.30710902,0.998285169,-4.593025841
CHST6,-0.344244439,7.480725092,-1.05631319,0.303571245,0.998285169,-4.593038486
THUMPD3,0.187147644,7.066534922,1.05959728,0.300950075,0.998285169,-4.593089567
CMAS,-0.205949125,8.930942687,-1.061448587,0.299621572,0.998285169,-4.593179797
SLC25A24,-0.195238474,7.335085558,-1.060848617,0.299888353,0.998285169,-4.593291067
F7BYD1,-0.177612349,9.006954806,-1.059666804,0.300414348,0.998285169,-4.593510093
ENSA,-0.217869012,7.128766149,-1.055464363,0.303343775,0.998285169,-4.593560965
OLFML3,0.403237592,6.920557924,1.057980759,0.301165899,0.998285169,-4.593822219
STRAP,0.189604003,7.269507849,1.057581564,0.301344035,0.998285169,-4.593896059
A0A3Q2I8J7,-0.377311718,6.238623407,-1.05544739,0.302800587,0.998285169,-4.593966288
LOC100058979,-0.243716702,6.620064634,-1.054333075,0.303298856,0.998285169,-4.594008641
EMP3,0.244544183,7.135364854,1.042485861,0.311172586,0.998285169,-4.594198306
HSPH1,0.233652823,5.775185409,1.041006477,0.311839843,0.998285169,-4.594701112
PFKL,-0.326842412,10.10916483,-1.053181895,0.303312292,0.998285169,-4.594708342
NAGK,-0.231310271,7.540557488,-1.053063032,0.303365593,0.998285169,-4.594730248
GOLGA2,-0.208667916,5.246251253,-1.042965301,0.310221096,0.998285169,-4.594955004
STXBP2,-0.408374909,6.348893899,-1.040468485,0.311348942,0.998285169,-4.594972182
ITGA5,0.386363957,7.578750013,1.047820195,0.306222776,0.998285169,-4.595140512
H2BC26,0.583364516,10.38763994,1.044304744,0.308354636,0.998285169,-4.595160699
POP1,-0.296086831,5.219126307,-1.041700573,0.310130751,0.998285169,-4.595324443
ATP6V1G1,0.20888271,7.706320044,1.049569539,0.304935135,0.998285169,-4.595373166
LGALSL,0.239835759,7.201114483,1.034896091,0.314606704,0.998285169,-4.595541077
CC2D1A,0.157141558,6.937318114,1.048187294,0.30555773,0.998285169,-4.595627054
THBS3,0.236009907,8.612255797,1.047522215,0.305857616,0.998285169,-4.595749115
A0A9L0T8X5,-0.498883548,9.278559002,-1.028700923,0.318241007,0.998285169,-4.595791247
DCK,0.277023882,6.117320961,1.034706054,0.313963066,0.998285169,-4.595794878
TUBB4B,-0.171935656,12.38132515,-1.047262442,0.305974806,0.998285169,-4.595796774
LGALS1,-0.386822036,8.515131612,-1.047065782,0.306063544,0.998285169,-4.595832846
DUSP3,0.209893856,6.562978858,1.03631031,0.313233732,0.998285169,-4.595858732
HSPA2,0.200041694,11.48684709,1.04656097,0.306291413,0.998285169,-4.595925418
CTPS2,-0.189662485,7.945740425,-1.046182125,0.306462501,0.998285169,-4.595994865
REEP5,-0.174339239,7.69887502,-1.045935286,0.30657401,0.998285169,-4.596040102
GANAB,-0.212544925,7.094770165,-1.045854672,0.306610434,0.998285169,-4.596054874
PODN,0.370571194,9.762416717,1.043724844,0.307573854,0.998285169,-4.596444807
LOC111772162,0.237011025,8.089074019,1.042794921,0.307995172,0.998285169,-4.596614851
CNMD,-0.325425113,12.23375191,-1.042558939,0.308102152,0.998285169,-4.596657983
ATE1,-0.190552972,6.960445698,-1.042552458,0.308105091,0.998285169,-4.596659167
MYL6,-0.315365558,10.16300248,-1.042384173,0.308181398,0.998285169,-4.59668992
LOC100052045,-0.260951593,12.26640947,-1.042196194,0.308266651,0.998285169,-4.596724267
RAB8A,0.229893367,10.06012343,1.040843226,0.308880745,0.998285169,-4.596971325
ECHDC2,-0.249097357,7.515819926,-1.038357446,0.310506552,0.998285169,-4.596982502
CDH1,-0.313189239,9.521881386,-1.040665423,0.308961511,0.998285169,-4.597003772
ATP6V1H,-0.18912381,6.791818597,-1.037857584,0.310734011,0.998285169,-4.597070111
RPL18,-0.254774313,11.55590075,-1.039999981,0.309263918,0.998285169,-4.597125169
PEBP1,0.16811493,13.95562178,1.039494196,0.30949391,0.998285169,-4.597217397
TALDO1,-0.19265547,11.48919231,-1.039084054,0.309680499,0.998285169,-4.597292156
NME1,-0.209271515,10.4648547,-1.039006683,0.309715707,0.998285169,-4.597306257
RSL1D1,-0.311780977,7.160910493,-1.038824533,0.309798606,0.998285169,-4.597339448
CTSZ,0.239807706,9.004055017,1.038445737,0.309971051,0.998285169,-4.597408458
AHCYL1,-0.159806201,7.337755479,-1.037945767,0.310198764,0.998285169,-4.597499512
VPS4B,0.171390434,8.754733955,1.036492176,0.310861475,0.998285169,-4.597764029
PRPS2,-0.270140995,7.190885653,-1.032339101,0.313252977,0.998285169,-4.597807723
MGST3,-0.237426203,6.951981954,-1.032003488,0.313406634,0.998285169,-4.597865181
LSM2,-0.211635492,7.542191053,-1.02866962,0.315473484,0.998285169,-4.598018471
OTOR,-0.471659803,5.804491969,-1.013654942,0.32516092,0.998285169,-4.598061158
DIS3,-0.197178929,7.43873738,-1.030404934,0.314139242,0.998285169,-4.598138648
ZFYVE21,0.177209438,6.873640434,1.034011251,0.311994863,0.998285169,-4.598214778
COPB1,-0.226681893,8.180752414,-1.033511228,0.312223645,0.998285169,-4.598305516
ERLIN2,-0.198657586,7.048849572,-1.032785927,0.312555711,0.998285169,-4.598437069
HAMP,-0.579935573,7.781397099,-1.025325928,0.317010837,0.998285169,-4.598568125
LOXL1,-0.315982647,5.688641555,-1.006037204,0.329597957,0.998285169,-4.598585098
TMED10,-0.245262659,8.188204201,-1.03140797,0.313187268,0.998285169,-4.598686787
MYL12B,-0.218800601,9.122301729,-1.030923493,0.313409531,0.998285169,-4.598774519
RTKN,0.288197921,6.325873793,1.01204397,0.325109559,0.998285169,-4.598946627
CSK,-0.308503465,7.721744898,-1.029134989,0.314230998,0.998285169,-4.599098093
FBLN2,-0.348542636,7.955321028,-1.028744334,0.314410628,0.998285169,-4.599168707
BCAP31,-0.507070847,8.026389482,-0.996677377,0.333981608,0.998285169,-4.599339734
CDK5RAP3,-0.151349257,6.598208235,-1.027040328,0.315195004,0.998285169,-4.599476458
ARFIP1,-0.206840123,6.978279839,-1.018996312,0.319935473,0.998285169,-4.599604587
GLT8D2,-0.186104967,7.825240724,-1.020609626,0.318654691,0.998285169,-4.599806653
ZC3HAV1,-0.289021896,7.515564246,-1.000384002,0.329856414,0.998285169,-4.599811348
GOLGA5,-0.304125056,4.574054079,-0.995697266,0.334443017,0.998285169,-4.599834136
GNAO1,-0.290807407,7.282638071,-0.995101259,0.33472382,0.998285169,-4.599905826
OCIAD2,-0.249139681,7.241753132,-0.994484871,0.334131428,0.998285169,-4.599953498
THYN1,0.156997989,9.095778856,1.024221426,0.31649559,0.998285169,-4.599984625
SFPQ,-0.227840967,7.981251641,-1.024017049,0.316590031,0.998285169,-4.600021423
ATP6V1E1,0.184183479,7.014687701,1.023441047,0.316856304,0.998285169,-4.600125098
CAPN7,0.204259175,6.275687804,1.005849501,0.327288424,0.998285169,-4.600335704
TIMP1,0.488914588,4.785809334,0.978375218,0.344781371,0.998285169,-4.600375384
TM9SF4,0.323522148,7.234583375,1.001805769,0.329187036,0.998285169,-4.600421647
BAX,0.256641301,5.948552861,1.000651536,0.330437153,0.998285169,-4.600523582
PSME2,-0.195426717,6.638272448,-1.019987255,0.318456205,0.998285169,-4.60074572
NEDD8,0.223490442,8.217519287,1.006142379,0.326511613,0.998285169,-4.600779063
AIMP2,-0.17264861,7.816927055,-1.018797355,0.319008708,0.998285169,-4.600959129
HEBP1,-0.171792556,6.745014459,-1.017968436,0.319393993,0.998285169,-4.601107672
JAK1,0.271357487,5.804814349,0.996388024,0.332446656,0.998285169,-4.601110066
RAP1A,-0.152855879,8.798758796,-1.015254685,0.320657628,0.998285169,-4.601593266
TAPBPL,0.487382349,5.758740072,0.974435559,0.345543899,0.998285169,-4.601619654
SEC61G,-0.341937239,8.548510266,-1.005588084,0.326193235,0.998285169,-4.601782641
TRPV4,0.290636277,9.051926887,1.013504809,0.321474289,0.998285169,-4.601905807
HSP90AA1,-0.129225528,9.88085225,-1.012757876,0.321823321,0.998285169,-4.602039076
CDA,-0.437260665,6.553320786,-0.993445765,0.333136658,0.998285169,-4.602127772
ACTR3,-0.143026099,8.67237527,-1.011627745,0.322351918,0.998285169,-4.60224056
SOD1,0.302281436,13.12690251,1.010316004,0.322966217,0.998285169,-4.602474183
CHPF2,-0.269086189,7.479271724,-0.986388984,0.33719304,0.998285169,-4.602477624
SLC25A5,-0.215433677,9.288238455,-1.010275624,0.32298514,0.998285169,-4.60248137
SYNCRIP,-0.186580391,7.418062463,-1.009089711,0.323541236,0.998285169,-4.602692356
CCDC25,0.335446951,6.044297189,0.998688246,0.329446541,0.998285169,-4.602894141
MATN4,0.251036036,12.32891408,1.007416385,0.324327021,0.998285169,-4.602989703
COL12A1,-0.392523778,10.56293712,-1.006777607,0.324627337,0.998285169,-4.603103102
EHD3,-0.158833589,8.053972764,-1.005698366,0.325135172,0.998285169,-4.603294557
PPL,-0.367728959,6.018586973,-0.978657086,0.340895547,0.998285169,-4.603527477
SLC12A4,0.20146598,6.742623754,0.992865632,0.332209434,0.998285169,-4.603827159
PRPSAP1,-0.18972766,6.294610174,-0.996367901,0.330024482,0.998285169,-4.603877461
LIN7C,-0.212704695,7.693130295,-1.000861986,0.327417691,0.998285169,-4.604150387
IMPA1,-0.136648405,9.789148774,-1.00082571,0.327434854,0.998285169,-4.604156793
TSPEAR,0.226752322,6.599754877,0.939221772,0.363815992,0.998285169,-4.604284422
AGO1,-0.211411382,7.862644234,-0.999950671,0.327849024,0.998285169,-4.60431126
PLTP,-0.455593596,7.538712831,-0.992128391,0.332041436,0.998285169,-4.604580952
FARSA,-0.22477214,7.413715229,-0.997596485,0.3289651,0.998285169,-4.604726265
PPP2R1A,-0.147391755,8.527396267,-0.99662981,0.329424144,0.998285169,-4.604896435
NUP35,0.390606709,5.003223176,0.968641266,0.34504942,0.998285169,-4.604962492
NIT1,0.181017875,7.184271027,0.995643086,0.329893164,0.998285169,-4.605069989
DYNC1LI2,0.262003914,6.725262879,0.995078457,0.330161757,0.998285169,-4.605169236
SCYL2,-0.218952867,5.362104359,-0.94162945,0.361542806,0.998285169,-4.605195641
A0A3Q2HSD4,-0.24349773,6.988564361,-0.994690696,0.330346301,0.998285169,-4.605237366
SEPTIN11,0.203381609,7.190950434,0.994138288,0.330609328,0.998285169,-4.605334387
TUBB2B,0.690283091,5.676483052,0.964464909,0.34776499,0.998285169,-4.60543708
S100A16,0.220811335,8.115647594,0.992122633,0.331570301,0.998285169,-4.605688012
CSPG4,-0.2929632,8.970054377,-0.98918837,0.332972664,0.998285169,-4.606201708
UBXN4,-0.239466885,6.051693277,-0.969474987,0.344027892,0.998285169,-4.606240665
CYFIP1,-0.18937083,7.991871123,-0.988048879,0.333518358,0.998285169,-4.606400848
PHOSPHO1,-0.264364276,8.020847586,-0.987874287,0.333602023,0.998285169,-4.606431343
XPO7,-0.208617862,5.608918263,-0.962812782,0.347890798,0.998285169,-4.606475585
KPNB1,-0.140821598,7.391905854,-0.98735756,0.333849725,0.998285169,-4.60652157
PKM,0.140938193,15.22741327,0.987135402,0.333956259,0.998285169,-4.606560349
CCN6,0.353657934,9.868048522,0.986999419,0.33402148,0.998285169,-4.606584082
GCHFR,0.305294117,6.439105771,0.950936044,0.354401841,0.998285169,-4.606680914
HNRNPA2B1,-0.181394689,11.62358651,-0.986362533,0.334327065,0.998285169,-4.6066952
LTBP4,0.246878649,8.220262821,0.986280696,0.334366345,0.998285169,-4.606709474
KRT80,-0.412597018,7.488267797,-0.979043851,0.338320082,0.998285169,-4.606736216
IQGAP1,-0.152696998,10.9606496,-0.985719522,0.334635783,0.998285169,-4.606807325
NIBAN2,-0.18566465,9.429334643,-0.985470159,0.334755559,0.998285169,-4.606850791
PDGFC,-0.410301729,6.804703532,-0.935654276,0.363570552,0.998285169,-4.606886156
MYL3,-0.380075742,8.618002495,-0.964900446,0.346257767,0.998285169,-4.606910241
ACTC1,-0.479277556,6.909078316,-0.979501144,0.338099282,0.998285169,-4.607055617
GGT1,0.272505846,7.28000797,0.984261744,0.335336408,0.998285169,-4.607061294
TOR1A,0.192078773,6.690452834,0.966718773,0.345370233,0.998285169,-4.607104292
C7,0.337139304,7.895573393,0.976225883,0.339682903,0.998285169,-4.607197225
TP53RK,-0.234634146,7.590259522,-0.983009698,0.335938961,0.998285169,-4.607279166
NGLY1,0.215333241,6.81415376,0.951014134,0.353691753,0.998285169,-4.607324802
GRB2,-0.225007789,6.685096441,-0.982272111,0.336294275,0.998285169,-4.607407406
YTHDC1,-0.200139512,6.703699908,-0.949393491,0.355164056,0.998285169,-4.607440069
ECHDC1,0.162419142,7.606641715,0.981516895,0.336658349,0.998285169,-4.607538625
TPM1,0.22481292,9.152180258,0.969428695,0.343492687,0.998285169,-4.607756154
LOC102149234,0.156875239,8.159969112,0.979891615,0.33744278,0.998285169,-4.607820726
A0A5F5PY83,-0.550985689,7.512221186,-0.902280211,0.382434275,0.998285169,-4.607859244
QRICH1,0.310565364,4.33364591,0.90224126,0.382454244,0.998285169,-4.607862954
CTNNA1,0.195753011,5.960985351,0.971957186,0.341754487,0.998285169,-4.607893423
COL11A2,-0.231828614,11.53451836,-0.979391605,0.337684359,0.998285169,-4.607907433
ATP6V0A1,-0.322962572,6.419198494,-0.933918446,0.363609344,0.998285169,-4.608018794
LOC100058290,-0.187433942,8.793563667,-0.978665652,0.338035312,0.998285169,-4.608033254
TMED7,-0.170649194,7.836666177,-0.97763799,0.33853255,0.998285169,-4.608211231
NFIX,-0.215570723,8.176658692,-0.977255733,0.338717634,0.998285169,-4.608277392
TGM2,-0.224714465,9.157678287,-0.977155592,0.338766133,0.998285169,-4.60829472
SPP1,-0.439170365,8.557519683,-0.976528468,0.339069959,0.998285169,-4.608403205
PPP1R3D,-0.287112874,6.749260482,-0.975599158,0.339520529,0.998285169,-4.608563856
IPO4,-0.193268327,5.860114209,-0.905603465,0.379694418,0.998285169,-4.608573264
SRRM1,-0.204237627,8.517173024,-0.975220631,0.339704173,0.998285169,-4.608629254
AIFM1,0.175801563,8.002219853,0.974790229,0.339913067,0.998285169,-4.608703589
UBTD1,-0.213393133,6.398937306,-0.934250074,0.362706435,0.998285169,-4.608803464
CHCHD3,-0.207128759,7.238800934,-0.973511587,0.340534169,0.998285169,-4.608924259
SCPEP1,-0.276500189,8.428619481,-0.972143235,0.341199706,0.998285169,-4.609160136
ERI3,-0.157262749,6.660832844,-0.958755966,0.348717014,0.998285169,-4.609201067
TOMM70,0.158142904,7.175226079,0.970477273,0.342011193,0.998285169,-4.609446933
CSAD,-0.186676615,9.56021098,-0.969419642,0.342527046,0.998285169,-4.609628787
TAOK1,-0.174660119,5.279672418,-0.945543261,0.355803046,0.998285169,-4.609714244
QTRT1,0.228127605,6.960748578,0.94506722,0.356040021,0.998285169,-4.609782602
NENF,0.178472451,7.640009348,0.930305937,0.364688628,0.998285169,-4.609939584
LOC100067916,-0.391529389,5.988071077,-0.879822998,0.394065041,0.998285169,-4.609977144
ADK,-0.181198384,10.39295619,-0.967135078,0.343643139,0.998285169,-4.610021027
SRP9,-0.161282711,7.385042776,-0.929613614,0.364381436,0.998285169,-4.610144367
RGS3,0.150359554,7.643883322,0.964681754,0.344844434,0.998285169,-4.610441359
TSC22D2,0.200460363,6.221661968,0.909707121,0.375160135,0.998285169,-4.610444221
TMOD3,0.187147627,6.71303195,0.949994375,0.353046146,0.998285169,-4.610555888
MYO1F,0.257211482,7.070964398,0.928708866,0.36424839,0.998285169,-4.610943605
MGMT,-0.208534774,5.223699421,-0.912582393,0.374405365,0.998285169,-4.610945703
CNBP,0.288486516,6.679914738,0.961400368,0.34645566,0.998285169,-4.611002133
CLSTN1,0.268652693,6.306610472,0.867206833,0.400702505,0.998285169,-4.611148263
CYB5R1,0.299923327,5.611987707,0.878703566,0.393645077,0.998285169,-4.611275936
EDIL3,0.354117359,10.25565048,0.958949254,0.347662539,0.998285169,-4.611419948
RNMT,-0.185700936,6.700683789,-0.958914165,0.347679837,0.998285169,-4.611425923
PCNP,0.337050525,5.73136505,0.925631786,0.366394253,0.998285169,-4.611601182
TM9SF3,-0.258024091,7.604125294,-0.957010055,0.34861938,0.998285169,-4.611749854
LIMS1,0.187065486,8.629876848,0.956923937,0.348661914,0.998285169,-4.611764492
PTBP3,-0.396732894,6.520526657,-0.8582675,0.405450525,0.998285169,-4.611969843
NQO1,-0.258522164,7.973480994,-0.944851166,0.355110456,0.998285169,-4.612253661
VPS29,0.218327844,7.751963115,0.953087756,0.350560177,0.998285169,-4.61241538
DEFA7,-0.482039338,6.048219021,-0.926224064,0.365506294,0.998285169,-4.612465082
OSTF1,-0.435086924,6.711422915,-0.946184074,0.354445551,0.998285169,-4.612537482
MMP3,0.461466679,8.206884285,0.95125863,0.351467744,0.998285169,-4.612724938
GREM1,-0.569105839,11.58300582,-0.951210406,0.351491692,0.998285169,-4.612733092
DEFA23,-0.509500439,8.340614294,-0.897522411,0.382154735,0.998285169,-4.61275013
OXSR1,-0.213622049,7.225132709,-0.951005997,0.351593219,0.998285169,-4.612767653
IRF2BPL,0.227502373,5.644184359,0.847457635,0.411241788,0.998285169,-4.612954142
MYLK,-0.179532267,5.754256546,-0.847124722,0.411421005,0.998285169,-4.612984296
CHMP4A,-0.256488436,6.232709297,-0.949063807,0.352558854,0.998285169,-4.61309571
CTSA,-0.17637522,7.200619469,-0.932854899,0.36161991,0.998285169,-4.613175676
ARHGAP1,-0.151244707,8.772069852,-0.94819375,0.352992017,0.998285169,-4.613242485
ZNF512,-0.341995833,6.068312448,-0.878036879,0.393115629,0.998285169,-4.613320616
UBL5,-0.348980841,7.044145291,-0.889069608,0.386550999,0.998285169,-4.613327573
GNG10,-0.169751082,8.288079282,-0.941106233,0.356983076,0.998285169,-4.613358752
PXYLP1,-0.270175252,7.848576777,-0.947413673,0.353380689,0.998285169,-4.613373982
PUF60,0.137900673,7.667563318,0.94722093,0.353476767,0.998285169,-4.613406458
TRIR,-0.303416665,6.984283166,-0.923225069,0.367028391,0.998285169,-4.61349846
SNRPA1,0.195204168,8.559372934,0.946595409,0.353788697,0.998285169,-4.613511816
ADSS1,-0.4118046,9.371838954,-0.946330369,0.353920921,0.998285169,-4.613556439
ESYT1,0.197652282,5.674555697,0.917455659,0.369968523,0.998285169,-4.613697757
CRISPLD2,0.174307561,6.396312997,0.874418421,0.395023113,0.998285169,-4.613713526
LOC100068317,-0.274747131,7.571744795,-0.944764279,0.354702897,0.998285169,-4.613819892
SNX17,-0.207768239,6.932407193,-0.92248027,0.366877211,0.998285169,-4.613862246
B4GALT4,0.196492629,7.18634715,0.815079466,0.429981666,0.998285169,-4.613989964
RARS1,-0.162522965,8.028316306,-0.943375413,0.355397355,0.998285169,-4.614053217
ASPH,-0.199565106,9.171033288,-0.943342375,0.355413886,0.998285169,-4.614058764
ITIH5,-0.217192633,6.929486365,-0.91867993,0.369343311,0.998285169,-4.614152314
TXNIP,0.226807516,6.920722797,0.913724493,0.371878324,0.998285169,-4.614219271
PNN,0.235536976,5.958140513,0.913334531,0.372078306,0.998285169,-4.614273673
EIF4H,-0.196042008,7.498091271,-0.941903644,0.356134265,0.998285169,-4.614300146
GTF2B,-0.202115974,5.907629863,-0.858519328,0.403476989,0.998285169,-4.61438668
CPQ,-0.19668783,7.825257848,-0.940619496,0.356778073,0.998285169,-4.614515325
SCFD1,0.135506207,7.754137352,0.939958607,0.357109714,0.998285169,-4.614625968
JPT2,-0.221232612,6.135187762,-0.913945661,0.371764936,0.998285169,-4.614830462
APOH,0.371872367,10.03685651,0.938729167,0.357727211,0.998285169,-4.614831617
BMP2,-0.472002556,5.102736625,-0.841907734,0.413275998,0.998285169,-4.614865119
A0A3Q2I4Y7,-0.44978497,8.141663591,-0.901139551,0.378939678,0.998285169,-4.614885088
ARHGDIB,0.342786036,5.78382006,0.908907445,0.374353659,0.998285169,-4.614889889
DDT,-0.231601671,11.76620493,-0.938293475,0.357946214,0.998285169,-4.61490444
SDK2,0.227067502,6.994750158,0.9270911,0.364050174,0.998285169,-4.615053282
SRSF5,-0.155864607,7.020638068,-0.922200996,0.367019436,0.998285169,-4.615079059
UBA1,-0.174772711,10.44301558,-0.936873266,0.358660712,0.998285169,-4.615141614
PTGES3,0.172630559,9.792410899,0.935793104,0.359204775,0.998285169,-4.615321792
GAPVD1,-0.17440377,6.257441518,-0.904913676,0.376414241,0.998285169,-4.615443602
AOX1,-0.209955465,5.294144739,-0.886640739,0.387123301,0.998285169,-4.615498605
COQ8B,0.199336325,7.456371268,0.924158295,0.365540804,0.998285169,-4.615511203
ZKSCAN1,-0.220240871,5.766248928,-0.895957637,0.381630215,0.998285169,-4.615570341
ENPP1,-0.339164598,10.90404491,-0.934183695,0.360016439,0.998285169,-4.615589919
NAA15,0.203341499,6.382074953,0.910364676,0.373081173,0.998285169,-4.615614851
LOC100053468,-0.238912346,12.53916384,-0.933942227,0.360138323,0.998285169,-4.615630114
ATP2B4,0.25653593,8.077074214,0.933499365,0.360361935,0.998285169,-4.615703808
NOLC1,0.418482698,4.464645347,0.902774495,0.377521045,0.998285169,-4.615739331
MESD,0.232713321,8.02413426,0.922411888,0.366430368,0.998285169,-4.615783288
XYLB,0.204706192,6.134250793,0.867018988,0.398177297,0.998285169,-4.615858114
A0A3Q2I744,-0.296634067,12.56492579,-0.931701175,0.361270841,0.998285169,-4.616002723
PPT1,0.23625277,8.516178599,0.931533635,0.361355603,0.998285169,-4.616030548
AEBP1,-0.375088617,8.90321349,-0.931281132,0.361483376,0.998285169,-4.616072476
PSMD7,-0.162997238,8.496014293,-0.92987057,0.362197706,0.998285169,-4.616306514
GRN,-0.311299076,8.515528366,-0.918750692,0.368299951,0.998285169,-4.616352253
SMCHD1,-0.201659623,5.77727048,-0.9125486,0.371957737,0.998285169,-4.616537319
METAP1,0.270373273,5.994927007,0.876917164,0.392241312,0.998285169,-4.616705962
SARNP,-0.192993299,8.371161774,-0.926885971,0.363712262,0.998285169,-4.616800702
LAP3,-0.232018746,9.886561735,-0.926837732,0.363736776,0.998285169,-4.616808678
TCEA3,-0.173120146,6.421906311,-0.801813872,0.436292458,0.998285169,-4.616997487
CBR4,0.303132859,6.833958739,0.859375775,0.402260385,0.998285169,-4.617208693
PAPLN,0.195666748,6.268864972,0.891804079,0.383231008,0.998285169,-4.617246526
HNRNPAB,-0.183183017,9.158188877,-0.923912432,0.365225402,0.998285169,-4.617291687
PTPN23,0.237563045,6.515675266,0.890393374,0.383969379,0.998285169,-4.617439194
GYS1,-0.190456279,6.862642725,-0.871161905,0.394679475,0.998285169,-4.617569638
DNPH1,-0.235107334,7.108337813,-0.888774641,0.384817787,0.998285169,-4.617659951
MAMDC4,0.236708405,8.963596551,0.921022557,0.366699983,0.998285169,-4.617767545
EXOSC6,0.295150419,5.546501216,0.859558819,0.401488161,0.998285169,-4.617919485
LRRC57,-0.184528468,8.210016836,-0.920006828,0.367219205,0.998285169,-4.617934492
NTN1,-0.389466346,9.765075155,-0.919940779,0.367252985,0.998285169,-4.617945342
F8A1,0.348644524,3.760362057,0.834241025,0.416613894,0.998285169,-4.61798535
FUCA1,-0.181277035,9.187411594,-0.918629225,0.367924192,0.998285169,-4.61816066
TXNRD3,-0.277689346,6.793481428,-0.874601897,0.392851846,0.998285169,-4.618358935
PRPF19,0.118662659,7.603636426,0.917415791,0.36854591,0.998285169,-4.618359632
LOC100061656,0.311144289,7.195272599,0.897413911,0.379789482,0.998285169,-4.618463392
CAPN2,-0.210691646,8.819730282,-0.916745408,0.368889688,0.998285169,-4.618469459
AP1B1,0.172512589,7.771217305,0.904946791,0.37540591,0.998285169,-4.618479836
RPS15A,-0.201071219,9.30743048,-0.916511376,0.369009752,0.998285169,-4.618507783
SNX9,-0.150435445,7.677018422,-0.915903373,0.369321792,0.998285169,-4.618607308
ENO3,-0.259649975,14.94747478,-0.887973452,0.384729377,0.998285169,-4.618801408
ARF6,-0.13142608,9.422048933,-0.914462879,0.370061784,0.998285169,-4.618842876
CORO1C,0.161603184,8.161236937,0.914223248,0.370184979,0.998285169,-4.618882032
GEMIN5,-0.160495962,7.569487541,-0.825309955,0.421515437,0.998285169,-4.618912042
EIF2D,0.20511241,6.117813599,0.892929878,0.382130596,0.998285169,-4.61911984
GNS,-0.217641341,6.71706207,-0.904189046,0.375798589,0.998285169,-4.619215107
FEN1,0.235482364,5.906047431,0.808456674,0.430865467,0.998285169,-4.619381339
LOC100053876,-0.282891402,5.156015484,-0.771944741,0.453204566,0.998285169,-4.619542667
ADO,-0.239656001,6.067444058,-0.83830209,0.41365951,0.998285169,-4.619601842
COLGALT2,-0.162265629,7.896397441,-0.889475799,0.383940435,0.998285169,-4.619623568
MYO9B,0.255945053,4.830826492,0.881533059,0.388123532,0.998285169,-4.619705257
SYNPO,-0.244263894,7.319914095,-0.831016586,0.417648491,0.998285169,-4.619874567
NAP1L4,-0.23998744,8.018752926,-0.907454766,0.373675909,0.998285169,-4.61998432
TSNAX,-0.140930303,8.292538071,-0.906710822,0.374060929,0.998285169,-4.62010504
LMAN1,-0.218831603,7.251180299,-0.869432745,0.395050611,0.998285169,-4.620270986
LOC100052586,0.173401283,6.898351938,0.839276947,0.412470935,0.998285169,-4.620283757
AGFG1,-0.230974051,5.28960283,-0.762289966,0.458758157,0.998285169,-4.620347975
IPO5,-0.191991018,6.967874815,-0.905190067,0.374848794,0.998285169,-4.620351544
NOP2,-0.236442235,6.553408104,-0.896858098,0.379611648,0.998285169,-4.620353907
COL14A1,-0.348984789,7.732452437,-0.901730297,0.37664529,0.998285169,-4.620911003
ILVBL,-0.198336954,5.146638936,-0.86462115,0.397623485,0.998285169,-4.620912821
SPTBN1,-0.15896806,5.914397535,-0.90162273,0.376701235,0.998285169,-4.620928367
PGRMC2,-0.21051857,7.323395775,-0.88862652,0.383923391,0.998285169,-4.620959187
VBP1,0.210451207,7.625310007,0.90066479,0.377199697,0.998285169,-4.621082923
FERMT2,-0.131538155,7.763547319,-0.90061247,0.377226934,0.998285169,-4.62109136
PLCG2,-0.170457773,8.639124762,-0.900570165,0.377248958,0.998285169,-4.621098182
RPL4,-0.206328619,12.4987809,-0.900515955,0.377277181,0.998285169,-4.621106923
S100A8,-0.791429984,8.46145786,-0.83114363,0.416929057,0.998285169,-4.621218269
TPPP3,-0.419845813,8.574150964,-0.899436709,0.37783936,0.998285169,-4.621280853
LMCD1,0.148952997,10.77504399,0.898532248,0.378310917,0.998285169,-4.621426474
PGP,0.153220458,7.307488815,0.883421137,0.38666649,0.998285169,-4.621741712
MDH1,-0.157881966,12.82237459,-0.895246402,0.380027305,0.998285169,-4.621954427
DPP3,0.201361691,6.111872254,0.880746001,0.388081184,0.998285169,-4.622142304
NDUFV2,-0.232326293,5.128753237,-0.759757795,0.459365565,0.998285169,-4.622413799
UPP1,-0.254162427,6.367242495,-0.85748775,0.401457862,0.998285169,-4.622685828
TONSL,-0.443106888,8.820759614,-0.818191632,0.424091887,0.998285169,-4.622690256
BST1,0.437797427,8.067109023,0.876946127,0.390096466,0.998285169,-4.622709496
H1-1,-0.22461285,15.35847568,-0.881062462,0.387913654,0.998285169,-4.622780174
LUC7L,-0.169977468,6.48908354,-0.879727069,0.388620912,0.998285169,-4.62298357
RWDD1,0.185583759,7.032083103,0.761237631,0.458508006,0.998285169,-4.623068402
PUM2,0.222844828,5.625182604,0.695527517,0.499199625,0.998285169,-4.623081768
EXOSC2,-0.322358548,5.309715366,-0.823812697,0.420973716,0.998285169,-4.623099403
CALM1,-0.337617351,10.24731024,-0.886617305,0.384559056,0.998285169,-4.623332831
HPCAL1,0.326296481,6.689317559,0.833323566,0.415148201,0.998285169,-4.623585141
MARS1,0.136268886,6.72848777,0.870342622,0.393614832,0.998285169,-4.623690066
PRRC2C,0.206951567,6.190809965,0.808765703,0.429353557,0.998285169,-4.623748937
ATP2B3,0.290608706,6.94519848,0.849493753,0.405783147,0.998285169,-4.623763103
TXLNA,0.239403137,6.034434173,0.685512269,0.505287684,0.998285169,-4.623787822
CTSF,0.185088593,6.759411487,0.883600269,0.386151804,0.998285169,-4.623812003
RANBP3,-0.170842871,6.274934211,-0.776619579,0.448885222,0.998285169,-4.623814723
SKIC3,-0.22802263,4.795253781,-0.684941235,0.505636121,0.998285169,-4.623827812
RPL31,0.198907779,11.54115208,0.883110326,0.386410859,0.998285169,-4.623889681
RPL7,-0.178687998,11.28858616,-0.882926636,0.386508013,0.998285169,-4.623918795
DCXR,-0.176236721,7.113607228,-0.882824159,0.386562221,0.998285169,-4.623935034
STAM2,-0.183375017,6.200668056,-0.679921334,0.508705289,0.998285169,-4.624178119
ACSS3,0.248764237,5.993847387,0.81453867,0.426126139,0.998285169,-4.624180715
PIP4K2B,0.164350279,5.831023151,0.866630737,0.395601536,0.998285169,-4.6242384
VDAC3,-0.153716363,8.03222276,-0.878716174,0.388739302,0.998285169,-4.62458466
FBXL8,0.144343158,7.008815143,0.842841158,0.409405421,0.998285169,-4.624652914
GARS1,0.13341923,7.962178809,0.877792032,0.389230159,0.998285169,-4.624730434
DDX5,0.175029615,10.23689641,0.876685839,0.389818241,0.998285169,-4.624904747
ROR2,0.265173464,6.871177265,0.851991421,0.403942129,0.998285169,-4.624980892
RSRC2,0.224966686,5.308818664,0.851965157,0.403956375,0.998285169,-4.624984576
GGPS1,-0.266772415,5.914614799,-0.840106581,0.410900365,0.998285169,-4.625016906
GSN,0.179132555,12.92718881,0.875629315,0.390380456,0.998285169,-4.625071053
OSBPL8,0.184960627,4.600040683,0.702572331,0.494039892,0.998285169,-4.625136135
AP1G1,-0.149102171,6.660784719,-0.860233993,0.399040436,0.998285169,-4.62517852
NIPSNAP1,0.197110543,6.264942135,0.664964176,0.517914703,0.998285169,-4.625208604
RAD23B,-0.147722361,8.461963159,-0.874207479,0.391137896,0.998285169,-4.625294582
PSTPIP2,-0.226129775,5.744362698,-0.663010566,0.519124685,0.998285169,-4.625341725
SPON1,-0.208237826,6.412819542,-0.836630368,0.412805782,0.998285169,-4.625478124
TBL2,-0.197223519,7.305245735,-0.872018339,0.392305954,0.998285169,-4.625638115
GLB1,0.136509917,8.309261236,0.856849307,0.400867816,0.998285169,-4.625673485
PHF2,-0.242765085,5.806024827,-0.658002918,0.522233671,0.998285169,-4.625681386
PABPN1,0.14563528,6.828330951,0.814330947,0.425673805,0.998285169,-4.625916187
SCD5,-0.275027328,6.780886279,-0.83608599,0.412628285,0.998285169,-4.625920085
SRM,0.156570588,9.565129013,0.869744777,0.393521444,0.998285169,-4.625994091
UGDH,-0.171655106,9.856369642,-0.869571506,0.393614177,0.998285169,-4.626021186
MRRF,0.385442424,6.634258638,0.690915391,0.501111373,0.998285169,-4.626031382
LETM1,0.230154565,5.984458506,0.752971466,0.462569476,0.998285169,-4.626103268
RFTN2,0.154294037,6.841074295,0.868405327,0.394238677,0.998285169,-4.626203427
CHCHD2,0.338223506,5.760518068,0.771298873,0.451269752,0.998285169,-4.626214283
CA5B,-0.158308833,6.402637902,-0.713602413,0.486606589,0.998285169,-4.626363345
SDF4,0.190266499,5.975656115,0.841875631,0.409452814,0.998285169,-4.626392099
NPEPL1,0.157400013,6.550900955,0.759806437,0.457340061,0.998285169,-4.626537375
GAA,-0.156866499,7.528106526,-0.865497561,0.395798598,0.998285169,-4.626656887
MBLAC1,0.146341859,6.543090134,0.720041179,0.482749325,0.998285169,-4.626699537
UBE2O,-0.156279271,6.321423279,-0.865125429,0.395998521,0.998285169,-4.626714823
ABI2,0.416211044,5.427386918,0.729597647,0.476343059,0.998285169,-4.626726318
PSMB2,-0.142372404,8.23099038,-0.864836643,0.396153712,0.998285169,-4.626759768
ANXA5,-0.162041849,13.98079433,-0.86415516,0.396520092,0.998285169,-4.626865778
TP53BP2,-0.284294438,4.386576528,-0.639577522,0.533764864,0.998285169,-4.626911691
PDHX,0.159407585,5.790099624,0.637881352,0.534833593,0.998285169,-4.627023402
PIN1,-0.161249095,5.888256616,-0.846152805,0.406678101,0.998285169,-4.627226395
AKT2,0.157997152,5.548800824,0.835546283,0.412925098,0.998285169,-4.627267543
GSPT2,0.184441564,7.125323219,0.851083595,0.403993066,0.998285169,-4.627281076
ANG,-0.43371437,10.2027122,-0.860790521,0.398332189,0.998285169,-4.627388089
MRE11,0.346118428,5.830013279,0.821077038,0.421399916,0.998285169,-4.627521203
PSMB3,-0.168805708,8.448384563,-0.85983806,0.398846122,0.998285169,-4.627535617
ASAP2,-0.115915762,10.40778848,-0.859826686,0.398852262,0.998285169,-4.627537378
DLD,0.235465799,6.969527496,0.835879224,0.41274198,0.998285169,-4.627647036
SRSF11,0.185994893,5.360957175,0.831865791,0.414952805,0.998285169,-4.627773936
CAV2,-0.236151763,8.406727205,-0.841957977,0.408971322,0.998285169,-4.627830695
THUMPD1,-0.153033115,7.432588835,-0.857240979,0.400249629,0.998285169,-4.627937148
RUVBL2,0.108403782,8.114720403,0.85688623,0.400441587,0.998285169,-4.627991912
STK26,0.18035219,9.345767973,0.856358676,0.400727161,0.998285169,-4.628073315
BLVRA,-0.166961799,8.202424709,-0.856165828,0.400831585,0.998285169,-4.628103061
GOLT1B,0.248368338,5.909128982,0.781615387,0.444195384,0.998285169,-4.628136967
GPD2,-0.174051363,5.733106527,-0.661000511,0.519528952,0.998285169,-4.628268716
EEF1D,-0.182502073,9.275477909,-0.8548757,0.401530619,0.998285169,-4.628301904
VAT1,-0.160810325,10.35346304,-0.854811002,0.401565695,0.998285169,-4.628311869
GBE1,-0.233789188,10.67674498,-0.853930531,0.402043238,0.998285169,-4.628447411
CNN3,-0.177911099,8.216310556,-0.826934315,0.417679608,0.998285169,-4.628449359
PTPN11,0.175688016,6.969162865,0.806024665,0.429824109,0.998285169,-4.628479597
SEC24B,0.197209004,5.65001069,0.657767441,0.521542497,0.998285169,-4.628505292
NFKB1,0.235961212,6.867724231,0.765035695,0.454298675,0.998285169,-4.628520351
TOR1AIP1,-0.210268499,7.795302025,-0.852858878,0.402624963,0.998285169,-4.628612218
SOD3,0.259650186,13.1134138,0.852437004,0.402854116,0.998285169,-4.628677046
RPL37A,0.205975681,9.092162785,0.851992404,0.403095704,0.998285169,-4.628745336
SNX1,-0.133591911,7.808591096,-0.851947626,0.40312004,0.998285169,-4.628752212
RAB21,-0.140721762,7.602684564,-0.85007688,0.404137625,0.998285169,-4.629039196
PPP3R1,-0.172891161,6.945395141,-0.833242416,0.413762196,0.998285169,-4.629077742
SSR1,-0.210595799,9.100597208,-0.847777125,0.405390812,0.998285169,-4.629391225
DEFB1,0.23213317,8.962401498,0.830863069,0.415076259,0.998285169,-4.629416187
EFNB1,0.158888629,6.46118877,0.64401648,0.530156224,0.998285169,-4.629500014
SURF2,-0.268749732,7.173681607,-0.716202512,0.48434653,0.998285169,-4.629538805
ISYNA1,-0.273001855,5.952479069,-0.737435869,0.47105815,0.998285169,-4.629626112
GPLD1,0.493754474,6.807178258,0.744434654,0.466925892,0.998285169,-4.629638608
SNX27,0.181799396,6.925931972,0.796507686,0.43520438,0.998285169,-4.629664494
FBN2,-0.458724736,6.71142829,-0.684640684,0.504182378,0.998285169,-4.629678728
XRN2,0.242870026,4.381250394,0.667637551,0.514671143,0.998285169,-4.63008075
PIN4,-0.184369432,6.881966073,-0.843053323,0.407972677,0.998285169,-4.63011165
SNCA,0.415194708,6.917000012,0.588906316,0.566206542,0.998285169,-4.63013497
NIBAN1,0.147108589,7.565519817,0.842685139,0.408174351,0.998285169,-4.630167651
GPI,-0.182826592,10.44524999,-0.842017707,0.408540102,0.998285169,-4.630269112
SERPINF1,0.1838614,11.33145158,0.842009804,0.408544434,0.998285169,-4.630270313
GALNT16,-0.209714521,6.483657367,-0.761974699,0.455550296,0.998285169,-4.630320184
WARS1,-0.157479132,8.512299904,-0.8414194,0.40886815,0.998285169,-4.630360005
IARS1,-0.197939918,6.926609805,-0.802195041,0.431529201,0.998285169,-4.630365969
DRG1,-0.171442175,6.871341448,-0.823879904,0.418948126,0.998285169,-4.630404529
NIPSNAP3A,-0.266208141,5.971747438,-0.760836719,0.456213576,0.998285169,-4.630445169
DHX16,-0.159051732,8.621447014,-0.736360156,0.471695225,0.998285169,-4.630453362
PRSS23,0.254032665,6.885341599,0.823465221,0.419178763,0.998285169,-4.630462987
ABCE1,-0.153490323,6.732742748,-0.840583864,0.409326549,0.998285169,-4.63048684
EIF3C,-0.160587409,8.983054597,-0.8403413,0.409459687,0.998285169,-4.630523641
SDR39U1,0.256097037,6.526949793,0.821790662,0.420110928,0.998285169,-4.630698783
MTHFS,-0.132576216,7.398886036,-0.83897024,0.410212751,0.998285169,-4.630731472
PAK2,0.133652629,7.13109605,0.837855195,0.410825845,0.998285169,-4.630900273
GSTA4,0.18274169,9.28034585,0.837337276,0.411110813,0.998285169,-4.63097861
CPXM2,-0.233527949,7.248350594,-0.837223298,0.411173542,0.998285169,-4.630995844
TNC,0.488558469,12.94714149,0.836544161,0.411547442,0.998285169,-4.631098488
FURIN,0.320088671,9.746366917,0.810203008,0.42701515,0.998285169,-4.631176307
NDUFAB1,-0.303324066,7.949729103,-0.751903923,0.461959735,0.998285169,-4.631203273
NUP85,-0.21735612,5.001662256,-0.619318548,0.545827013,0.998285169,-4.631239551
LTA4H,-0.159604348,7.484189698,-0.835184656,0.412296565,0.998285169,-4.631303739
FH,-0.126242844,8.571281662,-0.834086865,0.412902106,0.998285169,-4.63146926
RPS23,0.219168551,9.949314967,0.833968447,0.412967459,0.998285169,-4.631487103
LIG3,0.223955074,6.346075373,0.815609706,0.423562906,0.998285169,-4.631565427
A0A3Q2I7C8,-0.190024796,7.892839708,-0.832799542,0.413612908,0.998285169,-4.631663111
NSUN2,0.132093938,6.862876897,0.832151424,0.413971062,0.998285169,-4.631760607
CACYBP,0.17864568,6.94737342,0.790697723,0.438061876,0.998285169,-4.631837089
VPS35,-0.140741591,8.561912009,-0.83102575,0.414593583,0.998285169,-4.631929779
VCAN,0.222627836,7.127992295,0.812985028,0.42503411,0.998285169,-4.631931675
GFER,-0.345921523,5.997444893,-0.607467928,0.553436065,0.998285169,-4.632052557
RAB10,0.153847847,6.900617028,0.830062847,0.415126555,0.998285169,-4.632074328
TPT1,0.19002565,8.821451544,0.799226612,0.433210008,0.998285169,-4.632178084
RGN,0.416813411,5.368911964,0.742646494,0.467407309,0.998285169,-4.632199202
NASP,-0.177924217,12.0017267,-0.829019849,0.415704349,0.998285169,-4.632230731
KARS1,-0.139997692,8.380403732,-0.828945527,0.41574554,0.998285169,-4.632241869
APOE,0.228928816,9.224365327,0.828840824,0.415803574,0.998285169,-4.632257559
FGB,-0.300585247,12.30509648,-0.828664461,0.41590134,0.998285169,-4.632283983
GNAZ,-0.240186299,6.098325642,-0.552522999,0.59014024,0.998285169,-4.632301601
KIF13B,0.160289643,7.29455066,0.810270971,0.426558768,0.998285169,-4.632309287
PITHD1,0.259733747,7.884885781,0.828417834,0.416038079,0.998285169,-4.632320926
RAB23,0.180559881,7.084473362,0.79811179,0.4338423,0.998285169,-4.632325747
MOGS,0.183955671,6.805106577,0.810147309,0.426628318,0.998285169,-4.632326465
SELENBP1,-0.260953941,12.75108128,-0.828084736,0.416222807,0.998285169,-4.632370806
CNPY4,-0.215557587,6.560253483,-0.65012011,0.525606977,0.998285169,-4.632455667
BRAF,-0.170357349,6.772465778,-0.742210921,0.467152962,0.998285169,-4.632467189
INF2,0.149339486,7.095168003,0.661936193,0.51757656,0.998285169,-4.632499323
CLPP,-0.280154677,5.37304405,-0.59998327,0.558271452,0.998285169,-4.632558744
MAP2K3,0.205289415,5.211046035,0.59821367,0.559418016,0.998285169,-4.632677594
SMNDC1,-0.224139377,5.651314718,-0.756477002,0.458760098,0.998285169,-4.632725312
FLNB,-0.206093991,8.857535272,-0.825580899,0.417613023,0.998285169,-4.632745174
PSMA4,-0.12326486,8.651707894,-0.824937228,0.417970882,0.998285169,-4.632841251
SRSF7,-0.134292981,9.755490631,-0.823686576,0.418666754,0.998285169,-4.633027736
CARS1,0.228587614,6.679393307,0.735859165,0.470919213,0.998285169,-4.633146499
ARB2A,0.129742975,6.921591766,0.767382116,0.451928339,0.998285169,-4.633213056
GMPPB,-0.138253148,9.541319911,-0.822183958,0.419503782,0.998285169,-4.633251457
GCLM,0.143945555,6.751717486,0.535350881,0.601615599,0.998285169,-4.633280498
UBA5,-0.124014329,7.172850192,-0.821157861,0.420075968,0.998285169,-4.633404019
PPM1A,0.208000989,6.730496011,0.808549241,0.427527741,0.998285169,-4.633430242
NNT,0.166796839,7.863310247,0.731659705,0.473419191,0.998285169,-4.633592752
USP8,0.149790808,6.009792427,0.7535848,0.460454186,0.998285169,-4.633659351
DFFA,0.225473522,5.443212864,0.669726115,0.512727888,0.998285169,-4.633663386
LNPK,0.14152406,6.695590795,0.78789579,0.43966312,0.998285169,-4.633670339
ANGPTL7,-0.341842009,7.500216613,-0.791559758,0.437569967,0.998285169,-4.633677598
EIF3M,-0.13427291,7.366059043,-0.798921363,0.432971454,0.998285169,-4.633876149
IQGAP2,-0.313686093,5.717104234,-0.785438782,0.441070211,0.998285169,-4.633991413
CCT5,0.124058024,8.228795652,0.816673454,0.422582363,0.998285169,-4.63406877
FZD7,0.279700452,7.006928678,0.690600113,0.499271935,0.998285169,-4.634121168
GLYR1,-0.167525194,7.848558424,-0.81624289,0.422823502,0.998285169,-4.634132424
SPARC,-0.302831547,7.135433837,-0.784352508,0.441693186,0.998285169,-4.634133079
PITPNA,0.14705779,6.157846215,0.796709384,0.434228172,0.998285169,-4.634179219
LDHB,-0.172439216,13.12537359,-0.815751408,0.423098863,0.998285169,-4.634205046
STXBP6,-0.199262915,7.276232227,-0.815750198,0.423099541,0.998285169,-4.634205225
SERPINB12,0.218692154,7.554699397,0.662712785,0.517092021,0.998285169,-4.634264323
TST,-0.18138223,7.886058507,-0.815288729,0.423358189,0.998285169,-4.634273377
PLD3,-0.143330032,7.738615127,-0.795631614,0.434841314,0.998285169,-4.634326614
RASSF4,-0.134810606,6.357693176,-0.661245267,0.518007867,0.998285169,-4.634389348
SHOC2,0.12940177,6.070516524,0.794612625,0.435421508,0.998285169,-4.634465806
LOC100064378,-0.458122281,8.102992121,-0.75676094,0.458123276,0.998285169,-4.634477752
ELF2,-0.281184617,4.052230298,-0.623131342,0.542709471,0.998285169,-4.634537034
F2,0.310906078,9.876519338,0.813392477,0.424422053,0.998285169,-4.634553062
ANKH,-0.217911233,7.581162175,-0.779553335,0.444451964,0.998285169,-4.634756859
RBX1,0.46471301,7.711128682,0.798681001,0.433107905,0.998285169,-4.634816716
VARS1,-0.115829449,7.394584656,-0.790801489,0.437595734,0.998285169,-4.634984982
HMGB1,-0.199222118,11.76678604,-0.810410285,0.426098538,0.998285169,-4.634991734
PTGR1,0.198093583,7.105473025,0.796657531,0.434257659,0.998285169,-4.635099127
PDK4,-0.192945718,5.993341711,-0.560033472,0.584461327,0.998285169,-4.635164073
MAPK9,-0.144129959,6.446752558,-0.716363469,0.482591663,0.998285169,-4.635198793
SVIL,-0.237945443,5.429790389,-0.648506666,0.525445443,0.998285169,-4.635321415
COL6A3,-0.186380659,16.77330309,-0.806984381,0.428029542,0.998285169,-4.635493889
RAC3,-0.165613498,11.15179552,-0.806241818,0.428448802,0.998285169,-4.635602479
PA2G4,-0.102243879,9.351158073,-0.804179039,0.429614808,0.998285169,-4.635903661
POLR2E,0.147993098,5.555654176,0.604392408,0.554762115,0.998285169,-4.635935251
PEPD,0.148621935,9.733229948,0.803888925,0.429778956,0.998285169,-4.635945964
BANF1,-0.214279997,9.910043745,-0.7903806,0.437836257,0.998285169,-4.635971095
TNS2,-0.114645984,6.082040022,-0.743272385,0.466064194,0.998285169,-4.636061087
L3HYPDH,-0.205552047,6.9789445,-0.802968954,0.430299736,0.998285169,-4.63608002
HS3ST3B1,0.465801816,8.830651012,0.801985565,0.430856847,0.998285169,-4.636223164
COPZ2,-0.163668359,7.300133792,-0.767631126,0.451350908,0.998285169,-4.636291609
NDUFS1,0.152532482,6.520378078,0.582336585,0.569131242,0.998285169,-4.636390178
PRPF40A,-0.253852373,7.067312362,-0.72354781,0.478270572,0.998285169,-4.63640142
TECR,-0.178232654,7.393200972,-0.704651461,0.489684931,0.998285169,-4.636407828
TCAF1,-0.13703292,6.058845287,-0.635542202,0.534196857,0.998285169,-4.636538578
GOLM1,-0.177570504,6.4687885,-0.778433932,0.444697243,0.998285169,-4.636654309
PTER,-0.186927912,8.035048872,-0.798995138,0.432553732,0.998285169,-4.636657487
MRPS16,0.204164612,5.872701439,0.751332117,0.460887087,0.998285169,-4.636729853
GFPT2,-0.158766176,9.417733318,-0.798346125,0.432922551,0.998285169,-4.636751555
AHCTF1,-0.264977723,6.042969754,-0.632562435,0.536091654,0.998285169,-4.636782753
A0A3Q2I1J3,0.160786112,5.676665341,0.660217429,0.518087485,0.998285169,-4.636895645
HAPLN1,-0.185792755,17.63302245,-0.796727035,0.43384349,0.998285169,-4.636985926
FOXO1,0.240054117,6.224155409,0.589903386,0.56417948,0.998285169,-4.636989737
PPCS,0.153087825,7.028994147,0.696099292,0.495377868,0.998285169,-4.637039692
HUWE1,-0.24401022,6.891769734,-0.796273209,0.434101843,0.998285169,-4.637051542
NEK9,-0.138910854,6.535669535,-0.795525127,0.434527917,0.998285169,-4.637159631
SOD2,-0.264869373,11.31000815,-0.794798243,0.434942164,0.998285169,-4.637264568
HABP2,0.26955055,6.733029593,0.773579886,0.447503585,0.998285169,-4.637303015
A0A9L0T8B6,0.13018583,6.643024923,0.567002255,0.579235938,0.998285169,-4.637441193
FAU,-0.140425288,12.38541605,-0.741490972,0.467119065,0.998285169,-4.637442736
ABCF1,0.260517651,6.822307811,0.792825475,0.436067657,0.998285169,-4.637548933
DHX9,-0.184111603,5.866376108,-0.689988978,0.49912056,0.998285169,-4.637654208
GTPBP1,-0.160779791,4.941751261,-0.519239714,0.611845791,0.998285169,-4.637654353
PSMD5,-0.150453491,9.464969635,-0.791377432,0.436894927,0.998285169,-4.637757256
AMACR,0.152353401,6.817100179,0.672513588,0.509914159,0.998285169,-4.637836723
ATP5IF1,-0.284776635,6.770735324,-0.790592069,0.437344009,0.998285169,-4.637870099
A0A3Q2HAH3,-0.185064004,6.353745843,-0.515014613,0.614717884,0.998285169,-4.637902325
NME2,-0.113189661,11.49080947,-0.790330295,0.437493758,0.998285169,-4.637907689
HNRNPH2,0.250035125,8.062698238,0.751915943,0.460543427,0.998285169,-4.638282114
PHB1,-0.142348939,9.004027051,-0.787620796,0.439045591,0.998285169,-4.638296102
SERPINF2,0.30507959,8.190871045,0.765809634,0.452018278,0.998285169,-4.638333825
VPS26A,-0.156748513,8.182207332,-0.7865441,0.439663192,0.998285169,-4.638450115
ANO6,0.182788749,6.239651812,0.611714769,0.549451608,0.998285169,-4.638461895
ALDH16A1,0.15994264,6.271329799,0.735765399,0.470106783,0.998285169,-4.638602485
CLK2,0.164046933,7.331242655,0.702861893,0.49077409,0.998285169,-4.63863545
NUDT5,0.126854805,9.171725996,0.785195273,0.440437639,0.998285169,-4.638642785
FPGT,0.217776508,6.243924219,0.720777271,0.479489052,0.998285169,-4.63864454
PRPF3,-0.191878066,7.544266603,-0.609094906,0.551143185,0.998285169,-4.638669279
TTLL12,-0.150241987,11.7730961,-0.784234998,0.440989501,0.998285169,-4.638779771
SLC49A3,0.184651818,8.255988403,0.74703962,0.463418517,0.998285169,-4.638892205
PSMD9,0.122043033,8.116262579,0.78306958,0.441659826,0.998285169,-4.638945818
SHMT2,0.142887802,7.409672842,0.780290579,0.443260761,0.998285169,-4.639340863
LOC102150222,-0.098516877,9.509809161,-0.779017854,0.443995136,0.998285169,-4.639521362
AKR1B1,0.179420207,11.17999696,0.778952178,0.444033052,0.998285169,-4.639530669
DDX19A,0.106354961,7.841073553,0.75664635,0.457377614,0.998285169,-4.639537342
UBQLN1,-0.271812689,6.431598914,-0.778615219,0.444227614,0.998285169,-4.639578408
DNM2,-0.106807256,9.001113739,-0.778122145,0.444512413,0.998285169,-4.639648232
FAM169A,0.195401256,7.258653497,0.755458403,0.458075195,0.998285169,-4.639692407
SAFB,0.196865094,7.030611509,0.777283539,0.444997045,0.998285169,-4.639766894
GLG1,-0.18158938,7.77296416,-0.777170119,0.445062616,0.998285169,-4.639782934
FASN,0.152278482,6.836780134,0.777091892,0.445107843,0.998285169,-4.639793995
RAB5A,-0.125013867,9.302636183,-0.776881139,0.445229707,0.998285169,-4.639823792
LMNB1,0.202486383,6.415947235,0.707467664,0.487538075,0.998285169,-4.640139231
DCN,0.141208224,18.17142479,0.774206681,0.446777919,0.998285169,-4.640201273
GPT2,0.22721264,4.818985745,0.589264215,0.564037882,0.998285169,-4.640212592
ALB,0.310127445,15.86625623,0.773265629,0.44732346,0.998285169,-4.640333815
PTP4A2,-0.187213537,7.205417207,-0.75051745,0.460983448,0.998285169,-4.640334991
CYCS.1,0.184825948,8.959114923,0.757841185,0.456676632,0.998285169,-4.64039168
HNRNPA3,-0.126850378,9.383588367,-0.771809745,0.448168252,0.998285169,-4.640538581
AHSG,0.294066341,11.34953794,0.771311562,0.44845755,0.998285169,-4.640608568
DYNLL1,0.159660733,5.333526785,0.682259667,0.503413848,0.998285169,-4.640802079
BTD,0.138153701,6.743359254,0.551635143,0.588936745,0.998285169,-4.640816359
PPIH,0.15990738,7.889741142,0.769803035,0.449334249,0.998285169,-4.640820245
ITGA6,0.165664263,5.91927504,0.700370627,0.491861968,0.998285169,-4.640925891
CRTAP,0.158919008,6.885435511,0.71560819,0.482206366,0.998285169,-4.640974458
ARF4,-0.134919238,8.56632757,-0.768635692,0.450013377,0.998285169,-4.640983788
INPPL1,0.116479119,5.849360457,0.744211307,0.464711253,0.998285169,-4.641149559
FKBP10,0.224084841,7.703532081,0.743692436,0.465018775,0.998285169,-4.641216303
FTL,-0.137726898,9.035067305,-0.766890245,0.451029987,0.998285169,-4.641227902
RPL36AL,0.174580605,8.697824829,0.766680822,0.451152055,0.998285169,-4.641257158
MEF2D,-0.207092021,6.161741893,-0.743268047,0.465270389,0.998285169,-4.641270863
POLR2C,0.150228465,5.823784937,0.635138711,0.533437625,0.998285169,-4.641292
TPST2,0.192749611,6.661515848,0.652671484,0.522328822,0.998285169,-4.641300533
PKD1,0.184057055,6.380550712,0.526299938,0.60650012,0.998285169,-4.641339923
TBL1XR1,-0.233001218,4.378355733,-0.633973474,0.534180497,0.998285169,-4.64139682
LEMD3,0.210267543,4.990475616,0.676114613,0.507219657,0.998285169,-4.641436969
GCN1,-0.120628659,6.115919751,-0.741902704,0.466080433,0.998285169,-4.6414462
ECMX,0.169708088,6.648648565,0.695407633,0.494898819,0.998285169,-4.641471714
DMAC2L,0.181217978,7.029853002,0.668926413,0.511283773,0.998285169,-4.641580353
LOC100050322,-0.522127878,6.768492611,-0.649022774,0.524629971,0.998285169,-4.641647143
TBCB,0.232398964,7.486844503,0.763495882,0.45301095,0.998285169,-4.641701187
EEF1A2,-0.486432834,6.951114219,-0.569278794,0.577192771,0.998285169,-4.641720382
RHEB,0.124825,7.668824088,0.738965653,0.467825792,0.998285169,-4.641822381
CAPNS1,-0.119147861,9.204161042,-0.762242593,0.453743697,0.998285169,-4.641875454
DLST,0.163637521,6.572552247,0.736887437,0.469063121,0.998285169,-4.642087741
PDIA6,-0.143879404,10.27848106,-0.760616145,0.454695679,0.998285169,-4.64210122
XPOT,-0.105893433,5.168453246,-0.493336818,0.629035372,0.998285169,-4.642127269
A0A3Q2HCA2,0.386468981,9.760387237,0.760339023,0.454858002,0.998285169,-4.642139643
VASP,0.201029237,7.395112351,0.736453047,0.469321994,0.998285169,-4.64214312
IDH3G,0.127674901,7.115877919,0.560951543,0.582720468,0.998285169,-4.642334438
LUC7L2,-0.124221695,8.059048147,-0.758854385,0.455728213,0.998285169,-4.642345273
DHRS2,0.211704072,4.397240605,0.560666203,0.582910359,0.998285169,-4.64235533
EMILIN2,0.233380804,7.056877622,0.558046208,0.584192413,0.998285169,-4.642365114
RBFOX2,0.094916158,5.551657581,0.33921758,0.739964905,0.998285169,-4.642394976
LPP,0.189483989,7.652125952,0.756223068,0.457272998,0.998285169,-4.642708824
TOMM34,-0.157002306,8.71583552,-0.755781678,0.457532434,0.998285169,-4.642769696
PSMD12,-0.094652533,7.149263649,-0.731336575,0.472377478,0.998285169,-4.64279317
PDS5B,-0.111625026,5.114887119,-0.683108551,0.502470944,0.998285169,-4.64280908
THAP11,-0.176279602,5.89867357,-0.554022775,0.587340422,0.998285169,-4.642838976
MOXD1,0.218779098,6.265457552,0.680356514,0.504174278,0.998285169,-4.64310534
NUP98,0.085037713,6.860000802,0.41557569,0.684129846,0.998285169,-4.643188014
RHOT2,-0.127139943,5.882993433,-0.413539832,0.685585368,0.998285169,-4.643285047
OARD1,-0.111982469,6.930684793,-0.473389855,0.642861851,0.998285169,-4.64329122
DOK1,0.148534685,6.601106046,0.735754669,0.469738365,0.998285169,-4.643296225
CREB5,0.155094333,6.455701067,0.583709998,0.567190191,0.998285169,-4.643377163
IDH2,-0.155128372,7.932672277,-0.751086363,0.460297662,0.998285169,-4.643415214
CSTA,-0.174419799,6.40183412,-0.4930431,0.629237945,0.998285169,-4.643430827
FKBP1A,-0.207434294,9.485183313,-0.734575024,0.470442161,0.998285169,-4.643449158
ELP3,0.084161628,6.423452219,0.308816645,0.762446392,0.998285169,-4.643456585
OSBPL1A,-0.11720721,6.47666463,-0.508646256,0.618047719,0.998285169,-4.64367823
TIMM50,0.090880434,6.578729262,0.400784639,0.694733963,0.998285169,-4.643882629
SSBP1,0.096377876,5.198722806,0.295230486,0.772567938,0.998285169,-4.643899726
AOC2,-0.343730616,7.810395285,-0.747395159,0.462478523,0.998285169,-4.643920109
DNAJB7,-0.131937403,6.629222359,-0.651155446,0.522844308,0.998285169,-4.643961681
UBE2E1,0.175293118,6.774324014,0.537567887,0.598386196,0.998285169,-4.644013818
S1PR2,0.204176234,8.242659884,0.671396488,0.509742627,0.998285169,-4.644062307
PPP2R5A,0.095450929,6.886611835,0.577675406,0.570353624,0.998285169,-4.644074186
CTCF,-0.249852061,6.984890755,-0.74577132,0.463439876,0.998285169,-4.644141504
SEC62,-0.131990655,6.94331439,-0.745740302,0.463458251,0.998285169,-4.644145729
ITPR2,-0.152649103,5.867621657,-0.621779212,0.541988598,0.998285169,-4.644178826
PNPO,0.154625996,6.874982125,0.621109177,0.542419414,0.998285169,-4.644239834
UQCRFS1,0.234661079,6.926480325,0.64189277,0.528320856,0.998285169,-4.644250278
YWHAQ,-0.126827721,9.15504302,-0.744104763,0.464427753,0.998285169,-4.644368266
BRCC3,0.136948601,6.698210497,0.453117231,0.657055439,0.998285169,-4.644427676
MXRA5,0.108271162,6.305903757,0.275265763,0.787520001,0.998285169,-4.644515641
TRIM47,-0.135535484,7.77196797,-0.742889527,0.46514889,0.998285169,-4.644533327
WASL,0.225523583,6.655903311,0.598140601,0.557299012,0.998285169,-4.644533578
GATM,0.166062124,6.500379464,0.450782533,0.658698993,0.998285169,-4.64455553
HMGA1,-0.180174092,7.709616207,-0.382122026,0.708208865,0.998285169,-4.644724669
NANS,-0.146725623,8.285156449,-0.741458997,0.465998636,0.998285169,-4.644727314
CPNE8,-0.140718317,9.203495348,-0.741434532,0.466013177,0.998285169,-4.644730628
C5,0.239714424,8.728302219,0.715817816,0.481716448,0.998285169,-4.64473951
FRMD8,0.172714611,8.559612645,0.470782571,0.644679411,0.998285169,-4.644758756
YWHAE,-0.133605703,10.48303135,-0.740404109,0.466625837,0.998285169,-4.644870143
RABGGTB,-0.276280298,5.566167872,-0.520396516,0.609594923,0.998285169,-4.645007036
FCSK,-0.099970427,6.685107554,-0.639514129,0.530222389,0.998285169,-4.645109435
HDAC2,-0.155003119,8.49735664,-0.720348562,0.478978846,0.998285169,-4.645275876
NAP1L1,-0.15501442,8.884630392,-0.7369811,0.468664481,0.998285169,-4.645332328
TUBAL3,-0.124493728,6.87834839,-0.246267351,0.809393388,0.998285169,-4.645335071
SUN2,-0.127060464,7.002578047,-0.736434835,0.468990307,0.998285169,-4.645405905
PPP1R11,-0.151031987,5.537802041,-0.65844217,0.517854255,0.998285169,-4.645425276
LOC100051562,0.221788904,7.456444537,0.58621119,0.56511159,0.998285169,-4.64554039
SMOC2,-0.365804469,8.119111518,-0.734873303,0.469922436,0.998285169,-4.645615955
EXOSC10,-0.116926244,4.949996111,-0.430160882,0.673294317,0.998285169,-4.645657556
STARD5,0.264108174,5.667183843,0.667978173,0.511876101,0.998285169,-4.645795153
MYH10,-0.137639621,7.149408435,-0.733238906,0.47089923,0.998285169,-4.645835368
SAR1A,-0.116645204,8.592228702,-0.731867559,0.471719734,0.998285169,-4.646019122
SERPINA5,0.251183947,7.553852051,0.705370487,0.488063612,0.998285169,-4.646028263
RBM8A,-0.294196202,7.960187319,-0.731587848,0.471887194,0.998285169,-4.646056564
PRPF31,0.144388542,7.117356994,0.731064936,0.47220035,0.998285169,-4.646126524
SF3A2,0.198194565,6.009521488,0.691086102,0.497168284,0.998285169,-4.646251652
MRPL12,0.072878699,6.170292943,0.208815928,0.837889197,0.998285169,-4.646260729
RAD21,0.127318386,6.988275494,0.650255495,0.523017406,0.998285169,-4.646274015
ADSS2,-0.199855307,7.07819957,-0.729615811,0.473068823,0.998285169,-4.646320163
ENDOD1,0.089188504,6.007766976,0.342228562,0.737351013,0.998285169,-4.64639494
PIP5K1A,0.131782278,6.315857601,0.463784293,0.649144661,0.998285169,-4.646431716
VEGFB,-0.218091563,6.62477702,-0.595718781,0.558880433,0.998285169,-4.64650688
ACP5,0.145572318,6.267248163,0.413061873,0.685500676,0.998285169,-4.646534004
MAK16,-0.101085466,5.679306667,-0.412598822,0.685832514,0.998285169,-4.646557266
THOC2,0.159083499,5.461733459,0.542210777,0.59481116,0.998285169,-4.646584082
PCOLCE,0.179542436,13.1892667,0.727363896,0.474420274,0.998285169,-4.646620375
DDX27,-0.192087843,5.621429887,-0.553115082,0.587488737,0.998285169,-4.64677318
PSMD10,0.187745131,5.056352593,0.495651617,0.626981756,0.998285169,-4.646856678
HEBP2,0.236165194,9.382091099,0.725466459,0.475560746,0.998285169,-4.646872669
DPYD,0.177177483,7.378371506,0.725361855,0.475623666,0.998285169,-4.64688656
UROD,-0.132542315,8.084920607,-0.724158778,0.476347673,0.998285169,-4.647046194
LOXL2,-0.317296271,7.51259992,-0.723514504,0.476735659,0.998285169,-4.647131581
AAK1,0.13968454,5.230811523,0.586338344,0.565028016,0.998285169,-4.647322256
THOP1,0.148307416,8.905072741,0.721920196,0.477696556,0.998285169,-4.647342579
KANK2,0.144895765,5.483519478,0.447601988,0.660532736,0.998285169,-4.647365785
CBX1,-0.179401371,6.203364729,-0.653284096,0.521104022,0.998285169,-4.647368978
SLC25A11,-0.132491284,6.75240501,-0.658192386,0.517648782,0.998285169,-4.647399708
HIP1,0.156111775,7.624127485,0.693629616,0.495253932,0.998285169,-4.647455805
GCLC,0.198403119,4.958087015,0.393983026,0.699228045,0.998285169,-4.647471739
CTNND1,-0.144509266,6.125318562,-0.693144262,0.49555247,0.998285169,-4.647514344
CTBP1,0.256982439,6.590111706,0.719777924,0.478989491,0.998285169,-4.647625423
WDR5,-0.168819009,7.130632248,-0.719297356,0.47927981,0.998285169,-4.647688767
ACSF2,-0.192680745,6.374157643,-0.526918345,0.605156331,0.998285169,-4.647710102
COBLL1,-0.104568597,7.205104522,-0.719028896,0.479442036,0.998285169,-4.647724135
ARHGEF1,0.128116436,8.729631234,0.691306622,0.49668372,0.998285169,-4.647735639
DDX3X,0.117072631,9.088907286,0.718700325,0.479640629,0.998285169,-4.647767407
CD9,-0.175108171,9.080909135,-0.71859692,0.479703139,0.998285169,-4.647781021
DCTN4,0.124837594,8.365436512,0.718188216,0.479950252,0.998285169,-4.647834813
SFRP5,-0.279316151,6.901832206,-0.525006153,0.606456082,0.998285169,-4.647848776
CPOX,-0.079139516,6.655598815,-0.384659956,0.705976144,0.998285169,-4.647914479
PNKP,-0.144914457,6.300703991,-0.618424424,0.543733078,0.998285169,-4.647935465
TIAM2,0.167705832,5.532610478,0.38335599,0.706922018,0.998285169,-4.647975589
PCYT1B,0.114773921,6.525054975,0.652414269,0.52129426,0.998285169,-4.648018895
CARM1,0.138375518,6.733552945,0.581220728,0.568011053,0.998285169,-4.648036174
SLC35B2,-0.196792384,7.296638213,-0.55556591,0.585439952,0.998285169,-4.64804011
AGO2,-0.127236845,7.848269449,-0.715367494,0.481657748,0.998285169,-4.6482053
UBAC1,-0.022620853,5.724448622,-0.072470237,0.943351587,0.998285169,-4.648352271
RAB28,-0.100646323,6.90113597,-0.287748848,0.777828278,0.998285169,-4.648387298
CNDP2,-0.121020772,10.21055886,-0.713490239,0.482796078,0.998285169,-4.648451124
TRADD,0.127425476,5.754169922,0.666102101,0.512681505,0.998285169,-4.648489091
BABAM2,0.083583856,3.211819698,0.283603474,0.780937591,0.998285169,-4.648525134
PLRG1,-0.161644175,5.880590566,-0.665049143,0.513341217,0.998285169,-4.648607287
ATP5F1E,-0.008711851,8.551743753,-0.023082004,0.981941996,0.998285169,-4.648610456
RNH1,0.163624295,7.626150212,0.712088808,0.483646894,0.998285169,-4.648634252
COPS2,-0.127970065,7.479609166,-0.712071318,0.483657517,0.998285169,-4.648636535
GGCX,-0.128542882,8.410464761,-0.573645343,0.573022522,0.998285169,-4.64868236
SLC1A4,0.164331391,7.752982246,0.663887051,0.514069856,0.998285169,-4.648737534
VIM,-0.147457763,15.98372431,-0.711108962,0.484242278,0.998285169,-4.648762093
SF3B2,0.159572068,6.217099453,0.71067056,0.484508802,0.998285169,-4.64881924
TMEM263,0.153867818,7.277783887,0.71034718,0.484705453,0.998285169,-4.648861372
ZBTB20,0.181737432,4.39280739,0.566839745,0.577918693,0.998285169,-4.648978578
C11orf68,0.075913092,7.764491468,0.418158882,0.681474228,0.998285169,-4.648984041
TMX4,0.097556739,7.054356719,0.268694133,0.79215249,0.998285169,-4.649004693
UBL4A,0.172621198,7.752715692,0.690414518,0.49723343,0.998285169,-4.649012465
HHIPL1,-0.178875012,9.890482294,-0.70914146,0.485439072,0.998285169,-4.649018306
CRP,0.190480228,8.354883512,0.660735917,0.51604854,0.998285169,-4.649089652
PRG4,-0.17479336,13.18336811,-0.708127775,0.486056344,0.998285169,-4.649150055
NEK7,0.172818788,6.712301883,0.679339584,0.504086544,0.998285169,-4.649163496
SRSF9,-0.140973443,7.943765644,-0.707004623,0.486740803,0.998285169,-4.649295828
C11H17orf58,-0.41488825,7.658018965,-0.562900244,0.580541286,0.998285169,-4.649306874
RPA1,0.083709681,7.845642628,0.677027487,0.505523961,0.998285169,-4.649436711
UBE2R2,0.085395351,6.825414545,0.408918811,0.688103241,0.998285169,-4.649470152
MTMR9,-0.138046735,3.975599643,-0.381356668,0.708373261,0.998285169,-4.649504276
MAP2K6,0.105877037,6.434546154,0.448381745,0.65962129,0.998285169,-4.64957422
FTH1,-0.191516714,11.39733934,-0.704362783,0.488352954,0.998285169,-4.649637871
AGK,-0.105679489,7.303988288,-0.654513064,0.519968468,0.998285169,-4.649780463
CRISPLD1,-0.168547942,8.704763951,-0.702075035,0.489751503,0.998285169,-4.649933115
FLG2,-0.182433492,7.277510613,-0.370635742,0.716175077,0.998285169,-4.650009008
PMM2,-0.122556447,8.622031761,-0.701191811,0.490292052,0.998285169,-4.650046862
EEF1G,-0.116165339,10.21314548,-0.700917031,0.490460292,0.998285169,-4.650082222
RANGAP1,0.132121745,6.633343717,0.671280824,0.509106611,0.998285169,-4.65011205
COTL1,-0.233325482,5.80998473,-0.528103045,0.603965654,0.998285169,-4.650173342
F6V4F0,-0.339355221,8.443624381,-0.650268519,0.522651642,0.998285169,-4.650248186
RTCA,0.219040565,10.36509552,0.649886805,0.522893314,0.998285169,-4.65029011
LOC100061787,0.139733483,6.89512581,0.698958511,0.491660396,0.998285169,-4.650333889
STAU1,-0.138569912,6.816198731,-0.698688259,0.491826128,0.998285169,-4.650368565
PSMG1,-0.126575779,7.097334903,-0.654968745,0.519680865,0.998285169,-4.650390337
SMARCA5,-0.104516687,6.519760634,-0.390234217,0.701588138,0.998285169,-4.650421207
NPNT,-0.165457077,7.86192015,-0.389897071,0.701832428,0.998285169,-4.650437975
NCSTN,0.152800981,8.626265639,0.607899086,0.550179103,0.998285169,-4.650508033
EBNA1BP2,-0.253512933,6.476832631,-0.697500407,0.492554957,0.998285169,-4.650520831
MAP1S,-0.088962358,6.367196668,-0.386530413,0.704273695,0.998285169,-4.650604644
COL4A1,-0.190043457,7.130211385,-0.57978696,0.568957815,0.998285169,-4.650696194
POLR2B,-0.102706735,5.680834906,-0.545723941,0.592046091,0.998285169,-4.650713194
INHCA,0.270118513,7.152558019,0.695785789,0.493608081,0.998285169,-4.650740199
EIF3I,-0.153487616,8.053828663,-0.694734089,0.494254675,0.998285169,-4.650874506
CPVL,-0.341798162,6.937435202,-0.603996887,0.552718666,0.998285169,-4.650884762
ELOC,-0.11509507,7.061033337,-0.694011418,0.494699259,0.998285169,-4.650966686
UBLCP1,-0.156493101,7.09364008,-0.427347057,0.674909104,0.998285169,-4.651020935
SEC23IP,-0.107265255,8.053032138,-0.693492644,0.495018548,0.998285169,-4.651032803
HBB,0.50685313,14.57927181,0.692373615,0.495707672,0.998285169,-4.651175266
LTF,0.28868062,5.447337811,0.662138479,0.514835457,0.998285169,-4.651175453
EZR,0.122093982,9.209460858,0.691902319,0.495998072,0.998285169,-4.651235203
GAB1,-0.206216583,5.862921955,-0.661367743,0.515320055,0.998285169,-4.651264484
SUSD5,0.191856791,6.147833677,0.691519296,0.49623415,0.998285169,-4.651283886
GCNT4,0.196954866,6.250124142,0.421941055,0.678768548,0.998285169,-4.651325402
RALB,-0.147889509,8.392074668,-0.690676482,0.49675385,0.998285169,-4.651390922
TP53I13,-0.241391428,6.684885551,-0.4900505,0.630452419,0.998285169,-4.651392173
JAM3,-0.126926033,6.665698038,-0.33915112,0.739273993,0.998285169,-4.651410777
GNMT,-0.240797649,6.730241446,-0.613850096,0.546318124,0.998285169,-4.651432425
RPL38,-0.197583528,10.66526539,-0.690297287,0.496987772,0.998285169,-4.651439039
VAMP2,0.144430768,6.064674817,0.510773289,0.615801343,0.998285169,-4.651467009
PPP1R2,0.164784214,4.778984466,0.571038971,0.574751992,0.998285169,-4.651471615
FLOT1,0.14685971,6.376259684,0.597336703,0.5570674,0.998285169,-4.651522521
EPS15,-0.139430235,6.404220152,-0.669571302,0.510175122,0.998285169,-4.651527903
FRG1,-0.191524571,6.876526117,-0.638423726,0.530179495,0.998285169,-4.651538478
TKFC,-0.130497347,7.570925214,-0.688259992,0.498245631,0.998285169,-4.651697141
PDGFRL,0.221730691,9.798359498,0.687732364,0.498571692,0.998285169,-4.65176387
TPBG,0.276967222,5.621947059,0.482809903,0.635477843,0.998285169,-4.651888726
UBFD1,-0.150323011,7.582226003,-0.641163064,0.528433289,0.998285169,-4.651918044
PPP3CA,-0.135335912,8.644027205,-0.686240025,0.499494574,0.998285169,-4.65195235
IDH3A,-0.117790749,7.367276639,-0.665890395,0.512480074,0.998285169,-4.651964716
PTPRA,-0.175999756,7.339565419,-0.608365902,0.549875713,0.998285169,-4.651978921
ARGLU1,0.208544843,9.016526227,0.665735481,0.512577206,0.998285169,-4.65198305
DDX39A,-0.131087963,6.410197708,-0.633243637,0.533490153,0.998285169,-4.652095835
PGFS,0.379060482,8.24872811,0.590320353,0.56166804,0.998285169,-4.652187235
MAPK1,-0.163126979,7.374396333,-0.561491977,0.581109661,0.998285169,-4.65230525
RPL10,0.210683923,9.390732693,0.68190844,0.502178758,0.998285169,-4.652497274
THEM4,0.11297985,5.35062062,0.495398395,0.626393726,0.998285169,-4.652580537
EEF2,-0.09943466,10.02156402,-0.681238718,0.502594495,0.998285169,-4.652581241
CFH,0.201662062,10.78065311,0.68042388,0.503100576,0.998285169,-4.652683299
LOC111772362,0.048308568,8.324315475,0.095107629,0.925600788,0.998285169,-4.652700539
DVL1,-0.167851798,4.300255919,-0.520422997,0.609197206,0.998285169,-4.652710077
FGG,-0.236922241,11.21696287,-0.679643665,0.503585423,0.998285169,-4.652780914
CLASP1,0.063898229,5.730455971,0.261043107,0.797667107,0.998285169,-4.652809546
ABCF3,0.097245018,6.599044933,0.555552302,0.585082981,0.998285169,-4.652817239
C8A,0.216700606,7.575013363,0.679324715,0.503783702,0.998285169,-4.652820789
CEBPB,-0.089365463,6.642084561,-0.304219775,0.76520822,0.998285169,-4.652824479
PIP4K2C,0.122247939,6.197792591,0.394133133,0.698765525,0.998285169,-4.652832723
CC2D1B,0.09495285,6.305107368,0.393884849,0.698945134,0.998285169,-4.652845736
PSMD11,-0.135260182,8.707383138,-0.678551681,0.504264453,0.998285169,-4.652917361
GMPPA,-0.14125719,7.707506837,-0.678284229,0.504430842,0.998285169,-4.652950749
H1-3,-0.215382925,12.50314195,-0.598187118,0.556511127,0.998285169,-4.6529811
TNFRSF11B,-0.264477616,11.06600328,-0.677748456,0.504764252,0.998285169,-4.653017597
MYD88,0.094600397,5.669346102,0.448188853,0.659757689,0.998285169,-4.65302445
TMOD1,-0.185772145,4.834055425,-0.463940998,0.648659953,0.998285169,-4.653149733
SUMF1,0.012763052,6.615038834,0.036666077,0.971277992,0.998285169,-4.653153428
PDE6D,0.098543715,6.690664707,0.644416218,0.52604207,0.998285169,-4.653198253
COL16A1,0.203064659,9.71988879,0.675937373,0.505892204,0.998285169,-4.653243201
BHMT2,0.270603598,11.18298518,0.675638916,0.50607822,0.998285169,-4.653280326
TMA7,0.197728877,7.632239908,0.675560868,0.50612687,0.998285169,-4.653290032
MT-CO2,-0.103969146,5.913119259,-0.326657673,0.748225662,0.998285169,-4.65333458
COL9A3,-0.268646907,8.589245315,-0.674827694,0.506584016,0.998285169,-4.653381155
ZFPL1,-0.211903108,7.388051297,-0.598080964,0.556256088,0.998285169,-4.653592526
SNX6,0.225169757,5.7600287,0.672812393,0.50784178,0.998285169,-4.653631157
SLC2A1,0.256024306,9.022590979,0.672448699,0.50806895,0.998285169,-4.6536762
WNK3,0.167934169,5.829233114,0.57347127,0.572796274,0.998285169,-4.653753413
TYMP,-0.104619961,9.990555374,-0.671803108,0.508472339,0.998285169,-4.6537561
GOLGA3,0.199967368,6.693501086,0.639012474,0.529485486,0.998285169,-4.653804867
PPP6C,0.079288216,5.594644519,0.434920465,0.669169547,0.998285169,-4.653839538
HSP90AB1,-0.121316362,11.1247245,-0.671116,0.508901865,0.998285169,-4.65384106
ATP1B1,0.175924466,9.531439549,0.670371873,0.509367265,0.998285169,-4.653932978
CST6,0.167893104,5.014202649,0.451499422,0.657418412,0.998285169,-4.653954997
EXOSC3,-0.150659235,8.246122534,-0.503848937,0.620561243,0.998285169,-4.653969657
UBXN7,-0.049007518,6.285210499,-0.222114945,0.827269043,0.998285169,-4.65397024
NCKAP1,-0.122398336,7.343297376,-0.670012071,0.509592381,0.998285169,-4.653977389
RER1,0.110555531,8.07619301,0.430886915,0.672042099,0.998285169,-4.654082672
NUDCD2,-0.099112253,6.500328606,-0.308200578,0.761966626,0.998285169,-4.654086129
ALDH6A1,-0.115195885,8.624278433,-0.667925647,0.510898883,0.998285169,-4.654234482
GTF2F1,0.20610902,6.088872925,0.548855109,0.58957936,0.998285169,-4.654267997
CLIC1,-0.092221955,10.36672482,-0.667646094,0.511074078,0.998285169,-4.654268872
RPL5,-0.162618114,10.51272877,-0.667635542,0.511080692,0.998285169,-4.65427017
NUP54,0.187912765,6.477309241,0.359378499,0.723800668,0.998285169,-4.654317636
TSPO,-0.166715499,9.255002939,-0.300525699,0.76770508,0.998285169,-4.654386068
PPP1CC,0.105349641,6.088613219,0.298073343,0.769541658,0.998285169,-4.654480347
TPM2,0.173149998,5.629593836,0.582330426,0.566931057,0.998285169,-4.654510794
MYH14,-0.095967237,6.87726215,-0.588558044,0.562508214,0.998285169,-4.654522727
SNRPD3,0.135787838,9.933288633,0.665570333,0.512376002,0.998285169,-4.654523812
POLDIP3,0.149088844,5.509402208,0.422886358,0.677755274,0.998285169,-4.654558495
SLC14A1,0.266909149,7.81974461,0.632057027,0.533935684,0.998285169,-4.654578655
ATXN10,-0.108635499,4.89461106,-0.439860231,0.665658809,0.998285169,-4.65468939
NUP153,-0.05857979,5.603360901,-0.19393631,0.84887008,0.998285169,-4.654695135
PC,-0.063966802,4.81086837,-0.190283675,0.851679701,0.998285169,-4.654781982
SSB,-0.15968876,7.434711337,-0.663460659,0.513701085,0.998285169,-4.654782159
PRRC2A,-0.167923819,6.143787507,-0.641353722,0.527992074,0.998285169,-4.654819295
ABHD10,0.078933469,6.256204795,0.418258632,0.681069208,0.998285169,-4.654829813
GSTA1,-0.451022958,9.291156128,-0.663061709,0.513951879,0.998285169,-4.654830928
LOC111772300,-0.145362235,8.649690861,-0.66287489,0.514069343,0.998285169,-4.654853756
ACADS,0.094662021,5.509964458,0.462252429,0.649513895,0.998285169,-4.65487096
CA1,0.194734564,7.132250598,0.243608802,0.810887883,0.998285169,-4.654920567
MAP4,-0.181081157,8.716436634,-0.661581096,0.514883237,0.998285169,-4.655011684
ZMPSTE24,-0.074558869,5.334321667,-0.239295084,0.81416845,0.998285169,-4.655052361
RNF114,-0.138915335,7.269881554,-0.639254325,0.52933111,0.998285169,-4.655058904
SEC24C,0.135508437,6.26577948,0.627527669,0.536844469,0.998285169,-4.655078291
IMPACT,-0.112027763,5.442117125,-0.41386304,0.684223146,0.998285169,-4.655084862
ITPRID2,0.051041389,5.505907922,0.17521214,0.863294369,0.998285169,-4.655123019
PTK7,0.060256177,7.132870243,0.174005452,0.864225738,0.998285169,-4.655149118
WDR13,0.138361594,7.225302398,0.638071862,0.530086122,0.998285169,-4.655193538
LZTFL1,-0.10893509,6.960697636,-0.603455262,0.552743803,0.998285169,-4.655218692
NDRG3,0.168383131,6.063526949,0.556600917,0.584050438,0.998285169,-4.655278841
DPH6,-0.100434267,5.083949638,-0.343709686,0.735608179,0.998285169,-4.655312634
CXCL12,0.24780784,9.141839445,0.659055674,0.516473974,0.998285169,-4.655319124
DDX6,-0.129761094,8.639284808,-0.659030137,0.516490073,0.998285169,-4.655322228
PFN2,-0.172447143,7.344459291,-0.515788383,0.611726312,0.998285169,-4.655342033
NXN,0.143206295,6.489599937,0.602242145,0.553535594,0.998285169,-4.655342887
CMTM7,0.105956119,5.839885519,0.272419031,0.78883742,0.998285169,-4.655421201
COMP,-0.127866888,17.76024906,-0.657323605,0.517566556,0.998285169,-4.65552935
HBA,0.483174629,13.40312684,0.657309009,0.517575768,0.998285169,-4.655531119
MDK,0.061307261,5.586945079,0.150864379,0.882125592,0.998285169,-4.65561496
PHYKPL,-0.035832344,6.473854698,-0.150421207,0.882469073,0.998285169,-4.655623237
SHMT1,0.136995287,7.196778084,0.655758569,0.51855487,0.998285169,-4.655718858
DIP2B,0.096155335,6.414662293,0.655529439,0.518699652,0.998285169,-4.655746568
CSNK1A1,0.080098119,6.313966339,0.32734264,0.747462614,0.998285169,-4.655776717
COPG1,-0.137782192,8.78432101,-0.655265491,0.518866463,0.998285169,-4.655778478
PFDN6,-0.14625236,7.16096892,-0.655041731,0.519007898,0.998285169,-4.655805519
ATP5PB,-0.115127256,7.163338389,-0.597565077,0.556593851,0.998285169,-4.655819518
POSTN,-0.290814526,7.692053281,-0.632282872,0.533790868,0.998285169,-4.65584931
RHOC,-0.116212439,10.7397092,-0.654221655,0.519526438,0.998285169,-4.655904552
IGFBP7,0.182603943,5.484445445,0.653757755,0.519819891,0.998285169,-4.655960521
FGFR3,-0.200589765,7.24321177,-0.566506815,0.577428791,0.998285169,-4.655998846
PSMB1,0.092490928,9.039937852,0.65300841,0.520294104,0.998285169,-4.656050852
NHERF2,-0.128824556,5.525721992,-0.527171518,0.604254397,0.998285169,-4.656096679
SRA1,-0.042257738,6.050752838,-0.120185365,0.90595734,0.998285169,-4.656130751
PPAT,-0.09227229,6.080604007,-0.415912662,0.682751743,0.998285169,-4.656142539
TSPAN6,-0.253105258,6.512073997,-0.617603388,0.543247602,0.998285169,-4.656161287
EIF3B,-0.132021611,8.212750642,-0.651687478,0.521130617,0.998285169,-4.656209849
TUBB3,0.159373355,6.334609143,0.414478523,0.683781159,0.998285169,-4.656227083
DDRGK1,0.11025449,5.813238634,0.315428835,0.756330462,0.998285169,-4.656285444
CACNA2D1,0.026889327,6.923739562,0.108178637,0.91531115,0.998285169,-4.656300945
GLS,-0.082781461,6.573306695,-0.562291434,0.580241927,0.998285169,-4.656388755
WDR11,-0.03138223,4.506509939,-0.100566602,0.921248095,0.998285169,-4.656399601
THSD4,-0.176040572,8.405643223,-0.649938385,0.522239409,0.998285169,-4.65641992
OSTC,-0.158847756,8.219969682,-0.568454423,0.575825474,0.998285169,-4.656440313
IGFALS,0.120364409,7.388628683,0.317556473,0.754990703,0.998285169,-4.65646911
DST,0.025571447,5.657228399,0.093674372,0.926627829,0.998285169,-4.656482738
NCLN,0.024591134,6.629607875,0.093201838,0.926996804,0.998285169,-4.656488222
UBE4A,-0.102304287,6.024361641,-0.468819087,0.644903243,0.998285169,-4.656504368
SCUBE2,-0.091797853,5.249049103,-0.315403578,0.756594024,0.998285169,-4.656560335
GNPDA2,-0.107651723,9.41696449,-0.648728868,0.523006907,0.998285169,-4.656564879
APPL2,-0.02314859,5.908827996,-0.082087916,0.93567986,0.998285169,-4.656609229
A0A9L0SX36,-0.237488871,8.09068908,-0.64820129,0.523341875,0.998285169,-4.656628029
RAB1A,-0.125673596,7.608810323,-0.6480237,0.523454656,0.998285169,-4.656649276
A0A3Q2H306,-0.145003813,8.045381763,-0.310869471,0.759974456,0.998285169,-4.656750476
PEA15,-0.016435327,6.572074956,-0.064461205,0.949468101,0.998285169,-4.656769726
GOSR1,0.116587873,5.519903994,0.383022963,0.706518091,0.998285169,-4.656801223
PTPN6,-0.163227287,6.119449932,-0.507102957,0.617992583,0.998285169,-4.656801374
GTF2I,-0.016583208,6.212058682,-0.058155443,0.954404993,0.998285169,-4.656817776
LOC100147109,-0.384781568,8.430024678,-0.610520782,0.547842058,0.998285169,-4.65692429
EPB41,-0.010849617,5.774959818,-0.040556325,0.968193219,0.998285169,-4.656925754
NCF1,0.006839743,6.187477383,0.020301867,0.984074527,0.998285169,-4.657002384
DDX21,-0.167385652,6.548590188,-0.461535777,0.650017966,0.998285169,-4.657009516
TXNL1,0.122510725,8.533571501,0.644840636,0.525478362,0.998285169,-4.657029168
IWS1,-0.095826743,6.639634538,-0.536591966,0.597540571,0.998285169,-4.657032316
TTC1,0.046124072,6.251369519,0.221532423,0.827523336,0.998285169,-4.657040864
CD58,0.041404202,6.504780415,0.160339663,0.874787729,0.998285169,-4.657052955
WDR1,0.121752245,9.90912205,0.644328025,0.525804665,0.998285169,-4.657090183
ANOS1,-0.109268693,5.012160732,-0.218746255,0.829655827,0.998285169,-4.657120032
CLU,0.213483391,15.54549034,0.643833161,0.526119776,0.998285169,-4.657149043
HIP1R,0.064138858,5.738408676,0.374234487,0.712923242,0.998285169,-4.657266812
UGP2,0.105703646,11.87040674,0.642795303,0.52678098,0.998285169,-4.657272351
EIF4G1,0.139187668,7.116146366,0.642717276,0.526830708,0.998285169,-4.657281614
MFAP2,-0.25718746,8.657856114,-0.61934316,0.542122167,0.998285169,-4.657294902
BPHL,-0.113998846,6.757751609,-0.606767308,0.550285231,0.998285169,-4.6573253
CYTL1,0.213598486,12.03135839,0.642260686,0.527121753,0.998285169,-4.657335796
SEMA3C,0.167616943,10.30428095,0.641740815,0.527453242,0.998285169,-4.657397444
ARL1,-0.146865779,7.8618732,-0.641700197,0.527479146,0.998285169,-4.657402259
LDHA,-0.113688502,14.04928547,-0.641682327,0.527490543,0.998285169,-4.657404377
PTRH2,-0.113835649,7.150614326,-0.618210336,0.542854834,0.998285169,-4.657420127
LRRC59,-0.093566234,9.313637626,-0.639874918,0.52864394,0.998285169,-4.657618323
GFPT1,-0.155460121,10.12306085,-0.639691995,0.528760748,0.998285169,-4.657639944
PTPMT1,-0.270024669,7.273189017,-0.616102872,0.544219264,0.998285169,-4.657652517
RTN4,0.198057146,6.400788289,0.528691498,0.602908847,0.998285169,-4.657707935
C1QTNF12,-0.249931499,9.01405809,-0.638817831,0.529319153,0.998285169,-4.657743191
RPS19,-0.143834808,10.56460156,-0.638252334,0.529680556,0.998285169,-4.65780991
PSAP,-0.167640528,11.19318133,-0.637592761,0.530102252,0.998285169,-4.657887659
NOL7,-0.085073492,6.448583364,-0.384188613,0.70567024,0.998285169,-4.65794689
AZGP1,0.256182838,8.000406504,0.60058306,0.554323105,0.998285169,-4.65798094
SLC1A5,0.175079425,7.425916015,0.599896814,0.55477213,0.998285169,-4.658053305
HYOU1,0.165857962,6.410745841,0.599762471,0.554860055,0.998285169,-4.658067462
SART1,0.15042349,7.146801649,0.543080038,0.593149576,0.998285169,-4.658130946
TRMT2A,-0.020913601,6.054698075,-0.082089084,0.935678947,0.998285169,-4.658259602
AK2,-0.15379506,6.607334906,-0.610378977,0.547934256,0.998285169,-4.658279938
SMG8,0.019753149,6.141011035,0.068343711,0.946429471,0.998285169,-4.658391304
ACY1,0.134053245,8.459049793,0.632514523,0.533355085,0.998285169,-4.65848375
ZNF326,-0.145458525,5.143576414,-0.595351575,0.557750967,0.998285169,-4.658530637
GORASP2,-0.122889971,7.630988273,-0.631710328,0.533871193,0.998285169,-4.658577738
SCARA5,0.008728233,6.698005682,0.030993553,0.975689978,0.998285169,-4.658627708
EIF4G3,-0.1084285,6.425111159,-0.594421677,0.558361425,0.998285169,-4.658627872
MDP1,-0.142029198,7.803272807,-0.629878489,0.535047816,0.998285169,-4.658791411
PPP4C,0.043354856,6.79184893,0.148283533,0.88400003,0.998285169,-4.658791803
APEH,-0.101368838,7.223320749,-0.629405312,0.535351973,0.998285169,-4.658846509
CFL2,-0.107541959,11.17312612,-0.629261482,0.535444444,0.998285169,-4.658863249
EMG1,0.095347882,6.347268605,0.438204364,0.666243192,0.998285169,-4.658877131
IRF3,0.121773593,5.472394212,0.479992559,0.636782471,0.998285169,-4.658880121
CTBP2,-0.164518163,9.335273548,-0.628248592,0.5360959,0.998285169,-4.658981039
SNRPA,0.1443685,7.986027557,0.62811011,0.536184999,0.998285169,-4.658997129
MFAP4,0.227683185,8.181917985,0.572650986,0.573032374,0.998285169,-4.659049133
RAP2B,0.128426899,7.192565522,0.603233609,0.552590586,0.998285169,-4.659055455
S100A9,-0.246534844,7.346618799,-0.33689203,0.740380861,0.998285169,-4.65912801
XPNPEP1,-0.138594587,9.447221184,-0.626885908,0.536973001,0.998285169,-4.659139224
SPRYD7,0.089120591,6.425774511,0.475240117,0.640103018,0.998285169,-4.659233299
ECRG4,0.220935514,10.09615168,0.625706547,0.537732727,0.998285169,-4.659275869
PARVA,-0.122486117,7.166959454,-0.625577852,0.537815665,0.998285169,-4.659290765
NRAS,0.149332723,8.818323228,0.625496752,0.537867934,0.998285169,-4.659300151
TOM1,0.153979102,7.598711629,0.587786338,0.562727441,0.998285169,-4.659317543
TAGLN,0.183949132,9.830781047,0.430245092,0.671920152,0.998285169,-4.659394954
C1QB,-0.155495438,10.4901977,-0.624518607,0.538498561,0.998285169,-4.659413264
A0A5F5PJ00,0.309653837,7.89793331,0.624365845,0.538597085,0.998285169,-4.659430914
ADISSP,-0.119829999,6.326012206,-0.471861157,0.642468666,0.998285169,-4.659482364
NFATC2IP,-0.106985787,6.968120039,-0.47180505,0.64250798,0.998285169,-4.659486485
ARMC6,-0.085496518,5.241552057,-0.236005081,0.816468989,0.998285169,-4.659499061
TAOK2,0.081376057,5.844755007,0.42817912,0.673397042,0.998285169,-4.65952787
SMS,0.055349911,6.914664938,0.232725352,0.818970658,0.998285169,-4.659602527
SEPTIN10,0.099883722,7.054899887,0.622666062,0.539694013,0.998285169,-4.659627036
PKN2,0.093839885,7.093229078,0.584682667,0.564775676,0.998285169,-4.659637629
RPS5,-0.140032452,10.18291749,-0.622365582,0.539888047,0.998285169,-4.659661653
SORBS1,0.079050343,5.962715971,0.324604188,0.749497761,0.998285169,-4.659698803
PCCB,0.115705394,6.606747909,0.22596703,0.824132036,0.998285169,-4.659811225
HDGFL3,-0.160406148,8.581835485,-0.620594539,0.541032448,0.998285169,-4.65986537
PLEKHA2,0.045244883,6.297064297,0.212476999,0.8342981,0.998285169,-4.659908434
IL17B,-0.177907126,6.752921146,-0.319643117,0.753189548,0.998285169,-4.659923386
BMPER,-0.163353372,7.8866422,-0.619507766,0.541735333,0.998285169,-4.659990108
SLTM,0.133496427,6.657122358,0.61917637,0.541949764,0.998285169,-4.660028104
LOC100052533,-0.136385888,7.533923961,-0.580669502,0.567429801,0.998285169,-4.660049143
TMX1,-0.083154161,7.366843539,-0.321045964,0.751725183,0.998285169,-4.660057871
KRAS,-0.111765128,9.964168762,-0.618816115,0.542182919,0.998285169,-4.660069388
LOC100051878,0.111277894,5.917969121,0.215636166,0.832037872,0.998285169,-4.660118497
ACOT9,0.00947392,5.725605598,0.03267919,0.974340792,0.998285169,-4.660147893
TWF1,-0.102534564,7.724201311,-0.526989638,0.603787961,0.998285169,-4.660196218
INPP1,-0.108515955,6.821710316,-0.497908918,0.624045081,0.998285169,-4.66024944
SRPX2,0.145383774,14.47734387,0.617016991,0.543348105,0.998285169,-4.66027522
SENP8,-0.195834768,5.407754441,-0.372780115,0.713724503,0.998285169,-4.660291805
BIN1,0.094403871,6.661006707,0.496817856,0.624800542,0.998285169,-4.660336856
KRT71,-0.157283621,7.30403797,-0.616158194,0.543904765,0.998285169,-4.660373274
NUMA1,-0.101644506,7.688410035,-0.615532265,0.544310674,0.998285169,-4.660444658
NUCB2,0.162397327,7.220115862,0.523040397,0.606485076,0.998285169,-4.660539856
SERPINC1,0.186282522,10.59836711,0.613666167,0.545521774,0.998285169,-4.660657075
SON,-0.048967607,5.422484159,-0.194431521,0.848322653,0.998285169,-4.66070461
CD2AP,0.128027565,6.606418151,0.587507683,0.562911179,0.998285169,-4.660731988
MRC2,-0.128079402,8.582814732,-0.612751343,0.546116018,0.998285169,-4.660760987
SH3KBP1,0.138551929,7.493165874,0.612638934,0.546189058,0.998285169,-4.660773745
FABP4,-0.198932644,8.817910967,-0.612312696,0.546401071,0.998285169,-4.66081076
BMP1,0.124955376,7.13804239,0.490119016,0.62944817,0.998285169,-4.660869555
MAOB,0.089983918,5.783658684,0.326281928,0.748250681,0.998285169,-4.660882215
MTA2,0.10830722,6.431868918,0.511102725,0.614943466,0.998285169,-4.660903515
PTMS,0.224632161,7.916562003,0.572209052,0.573046021,0.998285169,-4.660907913
A0A3Q2L125,-0.202778654,6.025492106,-0.611380905,0.547006854,0.998285169,-4.660916378
SDHB,0.134805935,9.310361835,0.611051481,0.547221106,0.998285169,-4.660953682
CAD,-0.160438189,8.46477259,-0.610828266,0.547366307,0.998285169,-4.660978948
GSK3A,-0.090214542,5.984963077,-0.451040895,0.657131061,0.998285169,-4.660979457
PRNP,-0.140547476,8.765669335,-0.609617649,0.548154164,0.998285169,-4.661115828
COPS5,-0.089089358,6.992799589,-0.609448542,0.548264265,0.998285169,-4.661134928
RTRAF,0.115703194,6.914384266,0.569918693,0.574571251,0.998285169,-4.661138344
F6PYR5,0.221958098,5.590756892,0.583370766,0.565642604,0.998285169,-4.661166087
HPF1,-0.059284682,6.454131138,-0.243902377,0.810102161,0.998285169,-4.661177525
SERPINB8,-0.151473147,7.009998043,-0.608749397,0.548719583,0.998285169,-4.661213841
IHH,-0.114826111,8.257562313,-0.173538479,0.86443798,0.998285169,-4.661223328
SH3BGRL3,-0.178393715,9.382474286,-0.608487555,0.548890158,0.998285169,-4.661243373
AGAP3,0.046260615,3.924964157,0.17130003,0.866168365,0.998285169,-4.661275435
A0A3Q2I2H1,0.066417016,6.507821024,0.156500497,0.877508554,0.998285169,-4.661291033
WASF2,-0.126275319,6.946558006,-0.607925497,0.549256402,0.998285169,-4.661306725
ATG7,-0.090603322,6.353856124,-0.567933048,0.575895222,0.998285169,-4.66133741
KPNA6,0.031905061,6.331356737,0.15375459,0.879639718,0.998285169,-4.661348131
AP5Z1,0.158896682,9.623511736,0.607540358,0.549507437,0.998285169,-4.661350104
IBA57,0.099091568,5.597456723,0.315847573,0.756018178,0.998285169,-4.661361525
ADAMTSL3,0.082730025,5.209961863,0.165653222,0.870536618,0.998285169,-4.661403898
MARK2,0.038622087,5.906137487,0.150005064,0.882551349,0.998285169,-4.661424473
LOC100071074,-0.140387315,6.104820284,-0.283801809,0.780038989,0.998285169,-4.661445217
VAC14,-0.062619326,5.982427879,-0.283539266,0.780236774,0.998285169,-4.66145571
ITPA,-0.110931097,7.184268714,-0.58029141,0.567680183,0.998285169,-4.661487334
CHMP1B,0.157764903,8.829024679,0.606239508,0.550355783,0.998285169,-4.66149643
CFB,0.236368794,9.907364309,0.605717971,0.550696096,0.998285169,-4.661555012
PGM1,-0.13032442,12.0489916,-0.605441607,0.550876473,0.998285169,-4.661586036
FAM185A,0.18533464,7.37187858,0.605364661,0.550926699,0.998285169,-4.661594671
DDX42,0.11105849,7.085030831,0.605042911,0.551136748,0.998285169,-4.661630768
SQOR,0.108195737,6.473342311,0.479588977,0.636785879,0.998285169,-4.661692935
RAB5B,-0.127413363,7.040534946,-0.604314509,0.551612428,0.998285169,-4.661712421
H1-2,-0.152587388,15.68829305,-0.604232398,0.551666064,0.998285169,-4.66172162
RBM39,0.11169792,8.010323754,0.604034385,0.551795419,0.998285169,-4.661743798
HPRT1,-0.112382506,8.416144758,-0.603897374,0.551884934,0.998285169,-4.661759139
HSPB6,-0.151143808,7.681303864,-0.562753732,0.579355879,0.998285169,-4.661853553
VPS35L,-0.029154279,6.095638712,-0.141994963,0.888883674,0.998285169,-4.661895572
RABEP2,0.099370525,6.484612416,0.475636569,0.639550052,0.998285169,-4.661997569
DCHS1,0.10979221,5.71570447,0.435973197,0.667832508,0.998285169,-4.662022435
USP47,-0.027322029,5.647714375,-0.135088013,0.894252878,0.998285169,-4.662024924
EEF1A1,0.119382257,13.31432551,0.601279102,0.553597003,0.998285169,-4.662051687
ETFDH,0.067926937,5.856444628,0.267090137,0.792659031,0.998285169,-4.66209411
LOC100067491,0.153599636,8.095298104,0.574231825,0.571700698,0.998285169,-4.662114797
NUP58,-0.030908105,7.498250546,-0.125646091,0.901601234,0.998285169,-4.66219136
LLGL1,0.071702079,6.196996851,0.37883739,0.709300266,0.998285169,-4.66221097
ZFR,-0.105504987,5.16334412,-0.335492317,0.741184947,0.998285169,-4.662218099
ERGIC1,0.148928682,7.28729091,0.55899559,0.581873476,0.998285169,-4.662225265
DNTTIP1,0.035434401,5.820723652,0.122793199,0.903823407,0.998285169,-4.662239287
RUFY1,0.061968234,5.447202544,0.295438134,0.771288646,0.998285169,-4.662254963
MAGOH,-0.143347536,7.581154278,-0.599267989,0.554913938,0.998285169,-4.662275581
GSR,-0.079198237,7.917656193,-0.599081772,0.555035961,0.998285169,-4.662296277
DCUN1D1,0.085182749,6.026545589,0.431915588,0.670726975,0.998285169,-4.662297471
TBCD,-0.024239532,5.866987128,-0.095558978,0.92500432,0.998285169,-4.662321372
DUT,0.074491392,6.802535841,0.376513436,0.710996435,0.998285169,-4.662342837
ATP6V1C1,0.114629833,6.03650245,0.55736375,0.582968355,0.998285169,-4.662385932
TBC1D4,0.052046914,6.911579815,0.289894398,0.775453574,0.998285169,-4.662487543
TGFBR3,0.038512859,4.878518977,0.106518684,0.916515191,0.998285169,-4.662491705
TNFAIP8,-0.032053687,5.269038074,-0.102774894,0.919438249,0.998285169,-4.662544717
TUBB,-0.096640689,10.52612351,-0.596438234,0.556769707,0.998285169,-4.662589415
ATP13A1,0.123463845,5.359078649,0.287353225,0.777365088,0.998285169,-4.66259271
TNS3,-0.122401344,7.493419001,-0.596370583,0.556814112,0.998285169,-4.6625969
PDXK,-0.138484841,8.227030948,-0.596118497,0.556979595,0.998285169,-4.662624787
GRPEL1,0.083345132,5.199484215,0.194574796,0.847934632,0.998285169,-4.662665424
P3H3,0.108313038,5.702813968,0.368961983,0.716518665,0.998285169,-4.662765883
EBP,-0.146445224,5.959807638,-0.423062368,0.677060685,0.998285169,-4.66288896
ILF3,-0.11161746,9.806514659,-0.59321614,0.558886697,0.998285169,-4.662945053
C7H11orf54,-0.133571491,8.170381382,-0.59205602,0.559649943,0.998285169,-4.663072655
LSM12,-0.012915625,6.681679522,-0.048376098,0.962024378,0.998285169,-4.663101307
NXF1,-0.082530068,5.808557431,-0.243745071,0.810074324,0.998285169,-4.663124663
CYP20A1,-0.100762269,7.177965634,-0.549314405,0.588384036,0.998285169,-4.663171929
NIFK,-0.122356085,6.586616436,-0.417606903,0.680975971,0.998285169,-4.663247556
CCAR2,-0.093283976,6.055424182,-0.547380981,0.589688561,0.998285169,-4.663359105
CYRIA,0.104282559,7.9208927,0.310032475,0.760145377,0.998285169,-4.663419514
SNX21,-0.1696788,6.683009118,-0.265720165,0.793696272,0.998285169,-4.663451138
CYB5A,0.07143416,6.137161714,0.308444934,0.761332997,0.998285169,-4.663491354
ATP5MF,0.065548779,9.268648723,0.226478602,0.823568825,0.998285169,-4.663509215
DAG1,0.127450813,6.485373706,0.479006282,0.637193054,0.998285169,-4.66352515
NUDT4,-0.102559466,5.813038865,-0.261282737,0.79705869,0.998285169,-4.663619053
FRZB,-0.204185951,12.62887182,-0.586807771,0.563109505,0.998285169,-4.663646964
LOC111767785,-0.128458632,6.877270562,-0.410452285,0.686124819,0.998285169,-4.663711024
PRELP,-0.066988793,18.70384633,-0.585960508,0.563669038,0.998285169,-4.663739226
ACSL1,-0.092437769,5.813310321,-0.452293477,0.655984434,0.998285169,-4.663747389
SART3,0.086504236,6.514298592,0.483713941,0.633652676,0.998285169,-4.663827051
APOA1,0.185266181,14.2225987,0.584342287,0.564738506,0.998285169,-4.663915089
ZNF385B,-0.182803282,5.529122551,-0.473021977,0.641381575,0.998285169,-4.66399596
APMAP,-0.111492092,7.399649785,-0.582701524,0.565823933,0.998285169,-4.664092932
ARHGAP17,-0.054239358,6.119708535,-0.207108329,0.83842113,0.998285169,-4.664103081
HERC4,0.115648125,5.650034782,0.349845453,0.730352184,0.998285169,-4.664109577
FKBP11,0.144034357,7.029875809,0.509679379,0.615652522,0.998285169,-4.664121944
HNRNPU,0.095168451,10.76443737,0.582265631,0.566112473,0.998285169,-4.6641401
EIF2B5,-0.118258968,5.931022871,-0.446692649,0.659954876,0.998285169,-4.664154639
LYZ,-0.21332133,13.4592641,-0.582084033,0.566232705,0.998285169,-4.66415974
CLEC3B,0.166863047,10.69687167,0.581091922,0.566889785,0.998285169,-4.664266938
TACC2,0.081204188,5.55614338,0.346502653,0.732821785,0.998285169,-4.664285115
SNRPB,0.119126417,8.868918123,0.580366269,0.567370636,0.998285169,-4.664345236
FBL,0.102451368,9.534626249,0.579792646,0.567750892,0.998285169,-4.664407064
TIMM44,-0.064296366,5.582834778,-0.191924791,0.850107629,0.998285169,-4.664531835
SSRP1,-0.071585087,7.580516453,-0.535043003,0.598046696,0.998285169,-4.664538766
SULF1,0.04999592,7.850763396,0.190729892,0.851028888,0.998285169,-4.664564203
SCUBE1,0.233240117,8.004211419,0.578071324,0.568892742,0.998285169,-4.66459225
MAPRE3,-0.024695171,6.907802529,-0.096672984,0.924068843,0.998285169,-4.664632106
DCTD,0.139601964,7.101978204,0.533974443,0.598773274,0.998285169,-4.664639729
ARL6,-0.065255317,6.678659442,-0.231484283,0.819741625,0.998285169,-4.664674392
A0A3Q2L5E0,0.209813738,9.737064442,0.548776446,0.588746866,0.998285169,-4.664682492
DLAT,-0.141691068,7.415596527,-0.576125046,0.570185227,0.998285169,-4.664801008
SIRT5,-0.16243352,6.110439393,-0.435101795,0.668204408,0.998285169,-4.664981904
ATP8B2,0.111059713,7.165103658,0.545582811,0.590903106,0.998285169,-4.664996834
DDR2,0.109483202,7.219651249,0.389839265,0.701046658,0.998285169,-4.665002949
SORD,0.139570611,6.719475984,0.529360788,0.601915283,0.998285169,-4.665073441
MOB2,0.050977443,6.698528189,0.167677901,0.868843677,0.998285169,-4.665149369
RPL36,-0.122983244,11.14013754,-0.572663895,0.572487393,0.998285169,-4.665170604
CETN2,0.009702146,5.844663703,0.037810018,0.970260993,0.998285169,-4.66517915
LYAR,0.09056886,6.428559857,0.386278265,0.703637376,0.998285169,-4.665219598
HNRNPLL,0.103718858,6.140638232,0.496298108,0.624898864,0.998285169,-4.665275994
SAR1B,0.058483665,7.630287939,0.263925812,0.794875708,0.998285169,-4.665358342
API5,0.067458641,7.712163916,0.525903547,0.604274951,0.998285169,-4.665396091
GDI1,-0.101014206,9.807434693,-0.570083475,0.574206805,0.998285169,-4.665444778
HDGFL2,0.153374109,6.171339074,0.569765764,0.574418686,0.998285169,-4.665478454
STAM,0.032598285,5.559202921,0.205825333,0.839407167,0.998285169,-4.665482015
SNRPE,0.12807811,9.378490834,0.524936497,0.604935785,0.998285169,-4.66548598
TMEM106B,-0.091279046,6.116590946,-0.381463156,0.707146412,0.998285169,-4.665509476
RPL22,-0.128361057,12.661264,-0.540126923,0.594595714,0.998285169,-4.665529808
EIF3H,0.108595283,7.526364436,0.569153209,0.574827309,0.998285169,-4.665543332
CYCS,0.171696711,7.456177805,0.451218127,0.656745946,0.998285169,-4.665663271
C2H1orf50,0.06184299,6.385914007,0.197972763,0.845448139,0.998285169,-4.665710418
ABCF2,-0.058312203,6.752798995,-0.253880312,0.80250444,0.998285169,-4.665740067
M6PR,-0.088078864,4.847351026,-0.31652557,0.755099213,0.998285169,-4.665785594
TRPT1,0.034361524,6.228277984,0.136911659,0.892732134,0.998285169,-4.665813737
FMOD,0.09570929,18.07175475,0.566520449,0.576585238,0.998285169,-4.665821423
CCT7,-0.081927403,8.554232944,-0.566111514,0.576858532,0.998285169,-4.665864508
SETD7,0.129462725,7.261364193,0.565305861,0.577397145,0.998285169,-4.665949304
CPB2,0.191320227,7.984273053,0.519690934,0.608526372,0.998285169,-4.665970816
PRAF2,0.079376631,8.081058837,0.357331983,0.724631936,0.998285169,-4.665992687
MAMDC2,0.277407927,8.946757722,0.564673996,0.577819751,0.998285169,-4.666015729
PSPC1,-0.123574272,6.752837615,-0.564555971,0.577898707,0.998285169,-4.666028128
SNW1,0.141367846,6.083429293,0.371772422,0.714228953,0.998285169,-4.66608216
PFKM,-0.104944719,8.360042526,-0.563580486,0.578551483,0.998285169,-4.666130517
PAPSS2,0.124755035,8.743471475,0.562041217,0.579582284,0.998285169,-4.666291739
SYNE1,0.038168849,5.94306605,0.175439941,0.862836469,0.998285169,-4.66631689
CNNM4,0.124305445,7.074251254,0.384455019,0.704965278,0.998285169,-4.66637021
GMFG,0.111508007,4.962437039,0.302925593,0.765280528,0.998285169,-4.666422475
FGFR2,-0.051519384,6.297894618,-0.100331335,0.921271903,0.998285169,-4.666429617
SEC23A,-0.129294088,8.234298692,-0.560684784,0.580491407,0.998285169,-4.666433463
UPF1,0.0909456,7.327388723,0.560605084,0.580544847,0.998285169,-4.666441781
EPB41L2,-0.12592115,8.018745371,-0.560563255,0.580572895,0.998285169,-4.666446145
TIGD5,0.035188622,5.107706485,0.098814935,0.922457665,0.998285169,-4.666451059
ZRANB2,0.018103959,5.607746468,0.09751712,0.923472652,0.998285169,-4.666469151
PDCD5,0.143840396,8.157104296,0.560265347,0.580772671,0.998285169,-4.666477222
ARL3,0.094138681,9.620030925,0.560183108,0.580827827,0.998285169,-4.666485798
TMEM231,-0.032987542,5.022701007,-0.095879794,0.924753355,0.998285169,-4.666491635
PTRHD1,-0.153662103,7.305052973,-0.513907796,0.612496663,0.998285169,-4.666499948
CAND1,-0.080126353,8.572491347,-0.559987909,0.580958751,0.998285169,-4.666506149
WDR44,0.130808851,5.71358706,0.29406491,0.77211802,0.998285169,-4.666508428
S100A13,-0.118634582,11.60415098,-0.559885385,0.581027523,0.998285169,-4.666516835
RAB22A,-0.10451963,7.979670762,-0.55971462,0.581142078,0.998285169,-4.66653463
NECAP2,0.04622897,7.014494406,0.231557997,0.819528709,0.998285169,-4.66653595
MAN1A1,-0.086048056,6.5419926,-0.292449881,0.773332332,0.998285169,-4.666580005
UQCRC2,-0.109789595,6.599467888,-0.52919665,0.602027212,0.998285169,-4.666582214
SNX4,0.099999498,6.475952238,0.479300997,0.636735588,0.998285169,-4.666699487
TRA2A,0.10107063,6.942557722,0.511412604,0.614213461,0.998285169,-4.666726498
EXOSC4,0.037286727,7.338286007,0.225194279,0.824399432,0.998285169,-4.666749589
SRP54,0.073173228,8.24795562,0.556956834,0.58299366,0.998285169,-4.666821295
SNED1,-0.155049888,7.075947948,-0.556700074,0.583166199,0.998285169,-4.666847916
YTHDF3,0.034679189,5.560123473,0.151947473,0.881042785,0.998285169,-4.666871752
MON2,-0.087105466,5.599300697,-0.407215221,0.688228144,0.998285169,-4.66688609
EHD1,-0.096198749,7.569339552,-0.556319678,0.583421865,0.998285169,-4.666887335
RBM14,-0.091048567,7.04887787,-0.556017945,0.583624701,0.998285169,-4.666918583
A0A9L0RWE3,0.18645299,7.820223314,0.555483662,0.583983951,0.998285169,-4.666973876
UBA3,-0.081766872,5.669685226,-0.431406724,0.670843461,0.998285169,-4.667112523
CHRAC1,0.109606073,6.853112589,0.431290009,0.670926891,0.998285169,-4.667120875
COMMD9,0.088521741,6.768623768,0.430763064,0.671303617,0.998285169,-4.667158555
POFUT1,0.1096904,7.464963689,0.50610584,0.617872264,0.998285169,-4.667204817
CXorf38,0.093842213,6.656876914,0.481736431,0.635033337,0.998285169,-4.66733334
F6SDJ1,0.052753072,6.349181322,0.206488702,0.838758346,0.998285169,-4.667343434
ARMC10,0.084614694,5.290788176,0.399912503,0.693511715,0.998285169,-4.667364561
COPS3,0.107229541,6.43125868,0.503851246,0.6194298,0.998285169,-4.667406587
OXR1,0.115240673,6.411233661,0.551284639,0.586811185,0.998285169,-4.667406671
FASTKD2,-0.02447402,8.799663517,-0.124324739,0.902537351,0.998285169,-4.667422773
PRKCD,0.124275391,7.406282683,0.425917745,0.674771819,0.998285169,-4.667502944
NEBL,0.096965723,5.921746914,0.346435789,0.732871213,0.998285169,-4.667511611
CCAR1,-0.099723651,6.827063887,-0.55021237,0.587534235,0.998285169,-4.66751669
SEC14L2,0.081984481,7.228272266,0.397275702,0.69542343,0.998285169,-4.667535259
UBE2G1,-0.031417273,5.906113167,-0.113966133,0.910618977,0.998285169,-4.667601099
ATP5PD,-0.125809357,8.492954307,-0.549152886,0.588249095,0.998285169,-4.667625196
HSPA1A,0.076352058,13.73120668,0.549121741,0.588270116,0.998285169,-4.667628382
GLRX3,0.102915198,7.671426905,0.549049483,0.588318887,0.998285169,-4.667635775
LOC106783161,0.031963206,7.360203482,0.109129383,0.914396053,0.998285169,-4.667679071
PGAM5,0.082073644,6.283948616,0.500651897,0.621643141,0.998285169,-4.667691423
PRKD1,0.096709653,6.552427488,0.422886757,0.676945149,0.998285169,-4.667716463
PIR,0.060444516,6.609521499,0.272902005,0.787910463,0.998285169,-4.667731108
INMT,-0.138342076,8.0536907,-0.499644422,0.622340882,0.998285169,-4.667780758
KYAT1,-0.090676655,6.906731271,-0.499382286,0.622522487,0.998285169,-4.667803974
ARCN1,-0.085520094,9.508575019,-0.546995276,0.589706213,0.998285169,-4.667845549
MAP2K4,0.030558944,5.86002279,0.097529004,0.923463357,0.998285169,-4.667852333
LOC100059927,0.197310485,8.329782245,0.515514947,0.611392078,0.998285169,-4.667870604
DEFA8,-0.107139427,8.124715373,-0.260853095,0.797206963,0.998285169,-4.667902321
S100A1,-0.1346996,12.81291299,-0.545711396,0.59057411,0.998285169,-4.667976278
AIP,0.146840274,7.415812774,0.544739297,0.591231661,0.998285169,-4.668075065
RPS9,-0.125423047,11.23372626,-0.544676982,0.591273824,0.998285169,-4.668081392
PDLIM4,0.1386602,6.958467644,0.460739827,0.649776094,0.998285169,-4.66819954
GNPDA1,-0.092827524,10.17072963,-0.543002489,0.592407372,0.998285169,-4.668251147
ACAT1,0.118984006,8.288427576,0.542086587,0.593027842,0.998285169,-4.668343787
PPIB,-0.105232444,12.355362,-0.541947761,0.593121915,0.998285169,-4.668357815
DPT,0.197478324,7.204930329,0.54136755,0.59351517,0.998285169,-4.66841641
MFAP5,0.059434331,7.767950033,0.165055002,0.870765185,0.998285169,-4.668476964
CORO1B,0.111542982,7.989806545,0.539675887,0.594662465,0.998285169,-4.668586907
ARSA,0.14843374,8.869508966,0.539572522,0.594732603,0.998285169,-4.668597309
PRDX6,-0.124993019,13.66066504,-0.539137506,0.595027826,0.998285169,-4.668641062
LECT2,-0.138280484,11.55262982,-0.538705474,0.595321093,0.998285169,-4.668684482
MTPN,0.120573149,7.11345207,0.489137149,0.629639396,0.998285169,-4.668702173
ATP5F1C,0.126250698,8.549159382,0.53737569,0.596224205,0.998285169,-4.66881792
FGF7,-0.122478816,6.800112775,-0.235924964,0.816190637,0.998285169,-4.668840437
CCT3,-0.075569392,9.452063885,-0.53709823,0.596412724,0.998285169,-4.668845722
SPCS2,-0.11289276,6.070277965,-0.24395142,0.80991686,0.998285169,-4.668865538
MCAT,-0.099121842,10.12044961,-0.31932484,0.753009232,0.998285169,-4.668931989
CAB39,0.093997872,6.664949899,0.486117182,0.631744338,0.998285169,-4.668963525
APP,-0.192161195,6.519354353,-0.317953873,0.754032575,0.998285169,-4.669000806
BAIAP2,-0.038481556,6.021801418,-0.141237693,0.889272134,0.998285169,-4.669014756
RELA,0.096752619,7.177061689,0.535085549,0.597781096,0.998285169,-4.669046986
CLIC5,-0.124770324,6.48210425,-0.403289982,0.691066067,0.998285169,-4.669061322
EEF1B2,-0.112239666,9.430625243,-0.534930695,0.597886441,0.998285169,-4.669062442
LOC100065392,-0.148401688,7.551399927,-0.502244375,0.62054099,0.998285169,-4.669089442
ATP6V1B2,0.077411355,8.105382818,0.534442867,0.598218361,0.998285169,-4.669111102
ZC3H15,-0.050161493,6.2276137,-0.228229879,0.822075085,0.998285169,-4.669111233
SRSF3,-0.080373057,10.58321738,-0.53429106,0.598321668,0.998285169,-4.669126235
MNDA,0.168538994,6.878410636,0.314477981,0.756629207,0.998285169,-4.669173983
MME,0.057914012,6.347014222,0.131105637,0.897165705,0.998285169,-4.669218286
RCN3,-0.127183983,9.672213589,-0.533031949,0.599178855,0.998285169,-4.669251599
OTUD6B,-0.071855209,5.591114638,-0.233177463,0.818149325,0.998285169,-4.669255654
DDX1,0.070141155,8.581457059,0.532939181,0.599242034,0.998285169,-4.669260825
LRG1,-0.152887011,8.328030974,-0.500277353,0.621902493,0.998285169,-4.669267512
DENND10,-0.066791524,6.376302889,-0.48176269,0.634785084,0.998285169,-4.66933763
SOX5,0.074217287,6.433130734,0.399081268,0.694114144,0.998285169,-4.669342082
PRKAG1,-0.077676923,7.355407412,-0.367461759,0.717181485,0.998285169,-4.669388887
LOC100066438,-0.188168931,8.216660666,-0.367335215,0.717274382,0.998285169,-4.669396455
TRIM25,-0.097962492,5.569873225,-0.40815606,0.687338757,0.998285169,-4.669448334
COMMD10,-0.114665474,5.826752132,-0.530983922,0.600574393,0.998285169,-4.669454908
DNAJC3,0.045931558,6.700869988,0.217503651,0.830295556,0.998285169,-4.669473874
DARS1,-0.095214391,10.62313363,-0.530693677,0.600772294,0.998285169,-4.669483661
ANK3,0.068381418,5.743701343,0.308150728,0.76136354,0.998285169,-4.669484428
SUN1,0.07185786,6.489938061,0.407247596,0.687995411,0.998285169,-4.669510312
CUL2,0.023172152,6.061529868,0.113058477,0.911252572,0.998285169,-4.669543423
BCLAF1,-0.069203146,5.643594391,-0.215281279,0.832001321,0.998285169,-4.669546849
PLEKHF2,-0.094841723,5.954167286,-0.306858405,0.762331711,0.998285169,-4.669547074
FXR1,0.215649831,7.823134201,0.529944709,0.601283118,0.998285169,-4.669557786
ERP44,-0.134803122,7.573449303,-0.529514088,0.601576911,0.998285169,-4.669600359
F12,0.251617351,7.694233116,0.529454817,0.601617355,0.998285169,-4.669606216
LOC100050047,0.113003049,7.505228479,0.305442475,0.763392946,0.998285169,-4.669615415
HBS1L,-0.107991045,6.742063661,-0.528914274,0.601986253,0.998285169,-4.669659604
PFKFB3,-0.025269423,5.942920537,-0.104509664,0.917936316,0.998285169,-4.669680707
SERPINB1,0.117734027,9.280963863,0.528527527,0.602250259,0.998285169,-4.66969777
CDC42,0.115740952,9.445486901,0.528051168,0.602575514,0.998285169,-4.669744743
SBDS,-0.107756143,9.370703949,-0.52761383,0.602874199,0.998285169,-4.669787832
RCC1,-0.117264939,5.978462043,-0.527263839,0.603113281,0.998285169,-4.66982229
CMPK2,0.110686931,5.728647032,0.389673621,0.700946688,0.998285169,-4.669959319
WDR82,-0.098188915,6.414251864,-0.492468243,0.627321325,0.998285169,-4.669967845
ATP1A1,-0.146761079,10.1748888,-0.52570945,0.604175647,0.998285169,-4.669975065
CAVIN3,-0.089370291,10.18152932,-0.52569905,0.604182758,0.998285169,-4.669976085
ARPC3,-0.07686017,9.115551765,-0.525096749,0.604594652,0.998285169,-4.670035166
UBE2V2,0.071116232,7.939595088,0.386791542,0.703045131,0.998285169,-4.670145549
RABGGTA,-0.08552268,6.927658299,-0.386462305,0.703285004,0.998285169,-4.670166738
COL8A1,0.081220265,6.889703002,0.204799073,0.839935099,0.998285169,-4.670199711
PPP5C,-0.09187332,7.074151126,-0.523312065,0.605815926,0.998285169,-4.670209848
ALKBH5,-0.103602254,6.508152682,-0.489394677,0.629460045,0.998285169,-4.670240587
LOC100060997,-0.09331637,7.457663254,-0.470045754,0.642999724,0.998285169,-4.670328178
PHF5A,0.095761668,6.180335635,0.432834146,0.669599344,0.998285169,-4.670347286
CDS2,0.010325,5.861461512,0.042690793,0.966424402,0.998285169,-4.670352752
NAA50,0.053471176,7.288654731,0.350549945,0.72963593,0.998285169,-4.670377704
CHMP2B,-0.005467494,6.553536881,-0.024355045,0.980841017,0.998285169,-4.670443591
ITGA1,0.00237735,6.476369357,0.013421749,0.989440966,0.998285169,-4.670474113
STT3B,0.071438574,8.668843454,0.392722033,0.698528751,0.998285169,-4.670483048
UBXN1,-0.076426667,6.469193768,-0.286235563,0.77783517,0.998285169,-4.67051177
SELENOO,-0.048602782,5.826083963,-0.285972174,0.778033811,0.998285169,-4.670523664
SPP2,0.20114503,10.44542581,0.519657231,0.608320628,0.998285169,-4.6705658
DIABLO,-0.060728466,5.841512009,-0.283905644,0.779592883,0.998285169,-4.670616611
XPO1,-0.089824344,14.86454879,-0.518630061,0.609025446,0.998285169,-4.670665409
GDF5,-0.075884282,6.04284596,-0.189223528,0.851950127,0.998285169,-4.670666287
NONO,-0.096665169,8.727122954,-0.518378674,0.609198,0.998285169,-4.670689758
RPL3,-0.129966994,8.771289171,-0.518029062,0.609438016,0.998285169,-4.670723603
PRSS35,0.180576576,7.528578929,0.465156652,0.646441372,0.998285169,-4.670734557
NT5DC1,-0.130474908,6.667130861,-0.304783274,0.76388718,0.998285169,-4.670745655
FGA,-0.187733787,11.6640168,-0.517796928,0.609597405,0.998285169,-4.670746062
MAN2C1,0.075921379,6.119278607,0.17261326,0.86490763,0.998285169,-4.670803738
P3H4,0.137916267,7.292470523,0.463604265,0.647535865,0.998285169,-4.670862734
DTD1,0.186174818,6.043957689,0.372938127,0.713165601,0.998285169,-4.671021933
NUP155,-0.071870824,5.344224738,-0.338553427,0.738517653,0.998285169,-4.671051525
YWHAB,0.075669898,10.91853066,0.514467429,0.611885699,0.998285169,-4.671067142
SBSPON,0.085278537,4.897919191,0.297772652,0.769149765,0.998285169,-4.671083221
CHMP3,0.085864456,9.044333968,0.514067143,0.61216108,0.998285169,-4.67110561
DSG1,0.048469637,7.12747726,0.159605226,0.874993498,0.998285169,-4.671132279
CDV3,0.085016704,5.443404334,0.295385699,0.770944197,0.998285169,-4.671196394
KLC1,0.062748039,6.650100278,0.335897265,0.740489312,0.998285169,-4.671197612
FIP1L1,-0.077813673,7.108538817,-0.335513992,0.740773966,0.998285169,-4.671218599
SAFB2,0.09926514,8.245884771,0.512741578,0.613073434,0.998285169,-4.671232794
LARP6,0.038189462,6.407319645,0.16792294,0.868441248,0.998285169,-4.671245036
FHL1,-0.11561774,8.423232717,-0.512460045,0.613267288,0.998285169,-4.671259765
AP3B1,-0.073413177,7.190882984,-0.512048533,0.613550694,0.998285169,-4.671299164
ECM2,-0.174187322,9.015995433,-0.511686796,0.613799872,0.998285169,-4.671333772
TIAL1,0.039601517,6.77894421,0.14860542,0.883539598,0.998285169,-4.671390126
H2BC15,0.124048227,13.93298181,0.510564755,0.614573076,0.998285169,-4.67144097
SMC3,-0.094735537,7.2464159,-0.510364597,0.614711054,0.998285169,-4.671460069
HEXB,-0.101560385,8.414829242,-0.509628957,0.615218289,0.998285169,-4.671530202
ALDH9A1,-0.088497245,9.476241657,-0.509423242,0.615360167,0.998285169,-4.671549797
PRKCSH,0.11967941,7.797014388,0.50930018,0.615445049,0.998285169,-4.671561515
MFRP,-0.133581361,11.30288626,-0.508973741,0.615670236,0.998285169,-4.671592586
CAPN1,-0.064798903,8.115542916,-0.508329574,0.616114713,0.998285169,-4.671653843
GC,0.193946819,9.235347656,0.508077314,0.616288814,0.998285169,-4.671677811
STIP1,0.090782149,8.60373664,0.508062681,0.616298914,0.998285169,-4.671679201
BCAT2,0.024061204,7.517077824,0.13509963,0.89405274,0.998285169,-4.671681653
COMT,-0.02627203,6.474883108,-0.132174022,0.896332823,0.998285169,-4.67174116
BCKDHA,0.033484329,5.774158146,0.131777422,0.896641986,0.998285169,-4.671749127
CTSV,0.035901815,5.484426769,0.145900758,0.88555629,0.998285169,-4.671771186
SLC29A1,-0.164852545,10.80326883,-0.507071031,0.616983544,0.998285169,-4.671773309
GNL3,0.060343679,7.379720047,0.256464281,0.800384225,0.998285169,-4.67178786
NUDT2,0.114908848,7.900647106,0.470382246,0.642763153,0.998285169,-4.671891219
PFAS,0.109703632,7.261777419,0.505641099,0.617971389,0.998285169,-4.6719087
TUBA1A,-0.094356347,12.80164607,-0.505539929,0.618041308,0.998285169,-4.671918265
COL6A1,0.093020989,15.7227655,0.505454561,0.61810031,0.998285169,-4.671926335
AKR7L,0.086509655,9.207383624,0.450271613,0.656969283,0.998285169,-4.671946548
CALU,-0.121211362,8.380024137,-0.504938017,0.618457372,0.998285169,-4.671975135
RPS3,-0.093411297,11.37692494,-0.504779485,0.618566977,0.998285169,-4.671990103
ACO2,-0.104038129,9.155004239,-0.503846953,0.619211888,0.998285169,-4.672078056
PRPF4B,0.024251105,6.140082225,0.108995546,0.914428287,0.998285169,-4.672166708
SERPINB9,-0.082096825,9.999433943,-0.502759427,0.619964384,0.998285169,-4.672180431
UTRN,0.073894815,7.531965136,0.502074556,0.620438486,0.998285169,-4.672244792
PURB,0.087581072,7.011266923,0.501761277,0.62065541,0.998285169,-4.672274205
THBS1,-0.13202874,15.52169642,-0.501473942,0.620854402,0.998285169,-4.672301166
ANGPTL4,-0.122957904,7.146571656,-0.50130848,0.620969004,0.998285169,-4.672316685
TTR,0.213339412,9.863421072,0.501082241,0.621125717,0.998285169,-4.672337897
TGFBI,0.180664067,14.12680578,0.500765023,0.621345482,0.998285169,-4.672367622
GNB4,-0.041670641,6.528643843,-0.112887516,0.911319169,0.998285169,-4.672422106
NSFL1C,0.105328711,7.766818022,0.49977157,0.622033967,0.998285169,-4.6724606
CPM,-0.187977814,7.588867826,-0.443344233,0.661894024,0.998285169,-4.672497613
LOC100034005,-0.149169471,10.58134954,-0.499307328,0.622355817,0.998285169,-4.672503987
RANBP2,-0.043229559,5.668451432,-0.237956544,0.814494852,0.998285169,-4.672511485
H6PD,0.074019454,5.601167968,0.26537632,0.793614253,0.998285169,-4.672542718
YIF1B,0.098636841,5.823150252,0.309956513,0.759839724,0.998285169,-4.672565021
SUPT16H,0.074490931,7.159526825,0.401195293,0.69237655,0.998285169,-4.672625203
AHSA1,0.065474284,10.15112515,0.308627936,0.760835272,0.998285169,-4.672632151
RPLP1,-0.166827568,9.743720313,-0.461205936,0.649228382,0.998285169,-4.672665355
COPS8,-0.123544142,7.692942428,-0.496488277,0.62431187,0.998285169,-4.672766622
TMSB4,-0.182029729,8.485234036,-0.496380705,0.624386568,0.998285169,-4.672776615
SH3GLB2,-0.051879294,6.514889048,-0.230199497,0.820428689,0.998285169,-4.672798843
RAB2B,0.082699776,8.004539102,0.495667642,0.624881816,0.998285169,-4.672842807
LIMCH1,-0.140134439,6.475556367,-0.495152565,0.625239668,0.998285169,-4.672890563
CAPN6,0.059168274,7.415486057,0.227199611,0.822726491,0.998285169,-4.672907447
CCNY,0.091033891,5.951855754,0.301893344,0.765888264,0.998285169,-4.67296808
TMSB10,0.136857418,6.914880628,0.339877268,0.737535662,0.998285169,-4.672987349
CCT4,-0.070982269,8.723713246,-0.493959807,0.626068705,0.998285169,-4.673000969
GUSB,-0.089400469,7.487290676,-0.493675073,0.626266687,0.998285169,-4.673027287
NPW,0.008966379,7.46823459,0.018499591,0.985446588,0.998285169,-4.673045837
PGK1,0.03507403,7.238489042,0.061901643,0.951296015,0.998285169,-4.673101676
PDCD4,-0.085148674,9.71786213,-0.492808851,0.626869166,0.998285169,-4.673107262
CRAT,-0.046137259,5.740328498,-0.251625567,0.804066766,0.998285169,-4.673112152
NIF3L1,-0.113257989,6.74189355,-0.492163553,0.627318159,0.998285169,-4.673166752
GLRX,0.011076392,7.06804246,0.047744166,0.962424834,0.998285169,-4.673220109
PCK2,0.093696649,7.757131979,0.491243307,0.627958714,0.998285169,-4.673251461
DHRS13,-0.05858642,6.402908514,-0.217303868,0.830317821,0.998285169,-4.673255696
PRKAR1A,0.06834672,7.44096573,0.490971301,0.628148106,0.998285169,-4.673276469
PLOD1,0.206881212,8.524214137,0.490858941,0.628226348,0.998285169,-4.673286796
IMMT,-0.120824053,8.141814405,-0.489800637,0.628963514,0.998285169,-4.673383951
ITGA10,-0.000769919,6.64842725,-0.0038023,0.997006359,0.999063573,-4.673392953
PGRMC1,0.101932059,7.726435693,0.431548377,0.670315844,0.998285169,-4.673416932
PURA,0.074343449,8.440416345,0.488806901,0.629656065,0.998285169,-4.673474994
RPL14,-0.10867912,11.63390145,-0.488558486,0.629829244,0.998285169,-4.673497726
CTTN,0.110554003,7.813659592,0.487994231,0.630222686,0.998285169,-4.673549317
SEC31A,-0.068015943,8.69522695,-0.487641975,0.630468364,0.998285169,-4.673581496
NAE1,0.072413324,7.111957029,0.42876077,0.672312644,0.998285169,-4.673630678
RBM25,-0.067394363,6.147975896,-0.28791359,0.776411419,0.998285169,-4.673642133
NUP93,-0.062602411,6.812923666,-0.428406406,0.672566657,0.998285169,-4.673657753
IQSEC1,0.087538619,6.801777079,0.428400224,0.672571089,0.998285169,-4.673658225
AP2M1,0.059881167,7.785234731,0.427846863,0.672967828,0.998285169,-4.673700461
PPA1,0.075733352,7.452513171,0.326691234,0.74733706,0.998285169,-4.673721479
KHDRBS1,-0.078427977,8.058049225,-0.486014619,0.631603911,0.998285169,-4.673729864
MDC1,-0.09018326,5.702543333,-0.485937779,0.631657551,0.998285169,-4.673736858
SPON2,0.268172699,8.155934032,0.427129785,0.67348209,0.998285169,-4.673755115
PLEC,-0.081616129,9.92131313,-0.485194353,0.632176633,0.998285169,-4.673804468
LOC100050355,-0.12531758,7.97601711,-0.484705669,0.632517953,0.998285169,-4.673848856
UCHL5,-0.086603466,10.93138548,-0.484580562,0.632605346,0.998285169,-4.673860213
POLR2A,-0.095311904,5.500173364,-0.425563306,0.674606079,0.998285169,-4.673874197
HSPA8,0.103322902,13.44038818,0.483757097,0.633180716,0.998285169,-4.673934895
PABPC4,-0.087781576,8.05139964,-0.482482888,0.634071495,0.998285169,-4.674050214
DNAJC11,-0.078854807,5.50237121,-0.332182156,0.743082791,0.998285169,-4.674165791
SRSF6,-0.222613071,7.312054878,-0.478971,0.636529529,0.998285169,-4.674366532
TPI1,0.12892757,13.12106576,0.478903317,0.636576944,0.998285169,-4.674372607
PSMA6,0.073755998,9.324591746,0.478821264,0.636634427,0.998285169,-4.67437997
GALM,-0.092055852,10.07166192,-0.478548517,0.636825521,0.998285169,-4.674404436
ITIH2,0.160632342,8.897344658,0.47610861,0.638536132,0.998285169,-4.674622703
SF3A1,-0.117166134,5.886799065,-0.476047349,0.638579108,0.998285169,-4.674628169
MAP4K4,-0.111719758,6.019273585,-0.308559337,0.760886687,0.998285169,-4.674684444
LTBP1,0.137723531,6.045347224,0.475335886,0.639078315,0.998285169,-4.674691604
DNPEP,-0.101038699,8.884160071,-0.474834207,0.639430429,0.998285169,-4.674736279
BAZ1B,0.089103715,6.843287789,0.368886707,0.715948117,0.998285169,-4.67477782
TPP2,0.036448674,6.67372394,0.16669775,0.869391766,0.998285169,-4.674796018
ADPRS,0.074686545,7.591195701,0.474143392,0.639915435,0.998285169,-4.674797723
LOC100051778,-0.134175998,8.839043592,-0.473885415,0.640096596,0.998285169,-4.674820646
KRT16,0.189990986,6.518481324,0.473198067,0.640579391,0.998285169,-4.674881664
B3GAT3,-0.09277267,6.544031216,-0.318397868,0.753364603,0.998285169,-4.674920092
OSGEP,-0.054687244,6.267370043,-0.259229484,0.798140037,0.998285169,-4.674926562
CCN5,0.130120748,8.294324897,0.259073424,0.798258735,0.998285169,-4.674933187
NIT2,-0.086782144,8.047600154,-0.472477253,0.641085867,0.998285169,-4.674945561
UAP1,-0.125797235,9.610940885,-0.472179808,0.641294918,0.998285169,-4.674971901
PRMT1,0.056239849,7.459769812,0.410785278,0.685247649,0.998285169,-4.674976705
FBLN7,-0.130779033,9.368819854,-0.471767947,0.641584431,0.998285169,-4.675008346
EHD2,-0.080551987,11.23084311,-0.471476479,0.641789352,0.998285169,-4.675034119
GOT2,-0.091964151,9.247818719,-0.471088511,0.642062162,0.998285169,-4.675068402
DCTN1,-0.080020356,7.370500471,-0.469998744,0.642828738,0.998285169,-4.675164552
SNRPD2,-0.119280882,9.454396837,-0.469648933,0.643074893,0.998285169,-4.675195371
CCDC97,0.020689717,6.075451722,0.096987889,0.923713149,0.998285169,-4.675207541
ACTR1A,0.096455434,7.492002471,0.469427488,0.64323074,0.998285169,-4.675214869
NDUFB10,-0.111333075,7.181160872,-0.468869596,0.643623444,0.998285169,-4.675263951
GNAI1,0.120478821,7.916487636,0.468561342,0.643840472,0.998285169,-4.675291046
SRI,-0.098098176,9.865330603,-0.467520904,0.644573238,0.998285169,-4.675382373
TNFRSF6B,0.04739724,5.314035791,0.141066644,0.889321286,0.998285169,-4.67542212
ATIC,0.074785834,11.26239035,0.466074738,0.645592365,0.998285169,-4.675508988
VPS4A,0.077399941,7.205308984,0.356818253,0.724829649,0.998285169,-4.675536684
AMBP,0.221573281,12.88676316,0.465534108,0.645973534,0.998285169,-4.675556225
LONP1,0.081393858,6.769421921,0.465355301,0.646099624,0.998285169,-4.675571836
MAP2K1,0.01732328,7.100452068,0.06509316,0.948753973,0.998285169,-4.675612614
SAE1,0.088318052,7.232031587,0.464691886,0.646567538,0.998285169,-4.675629706
FKBP7,0.081174761,7.003640645,0.353471766,0.72729955,0.998285169,-4.675742742
FLII,-0.035186851,5.93390882,-0.173231128,0.864325487,0.998285169,-4.675785243
DAZAP1,0.052839225,6.437574484,0.23703311,0.815071554,0.998285169,-4.675829173
CNP,-0.083340749,8.394411218,-0.462272314,0.648275354,0.998285169,-4.675840092
METAP2,0.092559628,6.906009653,0.46126499,0.64898694,0.998285169,-4.675927368
APOO,-0.031245158,6.692863576,-0.114248232,0.910255093,0.998285169,-4.675965976
TOP2B,-0.074080553,6.677602526,-0.397039523,0.695206303,0.998285169,-4.675968195
LRP1,-0.106188124,9.652406155,-0.45996683,0.649904482,0.998285169,-4.676039571
PAIP1,-0.048345768,6.749073279,-0.296660789,0.769673612,0.998285169,-4.676045746
WBP2,-0.066944083,8.310813672,-0.459230484,0.650425184,0.998285169,-4.676103079
EPM2AIP1,-0.068297971,7.02733036,-0.395019305,0.696674739,0.998285169,-4.676111146
COPZ1,-0.173440519,7.184857501,-0.458745772,0.650768045,0.998285169,-4.67614483
RPS6KA3,-0.108420826,6.104101455,-0.394271556,0.697218564,0.998285169,-4.676163877
S100A4,0.159449923,11.51205853,0.457976804,0.651312135,0.998285169,-4.676210979
CCDC22,-0.057972355,6.263143289,-0.345269466,0.73336615,0.998285169,-4.67623976
FAM114A1,0.078855942,7.347078382,0.457612366,0.651570066,0.998285169,-4.676242292
MATN1,-0.064895938,6.902236161,-0.155060418,0.878430123,0.998285169,-4.676264927
LGALS3,-0.117592917,10.03370227,-0.457124185,0.651915645,0.998285169,-4.676284199
PLIN3,-0.121649141,8.6486218,-0.456878769,0.652089404,0.998285169,-4.67630525
SERPIND1,0.187693776,9.074730669,0.456642973,0.652256369,0.998285169,-4.676325465
UBE2K,0.077665675,7.350337692,0.39190418,0.698941414,0.998285169,-4.676330181
HSPG2,-0.209172385,12.37206248,-0.456441051,0.652399364,0.998285169,-4.676342768
VPS37C,-0.107620194,5.295769874,-0.343340038,0.734795816,0.998285169,-4.676355014
PLOD3,-0.03792835,6.712123387,-0.221917706,0.826655729,0.998285169,-4.676398099
NPC2,-0.062523626,6.185477438,-0.148917751,0.883207948,0.998285169,-4.676415135
G3BP1,-0.078709796,7.243602139,-0.413575791,0.683233006,0.998285169,-4.676446414
LAG3,-0.033269818,7.732087631,-0.082793587,0.934892841,0.998285169,-4.676458579
FYTTD1,0.020978201,8.388694722,0.078538139,0.9382318,0.998285169,-4.676513163
SH3GL2,0.106887159,6.813136875,0.41186595,0.68446716,0.998285169,-4.676574721
MATR3,-0.078262815,8.76558286,-0.453304891,0.654622042,0.998285169,-4.676610565
ATP6V0D1,-0.086941849,6.764397906,-0.387377022,0.702240655,0.998285169,-4.676645489
HYI,0.082126885,8.593265565,0.452564542,0.655147224,0.998285169,-4.676673523
A0A9L0SG57,0.015431799,6.305921761,0.063409502,0.950111292,0.998285169,-4.676683924
PLPBP,-0.090687641,8.060238445,-0.386255551,0.703058878,0.998285169,-4.676723045
HTRA1,0.111522849,12.00151242,0.451913207,0.655609413,0.998285169,-4.676728829
PPID,0.105911957,7.24323981,0.336442812,0.739914558,0.998285169,-4.676761844
OGDH,0.049241369,6.634654191,0.281621397,0.781022344,0.998285169,-4.676778706
RTF1,-0.014240772,5.394053535,-0.052563591,0.958635404,0.998285169,-4.676783961
CUL3,-0.076444978,6.399331766,-0.451077197,0.656202855,0.998285169,-4.676799703
B4GALNT3,0.014184087,7.25201254,0.045842125,0.963920633,0.998285169,-4.67683657
defb3,-0.115909498,8.0075092,-0.450261792,0.656781892,0.998285169,-4.676868708
CLINT1,0.108041419,7.68423956,0.449960365,0.656995998,0.998285169,-4.676894186
PTBP2,-0.067985012,7.137052973,-0.349783674,0.730025101,0.998285169,-4.676901037
PLG,0.164959131,9.935820807,0.449842612,0.657079647,0.998285169,-4.676904134
CHST3,-0.00876882,6.044580281,-0.028937815,0.977219867,0.998285169,-4.676937124
DIPK2A,-0.103637836,6.94442654,-0.382895338,0.705512682,0.998285169,-4.676954111
GPX7,0.005029989,6.076351017,0.024450688,0.980751368,0.998285169,-4.676956181
GALNT1,0.007158356,6.070107079,0.023100324,0.981814228,0.998285169,-4.676961289
IDH3B,-0.105733815,6.427546157,-0.382702718,0.705653444,0.998285169,-4.676967296
BTF3L4,0.006791858,8.00207469,0.015705055,0.987635544,0.998285169,-4.676984119
DOHH,0.003478738,6.077808592,0.014965831,0.988217482,0.998285169,-4.676985923
SEC24A,0.001444494,6.509558238,0.005317828,0.995813158,0.999053758,-4.677001492
SLC16A3,-0.099694139,7.627833152,-0.259646102,0.797823185,0.998285169,-4.677012244
CDH13,0.157468805,7.892266805,0.447597302,0.65867554,0.998285169,-4.677093351
LOC111771821,-0.118304135,10.98638798,-0.447276801,0.658903477,0.998285169,-4.677120286
SH3BGRL,-0.093414205,9.498390829,-0.447142959,0.658998674,0.998285169,-4.677131528
JCHAIN,-0.092859835,9.469123383,-0.273914679,0.786857483,0.998285169,-4.677139734
RAPH1,0.082252945,5.541537566,0.379891126,0.707709296,0.998285169,-4.677159028
TUFM,0.088844689,6.758905155,0.446344061,0.659567026,0.998285169,-4.677198566
CCT2,0.068299946,7.268118582,0.446234701,0.659644842,0.998285169,-4.677207734
PHKA1,0.077226675,6.72768193,0.402592343,0.691176439,0.998285169,-4.677261614
P4HA2,-0.096707129,8.154956795,-0.44505614,0.660483718,0.998285169,-4.677306394
GNAQ,0.132559871,7.578886288,0.444387197,0.660960061,0.998285169,-4.677362281
LOC100051754,-0.165159612,12.01201954,-0.444330273,0.661000602,0.998285169,-4.677367033
CUTA,0.123388207,7.3361006,0.376777618,0.709988575,0.998285169,-4.677369738
ACBD3,-0.065176062,7.435163302,-0.44407922,0.661179415,0.998285169,-4.677387983
PPP1R12A,0.068669479,5.679208997,0.24984945,0.805283238,0.998285169,-4.677430933
LCP1,-0.147183209,7.532841911,-0.375856376,0.710663514,0.998285169,-4.677431759
DECR1,0.087100531,8.20207664,0.443436885,0.661637013,0.998285169,-4.677441535
RAE1,-0.031130065,6.630190905,-0.190630525,0.850760283,0.998285169,-4.677457626
PSMB5,-0.068667644,8.393400304,-0.442443651,0.662344856,0.998285169,-4.677524192
SCARA3,-0.035814844,6.354889929,-0.188430669,0.852461084,0.998285169,-4.67752612
RPS15,-0.120798048,8.781237829,-0.442359096,0.662405131,0.998285169,-4.677531221
DNAJB11,-0.121307826,6.222405331,-0.441802668,0.662801834,0.998285169,-4.67757744
PGM3,-0.088638496,7.154168699,-0.44168743,0.662884005,0.998285169,-4.677587005
SFMBT1,0.185596111,10.87911547,0.245426864,0.808657307,0.998285169,-4.677614732
HSD17B8,0.059459266,7.085851267,0.320003081,0.7521648,0.998285169,-4.677698883
CAVIN1,-0.080998745,11.8336516,-0.440328429,0.663853374,0.998285169,-4.677699624
LOC100057176,0.025470433,7.619103548,0.07823467,0.938469958,0.998285169,-4.677707862
PTGR2,-0.085711978,8.24325866,-0.439299829,0.66458747,0.998285169,-4.677784639
COMMD5,-0.047201509,6.836528263,-0.258895,0.798266335,0.998285169,-4.677814925
FAM120A,-0.060228591,7.206767399,-0.438922276,0.66485701,0.998285169,-4.677815796
NPLOC4,0.069069813,6.591778953,0.369919305,0.715019061,0.998285169,-4.677827907
MMP19,0.064412581,6.705697499,0.177636162,0.860817329,0.998285169,-4.677850765
GNPNAT1,-0.089848994,7.004518194,-0.438373069,0.665249178,0.998285169,-4.677861072
TBC1D15,0.08382205,7.653967678,0.369082745,0.715633581,0.998285169,-4.677883231
AP2S1,0.083094817,7.901164251,0.437492896,0.66587788,0.998285169,-4.677933517
ACTR1B,-0.078709169,9.02517137,-0.437140221,0.666129864,0.998285169,-4.677962506
PLCB3,-0.017485211,5.546816433,-0.053758142,0.957696302,0.998285169,-4.677968229
SFRP1,0.188871632,7.719010121,0.436425128,0.666640917,0.998285169,-4.678021214
LTBP2,-0.142497511,8.950978524,-0.436081819,0.666886327,0.998285169,-4.678049366
AFDN,0.047171053,5.605879756,0.313253402,0.757214087,0.998285169,-4.67807026
PSMC5,0.073572353,8.500451311,0.434922303,0.667715474,0.998285169,-4.678144291
RSU1,-0.066998751,9.607296121,-0.434663528,0.667900577,0.998285169,-4.678165442
STC2,-0.007582754,8.117319197,-0.013747892,0.989176292,0.998285169,-4.678185964
SET,0.084116344,9.095742506,0.43431404,0.668150603,0.998285169,-4.678193988
GSS,0.08606641,8.451171003,0.434293978,0.668164957,0.998285169,-4.678195626
PID1,0.00169787,5.584143365,0.005431011,0.995724048,0.999053758,-4.678198824
ACTG1,-0.078013951,13.66860157,-0.327767521,0.746370459,0.998285169,-4.678208921
PAFAH1B1,0.063924656,9.046727588,0.433492064,0.668738805,0.998285169,-4.67826104
PACSIN3,-0.07020829,7.886508398,-0.43330846,0.66887022,0.998285169,-4.678276001
SYNE2,0.054960381,6.254192088,0.362778782,0.720270656,0.998285169,-4.678296189
TWF2,-0.061192473,6.610270971,-0.246351211,0.807830212,0.998285169,-4.678349983
HNRNPR,0.069494564,10.63522738,0.432123545,0.669718591,0.998285169,-4.678372402
PPIG,0.068963841,6.738472159,0.305802418,0.762800946,0.998285169,-4.678471186
NUCB1,-0.08526081,9.157239429,-0.430840811,0.670637504,0.998285169,-4.678476473
ITIH4,0.14392177,8.090504166,0.359810766,0.722457703,0.998285169,-4.678488208
HNRNPUL1,0.086901143,7.676606075,0.430525434,0.670863511,0.998285169,-4.678502014
HAPLN3,-0.284657877,9.467165323,-0.43032012,0.671010662,0.998285169,-4.678518632
CALR,-0.176429843,10.25325364,-0.429583505,0.671538712,0.998285169,-4.67857819
DHDH,-0.082556484,9.635251886,-0.429418901,0.671656734,0.998285169,-4.678591485
MLH3,0.110849218,7.10203821,0.321041736,0.751388808,0.998285169,-4.678591846
LOC100059239,0.138554442,11.63085616,0.429270226,0.671763342,0.998285169,-4.678603489
PALS2,0.081538497,8.999918345,0.429009101,0.671950599,0.998285169,-4.678624563
EEA1,0.065451793,6.228187189,0.302164561,0.765533514,0.998285169,-4.678663486
GMDS,-0.068144044,7.926991237,-0.428467763,0.672338873,0.998285169,-4.678668212
DERA,0.076943404,6.714904192,0.237985532,0.814225822,0.998285169,-4.678692212
MPP1,-0.028560595,6.47623815,-0.145748877,0.885596408,0.998285169,-4.678698522
ABR,0.071428759,7.288817613,0.42788842,0.672754508,0.998285169,-4.678714866
HNRNPF,0.096687537,7.530072501,0.427552666,0.672995435,0.998285169,-4.678741876
CAPRIN1,-0.037608703,7.260377428,-0.142869092,0.887840592,0.998285169,-4.678766889
EFEMP1,-0.165003403,7.690342439,-0.426412268,0.673814019,0.998285169,-4.678833462
EPS8,0.117144812,7.24311586,0.354398172,0.726452337,0.998285169,-4.678834407
RERG,-0.103848471,7.037134592,-0.426243598,0.673935126,0.998285169,-4.678846988
AGRN,-0.106289836,8.052617289,-0.424919588,0.674886096,0.998285169,-4.678952981
GRHPR,-0.03008118,6.710243424,-0.133093767,0.895465506,0.998285169,-4.678988817
EIF3F,-0.072807896,9.289209334,-0.4244505,0.675223151,0.998285169,-4.678990457
IGFBP2,0.042995324,7.662108109,0.131532103,0.896684615,0.998285169,-4.67902282
ECM1,-0.11984439,8.801303308,-0.423897971,0.67562025,0.998285169,-4.679034548
REXO2,-0.107697436,7.342219989,-0.423435917,0.675952399,0.998285169,-4.679071375
BSG,0.16515124,9.080713834,0.422846384,0.676376286,0.998285169,-4.679118308
PDIA5,0.084940367,8.625283496,0.422411135,0.676689309,0.998285169,-4.679152916
EIF2B4,-0.054094262,6.358827822,-0.348918299,0.730504749,0.998285169,-4.679179675
YES1,0.03214708,8.483150108,0.122113313,0.904042831,0.998285169,-4.679219415
PSMD4,-0.055487469,8.553083871,-0.421069287,0.677654716,0.998285169,-4.679259396
PYM1,-0.070569694,6.048042994,-0.289353843,0.775181,0.998285169,-4.67932263
LARP1,0.034446534,6.627542396,0.116821655,0.908180762,0.998285169,-4.679323478
RPL19,-0.096604868,10.60577182,-0.419891328,0.678502678,0.998285169,-4.679352598
IGF2,-0.10790444,6.638342917,-0.418604096,0.679429797,0.998285169,-4.679454157
CTHRC1,0.081563835,5.679616255,0.194104948,0.848075588,0.998285169,-4.679509741
PSMA3,-0.060355466,9.096063257,-0.417840397,0.67998009,0.998285169,-4.679514267
CMPK1,-0.091438451,8.80054312,-0.417034008,0.680561341,0.998285169,-4.679577621
GYG1,-0.150838507,7.830115237,-0.415599288,0.681596,0.998285169,-4.679690047
COASY,-0.023669211,6.834724931,-0.094671422,0.92552941,0.998285169,-4.679709151
ACTN4,-0.087112012,9.700560092,-0.415064167,0.68198207,0.998285169,-4.679731882
LAMA5,-0.055508159,6.536061359,-0.186734918,0.853772645,0.998285169,-4.679745811
EFEMP2,-0.12175278,9.88594224,-0.414454074,0.682422337,0.998285169,-4.679779516
A0A3Q2HRV7,-0.071795409,11.41065557,-0.413508649,0.683104823,0.998285169,-4.679853195
TANGO2,-0.052788862,6.707383884,-0.278540642,0.783353371,0.998285169,-4.679857099
KRT10B,-0.108622831,12.95072657,-0.413078178,0.683415664,0.998285169,-4.679886689
STARD10,-0.095573604,7.487340642,-0.41237863,0.683920925,0.998285169,-4.679941046
TPD52L2,-0.093497941,8.718597245,-0.412120702,0.684107257,0.998285169,-4.679961065
PLS3,-0.073778897,12.08080679,-0.412040234,0.684165392,0.998285169,-4.679967309
PGAM1,0.10762486,13.63953073,0.411271697,0.684720738,0.998285169,-4.680026875
MMP14,0.088177673,8.234643636,0.33420543,0.741424642,0.998285169,-4.680080591
ELOA,0.067647734,7.047415348,0.175452876,0.862509533,0.998285169,-4.680089598
DRAP1,0.11877201,8.098666174,0.333695189,0.741804361,0.998285169,-4.680111152
APOB,-0.097996281,6.913309085,-0.272363736,0.788033346,0.998285169,-4.680153398
PHKB,-0.045773127,6.578598812,-0.195959205,0.846547819,0.998285169,-4.680234096
SNX2,-0.067061958,8.531432834,-0.408538731,0.68669705,0.998285169,-4.680237822
LOC100050760,-0.108918564,7.627809516,-0.33148763,0.743447988,0.998285169,-4.680242845
FKBP5,0.063578963,6.574148473,0.270041179,0.789795187,0.998285169,-4.680263112
F13A1,-0.142498275,13.77900881,-0.408021763,0.687071148,0.998285169,-4.680277571
HNRNPH1,-0.07741552,9.326707737,-0.407662348,0.687331282,0.998285169,-4.680305177
TF,0.1435836,13.79377312,0.407492475,0.687454245,0.998285169,-4.680318216
C7H11orf58,-0.010284503,5.937694512,-0.035862281,0.971752042,0.998285169,-4.680341509
AKAP13,-0.014660697,5.066031033,-0.035265948,0.972221554,0.998285169,-4.680345004
GLB1L,-0.031831912,6.701466753,-0.166271189,0.869633346,0.998285169,-4.680353665
COL9A2,-0.196566738,11.46368667,-0.407020171,0.68779617,0.998285169,-4.680354442
CBX5,-0.052514596,6.115266225,-0.267106122,0.792023305,0.998285169,-4.680400432
PTPRG,0.005238702,6.877327904,0.022009775,0.982660933,0.998285169,-4.680407573
CCDC6,-0.004313779,5.504732757,-0.020273943,0.984028198,0.998285169,-4.680413621
TM9SF2,0.003299767,7.086577136,0.014353121,0.988692213,0.998285169,-4.680430518
TRPC4,-0.004454685,8.15210996,-0.011912439,0.990614945,0.998959073,-4.680435801
DEGS1,0.003146658,6.166479151,0.010797991,0.99149291,0.999053758,-4.680437887
CCL16,-0.168727569,12.02167157,-0.35666146,0.724780996,0.998285169,-4.680438714
AHCY.1,-0.080055339,11.16055137,-0.405763863,0.688706006,0.998285169,-4.680450602
EFTUD2,-0.074023115,7.321597995,-0.405732301,0.68872887,0.998285169,-4.680453015
RPAP3,0.087854092,6.256700856,0.40563198,0.688801546,0.998285169,-4.68046068
CSNK2A1,0.063913205,8.488987211,0.188721824,0.852143835,0.998285169,-4.680469699
ASPSCR1,0.040250966,5.970181825,0.159294019,0.875054406,0.998285169,-4.680544888
UBR4,-0.047229628,5.996256505,-0.154777495,0.878567004,0.998285169,-4.680664323
NOP58,-0.06209594,8.085828817,-0.401619472,0.691710836,0.998285169,-4.680765769
EIF2S1,0.081681132,8.544673939,0.401496331,0.691800197,0.998285169,-4.680775085
RAB6A,-0.057573901,8.243204419,-0.401406994,0.691865029,0.998285169,-4.680781842
AP2A1,-0.062365747,8.636724429,-0.401332729,0.691918927,0.998285169,-4.680787458
VPS45,-0.07666085,5.804544926,-0.322166161,0.75040196,0.998285169,-4.680789455
FKBP4,-0.0543529,7.729784786,-0.401215137,0.692004271,0.998285169,-4.680796348
IGFBP6,-0.096130949,8.548498909,-0.40051648,0.692511419,0.998285169,-4.680849116
MANF,-0.089137158,8.432422881,-0.400497425,0.692525254,0.998285169,-4.680850554
POLE3,0.055351015,7.39767416,0.256887737,0.799794611,0.998285169,-4.680866949
PLOD2,0.124442243,9.70971855,0.400096078,0.692816657,0.998285169,-4.680880825
NGEF,0.063637747,8.393867315,0.39979241,0.693037171,0.998285169,-4.680903709
EPS15L1,0.038628502,6.356789525,0.255714482,0.800688278,0.998285169,-4.680919363
SNX12,-0.083631158,7.177335784,-0.399541952,0.693219066,0.998285169,-4.680922571
TUBB6,-0.078131358,8.076700806,-0.398653248,0.693864641,0.998285169,-4.680989404
PSMA5,-0.080421784,8.80428578,-0.398036948,0.694312475,0.998285169,-4.681035667
NCALD,0.073505411,7.519682421,0.397036315,0.695039826,0.998285169,-4.68111063
FAHD1,0.03315736,7.049007839,0.167226418,0.868810344,0.998285169,-4.681117486
LMNA,-0.096532079,12.57674949,-0.396754034,0.695245068,0.998285169,-4.681131745
STAT3,0.044442984,6.089970906,0.315600887,0.755312866,0.998285169,-4.681165247
CYC1,0.07014339,7.143534467,0.396268465,0.695598173,0.998285169,-4.68116803
RPL13A,-0.100918022,11.93405291,-0.395860448,0.695894937,0.998285169,-4.681198487
LOC100146514,-0.056695408,9.230821497,-0.395665147,0.696037003,0.998285169,-4.681213055
ARPC1A,0.066781039,7.855912494,0.394826388,0.696647263,0.998285169,-4.681275538
RPS21,-0.075792227,9.349735787,-0.341786324,0.735790971,0.998285169,-4.681387029
FN1,-0.111191143,16.45880719,-0.392886625,0.698059391,0.998285169,-4.681419546
APOC3,0.060858261,7.547512054,0.155828156,0.877673998,0.998285169,-4.681429397
CSNK2A2,-0.04918634,6.069368681,-0.244006219,0.809621603,0.998285169,-4.681429417
ITIH1,0.149594327,9.507851354,0.392404218,0.698410752,0.998285169,-4.681455253
CD109,-0.082506911,8.710448233,-0.392353544,0.698447664,0.998285169,-4.681459001
HTRA4,0.129262618,11.39875182,0.392149859,0.698596042,0.998285169,-4.681474062
LAMB2,0.121475653,9.615526056,0.390727597,0.699632453,0.998285169,-4.681579019
COL2A1,0.201963841,15.96466362,0.390357005,0.699902604,0.998285169,-4.681606306
ANP32A,0.08249254,9.705869127,0.389610322,0.700447038,0.998285169,-4.681661208
KRT73,-0.131362734,9.577161432,-0.306394852,0.762216911,0.998285169,-4.681679377
CEMIP,0.178183803,8.352224375,0.260359681,0.797151688,0.998285169,-4.681693162
PITPNB,-0.046969597,7.394303599,-0.306038859,0.762484299,0.998285169,-4.681698958
HGS,0.075976555,6.90564264,0.389013774,0.700882121,0.998285169,-4.681704997
SNX3,-0.087321651,7.585906993,-0.388930722,0.700942702,0.998285169,-4.681711088
RPL30,0.078048563,12.40121608,0.38794778,0.701659847,0.998285169,-4.681783082
OLFML1,0.165779975,9.096299209,0.387609424,0.701906775,0.998285169,-4.681807823
BHMT,0.127827894,10.73109207,0.387306711,0.702127718,0.998285169,-4.68182994
CHMP1A,-0.068470483,7.489262802,-0.234258123,0.817079764,0.998285169,-4.681836033
ATG3,0.041283884,6.141883926,0.303367273,0.764491903,0.998285169,-4.681845185
SMAD3,0.076323676,7.481493353,0.33433161,0.741330751,0.998285169,-4.681847382
DYNLL2,0.084303323,7.439406217,0.387018673,0.702337976,0.998285169,-4.681850969
SNRNP200,-0.021557574,6.694223703,-0.13814156,0.891459895,0.998285169,-4.681869987
DENR,0.086980366,5.908438543,0.302880575,0.764857822,0.998285169,-4.681871689
SCYL1,0.038614523,6.974624797,0.232999308,0.818044184,0.998285169,-4.681887344
LOXL3,0.137486873,9.215238693,0.386174349,0.702954444,0.998285169,-4.681912524
JUP,0.103305271,6.89822353,0.385681873,0.703314113,0.998285169,-4.681948367
SPR,-0.095097734,8.483992916,-0.385610486,0.703366254,0.998285169,-4.681953559
EGFR,-0.02103083,6.609939441,-0.0922197,0.927452176,0.998285169,-4.681966327
RAD50,-0.016071514,5.504540207,-0.086244854,0.932139844,0.998285169,-4.682056246
CCDC124,-0.046851306,7.353952991,-0.297549329,0.768869733,0.998285169,-4.682159259
SUCLG2,-0.017960581,6.016272634,-0.07771059,0.938839905,0.998285169,-4.682174255
BMP3,-0.236196461,7.567654639,-0.382265316,0.705811263,0.998285169,-4.682195799
PRPF8,0.018880115,5.903043653,0.122623294,0.903584914,0.998285169,-4.682213038
MAGED2,-0.046263945,8.190419657,-0.224003787,0.82494447,0.998285169,-4.682246046
SERPINA3,0.111695989,7.55447493,0.295095963,0.770718195,0.998285169,-4.682289904
RPE,0.020302749,6.651071506,0.067968093,0.9464942,0.998285169,-4.682293969
C1QBP,0.019303318,6.560943412,0.062419235,0.950856148,0.998285169,-4.682355002
CHI3L1,-0.139812298,10.72624626,-0.379584837,0.707772788,0.998285169,-4.682388417
RAB11A,0.046985119,9.363575634,0.379453966,0.70786861,0.998285169,-4.682397787
FAM162A,0.028774246,8.11790865,0.113151071,0.910998009,0.998285169,-4.682402418
FBXO7,-0.024057141,7.195659715,-0.056043835,0.955869789,0.998285169,-4.682418717
CENPV,-0.096720405,7.608257435,-0.379102599,0.708125901,0.998285169,-4.68242293
TCERG1,0.067988865,7.198137496,0.243735208,0.809828703,0.998285169,-4.682431242
XRCC1,0.077487805,8.547449562,0.32460922,0.748577269,0.998285169,-4.682432798
SRPX,-0.113247852,11.69815672,-0.378777341,0.708364105,0.998285169,-4.682446184
USO1,-0.055506804,6.65910256,-0.378298644,0.708714737,0.998285169,-4.682480372
LYPLA1,0.076442595,8.523249619,0.377983373,0.708945699,0.998285169,-4.682502865
LARS1,-0.073492738,7.464257837,-0.377887144,0.709016201,0.998285169,-4.682509727
PCOLCE2,0.086809809,12.44197501,0.37762541,0.709207972,0.998285169,-4.682528383
B3GNT9,-0.096888795,7.50261359,-0.215390838,0.831564938,0.998285169,-4.682576373
GPNMB,-0.142468614,8.655985961,-0.288842379,0.775436173,0.998285169,-4.682618094
FBLN1,-0.142520049,9.43956394,-0.375894102,0.710476987,0.998285169,-4.682651464
DAP,0.004073376,6.618385617,0.014078334,0.988908683,0.998285169,-4.682667016
PSMC1,-0.060161834,8.727170531,-0.375565886,0.71071766,0.998285169,-4.682674735
IST1,-0.053669327,7.637508966,-0.374807443,0.711273925,0.998285169,-4.682728434
RASA3,0.062692976,6.668614115,0.319549343,0.752358089,0.998285169,-4.682730754
CFD,0.074377769,11.75240355,0.374676675,0.71136985,0.998285169,-4.682737682
RPS11,0.082803337,9.805673379,0.373345423,0.712346678,0.998285169,-4.682831648
PCSK6,0.063571564,6.813880992,0.207915674,0.83732127,0.998285169,-4.682852652
SF3B3,-0.07405176,7.514445142,-0.372940377,0.712643986,0.998285169,-4.682860173
VPS36,-0.011978368,6.886346523,-0.08304743,0.934609506,0.998285169,-4.68290344
RAB18,-0.075636693,7.815095802,-0.372107283,0.713255634,0.998285169,-4.682918748
PLBD1,-0.090467592,7.064093399,-0.371997818,0.713336017,0.998285169,-4.682926435
LRRC40,0.045886555,7.573049694,0.282379436,0.780321439,0.998285169,-4.682949988
LYG1,0.118434842,5.932405949,0.23119896,0.819424004,0.998285169,-4.68295595
EIF4E,0.040027192,7.267756631,0.280982823,0.781378351,0.998285169,-4.683020735
ACSL3,0.016596944,6.318575676,0.072721878,0.94272364,0.998285169,-4.683039924
ENPP2,0.108747105,8.285243614,0.369286954,0.715327746,0.998285169,-4.683116094
NQO2,-0.014408546,6.228768344,-0.061772104,0.951335265,0.998285169,-4.683164908
ABRAXAS2,0.010798975,5.985870684,0.052845848,0.958360029,0.998285169,-4.683251747
ACTN1,-0.081359792,10.16489522,-0.366638429,0.717275672,0.998285169,-4.683300082
RPS3A,-0.081125272,10.68974536,-0.366597781,0.717305583,0.998285169,-4.683302895
RPL9,-0.077618212,10.69033333,-0.366597747,0.717305608,0.998285169,-4.683302898
CASK,-0.078483122,7.368581661,-0.365962206,0.717773333,0.998285169,-4.68334685
NPEPPS,-0.067243238,9.442700072,-0.365825379,0.717874046,0.998285169,-4.683356302
CRYAB,-0.11147971,8.290296028,-0.365044087,0.71844922,0.998285169,-4.683410212
GOLPH3,-0.067436551,8.190549217,-0.364264013,0.719023668,0.998285169,-4.683463925
ATP6V1D,0.063954814,7.5344059,0.306700941,0.761987032,0.998285169,-4.683466659
FOLR2,-0.097442293,8.365981432,-0.364029992,0.719196035,0.998285169,-4.683480017
LNPEP,-0.002054574,7.72138691,-0.009662361,0.992382937,0.999053758,-4.683480898
TCAF2,-0.001149684,7.164556139,-0.006464009,0.994904226,0.999053758,-4.683485277
SAMM50,-0.043251579,7.061827695,-0.188684083,0.852173038,0.998285169,-4.683518914
TUBA4A,-0.052918999,10.11273561,-0.362650687,0.720212262,0.998285169,-4.683574656
PDXDC1,-0.067704121,9.357531522,-0.362467556,0.720347226,0.998285169,-4.683587195
KTN1,-0.071500266,6.945849568,-0.36222079,0.720529104,0.998285169,-4.683604081
DPP7,0.073538448,5.669326852,0.185549372,0.854599348,0.998285169,-4.683621429
EIF6,0.036699826,7.396992379,0.184549327,0.855373708,0.998285169,-4.683653775
PDAP1,-0.068871938,8.650178714,-0.361275581,0.72122592,0.998285169,-4.683668657
ZYX,0.083422825,6.184373893,0.36121253,0.721272411,0.998285169,-4.683672959
PFDN5,0.06072178,6.379259275,0.267233333,0.791806302,0.998285169,-4.683698742
ITCH,0.042218642,6.61829819,0.265642635,0.793015345,0.998285169,-4.683775014
COL1A2,0.113497013,11.26490047,0.359674277,0.722406979,0.998285169,-4.68377768
PLXDC2,-0.074352335,7.22292813,-0.359640934,0.722431579,0.998285169,-4.683779945
ACIN1,-0.078869401,7.396250369,-0.358806395,0.72304739,0.998285169,-4.68383657
PSMB4,-0.050857202,8.72632036,-0.358645206,0.723166354,0.998285169,-4.683847492
VCP,-0.073728517,10.38854654,-0.358624819,0.723181402,0.998285169,-4.683848874
PSMC2,0.049359559,9.665576831,0.358183762,0.723506959,0.998285169,-4.683878733
NT5E,-0.119681659,11.23976291,-0.357951986,0.723678062,0.998285169,-4.68389441
EPN1,-0.149680672,6.545907106,-0.298427067,0.768208752,0.998285169,-4.68392482
HNRNPM,-0.065487744,10.1969048,-0.356885975,0.724465206,0.998285169,-4.683966386
CGNL1,-0.047284373,6.79553179,-0.261154009,0.796429882,0.998285169,-4.683987809
PODNL1,0.121815033,7.869182595,0.355207298,0.725705373,0.998285169,-4.684079301
RAC1,0.058362729,10.46776114,0.354748592,0.726044388,0.998285169,-4.684110064
NDRG1,0.071375767,9.128333419,0.354413569,0.726292028,0.998285169,-4.684132509
ZNF330,0.033422088,6.323815944,0.168003013,0.868207069,0.998285169,-4.684163715
WNT11,0.096651943,6.927971042,0.3530952,0.727266832,0.998285169,-4.684220628
PRPF38B,0.060866097,8.438820543,0.352309449,0.727848041,0.998285169,-4.684272995
P3H1,-0.047317727,6.343486398,-0.254610168,0.801415303,0.998285169,-4.684291615
NELFA,-0.077142837,5.798121766,-0.290958683,0.773838537,0.998285169,-4.684327776
RAB35,0.117640305,6.022402652,0.289788959,0.774721457,0.998285169,-4.684389977
SNX5,-0.048629261,9.051355827,-0.350173695,0.729428672,0.998285169,-4.684414754
SORT1,-0.048936245,7.819206275,-0.251050769,0.804130682,0.998285169,-4.684453662
ARHGDIA,0.05557592,10.93970314,0.349352814,0.730036517,0.998285169,-4.684469015
DDX17,0.072384914,9.305379801,0.349014722,0.73028692,0.998285169,-4.684491326
CNPY2,0.107007138,8.480044159,0.348976142,0.730315496,0.998285169,-4.684493871
GLIPR2,-0.045985259,5.872300912,-0.154801686,0.878473042,0.998285169,-4.684536403
ASPN,0.112269715,10.08008049,0.348083572,0.730976721,0.998285169,-4.684552666
PYCR2,0.115618536,5.865308396,0.347492147,0.731414973,0.998285169,-4.684591543
RBPJ,0.040001739,7.035437801,0.152398847,0.880344021,0.998285169,-4.684600973
UBTF,0.05510554,7.320040557,0.247689474,0.806697258,0.998285169,-4.684604617
FKBP2,-0.076124168,9.456054391,-0.347163216,0.731658754,0.998285169,-4.684613137
KIF21A,-0.027803481,5.594376202,-0.151677213,0.880906064,0.998285169,-4.684620168
PSMA2,-0.052366959,8.253201314,-0.34680712,0.731922701,0.998285169,-4.684636492
LOC100053583,-0.030012007,6.466584688,-0.150854991,0.881546529,0.998285169,-4.684641929
LAMC1,0.116404187,10.58254082,0.345199346,0.733114843,0.998285169,-4.684741646
CCDC93,-0.051890946,7.037284219,-0.345060972,0.733217477,0.998285169,-4.684750674
DNM1,0.063145764,7.354501563,0.344683458,0.733497512,0.998285169,-4.684775286
SYPL1,0.070465018,7.879657432,0.243350887,0.810013354,0.998285169,-4.684796486
RPS27L,-0.109012956,9.788235246,-0.343973525,0.734024233,0.998285169,-4.684821497
SERPING1,0.091991757,9.154810555,0.242728411,0.81048943,0.998285169,-4.684823739
NCL,0.057409154,9.65370009,0.343715739,0.734215526,0.998285169,-4.684838254
CSRP1,-0.062666705,10.20400057,-0.342577835,0.735060128,0.998285169,-4.684912074
EIF2S3B,-0.056190623,7.807063851,-0.341285282,0.736019934,0.998285169,-4.684995636
HAGH,0.070794815,7.352398157,0.341005666,0.736227624,0.998285169,-4.685013671
IDH1,-0.051421489,10.06092673,-0.340656426,0.736487059,0.998285169,-4.685036178
RNPEP,0.038062142,7.31155582,0.237428982,0.814545508,0.998285169,-4.685052955
NFKB2,0.042700715,7.136841804,0.276825021,0.784527396,0.998285169,-4.68506279
FIS1,-0.082256561,7.798829026,-0.339995873,0.736977842,0.998285169,-4.685078685
SNRPC,0.050477999,7.416002664,0.236771455,0.81504914,0.998285169,-4.685081046
ACAA1,0.03978381,6.209793529,0.171126245,0.865781712,0.998285169,-4.685088735
LOC111772418,0.061168127,11.34867412,0.339509308,0.737339427,0.998285169,-4.685109943
PARP1,-0.077436869,9.23310181,-0.339067414,0.737667869,0.998285169,-4.685138294
SRP14,0.080514432,7.608078531,0.33825926,0.738268669,0.998285169,-4.68519005
VTN,0.098367298,12.62773432,0.337354792,0.738941274,0.998285169,-4.68524783
PLEKHO2,-0.09030995,6.191652491,-0.336576096,0.739520521,0.998285169,-4.685297453
CWF19L1,0.06226704,7.34982207,0.33524443,0.740511467,0.998285169,-4.685382055
HSD17B4,0.038163232,6.79593289,0.229069708,0.820954317,0.998285169,-4.68540433
SRP72,0.05307963,6.872744387,0.333968546,0.741461336,0.998285169,-4.685462803
LAMA4,0.097689443,9.522985276,0.333560118,0.741765491,0.998285169,-4.685488588
C1R,-0.052433661,6.435664877,-0.156210294,0.877376562,0.998285169,-4.685520149
CD14,0.071663642,7.835065978,0.226108913,0.823227368,0.998285169,-4.685525791
PYCR3,-0.056375457,9.423088406,-0.332698279,0.74240744,0.998285169,-4.685542895
ATP5F1B,-0.082262169,10.22779545,-0.332562431,0.742508646,0.998285169,-4.685551443
C2,0.144826316,8.333761039,0.33248983,0.742562735,0.998285169,-4.68555601
EIF4B,-0.04519696,5.25431204,-0.153772398,0.879274412,0.998285169,-4.685586938
RPL24,-0.082533262,10.77786476,-0.331710873,0.743143155,0.998285169,-4.685604946
TCP1,0.059156396,13.41043005,0.331625369,0.743206876,0.998285169,-4.685610311
ANXA4,0.099002272,11.48344561,0.33066564,0.74392223,0.998285169,-4.685670433
ACO1,-0.045486205,9.210087053,-0.330528874,0.74402419,0.998285169,-4.685678987
TJP1,-0.02357699,5.651733915,-0.1026783,0.91920381,0.998285169,-4.685711037
CAPZB,-0.05076666,10.71473228,-0.329970299,0.744440663,0.998285169,-4.685713886
SPTAN1,0.075999333,7.30530488,0.32960362,0.744714103,0.998285169,-4.685736764
OSBPL9,0.052562205,6.799364022,0.220516153,0.82752534,0.998285169,-4.685750948
FGF2,0.073959548,10.63348935,0.329174775,0.745033944,0.998285169,-4.685763489
CEMIP2,-0.033439478,6.702960352,-0.098708108,0.922317071,0.998285169,-4.68578106
TNPO1,-0.069894758,7.01945636,-0.32879854,0.745314586,0.998285169,-4.685786907
HDLBP,-0.065909574,8.859857364,-0.328726334,0.74536845,0.998285169,-4.685791399
GALK2,0.056947907,7.898718776,0.328619788,0.745447934,0.998285169,-4.685798024
TCEA1,-0.048686065,8.547131136,-0.259818636,0.797446521,0.998285169,-4.685899291
RNASEK,-0.020716983,6.451170306,-0.089635559,0.929436105,0.998285169,-4.685930728
PPFIBP1,-0.023862689,6.549936996,-0.089104984,0.929852629,0.998285169,-4.685939035
ASRGL1,0.062901446,7.567478621,0.326316455,0.747166931,0.998285169,-4.685940742
ITGBL1,0.101704795,8.037140922,0.326284708,0.747190634,0.998285169,-4.685942702
SPIN1,0.074382629,6.940028566,0.257444138,0.799255168,0.998285169,-4.686011917
TERF2,-0.048522654,6.929876897,-0.213033429,0.833284362,0.998285169,-4.686043443
ETFB,0.072880725,6.771930087,0.324146324,0.748787747,0.998285169,-4.686074303
UFL1,0.029381132,7.658511353,0.212227764,0.833905014,0.998285169,-4.686074339
ALDH1L2,0.036441525,7.631414425,0.079693379,0.937244466,0.998285169,-4.686078205
HADHB,-0.061252551,10.24574394,-0.323607124,0.749190647,0.998285169,-4.686107352
RPL26,-0.084426826,9.261795151,-0.323527627,0.749250054,0.998285169,-4.68611222
ANXA3,-0.074438462,8.151095139,-0.323312131,0.749411102,0.998285169,-4.686125411
RPL29,0.019503049,9.646720582,0.073264409,0.942297136,0.998285169,-4.686164359
EIF1B,0.01731286,7.379109787,0.070885168,0.944167678,0.998285169,-4.686194409
PPIL1,0.050654058,8.541171745,0.322177085,0.750259549,0.998285169,-4.686194742
CD81,-0.020659713,6.119901194,-0.066066135,0.947957368,0.998285169,-4.686252236
HM13,-0.016125002,6.851554141,-0.065557897,0.948357122,0.998285169,-4.686258098
PPIA,-0.084944916,12.80055253,-0.320899958,0.751214587,0.998285169,-4.686272465
EIF3J,-0.0543549,7.515194479,-0.32089315,0.75121968,0.998285169,-4.686272879
SLK,0.052415105,7.403105386,0.32057019,0.751461255,0.998285169,-4.686292485
CLTA,-0.098568313,7.160780399,-0.320045346,0.751853896,0.998285169,-4.686324306
SH3GL1,0.060603374,8.379402579,0.320014363,0.751877077,0.998285169,-4.686326183
PRDX3,0.04636865,7.924406003,0.204459991,0.839894614,0.998285169,-4.686366255
CHMP5,0.011759176,7.407600494,0.052735352,0.95844701,0.998285169,-4.686391017
PPM1B,0.060024466,6.807006104,0.203672869,0.840502111,0.998285169,-4.686395233
PGLS,-0.050162059,9.698032905,-0.318415245,0.753073827,0.998285169,-4.68642281
PPP1CA,-0.054047678,7.117391798,-0.318266683,0.75318504,0.998285169,-4.686431763
EEF1E1,0.010873609,7.301058676,0.046509602,0.963348656,0.998285169,-4.686445166
RPS13,-0.071966943,11.55793324,-0.317447714,0.753798217,0.998285169,-4.686481042
SUMO2,0.008379852,9.296276365,0.039270171,0.969050247,0.998285169,-4.686499592
WNK1,0.008524178,5.628701192,0.039116682,0.969171151,0.998285169,-4.686500647
COPE,0.064728,12.4131378,0.31638247,0.754596032,0.998285169,-4.686544954
CHST12,0.071761358,7.297418231,0.199088209,0.844042539,0.998285169,-4.686561808
CAP1,-0.056143013,8.242164156,-0.316086979,0.754817389,0.998285169,-4.686562645
ATL3,0.049641159,6.171145273,0.199050373,0.844071772,0.998285169,-4.686563167
NRBP1,0.043261635,6.341439479,0.198054521,0.844841258,0.998285169,-4.686598845
RAP1GDS1,-0.005487357,5.795351609,-0.019804485,0.984388481,0.998285169,-4.686600383
GPHN,-0.003241187,7.415815052,-0.018624992,0.985318138,0.998285169,-4.686604356
PSMC6,0.054116932,9.158489638,0.315362255,0.755360384,0.998285169,-4.686605965
ALDOC,0.07681133,9.841322285,0.315171824,0.755503084,0.998285169,-4.686617332
YBX1,0.061157723,8.325252672,0.315125749,0.755537612,0.998285169,-4.686620081
PRKACA,0.04181216,6.304178816,0.197235168,0.845474482,0.998285169,-4.686628066
CDC42BPB,0.00056119,7.032896597,0.002998734,0.997635994,0.999063573,-4.686633975
ITM2C,-0.001101236,6.301407624,-0.002585814,0.997961512,0.999063573,-4.686634177
SNAP23,-0.051016845,6.800876534,-0.242962422,0.810310447,0.998285169,-4.68667666
ECHS1,-0.058594246,7.617847831,-0.312963071,0.757158877,0.998285169,-4.686748679
STAT5A,0.028437491,7.085044668,0.193598618,0.848286221,0.998285169,-4.686756306
PRRC1,0.045562045,6.755538401,0.192477002,0.84915386,0.998285169,-4.68679538
PSMC3,0.07649739,9.044820607,0.312156651,0.757763706,0.998285169,-4.686796407
ANXA6,-0.068341833,11.39268125,-0.311675394,0.758124734,0.998285169,-4.686824833
TBCA,-0.040917965,7.889241848,-0.191460949,0.849940009,0.998285169,-4.686830582
PRKCA,0.05517434,8.547532307,0.310933266,0.758681569,0.998285169,-4.686868582
UGGT1,0.034796467,6.86747484,0.189749525,0.851264547,0.998285169,-4.686889457
RPL8,0.068992958,8.911001327,0.309060728,0.760087173,0.998285169,-4.686978514
TXN,0.09045339,12.29331992,0.307568957,0.761207561,0.998285169,-4.687065624
ATP6V1A,0.059184583,8.347902387,0.306903688,0.761707382,0.998285169,-4.687104338
H1-10,-0.087892386,12.62426042,-0.306736493,0.761833014,0.998285169,-4.687114055
TRNT1,0.032702259,6.333326577,0.182672685,0.856746316,0.998285169,-4.68712733
ADRM1,0.044307891,8.252704901,0.306175337,0.762254718,0.998285169,-4.687146628
SEPTIN5,0.018934452,6.325377599,0.076630057,0.939651674,0.998285169,-4.687159076
RPL32,-0.082206553,11.01233338,-0.305395649,0.762840773,0.998285169,-4.687191789
LPAR1,0.085248823,8.809394861,0.305363208,0.762865161,0.998285169,-4.687193666
SEC13,-0.071501363,7.65919638,-0.304803899,0.76328566,0.998285169,-4.687225989
USP39,-0.03146847,5.665188725,-0.179212894,0.859429006,0.998285169,-4.687240351
CDC37,-0.059153114,8.370429813,-0.303899483,0.763965777,0.998285169,-4.687278132
COL1A1,0.115642989,12.49144414,0.303546912,0.764230961,0.998285169,-4.687298418
PRKAR2A,0.065652139,6.563493448,0.303348996,0.764379836,0.998285169,-4.687309796
ATP1B3,-0.115089446,9.030075461,-0.303251121,0.764453461,0.998285169,-4.687315419
EIF3D,-0.051863876,8.082420636,-0.303129905,0.764544649,0.998285169,-4.687322382
SLC44A1,0.047508769,7.401034242,0.176564357,0.861483833,0.998285169,-4.687325419
REELD1,0.062994969,6.749015922,0.302965434,0.764668381,0.998285169,-4.687331824
STOML2,0.078796256,5.542006815,0.302582207,0.764956709,0.998285169,-4.687353806
DNAJB2,-0.044160294,5.801934216,-0.227174192,0.822409352,0.998285169,-4.687357953
RPL18A,-0.073060904,10.60716258,-0.30240153,0.765092657,0.998285169,-4.68736416
DNASE1L3,-0.084783553,8.47100099,-0.175283877,0.862477636,0.998285169,-4.687366094
CSGALNACT1,0.108973758,7.601595162,0.302345655,0.765134701,0.998285169,-4.687367361
MVP,0.083389381,6.709142723,0.30162079,0.765680204,0.998285169,-4.687408832
C1QC,0.086098999,10.07247987,0.301348585,0.765885085,0.998285169,-4.68742438
P02801,-0.090956501,8.832663352,-0.225451737,0.823732109,0.998285169,-4.687429537
ANXA1,0.058953327,13.36567522,0.30083361,0.766272741,0.998285169,-4.687453757
DNM1L,0.087398352,6.534793324,0.299892963,0.766980991,0.998285169,-4.687507289
IKBIP,0.012750754,6.488356091,0.043933296,0.965377474,0.998285169,-4.687508093
H1-0,-0.088304131,12.19257696,-0.299369426,0.767375272,0.998285169,-4.687537012
ENO1,0.045336607,15.66621386,0.299051589,0.76761467,0.998285169,-4.687555031
LOC100060815,-0.067731734,8.270444474,-0.168684202,0.867603413,0.998285169,-4.687571067
H2BC21,-0.076171525,16.5597333,-0.298746895,0.767844191,0.998285169,-4.687572288
RCN1,-0.070639333,6.688510576,-0.220016814,0.827909348,0.998285169,-4.687651865
LGALS4,-0.084800413,7.794367216,-0.297323666,0.768916571,0.998285169,-4.687652665
BUB3,0.037063265,8.256458913,0.296290929,0.769695017,0.998285169,-4.687710752
LEMD2,0.0267853,7.610571637,0.160264908,0.874151063,0.998285169,-4.687821188
ESD,0.063784612,10.61980565,0.293433683,0.771850013,0.998285169,-4.68787042
HEXA,0.054695876,7.751645437,0.291837337,0.773054831,0.998285169,-4.687958963
MRGPRF,0.061678434,7.971822581,0.150692203,0.881606912,0.998285169,-4.688090086
MYADM,-0.086356301,10.5053253,-0.288624072,0.775481762,0.998285169,-4.688135744
PRKAB2,-0.042023593,5.444330628,-0.146529495,0.884852651,0.998285169,-4.688201871
TMEM33,-0.04183034,6.774590739,-0.146259447,0.885063284,0.998285169,-4.688209015
CD55,0.071613487,9.030318802,0.287200472,0.776557735,0.998285169,-4.688213448
SCRG1,0.077800908,7.709139454,0.287091341,0.776640236,0.998285169,-4.688219389
PSMA1,0.047970242,9.433608882,0.28656839,0.777035617,0.998285169,-4.688247827
GNL1,-0.0396762,8.239516982,-0.286204246,0.777310967,0.998285169,-4.688267599
EIF5B,0.029930065,6.796346067,0.143101632,0.887526973,0.998285169,-4.68829158
PGK1.1,0.048729956,15.04515023,0.285474506,0.777862854,0.998285169,-4.688307147
SNU13,0.061562526,8.191822032,0.285466763,0.77786871,0.998285169,-4.688307566
CST3,0.067483193,8.916780844,0.284507991,0.778593993,0.998285169,-4.688359373
CARMIL1,-0.04328268,6.217297395,-0.284110908,0.778894435,0.998285169,-4.688380779
LOC111772179,-0.049201329,7.154231319,-0.283028307,0.779713735,0.998285169,-4.688438991
DPYSL2,0.065470138,11.2377418,0.282582263,0.780051371,0.998285169,-4.68846291
ABCC1,-0.054532263,6.635864485,-0.19791094,0.844952214,0.998285169,-4.688500663
TGFB1,-0.030300606,7.046604148,-0.132082724,0.896132745,0.998285169,-4.688565614
SEPHS1,0.056022843,7.727329774,0.280578407,0.781568753,0.998285169,-4.688569911
ADAMTSL4,-0.062997135,8.734749132,-0.280207256,0.781849897,0.998285169,-4.688589647
EIF4G2,-0.046630341,6.401136243,-0.280072638,0.781951877,0.998285169,-4.688596799
FAM171B,0.090778388,9.466732019,0.279990228,0.782014309,0.998285169,-4.688601175
RAB13,0.050694225,7.770312476,0.279698927,0.782235003,0.998285169,-4.688616636
EIF2A,0.045347789,7.970671209,0.279679564,0.782249673,0.998285169,-4.688617663
PCNA,0.020480079,6.486987858,0.129456463,0.898185829,0.998285169,-4.688627699
GNB1,0.063551922,11.31329715,0.278874037,0.782860052,0.998285169,-4.688660328
CP,-0.076649977,8.604340126,-0.278546847,0.783108018,0.998285169,-4.688677623
LRRC17,0.060128346,7.454253285,0.278219937,0.783355795,0.998285169,-4.688694884
TES,-0.090133413,6.100048768,-0.278178353,0.783387315,0.998285169,-4.688697078
MAN2B1,-0.028872453,7.325192388,-0.123438587,0.902893042,0.998285169,-4.688765272
FABP3,-0.084672672,8.444247446,-0.276627121,0.784563383,0.998285169,-4.688778696
PSMB7,-0.06397815,8.380877254,-0.275694045,0.785271049,0.998285169,-4.688827572
NIPSNAP2,-0.023827618,8.16152332,-0.119391829,0.906060504,0.998285169,-4.688854112
GCA,-0.052226118,7.953849244,-0.273552529,0.786895938,0.998285169,-4.688939133
U2AF2,0.066600295,7.967562752,0.272954255,0.787350059,0.998285169,-4.688970146
CRYZ,-0.054332766,10.7160544,-0.272855148,0.787425294,0.998285169,-4.688975277
ALDH3A2,0.026036056,7.033376376,0.112679238,0.911318058,0.998285169,-4.688994961
CD63,0.044903891,6.86581406,0.112204064,0.911690392,0.998285169,-4.689004623
CHP1,0.036180701,7.434299684,0.183337265,0.856231209,0.998285169,-4.689011452
SORBS2,-0.031546238,7.804683304,-0.110365852,0.913130965,0.998285169,-4.689041618
LOC111767503,0.026825478,7.445034527,0.109579218,0.913747528,0.998285169,-4.689057263
RPS14,-0.072402406,10.0470733,-0.270402945,0.789287503,0.998285169,-4.689101646
ZNF207,-0.041894153,7.354169776,-0.106971745,0.915791662,0.998285169,-4.689108324
RHOA,0.078351073,9.456901768,0.270246913,0.789406037,0.998285169,-4.689109648
ETF1,0.042463624,8.176921864,0.269307325,0.790119935,0.998285169,-4.689157742
TPM4,-0.060075455,9.004142216,-0.268254783,0.790919878,0.998285169,-4.68921142
EMILIN1,0.068229137,11.08169422,0.267712246,0.791332304,0.998285169,-4.689239007
FLNA,-0.075398939,7.652643867,-0.266189784,0.792489982,0.998285169,-4.689316129
SDHA,-0.040679137,6.983327923,-0.265874225,0.792729994,0.998285169,-4.689332059
EEFSEC,-0.070094938,7.465173025,-0.265590663,0.792945686,0.998285169,-4.689346358
SF3A3,0.055776275,7.541738419,0.264050882,0.794117224,0.998285169,-4.689423741
AIMP1,0.101958418,8.348685948,0.263369529,0.794635788,0.998285169,-4.689457841
BPGM,0.05867623,8.158759967,0.262040904,0.795647256,0.998285169,-4.689524085
PPP1CB,-0.023344269,7.76762166,-0.081974826,0.935416205,0.998285169,-4.68953552
MACROH2A2,-0.063756453,8.313390771,-0.261806147,0.795826012,0.998285169,-4.689535755
STARD13,-0.015875692,6.324964285,-0.079916252,0.937034397,0.998285169,-4.68956567
LUC7L3,-0.016178129,6.167246089,-0.077949398,0.93858075,0.998285169,-4.689593761
PRDX4,-0.074724435,9.383343043,-0.260595982,0.796747675,0.998285169,-4.68959575
RTCB,-0.04236446,8.020717765,-0.258854823,0.798074273,0.998285169,-4.689681588
HNRNPL,-0.047775769,8.445172486,-0.258328224,0.798475615,0.998285169,-4.689707437
STX12,-0.013470023,6.579547695,-0.067552785,0.946758605,0.998285169,-4.689730629
PLEKHF1,-0.067383883,7.248328636,-0.257521741,0.799090378,0.998285169,-4.689746924
COL5A2,0.088935389,8.899135385,0.256287892,0.800031168,0.998285169,-4.689807098
SARS1,-0.011360512,7.629703144,-0.060875201,0.952014342,0.998285169,-4.689808229
PDE12,-0.056931492,7.016383294,-0.255868521,0.800351002,0.998285169,-4.689827485
ZC3HAV1L,0.011776406,7.72821789,0.057909148,0.954349569,0.998285169,-4.68984011
ATP5F1A,-0.052677592,10.4385028,-0.254726723,0.801221978,0.998285169,-4.689882826
HMGB3,-0.120551961,7.418578873,-0.254214743,0.801612607,0.998285169,-4.689907561
DNAJC2,0.060360796,6.013767655,0.253919838,0.801837637,0.998285169,-4.689921786
NSF,-0.038914251,7.520711994,-0.253893114,0.80185803,0.998285169,-4.689923074
SRRT,0.046996258,7.883349503,0.253385209,0.802245636,0.998285169,-4.689947533
RRBP1,-0.059101073,9.008495185,-0.252686098,0.802779245,0.998285169,-4.68998112
ADAMTSL5,0.020532513,7.559223966,0.042109872,0.966795173,0.998285169,-4.689983118
ECH1,0.051345266,6.911753688,0.25248389,0.802933602,0.998285169,-4.689990817
SRRM2,-0.009240867,5.914542915,-0.040202825,0.968298066,0.998285169,-4.689997325
PPIL3,-0.083743563,7.83588989,-0.25091885,0.804128565,0.998285169,-4.690065614
FAM98B,0.004322908,7.293877106,0.028908894,0.977200794,0.998285169,-4.690067971
GDF15,-0.009346303,6.219484084,-0.02259548,0.982178902,0.998285169,-4.690097402
NUDC,0.04335736,7.741894996,0.250224984,0.804658512,0.998285169,-4.690098627
VTA1,0.04277178,7.514057831,0.250017601,0.804816921,0.998285169,-4.690108477
COL3A1,0.159756725,13.39802362,0.250012966,0.804820462,0.998285169,-4.690108697
CHMP6,0.003031508,7.064972341,0.017958269,0.985835816,0.998285169,-4.690114424
PDHA1,-0.050553495,8.264538456,-0.249588571,0.805144663,0.998285169,-4.690128828
G6PD,-0.040757019,7.744051348,-0.249576533,0.80515386,0.998285169,-4.690129399
FBXO22,0.001891411,6.42822128,0.010090372,0.992041137,0.999053758,-4.6901344
HCFC1,0.001093954,7.074896452,0.00725309,0.994279017,0.999053758,-4.690138854
PSMB6,0.047254977,9.290966212,0.24744782,0.806780557,0.998285169,-4.690229857
PROC,0.080016812,5.722561224,0.246181495,0.807748667,0.998285169,-4.690289214
GOT1.1,-0.044992517,7.556667951,-0.13921762,0.890558826,0.998285169,-4.690320814
MSN,-0.037787783,9.736077528,-0.243179303,0.810045108,0.998285169,-4.690428731
VDAC1,-0.048835394,9.05424517,-0.24308709,0.810115671,0.998285169,-4.690432989
ERP29,0.074827766,10.13220337,0.24210332,0.810868576,0.998285169,-4.690478321
EMILIN3,0.098971689,7.987694277,0.240897456,0.81179171,0.998285169,-4.690533638
SERPINE2,-0.078909082,11.04843137,-0.240868929,0.811813552,0.998285169,-4.690534943
AP3M1,-0.041073157,7.101727635,-0.239877751,0.81257255,0.998285169,-4.690580202
CFL1,0.049164224,11.01135992,0.23986605,0.812581511,0.998285169,-4.690580735
RRAS,-0.048071565,9.021742072,-0.239108695,0.813161588,0.998285169,-4.69061519
VAPA,-0.059551493,6.789032554,-0.238809079,0.8133911,0.998285169,-4.690628791
LOC102148317,0.065495882,8.78327831,0.238638271,0.813521951,0.998285169,-4.690636538
CFP,-0.066420827,11.16192223,-0.238574479,0.813570822,0.998285169,-4.690639429
GNA13,-0.061267211,11.1159128,-0.237521506,0.814377607,0.998285169,-4.690687048
ADGRG2,-0.08947074,7.771195703,-0.23742227,0.814453652,0.998285169,-4.690691525
LOC100147364,0.050235622,8.553435289,0.237291861,0.814553589,0.998285169,-4.690697406
MYH9,-0.052263918,8.048253119,-0.237186289,0.814634493,0.998285169,-4.690702164
PLCD1,0.04041569,10.07080468,0.235931085,0.815596582,0.998285169,-4.690758577
RNASE4,0.066702941,12.65566889,0.235308352,0.816074004,0.998285169,-4.690786454
COLEC12,0.043018504,8.209948835,0.233939057,0.817124039,0.998285169,-4.690847496
YARS1,-0.046892762,7.447099475,-0.233754968,0.817265234,0.998285169,-4.690855675
PAM,0.071141239,6.537034616,0.233404698,0.817533904,0.998285169,-4.690871221
PRDX2,-0.07807196,10.09717792,-0.233363431,0.817565559,0.998285169,-4.690873051
ITGB1,-0.053884581,8.179240466,-0.232961035,0.817874244,0.998285169,-4.690890879
USP5,0.043914225,7.168009946,0.231464276,0.819022696,0.998285169,-4.690956923
H9GZT5,0.087728278,14.05586972,0.23134262,0.819116061,0.998285169,-4.690962272
HMGB2,-0.075661073,9.975691901,-0.230998803,0.819379936,0.998285169,-4.690977375
SEPTIN2,-0.037713266,9.182767136,-0.230989662,0.819386952,0.998285169,-4.690977777
PDCD6IP,0.038846781,8.869545363,0.229513819,0.82051989,0.998285169,-4.691042352
DNAJB1,0.036834713,8.777400004,0.229055243,0.820872001,0.998285169,-4.691062334
QSOX1,0.048410335,9.472604681,0.228478582,0.821314835,0.998285169,-4.691087404
DSP,0.064312024,7.668468208,0.228083023,0.821618631,0.998285169,-4.691104565
DPYSL3,0.061234017,8.945925301,0.227891657,0.821765613,0.998285169,-4.691112857
AARS1,-0.041666635,7.390423595,-0.227300093,0.822220018,0.998285169,-4.691138445
HNRNPC,0.046115612,10.73217652,0.226991607,0.822457005,0.998285169,-4.691151762
HNRNPH3,0.044382426,7.750126879,0.226302041,0.822986808,0.998285169,-4.691181465
P4HA1,-0.043974557,7.881681788,-0.226283485,0.823001066,0.998285169,-4.691182263
PCBP1,-0.035700021,10.47954542,-0.225947739,0.823259057,0.998285169,-4.691196692
CRYL1,-0.039742721,11.25825435,-0.225751378,0.823409953,0.998285169,-4.691205121
PLEKHA5,-0.036921423,6.719488388,-0.225319159,0.823742119,0.998285169,-4.691223649
PFDN4,-0.01671721,8.381957149,-0.097344134,0.923344297,0.998285169,-4.691233133
DHRS11,-0.051410917,8.524829453,-0.224505736,0.824367339,0.998285169,-4.691258422
AK1,-0.040843091,10.75454415,-0.224325853,0.824505618,0.998285169,-4.691266095
ADIPOQ,0.110098945,8.820319533,0.224321341,0.824509086,0.998285169,-4.691266287
MTA1,-0.062406735,6.841258335,-0.224156397,0.824635887,0.998285169,-4.691273317
GAPDH,0.035411115,14.79037318,0.222649885,0.825794242,0.998285169,-4.69133729
GMPR,-0.074735696,5.971335707,-0.222543611,0.825875971,0.998285169,-4.691341787
LMNB2,-0.042556198,10.01722349,-0.22112731,0.826965359,0.998285169,-4.69140151
RCC2,0.014105381,6.583767774,0.086559793,0.931813118,0.998285169,-4.691415886
RPLP2,0.066862853,9.029983179,0.219930343,0.827886317,0.998285169,-4.691451689
GNA12,-0.010257984,7.229782141,-0.083438771,0.934265609,0.998285169,-4.691464781
NCK2,-0.01920491,6.502589828,-0.083363679,0.934324625,0.998285169,-4.691465936
EWSR1,-0.054697214,7.206341171,-0.218647365,0.828873734,0.998285169,-4.691505175
MMP2,0.064144614,6.972720185,0.217324151,0.829892419,0.998285169,-4.691560012
HNRNPA1,-0.043196573,9.571706644,-0.217248606,0.829950588,0.998285169,-4.691563132
ANXA11,-0.048266105,9.787954925,-0.215892245,0.830995126,0.998285169,-4.691618981
DDAH1,-0.055877566,10.68899865,-0.215335263,0.831424152,0.998285169,-4.691641814
CRK,-0.046547612,7.064153172,-0.215081496,0.831619639,0.998285169,-4.691652198
DSTN,0.036558593,9.671845468,0.212776069,0.833396108,0.998285169,-4.691745975
HPX,-0.077216072,10.52827923,-0.212471336,0.833630991,0.998285169,-4.691758296
SUPT5H,0.010744534,6.077790301,0.061323515,0.951661414,0.998285169,-4.691759862
BAG1,0.038048252,5.890238226,0.211520416,0.834364047,0.998285169,-4.691796629
QKI,-0.043154466,7.227115021,-0.211475093,0.83439899,0.998285169,-4.691798452
C1QA,-0.051925843,8.694251775,-0.21125197,0.834571017,0.998285169,-4.69180742
CAPZA2,0.038444674,9.989077066,0.210817983,0.834905644,0.998285169,-4.691824836
NDNF,0.082216939,10.11500357,0.210806834,0.834914241,0.998285169,-4.691825283
RPL6,0.043877786,12.03476412,0.210750258,0.834957867,0.998285169,-4.691827551
APOA4,-0.083691925,8.606779521,-0.209816007,0.835678344,0.998285169,-4.69186491
VDAC2,-0.042576288,9.62784946,-0.209815318,0.835678875,0.998285169,-4.691864937
APOA2,0.108935741,8.262447149,0.209739562,0.835737303,0.998285169,-4.69186796
U2AF1,-0.054589156,7.889527081,-0.208914283,0.836373875,0.998285169,-4.691900812
NDP,0.028442456,6.744280877,0.046172777,0.963593733,0.998285169,-4.691910006
MTHFD1,-0.033483122,11.12468764,-0.206886726,0.8379383,0.998285169,-4.691980979
RFLNA,0.059240577,6.436062928,0.206337668,0.838362061,0.998285169,-4.692002554
DBI,-0.069213676,9.304195744,-0.205764907,0.838804169,0.998285169,-4.692025
RPS16,-0.045561924,12.05646657,-0.205136764,0.839289089,0.998285169,-4.692049545
BUD31,-0.060631546,7.572835916,-0.204889734,0.839479811,0.998285169,-4.692059178
ATP5PO,-0.057044361,8.447950226,-0.204254064,0.839970633,0.998285169,-4.692083912
STXBP1,-0.040971063,7.681398859,-0.204231983,0.839987684,0.998285169,-4.692084769
GNAI2,-0.049768107,10.58792578,-0.203999054,0.840167553,0.998285169,-4.692093813
RAP1B,-0.046100477,9.365546045,-0.203934036,0.840217763,0.998285169,-4.692096335
C9,0.000309914,8.534518079,0.000990506,0.999218717,0.99955268,-4.692106487
NAPG,-4.26E-05,7.101068667,-0.000189181,0.999850779,0.999850779,-4.692106574
RPL28,-0.058880492,9.9915059,-0.203459732,0.840584057,0.998285169,-4.692114712
APOD,0.103211291,10.00832881,0.202731306,0.841146676,0.998285169,-4.692142851
CLTB,-0.045391288,7.632687412,-0.202410174,0.841394738,0.998285169,-4.692155225
H2AC19,0.06045898,17.02618567,0.200807214,0.842633213,0.998285169,-4.692216698
PDCD10,-0.035292847,8.435797774,-0.200248227,0.843065195,0.998285169,-4.692238021
RPL13,-0.047627377,11.9879186,-0.199369123,0.843744661,0.998285169,-4.692271436
TAGLN2,0.055590377,9.466084674,0.19899862,0.844031063,0.998285169,-4.692285475
SERPINH1,0.064570174,8.8224488,0.197735404,0.845007706,0.998285169,-4.692333145
LOC100066977,-0.038500302,6.392300458,-0.197158454,0.845453854,0.998285169,-4.692354817
SGTA,-0.048304856,7.247383965,-0.197129176,0.845476496,0.998285169,-4.692355915
PPP2R2A,-0.035701539,6.846994635,-0.195942171,0.846394563,0.998285169,-4.692400298
DDAH2,-0.057546107,8.245721999,-0.195690341,0.846589365,0.998285169,-4.69240968
ETFA,-0.053644436,7.756052399,-0.194987161,0.84713336,0.998285169,-4.692435813
LOC111772161,0.03931638,8.742548108,0.194698073,0.847357026,0.998285169,-4.69244653
SEC24D,0.040586853,7.95113091,0.194435643,0.847560079,0.998285169,-4.692456245
HMGN1,-0.045762326,6.211784182,-0.194417198,0.847574352,0.998285169,-4.692456927
GPX3,0.048768599,9.626384545,0.193808597,0.848045295,0.998285169,-4.692479404
MVB12A,-0.034842745,7.629339291,-0.19357264,0.848227897,0.998285169,-4.6924881
FBXO2,-0.044611372,8.630781535,-0.193554318,0.848242077,0.998285169,-4.692488775
PSMD8,-0.035802569,7.83139464,-0.192048791,0.849407381,0.998285169,-4.692544005
PRDX1,0.043316828,13.04101561,0.191867556,0.849547684,0.998285169,-4.692550624
HNRNPD,-0.026922295,10.63567595,-0.190746809,0.850415422,0.998285169,-4.692591422
TCN2,0.04845881,8.999442787,0.190465093,0.85063357,0.998285169,-4.692601639
QDPR,-0.036939699,8.674825373,-0.190462815,0.850635334,0.998285169,-4.692601722
SNRNP70,0.039249866,9.246991513,0.189768108,0.851173338,0.998285169,-4.692626854
ALDH1L1,0.039498632,8.726493775,0.188477809,0.852172784,0.998285169,-4.692673291
C3,-0.066015428,11.3610347,-0.187186368,0.853173367,0.998285169,-4.692719452
PFDN1,0.047635617,7.993973416,0.186692498,0.853556075,0.998285169,-4.692737022
NAGA,-0.045448092,7.794657144,-0.186598536,0.853628892,0.998285169,-4.69274036
NUCKS1,0.060440479,7.224129314,0.186566507,0.853653714,0.998285169,-4.692741497
ACAN,-0.042101954,16.83483158,-0.184838408,0.854993167,0.998285169,-4.692802571
PHB2,-0.035168742,8.994101114,-0.183767937,0.855823116,0.998285169,-4.692840119
MBNL1,-0.039438447,8.099600341,-0.183681251,0.855890332,0.998285169,-4.69284315
RPL34,0.050501278,9.714182984,0.18357807,0.855970339,0.998285169,-4.692846757
RPS10,0.040052539,9.53934759,0.183068134,0.856365773,0.998285169,-4.692864549
SND1,0.033491557,10.35522337,0.181980481,0.85720933,0.998285169,-4.692902334
RPS25,-0.042536579,13.16059902,-0.18107886,0.857908737,0.998285169,-4.692933486
PTMA,0.06065408,6.907848956,0.180636059,0.85825227,0.998285169,-4.692948729
GLA,-0.043231567,8.221794819,-0.180107854,0.8586621,0.998285169,-4.692966864
PSMD1,-0.027016531,7.521813422,-0.178986675,0.859532147,0.998285169,-4.693005182
NACA,-0.036066305,8.458642451,-0.178252542,0.860101941,0.998285169,-4.693030143
UBA6,-0.027900861,7.956043614,-0.178224805,0.860123471,0.998285169,-4.693031084
ANXA2,-0.029633608,13.66851612,-0.177670984,0.86055337,0.998285169,-4.693049843
CPNE1,0.034315689,9.2373146,0.177379546,0.860779615,0.998285169,-4.693059692
RPS20,0.037897942,9.671671184,0.176878095,0.861168921,0.998285169,-4.6930766
PRDX5,-0.046966291,11.60888886,-0.176736639,0.861278749,0.998285169,-4.693081361
GALNT2,-0.031200058,5.630418361,-0.176199118,0.861696109,0.998285169,-4.693099418
NPTN,0.053029306,7.30061324,0.17612971,0.861750004,0.998285169,-4.693101746
CPNE3,0.035828621,7.895350582,0.17610159,0.861771839,0.998285169,-4.693102688
NUDT21,-0.027084608,8.012793601,-0.175694182,0.862088207,0.998285169,-4.693116331
RPL35,0.036801593,10.52554783,0.175192894,0.862477507,0.998285169,-4.693133073
CAT,0.057281186,11.52342741,0.175031732,0.862602673,0.998285169,-4.693138446
AP2B1,-0.027572337,7.986220245,-0.174379424,0.863109324,0.998285169,-4.693160141
SMOC1,0.066398862,7.53548759,0.171700454,0.865190721,0.998285169,-4.693248396
RBMX,-0.034090224,9.640380918,-0.168230316,0.867888291,0.998285169,-4.693360693
MYDGF,-0.045536054,8.446219788,-0.168071067,0.868012126,0.998285169,-4.693365792
TOP1,-0.041714672,8.914982315,-0.167476544,0.868474467,0.998285169,-4.693384784
RPS2,-0.0395145,10.22448915,-0.166296045,0.869392644,0.998285169,-4.693422297
PAFAH1B2,-0.029655031,10.74787054,-0.165973225,0.869643762,0.998285169,-4.69343251
RPS26,-0.051521743,9.9111268,-0.165259536,0.870198982,0.998285169,-4.693455017
CHADL,0.037904729,10.28308519,0.165253008,0.870204061,0.998285169,-4.693455222
CSE1L,-0.022013407,7.372482047,-0.164918481,0.870464333,0.998285169,-4.693465738
CTSD,0.033276489,10.3027674,0.164090296,0.87110875,0.998285169,-4.693491682
BRD3,-0.039665551,6.2131382,-0.162989504,0.871965426,0.998285169,-4.693525964
SRSF1,0.034137379,10.07172604,0.162957039,0.871990694,0.998285169,-4.693526972
DLG1,-0.019245034,8.623578524,-0.162822932,0.872095073,0.998285169,-4.693531131
SMARCC2,0.041869898,6.496197426,0.162327238,0.872480902,0.998285169,-4.693546478
MTAP,0.031776833,8.361851113,0.161869784,0.872836996,0.998285169,-4.6935606
YWHAG,-0.026413793,9.143814733,-0.161552252,0.873084188,0.998285169,-4.693570378
OAT,-0.038928678,9.911492969,-0.161303259,0.873278032,0.998285169,-4.693578033
UAP1L1,-0.03129237,9.336186282,-0.16005969,0.874246291,0.998285169,-4.693616087
ENOPH1,-0.032385944,8.320766555,-0.159098377,0.874994918,0.998285169,-4.693645303
RAN,-0.023084496,12.03359743,-0.159040977,0.875039622,0.998285169,-4.693647042
RPL23A,0.033915244,12.58819133,0.158294339,0.875621159,0.998285169,-4.693669605
CCN2,-0.056063529,10.71684321,-0.158200894,0.875693946,0.998285169,-4.693672421
YWHAZ,-0.027353884,11.58379451,-0.157366354,0.876344041,0.998285169,-4.6936975
C4BPA,-0.073284148,8.581078016,-0.157311534,0.876386749,0.998285169,-4.693699143
HSPA9,0.033311027,8.473707552,0.157243016,0.876440128,0.998285169,-4.693701195
GDI2,-0.024620764,11.08104551,-0.156620416,0.876925193,0.998285169,-4.693719805
PDLIM5,-0.03627579,7.691450604,-0.154977332,0.878205549,0.998285169,-4.693768563
LOX,0.04603226,13.56245592,0.154643641,0.878465615,0.998285169,-4.693778402
GMPR2,-0.022492071,7.634343151,-0.154478332,0.878594457,0.998285169,-4.693783269
A0A3Q2LJM7,0.089271918,9.488149112,0.15445672,0.878611301,0.998285169,-4.693783905
RPL7A,0.034575888,12.02490641,0.153192195,0.879596983,0.998285169,-4.693820955
CPT2,-0.035945324,5.988891774,-0.151764491,0.880710101,0.998285169,-4.693862422
CHST14,-0.052936593,8.286077242,-0.15110934,0.881220977,0.998285169,-4.693881321
AMDHD2,-0.027400511,7.20589623,-0.150645613,0.881582616,0.998285169,-4.693894649
WDR77,0.025495125,8.215463556,0.150241658,0.881897663,0.998285169,-4.693906226
SRP19,-0.03500459,7.477476624,-0.150062112,0.882037699,0.998285169,-4.693911362
PRKAA1,-0.025962325,7.689405612,-0.14950969,0.88246858,0.998285169,-4.693927124
COL15A1,0.077195103,9.699966608,0.148314987,0.88340056,0.998285169,-4.693961015
PSMA7,0.019980249,8.802586532,0.147417945,0.884100449,0.998285169,-4.693986284
COL6A2,0.032242755,17.18453741,0.147320091,0.884176802,0.998285169,-4.693989031
GALE,-0.027324201,10.37938086,-0.146009323,0.885199677,0.998285169,-4.694025655
HDGF,0.032106594,8.20015574,0.145423277,0.885657072,0.998285169,-4.694041925
VCL,0.024555824,9.100320037,0.14503056,0.8859636,0.998285169,-4.69405279
GLOD4,-0.021923499,10.3235694,-0.144697694,0.886223428,0.998285169,-4.694061977
C8B,-0.062622289,8.4894123,-0.144584062,0.886312129,0.998285169,-4.694065109
PDHB,-0.035456882,7.535738803,-0.144505231,0.886373666,0.998285169,-4.694067279
CDC5L,0.032122393,7.154441323,0.143809869,0.886916507,0.998285169,-4.694086378
A0A3Q2LSP0,-0.024992377,10.43876653,-0.143695251,0.887005991,0.998285169,-4.694089517
SCRN2,-0.033325232,8.169276786,-0.143399105,0.887237201,0.998285169,-4.694097616
HARS1,0.018338041,7.353486855,0.143009448,0.887541434,0.998285169,-4.694108248
GOLIM4,-0.038933238,6.207610651,-0.142786302,0.887715667,0.998285169,-4.694114323
OLA1,0.025596609,8.021946641,0.142576601,0.887879409,0.998285169,-4.694120023
PLBD2,-0.027082121,7.303213632,-0.141248763,0.888916346,0.998285169,-4.694155927
LOC100067869,-0.08595761,11.62386555,-0.141148454,0.888994687,0.998285169,-4.694158625
HDHD2,-0.029522463,7.362234324,-0.140614415,0.889411793,0.998285169,-4.69417296
TNN,0.108197759,7.017405084,0.139388991,0.890369022,0.998285169,-4.694205649
DBNL,-0.029830614,7.668384978,-0.138331669,0.891195076,0.998285169,-4.694233625
PSMD14,-0.019037397,8.081987514,-0.137351198,0.891961202,0.998285169,-4.694259377
TRIM28,-0.019206141,8.644424476,-0.1373202,0.891985425,0.998285169,-4.694260189
CPSF6,-0.023842445,7.713455926,-0.136156801,0.892894631,0.998285169,-4.694290502
TFG,0.021021809,8.537226863,0.135514034,0.893397024,0.998285169,-4.69430714
SSR4,0.03442634,8.512182385,0.134631827,0.89408664,0.998285169,-4.694329847
RPS6,0.030601671,13.08242157,0.134463389,0.894218316,0.998285169,-4.694334166
GMFB,0.036077448,6.863684681,0.134148325,0.894464626,0.998285169,-4.694342229
KIF5B,0.021496579,7.144391395,0.133363317,0.895078375,0.998285169,-4.694362239
KRT79,-0.042496287,9.933332394,-0.133264534,0.895155612,0.998285169,-4.694364748
LASP1,-0.031873049,9.314906167,-0.13309177,0.895290696,0.998285169,-4.694369133
ANGPTL2,0.046208328,8.730640417,0.132025563,0.896124435,0.998285169,-4.694396067
A1BG,0.06122394,11.07235213,0.131830927,0.896276648,0.998285169,-4.69440096
CILP,-0.036156118,17.22182905,-0.128880045,0.898584838,0.998285169,-4.694474269
TLN2,-0.026047823,6.534478867,-0.128473395,0.898902994,0.998285169,-4.694484242
AHCY,-0.021184378,10.23257434,-0.127636079,0.899558149,0.998285169,-4.694504677
HIBADH,-0.026041039,7.817205902,-0.127600892,0.899585682,0.998285169,-4.694505533
COPS4,-0.020603042,7.777931153,-0.127399816,0.899743025,0.998285169,-4.694510419
MYOC,-0.037171228,9.026891119,-0.125594098,0.901156195,0.998285169,-4.694553954
A0A9L0SWR6,-0.025546278,9.233732038,-0.125494568,0.901234098,0.998285169,-4.694556335
NHP2,-0.02479549,8.161780161,-0.123222167,0.903012995,0.998285169,-4.694610198
CHMP4B,0.016492266,8.479578114,0.122859297,0.903297108,0.998285169,-4.694618708
CXCL14,0.077329958,9.388782098,0.121239565,0.904565455,0.998285169,-4.694656389
ACADM,0.028560665,6.68128773,0.119022125,0.906302263,0.998285169,-4.694707167
EHD4,0.020571887,8.475596404,0.118749049,0.906516183,0.998285169,-4.694713355
EPB41L1,0.021579486,8.101216772,0.118686829,0.906564925,0.998285169,-4.694714763
COL18A1,0.022840495,9.620826614,0.118667006,0.906580455,0.998285169,-4.694715212
SNRPD1,-0.031794721,7.768616372,-0.116836491,0.908014628,0.998285169,-4.6947563
NID2,0.054437312,10.09691973,0.116258982,0.908467162,0.998285169,-4.694769131
HINT1,0.026079319,7.611792038,0.115825199,0.908807093,0.998285169,-4.694778727
VWA1,-0.048249305,9.856061149,-0.115166808,0.909323072,0.998285169,-4.694793223
FUBP1,0.01994456,8.035192588,0.113131214,0.910918615,0.998285169,-4.69483752
BGN,-0.017380763,18.01407445,-0.112702579,0.911254639,0.998285169,-4.694846747
TXNDC17,-0.03094286,9.771155518,-0.111717134,0.912027229,0.998285169,-4.694867828
SMC1A,-0.015683233,7.837749698,-0.110971711,0.912611701,0.998285169,-4.694883652
SYNM,0.016251085,9.103835307,0.109214168,0.913989956,0.998285169,-4.694920542
KNG1,-0.049075249,9.264568423,-0.108945745,0.914200477,0.998285169,-4.694926124
VAPB,0.021962963,7.35960926,0.108512106,0.914540587,0.998285169,-4.694935113
H3-3A,0.025121712,14.76857079,0.108429739,0.91460519,0.998285169,-4.694936817
ARPC5,-0.022970581,9.529807841,-0.107013917,0.915715769,0.998285169,-4.694965895
RAB12,-0.027554992,7.332415789,-0.10569135,0.916753357,0.998285169,-4.694992714
MFGE8,0.034575622,16.66233101,0.104372867,0.917787891,0.998285169,-4.695019118
GNB2,0.021823681,9.200341639,0.104315878,0.917832611,0.998285169,-4.695020252
NAPA,-0.016543845,8.941700021,-0.102933902,0.918917131,0.998285169,-4.695047558
A2M,-0.04498921,10.45515467,-0.102917088,0.918930326,0.998285169,-4.695047888
ITGB5,0.028528437,8.42249819,0.102212793,0.919483092,0.998285169,-4.695061662
GPX4,0.019338707,8.039474598,0.101780823,0.919822144,0.998285169,-4.695070063
RAB7A,0.013220864,9.886516809,0.101417795,0.920107096,0.998285169,-4.695077096
AHNAK,-0.028477604,11.71593218,-0.100284088,0.920997047,0.998285169,-4.695098898
DDX39B,-0.017727539,9.795319637,-0.100230494,0.921039121,0.998285169,-4.695099922
GALK1,0.023877702,7.971217208,0.100153128,0.921099857,0.998285169,-4.6951014
TARS1,-0.020352363,7.783078552,-0.099411354,0.921682208,0.998285169,-4.695115514
DEK,0.023025728,9.750610743,0.099046727,0.921968487,0.998285169,-4.695122413
GART,-0.01373969,9.088424422,-0.097826182,0.922926846,0.998285169,-4.695145324
FABP5,-0.026799169,6.926611745,-0.097383694,0.923274312,0.998285169,-4.69515356
A0A5F5PN84,-0.032079646,9.124026307,-0.09710325,0.92349454,0.998285169,-4.69515876
RUVBL1,0.012921025,8.262351147,0.096282191,0.924139342,0.998285169,-4.695173899
STOM,-0.031609176,9.641193317,-0.095321519,0.924893853,0.998285169,-4.69519145
ALDOA,-0.021335819,12.08133314,-0.095315931,0.924898242,0.998285169,-4.695191552
RPRD1B,-0.023964152,7.174349343,-0.094780748,0.925318606,0.998285169,-4.695201252
KRT6A,-0.029245911,12.91853046,-0.094613262,0.925450164,0.998285169,-4.695204277
TIMP2,0.021846707,8.479788007,0.094543851,0.925504685,0.998285169,-4.695205529
TTC38,-0.018214207,8.507760009,-0.093343651,0.926447495,0.998285169,-4.695227031
RAB14,-0.012981027,8.286073158,-0.092616428,0.927018814,0.998285169,-4.695239926
KRT82,-0.023460312,10.81633071,-0.092343811,0.927232997,0.998285169,-4.695244734
HADHA,-0.016512579,9.453004555,-0.088583609,0.930187787,0.998285169,-4.695309607
ELAVL1,-0.017006137,7.529969877,-0.088139212,0.930537066,0.998285169,-4.695317096
GET3,-0.012922548,7.536396102,-0.087557575,0.930994232,0.998285169,-4.695326841
ECI1,0.020572323,7.804179989,0.087484719,0.931051499,0.998285169,-4.695328057
DES,-0.020171357,8.19501934,-0.087369039,0.931142426,0.998285169,-4.695329986
ATP2B1,-0.022750701,9.015276213,-0.087339974,0.931165272,0.998285169,-4.69533047
KRT2,-0.025276554,12.86318269,-0.085406209,0.932685411,0.998285169,-4.695362326
SF1,-0.026502404,7.309732372,-0.084813653,0.933151274,0.998285169,-4.695371944
KRT42,-0.023146172,7.766750188,-0.083506307,0.934179186,0.998285169,-4.69539293
UBE2M,0.011389656,8.596679131,0.083287797,0.934351003,0.998285169,-4.695396405
RPS24,0.02475811,9.654925041,0.082151763,0.935244331,0.998285169,-4.695414329
UBA2,0.013246378,7.656099543,0.081403642,0.935832669,0.998285169,-4.695425998
GNAS,0.021433837,10.54628157,0.080994236,0.936154649,0.998285169,-4.695432339
AK4,0.013860017,8.899769869,0.080790006,0.936315272,0.998285169,-4.69543549
TRA2B,0.013381303,7.581253517,0.080659706,0.936417752,0.998285169,-4.695437496
ALYREF,0.01624126,7.943564096,0.078971382,0.937745704,0.998285169,-4.695463199
BCAT1,-0.014654141,11.19134154,-0.078386557,0.938205741,0.998285169,-4.695471976
RPL27A,-0.016992241,13.07796072,-0.078374631,0.938215123,0.998285169,-4.695472154
ACTB,-0.012394659,14.32446097,-0.077301518,0.939059318,0.998285169,-4.695488087
SCIN,0.016731007,11.98027261,0.076679943,0.939548331,0.998285169,-4.695497215
ST13,0.017005132,11.50037532,0.074877844,0.940966238,0.998285169,-4.695523264
MECP2,-0.02026045,10.78708454,-0.0746145,0.941173456,0.998285169,-4.695527019
HSP90B1,-0.017627741,12.19593887,-0.074507141,0.941257935,0.998285169,-4.695528546
DCTN2,-0.016957745,7.884096987,-0.074415939,0.941329701,0.998285169,-4.695529841
COL5A1,0.026141832,11.15292368,0.074340119,0.941389363,0.998285169,-4.695530917
P4HB,0.019257901,10.24873649,0.072875028,0.942542304,0.998285169,-4.695551488
FKBP9,-0.022470387,8.375345594,-0.072232339,0.943048104,0.998285169,-4.695560383
CCT6A,-0.009849896,8.523054486,-0.070553825,0.944369218,0.998285169,-4.695583243
CILP2,-0.021039502,15.28300891,-0.070011775,0.944795886,0.998285169,-4.69559051
SEPTIN8,-0.00965176,7.824740027,-0.0690527,0.945550852,0.998285169,-4.695603232
HNRNPUL2,0.01662138,10.05442795,0.06876125,0.945780285,0.998285169,-4.695607063
ADH5,-0.016285951,11.98471187,-0.068331853,0.946118323,0.998285169,-4.695612678
PPME1,0.012877659,6.59755704,0.067973937,0.946400096,0.998285169,-4.695617331
CHTOP,-0.015203316,6.587695147,-0.066968561,0.947191625,0.998285169,-4.695630272
GLUD1,0.012329397,9.109029868,0.066821401,0.947307488,0.998285169,-4.69563215
CCN1,0.021107095,8.189473963,0.066146526,0.947838852,0.998285169,-4.695640709
CCT8,-0.010076903,8.873200026,-0.065332263,0.948479996,0.998285169,-4.695650921
CYP2U1,0.011103226,8.869412536,0.065204351,0.948580717,0.998285169,-4.695652514
NUTF2,0.0185783,8.657394025,0.063341443,0.950047702,0.998285169,-4.695675356
RPS12,-0.012860435,9.480752089,-0.062900864,0.950394671,0.998285169,-4.695680661
TRAF2,0.022944296,8.143394083,0.062892427,0.950401315,0.998285169,-4.695680763
PDIA3,0.014559133,10.78308355,0.062668068,0.950578009,0.998285169,-4.69568345
SLC16A1,0.016766336,6.129725163,0.062212142,0.95093708,0.998285169,-4.695688881
HSPA5,0.015317155,11.31786709,0.062117298,0.951011778,0.998285169,-4.695690006
TLN1,0.011436033,10.10440936,0.060909644,0.951962942,0.998285169,-4.695704178
PARK7,0.015796185,12.01328556,0.060116985,0.95258729,0.998285169,-4.695713329
FBN1,0.02678669,11.66947032,0.059880717,0.952773396,0.998285169,-4.695716034
FBLN5,-0.021732064,9.03812911,-0.058472878,0.953882391,0.998285169,-4.695731928
RAB2A,-0.01153389,9.677911505,-0.058090339,0.954183745,0.998285169,-4.695736182
OXCT1,0.011927259,8.140462412,0.05772168,0.954474171,0.998285169,-4.695740254
A0A9L0RSJ9,-0.015246612,17.1451992,-0.057070977,0.954986804,0.998285169,-4.69574738
TKT,-0.010394597,12.93126499,-0.056525246,0.955416754,0.998285169,-4.695753294
PTBP1,0.010287151,9.497518708,0.056433386,0.955489126,0.998285169,-4.695754284
COL11A1,-0.021128277,11.59577246,-0.055682976,0.956080357,0.998285169,-4.695762309
ARL8A,-0.014192316,5.519726365,-0.055353995,0.956339562,0.998285169,-4.695765794
CA2,0.027373682,7.940600343,0.053253883,0.957994358,0.998285169,-4.695787553
TXNDC5,-0.019512838,7.506896912,-0.052459075,0.958620682,0.998285169,-4.695795568
RPS8,-0.012870425,12.86384956,-0.052196552,0.958827562,0.998285169,-4.695798189
NPM1,-0.010843098,8.468143944,-0.052182412,0.958838705,0.998285169,-4.69579833
SEPTIN9,0.008592294,6.94985834,0.052135816,0.958875425,0.998285169,-4.695798794
CRIP2,0.019823347,7.230069874,0.052054772,0.958939292,0.998285169,-4.695799599
SCP2,-0.010785278,7.994632501,-0.052006022,0.958977709,0.998285169,-4.695800083
TIMP3,0.028775315,13.63650751,0.049758229,0.960749205,0.998285169,-4.695821905
SKP1,0.012610437,8.560730525,0.049728329,0.960772771,0.998285169,-4.695822189
CHMP2A,-0.013575801,7.300947357,-0.048865034,0.961453193,0.998285169,-4.695830309
EIF5,0.007966044,8.754880739,0.048335791,0.961870342,0.998285169,-4.695835217
NARS1,-0.009014153,8.048806654,-0.0472145,0.962754177,0.998285169,-4.695845438
PDIA4,0.007902513,9.288904844,0.046734494,0.963132548,0.998285169,-4.69584974
TSG101,0.00803073,7.369550916,0.046691125,0.963166734,0.998285169,-4.695850127
BPIFA2,0.023562614,7.934725135,0.045887078,0.963800555,0.998285169,-4.695857228
OTUB1,-0.010167089,6.993504517,-0.045551313,0.964065241,0.998285169,-4.695860157
PSIP1,0.008788344,8.100425469,0.045483665,0.964118569,0.998285169,-4.695860745
CYB5R3,0.010278245,7.601912329,0.043110587,0.965989414,0.998285169,-4.695880803
STX7,-0.011668737,7.680952931,-0.042735746,0.966284943,0.998285169,-4.695883873
COL10A1,-0.040535117,14.76469361,-0.042048782,0.966826566,0.998285169,-4.695889429
ADAMTS5,-0.017574099,7.951608403,-0.041819243,0.967007545,0.998285169,-4.695891266
MYO1D,0.006603116,8.942377535,0.040111982,0.968353685,0.998285169,-4.695904611
PCMT1,0.005429571,8.964794555,0.037084485,0.970741037,0.998285169,-4.695926909
RHOG,0.007621762,6.803047048,0.036908789,0.970879592,0.998285169,-4.695928149
HNRNPK,-0.007383048,11.11610696,-0.03674027,0.971012488,0.998285169,-4.695929333
RAB11FIP5,-0.00611682,6.994517104,-0.036512983,0.97119173,0.998285169,-4.695930922
THRAP3,0.0065775,7.514704758,0.034850778,0.972502621,0.998285169,-4.695942239
XYLT1,-0.010502208,8.719307724,-0.034047733,0.973135967,0.998285169,-4.695947518
RO60,-0.006737255,6.649770428,-0.033993199,0.973178978,0.998285169,-4.695947872
GLO1,0.006016248,9.613960071,0.033962414,0.973203258,0.998285169,-4.695948072
HSPD1,-0.008603541,8.724318124,-0.033446348,0.97361028,0.998285169,-4.695951391
MATN3,0.026696148,9.86221219,0.033311966,0.973716269,0.998285169,-4.695952247
HNRNPDL,0.005777636,8.142036338,0.033117813,0.9738694,0.998285169,-4.695953477
DDX23,-0.007513419,8.038295475,-0.032768928,0.974144574,0.998285169,-4.695955671
RDX,0.005862549,11.07786848,0.031596616,0.975069228,0.998285169,-4.69596287
IGFBP5,0.008280078,8.441139907,0.031042845,0.975506023,0.998285169,-4.69596618
COL9A1,-0.015148879,13.42509481,-0.031029124,0.975516846,0.998285169,-4.695966261
TOLLIP,-0.005670154,6.595141976,-0.030292548,0.976097845,0.998285169,-4.69597057
LOC111772174,0.008132064,7.092186338,0.030115824,0.976237243,0.998285169,-4.695971589
NUB1,0.004703351,6.950601647,0.029891482,0.976414204,0.998285169,-4.695972873
LOC100072612,-0.005989162,10.40672409,-0.029683745,0.976578068,0.998285169,-4.695974054
APPL1,-0.00507752,7.907754944,-0.02934702,0.976843681,0.998285169,-4.695975951
BROX,-0.008861398,6.326868049,-0.029071737,0.977060829,0.998285169,-4.695977485
SLC3A2,0.008958102,7.384784466,0.028777855,0.977292651,0.998285169,-4.695979107
EIF5A2,-0.008451535,6.974276702,-0.02829596,0.977672786,0.998285169,-4.695981731
YKT6,-0.005462236,7.409343164,-0.028284083,0.977682156,0.998285169,-4.695981796
PCBP2,-0.005661975,10.45757643,-0.028249141,0.977709719,0.998285169,-4.695981984
SPI2,0.01073813,12.254992,0.028215124,0.977736553,0.998285169,-4.695982167
CAPG,-0.008995185,7.977092245,-0.027918704,0.977970383,0.998285169,-4.695983755
C1QTNF8,-0.007025962,9.869898179,-0.027593853,0.978226642,0.998285169,-4.695985475
LOC100050685,-0.010315344,12.39560561,-0.027499279,0.978301248,0.998285169,-4.695985973
DNAJA2,0.003718787,7.669660051,0.027304403,0.978454978,0.998285169,-4.695986992
HSPA4,0.004675901,8.152944337,0.027277593,0.978476127,0.998285169,-4.695987131
KHSRP,0.005140825,8.270868749,0.026101575,0.979403861,0.998285169,-4.695993121
ALOX12,0.006773058,8.48587839,0.025972971,0.979505315,0.998285169,-4.69599376
LRPAP1,-0.00665359,6.912232998,-0.025839761,0.979610403,0.998285169,-4.695994418
SURF4,-0.006327124,8.771549014,-0.025057206,0.980227763,0.998285169,-4.695998219
CLASP2,0.004320605,6.565294621,0.024523734,0.980648628,0.998285169,-4.696000742
PAPSS1,0.004914287,9.416601999,0.024173805,0.980924696,0.998285169,-4.696002368
S100B,-0.006884897,8.217582187,-0.022815677,0.981996182,0.998285169,-4.696008457
SRSF4,0.003460772,8.663358075,0.022787626,0.982018313,0.998285169,-4.696008579
ROCK2,-0.004242421,6.929102299,-0.021886891,0.982728961,0.998285169,-4.696012419
ISOC1,0.003818675,9.717617973,0.020874088,0.983528044,0.998285169,-4.696016551
EIF1AX,0.006311531,9.003830348,0.020589502,0.98375258,0.998285169,-4.696017677
LOC100065786,-0.005919579,8.530534266,-0.020438225,0.983871937,0.998285169,-4.696018269
PABPC1,-0.003029102,9.419978622,-0.019337383,0.984740509,0.998285169,-4.696022447
LUM,-0.007046035,14.22405792,-0.019146511,0.984891111,0.998285169,-4.696023148
AGT,0.008057955,9.936455759,0.017791041,0.985960617,0.998285169,-4.696027925
GNA11,0.003416062,9.298280322,0.01759154,0.986118031,0.998285169,-4.696028599
THY1,-0.005519054,9.587160704,-0.017444167,0.986234315,0.998285169,-4.696029091
TUBB.1,0.00400695,10.38011351,0.01729489,0.986352101,0.998285169,-4.696029586
RPL23,0.004195488,10.08825607,0.016637205,0.986871049,0.998285169,-4.696031716
PSME1,0.002834622,8.10805125,0.016477058,0.986997413,0.998285169,-4.696032222
CAPS,-0.003846866,7.821306607,-0.016141849,0.987261914,0.998285169,-4.696033265
CAPZA1,0.002713522,9.262502261,0.015711668,0.987601355,0.998285169,-4.696034572
PSMG3,0.002322121,7.390965565,0.014605269,0.988474387,0.998285169,-4.696037773
RPL12,0.002387361,10.41270712,0.014171111,0.988816974,0.998285169,-4.696038965
ALDH2,-0.00306032,9.72506025,-0.01393748,0.98900133,0.998285169,-4.696039592
LARP7,0.003149627,7.832565317,0.013162162,0.989613129,0.998285169,-4.696041596
MDH2,-0.002358058,10.59306881,-0.010091691,0.99203608,0.999053758,-4.696048409
LXN,0.001581434,9.480932233,0.009424886,0.992562277,0.999053758,-4.696049651
CTSB,0.002196408,8.971837608,0.00885232,0.99301411,0.999053758,-4.69605065
DNAJB4,0.002010161,7.364865907,0.007947456,0.993728175,0.999053758,-4.6960521
PSMC4,-0.00186286,8.744810495,-0.007660905,0.993954305,0.999053758,-4.696052527
PRPS2.1,-0.001348965,8.766357671,-0.006313339,0.995017737,0.999053758,-4.696054324
USP14,0.000915763,9.192577441,0.005513732,0.995648751,0.999053758,-4.696055226
ARPC2,-0.000751931,8.236640959,-0.00519197,0.995902672,0.999053758,-4.696055555
PHGDH,0.000986191,7.579452227,0.005005804,0.996049587,0.999053758,-4.696055736
RPS7,0.000762005,10.89016599,0.003319173,0.997380613,0.999063573,-4.696057076
YBX3,-0.000607514,7.394455543,-0.002839474,0.997759175,0.999063573,-4.696057358
SWAP70,-0.000452989,8.548996549,-0.002455528,0.998062173,0.999063573,-4.696057552
PPIC,-0.000316417,6.698777685,-0.001459504,0.998848203,0.999516106,-4.696057924
