X,logFC,AveExpr,t,P.Value,adj.P.Val,B
COL3A1,-2.683094914,13.39888748,-9.171276829,3.75E-09,7.52E-06,11.00778428
A0A3Q2HCA2,2.158488537,9.759189607,9.020880818,5.06E-09,7.52E-06,10.72831914
COL15A1,-2.152004986,9.701023374,-8.635300635,1.11E-08,1.10E-05,9.996493699
HS3ST3B1,2.382493936,8.829205734,7.763712981,7.05E-08,5.24E-05,8.260012877
CXCL12,1.51645931,9.141555,7.451068233,1.40E-07,7.21E-05,7.609351833
CXCL14,2.550685289,9.387178164,7.434766037,1.46E-07,7.21E-05,7.575026755
TNN,-3.039463852,7.016622491,-7.05550368,3.41E-07,0.000122506,6.765513104
HSPG2,-1.800280208,12.37211818,-7.035425282,3.57E-07,0.000122506,6.722078237
CCN6,1.433816118,9.867450554,7.018702106,3.71E-07,0.000122506,6.685857801
NID2,-1.823471439,10.0981973,-6.95970457,4.25E-07,0.000126138,6.557759353
FAM171B,-1.243461267,9.467041935,-6.673890922,8.20E-07,0.000221474,5.930311536
SFMBT1,2.832513617,10.87760263,6.956176094,9.30E-07,0.000230254,5.84803602
LOXL2,-1.690769552,7.514392201,-6.557749344,1.07E-06,0.000245584,5.672166399
NDP,2.323426406,6.751578204,6.590400075,1.24E-06,0.000263837,5.549534074
ANXA4,-1.131567619,11.48384986,-6.386400489,1.61E-06,0.000318124,5.288078736
CEMIP,2.56399872,8.351573877,6.473066281,2.03E-06,0.000377294,5.098150313
PRSS35,1.446990959,7.527167845,6.300030239,2.41E-06,0.000406541,4.918459209
ADAMTS5,1.581211935,7.950212245,6.205703468,2.46E-06,0.000406541,4.879011581
CHST14,1.318298695,8.28544177,6.174586714,2.65E-06,0.000414727,4.808165989
TIMP3,2.16829954,13.63652445,6.149761646,2.81E-06,0.000417986,4.75156233
VWA1,-1.553311053,9.856595395,-6.052553361,3.55E-06,0.000483793,4.529222858
GREM1,2.273161833,11.58225607,6.048638012,3.58E-06,0.000483793,4.520244641
CSGALNACT1,1.343467646,7.60043487,5.999431819,4.03E-06,0.000520676,4.407262828
B3GNT9,1.648089121,7.502071382,6.111804759,4.55E-06,0.00055001,4.332718201
ITGB5,-1.020685716,8.423460953,-5.94190462,4.63E-06,0.00055001,4.274832791
GNB4,-1.264481913,6.530040849,-6.253751248,5.21E-06,0.000572902,4.239650852
PLOD1,1.565560146,8.522941434,5.922027422,4.85E-06,0.000554765,4.228990341
LOC100147109,2.283251971,8.428898229,5.790171258,7.91E-06,0.000839005,3.784467908
CCN5,1.753592946,8.293435928,5.813866923,1.08E-05,0.001037788,3.529371342
MFGE8,-1.190192974,16.66222126,-5.59893997,1.06E-05,0.001037788,3.478164144
COL9A1,-1.753010039,13.42463085,-5.596333358,1.07E-05,0.001037788,3.472065674
GGT1,-0.992002708,7.280286477,-5.425855352,1.62E-05,0.001504124,3.071938142
MAMDC2,1.757244062,8.946181264,5.413800715,1.67E-05,0.001504124,3.043554295
HS3ST1,1.632623982,9.62417274,5.319322998,2.11E-05,0.001841454,2.820715694
THY1,-1.096696464,9.586968587,-5.186679716,2.92E-05,0.002481003,2.506807632
C11H17orf58,2.507195186,7.659533996,5.384668236,4.04E-05,0.003240775,2.330753546
LOXL3,-1.223199343,9.216305099,-5.067378176,3.93E-05,0.003240312,2.223564831
COL6A3,-0.797907225,16.77438939,-5.031259155,4.29E-05,0.003357288,2.137665361
ENPP1,-1.261703271,10.90408339,-5.001654936,4.62E-05,0.003520466,2.067214244
LYG1,1.759729914,5.932021601,5.08250368,4.90E-05,0.003531562,2.066129376
GALK1,-0.80377624,7.971704051,-4.969749728,5.00E-05,0.003531562,1.991244549
ANXA6,-0.744788728,11.39221193,-4.965917597,5.05E-05,0.003531562,1.982116995
ADSS1,-1.51136561,9.372132975,-4.961054567,5.11E-05,0.003531562,1.970533149
BMP6,1.585994781,7.093271614,4.935366581,5.45E-05,0.003678701,1.909328449
PRDX2,-1.13075598,10.09786936,-4.888380303,6.12E-05,0.003913569,1.797315678
EDIL3,-1.268564199,10.25663336,-4.884544953,6.18E-05,0.003913569,1.788169097
SERPINH1,-1.097424933,8.823614124,-4.87730803,6.29E-05,0.003913569,1.770909132
ANXA11,-0.752631739,9.787426,-4.875469538,6.32E-05,0.003913569,1.766524092
TP53I13,1.583049073,6.687504118,5.006230486,0.000107351,0.006253728,1.434564614
MAN2B1,-0.757326273,7.325329304,-4.727798261,0.000101561,0.006157916,1.340743134
ITGA5,-1.218784659,7.580606013,-4.709997227,0.000106066,0.006253728,1.299221169
F6V4F0,1.722080099,8.44398457,4.715808492,0.000116968,0.006435415,1.236220731
APOD,1.683809054,10.00780071,4.642769613,0.000112898,0.006435415,1.210878119
SLC3A2,-1.018818927,7.386073171,-4.6337342,0.000115472,0.006435415,1.189287931
FURIN,1.314215985,9.745954287,4.676807477,0.000128355,0.006933525,1.147553096
VEGFB,1.190763558,6.625313462,4.764514981,0.000153984,0.007992768,1.067490983
CILP2,-0.976676632,15.28407719,-4.569361425,0.000135593,0.007193707,1.035463819
TNC,-1.91896575,12.94701002,-4.507945298,0.000158059,0.007992768,0.888718236
PODNL1,1.118503109,7.868851845,4.506259688,0.000158725,0.007992768,0.884691166
SDC2,-1.382837061,6.660924812,-4.495392518,0.000163091,0.008075708,0.858729353
PRSS23,1.017352454,6.882938841,4.518666047,0.00016922,0.008241839,0.852538109
DHRS13,0.856591166,6.402412059,4.610238707,0.00018995,0.008969413,0.834821769
STC2,1.755363044,8.115512951,4.609666039,0.000190196,0.008969413,0.833589815
APOE,0.897131351,9.223751016,4.388876143,0.000212777,0.009877523,0.604367775
PTPMT1,1.408977272,7.27381669,4.394318974,0.000229345,0.010482843,0.562110653
RDX,-0.582050987,11.07760694,-4.315142264,0.000255777,0.011513862,0.42846246
DEFA23,1.776594841,8.339496277,4.490833844,0.00032011,0.013275741,0.405237541
MFAP2,-1.314379061,8.658290556,-4.303825638,0.000286164,0.012689471,0.350856767
B4GALNT3,0.942745237,7.251433664,4.372255697,0.000326196,0.013275741,0.318346891
NTN1,1.364832612,9.764391416,4.261724128,0.00029225,0.012768749,0.30114873
HMGB2,1.035332678,9.975440976,4.247033826,0.00030316,0.013053434,0.266158519
GDF10,0.961943847,6.838742686,4.226358766,0.000319204,0.013275741,0.216931012
TGM2,-0.731348974,9.157924029,-4.222880283,0.000321986,0.013275741,0.208650811
CASK,-0.66856892,7.36838923,-4.201204449,0.000339869,0.013645297,0.157067776
DPYSL2,-0.715715634,11.23701669,-4.177658092,0.000360418,0.014277378,0.101062521
HTRA4,1.028598104,11.39903065,4.165564967,0.000371448,0.014395485,0.072311334
FRZB,1.095384635,12.6283083,4.163794668,0.000373091,0.014395485,0.068103212
MRGPRF,-1.245888633,7.972198335,-4.166036936,0.000400819,0.015073847,0.029615633
BMP3,1.939399124,7.56241986,4.145548989,0.000390446,0.014871999,0.024743181
LOC100052045,-0.789355299,12.26681979,-4.123068588,0.000412938,0.015335469,-0.028651375
PAM,0.945516044,6.5362112,4.117556832,0.000418646,0.015355513,-0.041737584
CHST12,1.1001498,7.295973988,4.1221197,0.000446234,0.016053267,-0.072613351
DNASE1L3,1.477499161,8.47132949,4.12006869,0.000448476,0.016053267,-0.077385295
PDCD10,-0.536002004,8.436200864,-4.070767452,0.00047037,0.016636524,-0.152740928
MMP14,0.801109819,8.233599131,4.072956365,0.000503176,0.017330795,-0.186935524
AMBP,1.466157034,12.88603638,4.050163219,0.000495114,0.017305683,-0.201571126
PLIN3,-0.810251639,8.649640364,-4.040231009,0.000507499,0.017330795,-0.22509771
IGFBP2,0.968850928,7.662216128,4.091450852,0.000565912,0.01868138,-0.236495472
CCDC80,1.23949313,13.26000267,4.008404551,0.000549293,0.018504611,-0.30043124
SERPINE2,1.001429905,11.04766411,4.004732738,0.000554329,0.018504611,-0.309116961
HHIPL2,1.03504361,12.66657324,3.985960275,0.0005808,0.018962166,-0.353505066
NHERF2,-0.748429483,5.518796335,-4.034061388,0.000706053,0.022300561,-0.398992315
CRTAP,0.656078205,6.885360637,3.9779282,0.00068263,0.021807465,-0.447171093
ERP29,-0.924808131,10.13339496,-3.940433827,0.000650313,0.021000868,-0.461020241
IGFBP5,0.801655679,8.441068552,3.900406891,0.000718192,0.022300561,-0.555381072
PRDX5,-0.789889674,11.60923219,-3.899066071,0.000720584,0.022300561,-0.558539123
IKBIP,-0.851691735,6.485145286,-3.874258225,0.000874467,0.026510624,-0.678605912
UBL4A,-0.739658557,7.752649126,-3.850432727,0.000865541,0.026510535,-0.702299841
RAB13,-0.526277944,7.770735002,-3.792242414,0.000938659,0.028169263,-0.809498327
GNMT,1.16524379,6.728368773,3.821242555,0.001064826,0.030224435,-0.827845778
ADGRG2,-1.103000584,7.771399914,-3.783848601,0.000958327,0.028227483,-0.829160407
COL11A1,-1.109465175,11.59516995,-3.783310494,0.000959601,0.028227483,-0.830420592
CD55,0.732704022,9.02980898,3.775129702,0.000979186,0.028521194,-0.84957455
FAM162A,-0.713232379,8.118210924,-3.793883032,0.001059246,0.030224435,-0.863795053
TNFRSF11B,1.152869019,11.06585626,3.739878139,0.001068181,0.030224435,-0.932010824
STK26,-0.614932284,9.345557533,-3.729080878,0.001097,0.030747037,-0.957227229
LAG3,1.14247305,7.733041526,3.776610255,0.001271856,0.034825759,-0.966711288
POSTN,-1.34424121,7.691571346,-3.730081482,0.001159269,0.032188674,-0.979147309
QTRT1,0.695450584,6.958166865,3.715865969,0.001361751,0.03612289,-1.068173399
ADAMTSL5,1.38267365,7.561587644,3.689919577,0.001277687,0.034825759,-1.071163238
ATP5F1B,-0.707334919,10.22814073,-3.652639076,0.00132409,0.035762457,-1.135281644
COL9A3,-1.148860004,8.589253584,-3.641751281,0.001359985,0.03612289,-1.160572093
DIPK2A,0.775053144,6.94396299,3.648029578,0.001413897,0.037174239,-1.166919025
EZR,-0.503428434,9.209275118,-3.622284951,0.00142656,0.037178153,-1.205743181
MAP4,-0.785909545,8.717252232,-3.61595764,0.00144888,0.037431506,-1.220412681
GCNT4,1.33758022,6.239002085,3.708221602,0.001901221,0.045922988,-1.226147322
ITGB1,-0.654840354,8.179523995,-3.608316671,0.001476292,0.037810885,-1.238119287
RPL22,0.682273825,12.66073831,3.607205311,0.001560357,0.03962241,-1.260009387
MNDA,1.485330024,6.876599228,3.636632066,0.001750478,0.043338918,-1.272284773
CLU,0.948681689,15.54578119,3.57974266,0.00158338,0.03986629,-1.30425034
ADAMTSL3,1.399258656,5.194132782,3.660095414,0.002104902,0.049241459,-1.321185802
CTSF,0.604816777,6.759366473,3.571110686,0.001617203,0.040375706,-1.324201353
TNMD,-0.875240577,7.391386004,-3.541567697,0.00182766,0.044596298,-1.409171339
CAT,0.919227086,11.52433174,3.520262014,0.001831285,0.044596298,-1.441467278
TXNDC12,-0.780566276,7.539720856,-3.507263908,0.001984741,0.047173319,-1.486860271
CPNE3,-0.563493849,7.894871936,-3.498974107,0.001928932,0.046216593,-1.490424395
NUCB2,-0.833291514,7.221830586,-3.500863561,0.002123,0.049276817,-1.52028496
COL12A1,-1.104765729,10.56218598,-3.473604833,0.002051961,0.048383928,-1.548658305
A0A5F5PN84,-0.904378677,9.124831691,-3.420605626,0.00233421,0.053759217,-1.669916429
GNB2,-0.569878713,9.20057281,-3.410360258,0.002392982,0.054688844,-1.693292686
FKBP10,-0.815885668,7.703932137,-3.397982862,0.0025785,0.05803578,-1.733015312
SCRG1,0.743149919,7.708413536,3.383242649,0.002555586,0.057959135,-1.755061289
PPIB,-0.529586539,12.35550036,-3.371452669,0.002629593,0.058409494,-1.781868587
P4HA2,-0.588917294,8.154853113,-3.370694341,0.002634423,0.058409494,-1.783591815
LOC100072592,-0.786432354,11.96809374,-3.357989244,0.002716656,0.059491968,-1.812444626
LYPLA1,-0.543632428,8.523598981,-3.356979928,0.002723294,0.059491968,-1.814735256
GSTZ1,0.806230886,6.797546374,3.388091358,0.003267895,0.066958038,-1.821565709
S100A13,-0.574075142,11.6032574,-3.339983851,0.002837484,0.061534048,-1.853274359
STXBP1,-0.539038833,7.680656175,-3.331604074,0.002895484,0.062243059,-1.872252403
C2H1orf50,-0.805808471,6.383650094,-3.373872427,0.003595443,0.07217609,-1.874470919
ESYT2,0.556974116,8.252816119,3.329236579,0.002912078,0.062243059,-1.877611351
ABI3BP,0.991320104,7.789992025,3.326195434,0.00293353,0.0622537,-1.884493305
ANGPTL4,0.670978426,7.145073923,3.321873944,0.002964277,0.062460058,-1.894269062
ITM2C,1.134513568,6.301151582,3.32852847,0.003183392,0.065969029,-1.900768932
GDA,0.8156258,8.824793715,3.310794577,0.003044544,0.063699577,-1.919312791
AP5Z1,0.70637109,9.623149835,3.290455506,0.003197422,0.065969029,-1.965214306
LOC100066438,1.336160298,8.216805341,3.281124007,0.00372671,0.073324877,-2.014688569
RHOA,-0.769751261,9.456679009,-3.263765595,0.003409374,0.069378425,-2.02530265
GALNT16,0.705484784,6.484690025,3.27031898,0.004016371,0.077310218,-2.051692221
HAMP,1.522936632,7.779871873,3.252939546,0.003797946,0.074234851,-2.065978083
PDGFRL,0.866869331,9.797894293,3.243622038,0.003578296,0.07217609,-2.070540727
HDLBP,-0.528785976,8.85995967,-3.234767656,0.003655087,0.072880971,-2.090394666
STX4,-0.54304807,7.630829109,-3.230549787,0.003692227,0.073130701,-2.09984553
GDF1,2.063256155,6.858808241,3.241697676,0.004516528,0.081324876,-2.112477954
EGFR,-0.595003994,6.60853605,-3.227927259,0.004209786,0.07877543,-2.119094885
PCSK6,0.79959793,6.814079833,3.21942308,0.004106068,0.077701444,-2.138865818
EXTL2,0.626297017,7.627775705,3.213773278,0.004348277,0.079745257,-2.15877959
CCN2,0.934501757,10.7172983,3.201807922,0.003955206,0.076803372,-2.16412906
PDIA3,-0.605519091,10.78362869,-3.193623053,0.00403335,0.077310218,-2.182397172
CCN1,0.841839626,8.188556831,3.190498973,0.004063569,0.077390153,-2.18936542
MOB2,0.768894266,6.699562922,3.212050778,0.005100092,0.087585967,-2.194198494
OAT,-0.627245907,9.911580694,-3.17350149,0.004231856,0.07877543,-2.227234262
HSPA5,-0.639031015,11.31673344,-3.172461746,0.004242366,0.07877543,-2.229548289
ARL3,-0.435200673,9.620254986,-3.166644723,0.004301631,0.079379793,-2.2424893
AHNAK,-0.735901275,11.71558084,-3.156456611,0.004407362,0.080332963,-2.2651332
PEF1,-0.519123626,8.193177114,-3.152222708,0.004452035,0.080652414,-2.274535331
GDF15,1.078757561,6.213393273,3.14347802,0.00471163,0.084326816,-2.297012917
RNASEK,-0.583415073,6.452036876,-3.126588944,0.005091702,0.087585967,-2.335066948
GNAI3,-0.682471417,6.883838364,-3.122912722,0.004773489,0.084776251,-2.339491796
CMPK1,-0.564607293,8.80105366,-3.121124414,0.00479381,0.084776251,-2.343447501
ALPL,-0.849850262,5.956744302,-3.115265048,0.005226588,0.088732526,-2.363816145
SPON2,-1.604072643,8.156705144,-3.112636123,0.005064935,0.087585967,-2.364342546
CAB39L,-0.463886968,8.498047585,-3.100294302,0.005036732,0.087585967,-2.389458568
GPNMB,1.259372257,8.655799084,3.100024915,0.005216653,0.088732526,-2.391803475
BUD31,0.767085792,7.572147176,3.097391172,0.005071516,0.087585967,-2.395861667
CHPF2,0.715717531,7.478457927,3.092589439,0.006266934,0.097995051,-2.416653124
SCUBE1,1.044988599,8.002107746,3.073220355,0.005370229,0.090653134,-2.449080463
SUSD5,0.720882133,6.147687231,3.064179087,0.005486257,0.092088524,-2.468944663
P4HA1,-0.489368647,7.881840694,-3.059239136,0.005550666,0.092646223,-2.4797881
H2BC26,1.414411733,10.3894229,3.05619253,0.005988194,0.096583188,-2.490267748
PHGDH,-0.498994124,7.579314568,-3.051992022,0.005646473,0.093377647,-2.495683096
LTBP2,-0.832892518,8.950782624,-3.051176982,0.005657346,0.093377647,-2.497469759
H1-10,0.731769451,12.62434871,3.041444034,0.005788761,0.095018836,-2.51879052
MFAP4,1.010845184,8.180742883,3.039036331,0.006228766,0.097913558,-2.526829745
LOX,-0.751587461,13.56296329,-3.037723494,0.005839766,0.095329373,-2.526933306
SERPINA5,0.902469516,7.552879695,3.034433586,0.006079117,0.096583188,-2.533949252
EPB41L2,-0.569709198,8.019934543,-3.034126763,0.005889484,0.095615617,-2.534801248
NAGA,-0.611093158,7.794249526,-3.021403243,0.006068644,0.096583188,-2.562603497
ETFA,-0.690045324,7.756916766,-3.020874507,0.006076201,0.096583188,-2.563757798
TPI1,-0.677032041,13.12052304,-3.014360321,0.006170051,0.097506495,-2.577972258
FGF7,1.329248786,6.804302816,2.988088922,0.007871739,0.11298037,-2.602124314
SRRM2,-0.568587619,5.912917843,-3.002001555,0.006554744,0.100902296,-2.603797866
GUSB,-0.452916623,7.487422202,-3.002454037,0.006345189,0.098469139,-2.603919663
CPNE1,-0.48260863,9.237142073,-3.001224831,0.006363539,0.098469139,-2.60659603
LAMA4,-0.730619356,9.523311822,-2.978956713,0.006704906,0.101948627,-2.655000626
LASP1,-0.59439625,9.314732169,-2.978937312,0.006705211,0.101948627,-2.655042731
GCA,-0.474295304,7.954312152,-2.97763828,0.006725658,0.101948627,-2.657861734
DEFA8,0.994001902,8.125725844,2.974331399,0.0081107,0.11474709,-2.66746322
SARNP,-0.527015431,8.371815194,-2.971160017,0.006828521,0.102982418,-2.671912243
P4HB,-0.654877658,10.24937761,-2.967733653,0.006883532,0.103287752,-2.679338288
IQSEC1,-0.499506788,6.801059359,-2.959451733,0.007233178,0.107763745,-2.694979772
PHOSPHO1,-0.675493598,8.021696612,-2.94529704,0.007254375,0.107763745,-2.727874397
TXN,-0.724721721,12.29379312,-2.942290193,0.007305502,0.107983314,-2.734366835
HYOU1,-0.669311093,6.413100997,-2.938157827,0.007597486,0.110647702,-2.740410783
NIBAN2,-0.473905143,9.430089639,-2.936848166,0.007398912,0.108822605,-2.746109997
RPS26,0.773828682,9.911410411,2.931732661,0.007487756,0.109586815,-2.75713989
CAST,-1.054352259,6.723198808,-2.9281494,0.007774725,0.11212965,-2.761716709
TMEM263,-0.533097021,7.278250893,-2.916539733,0.007757668,0.11212965,-2.789848486
AOX1,0.58530184,5.289291978,2.91007783,0.009322998,0.119864546,-2.796043718
MARK2,0.584311411,5.907268645,2.910536619,0.009723321,0.122927597,-2.798238052
HSP90B1,-0.576642753,12.1960489,-2.904965889,0.00796949,0.113833436,-2.814715045
GSTO1,-0.498614549,10.34350116,-2.901330428,0.008037156,0.114250676,-2.822516781
AP1S2,-0.669405852,6.796146863,-2.893675144,0.008676221,0.115076132,-2.833443438
PDIA6,-0.465783503,10.27847656,-2.894693821,0.008162098,0.114926977,-2.836747713
ECM2,-0.836584502,9.016168114,-2.889733274,0.008256692,0.114963509,-2.847375091
UXS1,0.778072469,6.966264915,2.884641458,0.00885548,0.116931689,-2.847647518
TRIM47,-0.44836284,7.771887833,-2.889082064,0.008269188,0.114963509,-2.848769621
CAPS,-0.578293182,7.821291407,-2.885265627,0.008342781,0.114963509,-2.856939452
TSG101,-0.413517964,7.369461365,-2.884515401,0.008357321,0.114963509,-2.858544885
GALNS,-0.584384291,7.851637698,-2.881906419,0.008408073,0.114963509,-2.864126456
MMP3,1.206513395,8.207404464,2.8811792,0.008422272,0.114963509,-2.865681837
MRC2,-0.510197074,8.583452468,-2.87975025,0.008450239,0.114963509,-2.868737568
COL2A1,-1.262293018,15.96573964,-2.878526784,0.008474254,0.114963509,-2.871353336
RPL30,0.491938312,12.40080874,2.872641846,0.008590679,0.115076132,-2.883928257
TPD52L2,-0.549896076,8.718555416,-2.87032565,0.008636918,0.115076132,-2.888874285
HTRA3,1.040488497,10.02857738,2.870159853,0.008640237,0.115076132,-2.889228261
NT5E,-0.812943185,11.23891243,-2.868525253,0.008673024,0.115076132,-2.892717614
SFRP5,1.323622199,6.890458677,2.844964691,0.011171919,0.132238138,-2.897165844
ALDH1A1,0.963700808,5.755816716,2.848734146,0.012170174,0.14009363,-2.912005786
COL8A2,0.835310159,7.280436508,2.849315479,0.010629345,0.127853373,-2.916775495
YWHAQ,-0.416012104,9.155511177,-2.851975358,0.009011717,0.118189294,-2.927995049
ANGPTL2,-0.845403608,8.73111761,-2.850108989,0.009050692,0.118189294,-2.931967467
PRDX4,-0.691604135,9.383406537,-2.84918421,0.009070064,0.118189294,-2.933935342
CDA,-1.052384841,6.559463539,-2.836827764,0.010525383,0.127117528,-2.939511071
ATP1B1,-0.63637589,9.531048609,-2.844808965,0.009162248,0.118869162,-2.943241594
CLIC4,-0.455827279,9.917000791,-2.839274,0.009280143,0.119864546,-2.955005097
RPL23,0.610556234,10.08760895,2.835562478,0.009360005,0.119864546,-2.962887252
NQO1,0.66619074,7.97381972,2.828646679,0.009765592,0.122938878,-2.971829374
ALDH2,-0.524031743,9.725086236,-2.825885457,0.00957131,0.122044476,-2.983415695
AOC2,-1.117360746,7.810549009,-2.82265595,0.009642832,0.122430997,-2.990259324
PAMR1,0.896827268,6.288869526,2.789780268,0.013710746,0.150466859,-3.020976324
SFRP1,1.041987782,7.718440146,2.80208668,0.010110409,0.126742726,-3.033760857
SEC24D,-0.493126243,7.951111951,-2.796305908,0.01024564,0.127117528,-3.04595931
PALS2,-0.451766974,9.000373416,-2.794384121,0.010290975,0.127117528,-3.050011962
PPIA,-0.628993344,12.80021191,-2.793164181,0.010319852,0.127117528,-3.052583872
PPIH,-0.494509149,7.889775355,-2.789410808,0.010409181,0.127117528,-3.060493462
NDRG1,-0.476265764,9.128817927,-2.788277079,0.010436307,0.127117528,-3.0628816
PAK2,-0.378322431,7.132089326,-2.787791471,0.010447946,0.127117528,-3.063904365
VTA1,-0.403061928,7.514088976,-2.785066449,0.01051349,0.127117528,-3.069642089
CHP1,-0.464160016,7.43390728,-2.781525395,0.010869733,0.129694681,-3.070198948
GNAQ,-0.707005313,7.581139372,-2.784666143,0.010523151,0.127117528,-3.070484735
JAM3,-0.842825354,6.663514748,-2.767660392,0.014336365,0.154323695,-3.070913756
ITGA6,-0.547549212,5.918453844,-2.775273402,0.011662186,0.136549465,-3.072013763
TPST2,0.691171739,6.660888664,2.770463643,0.012589312,0.142947092,-3.07209775
UBTD1,-0.533961288,6.396242759,-2.755959279,0.01298576,0.145040195,-3.087403229
MYDGF,-0.638627328,8.446403209,-2.773926758,0.010785499,0.129208541,-3.093069392
VIT,-0.602932236,15.06150981,-2.767741861,0.010939386,0.130003662,-3.106056933
SLC25A12,-0.527533915,6.655163471,-2.742823562,0.012526621,0.142947092,-3.137519808
UCHL1,1.241718727,7.114952085,2.729970355,0.014804985,0.155977345,-3.141438364
ABR,-0.389558311,7.288852736,-2.74975187,0.011398894,0.134389343,-3.143753501
RHOT2,-0.662651076,5.885600104,-2.722631593,0.016471375,0.165325865,-3.148711896
LAMB2,-0.729009181,9.615913952,-2.739305417,0.011674037,0.136549465,-3.165587896
GALE,-0.435278634,10.37931049,-2.733456846,0.011830808,0.137840507,-3.177794247
CAPZB,-0.357806262,10.71425416,-2.727122869,0.012002831,0.139298486,-3.190999098
NPTN,-0.699310199,7.301920822,-2.719622698,0.012209582,0.14009363,-3.206615498
H3-3A,0.543549171,14.76796603,2.719506653,0.012212807,0.14009363,-3.206856951
FIBIN,-1.080718892,5.765230249,-2.701203065,0.013724846,0.150466859,-3.221046851
COL5A1,-0.815419715,11.15298206,-2.703969979,0.012651942,0.142947092,-3.239137348
FAM114A1,-0.397119764,7.346130756,-2.703641611,0.012661381,0.142947092,-3.239818592
ANXA2,-0.385290196,13.66877593,-2.70222676,0.012702131,0.142947092,-3.242753423
AHCY,-0.384658893,10.23257718,-2.695393572,0.012900684,0.144633709,-3.256916613
SORBS2,-0.650303681,7.80489533,-2.684262579,0.013534292,0.149480972,-3.270779868
GATM,0.79419847,6.500815123,2.654498531,0.017994905,0.171157549,-3.27808122
UBE2V1,-0.407843312,9.374155199,-2.682023182,0.013297679,0.147967803,-3.284576936
SYNPO,-0.680315202,7.31685785,-2.641161535,0.017126843,0.168489568,-3.286235215
TNXB,-1.050667982,9.972887053,-2.679249864,0.013381452,0.148344384,-3.290305544
THUMPD3,0.41278114,7.067179916,2.663872239,0.014166184,0.15416752,-3.312390326
ERP44,-0.584647834,7.573626185,-2.658687075,0.014018266,0.153118634,-3.332685607
A0A3Q2I1J3,-0.534220369,5.675868535,-2.623071855,0.017782336,0.171006136,-3.343402829
NRAS,-0.546128173,8.81879406,-2.652040931,0.014230113,0.154298055,-3.346347392
DNM1,-0.416863301,7.353339328,-2.649929974,0.014298028,0.154323695,-3.350682961
NPW,1.094697099,7.466854513,2.61516267,0.017507655,0.169984457,-3.35949988
GMFB,-0.610321729,6.863627641,-2.64398433,0.014490954,0.154488152,-3.362884741
PRPF38B,-0.392721498,8.43938986,-2.643476854,0.014507533,0.154488152,-3.363925534
EHD1,-0.393080379,7.569089768,-2.643473636,0.014507639,0.154488152,-3.363932133
LGALS4,0.656421148,7.794310389,2.640295099,0.01461189,0.155042588,-3.370448694
NPNT,0.902340695,7.86469974,2.601993961,0.019231923,0.176351984,-3.379540076
PSAP,-0.602611373,11.19283679,-2.634774004,0.014794647,0.155977345,-3.381758191
HNRNPK,-0.452847099,11.11616585,-2.625068855,0.015121115,0.158744996,-3.401608332
PCBP1,-0.35608744,10.48008413,-2.621172542,0.015254074,0.159576948,-3.40956672
WNK3,0.649863125,5.831920375,2.603874985,0.016965154,0.168011574,-3.414101942
RHOC,-0.40430805,10.73995499,-2.617460479,0.015381764,0.160348144,-3.417142978
PACSIN3,-0.364625038,7.886623464,-2.612812792,0.015543052,0.161462961,-3.42662084
PLEKHF1,0.597300545,7.248364521,2.609443576,0.015660963,0.162046155,-3.433485991
SEPTIN5,-0.549382329,6.323858625,-2.595032981,0.0168817,0.167744249,-3.437884701
GSTA4,-0.496469596,9.280749509,-2.606445614,0.015766585,0.162046155,-3.439590725
COL14A1,-0.890829578,7.73340828,-2.606190493,0.015775604,0.162046155,-3.440110056
DCTN4,0.397855483,8.364263292,2.604672934,0.015829353,0.162046155,-3.443198673
RPL28,0.657392481,9.99181307,2.603474914,0.015871905,0.162046155,-3.445636272
RPL27A,0.491219296,13.07807567,2.601805207,0.015931391,0.162096443,-3.449032614
KRR1,0.590550736,6.653385344,2.568467752,0.019909076,0.180591446,-3.453437192
CENPV,0.579897257,7.60730837,2.594283689,0.016201951,0.164286674,-3.464317702
AQP1,-1.790450122,6.843935742,-2.539412933,0.024630658,0.198852405,-3.466054951
GSS,-0.443568908,8.451601405,-2.591243476,0.016312528,0.164725304,-3.470489264
LAMC1,-0.757914462,10.58282236,-2.590050869,0.016356097,0.164725304,-3.47290917
NCALD,-0.411269741,7.52056641,-2.582932771,0.016618415,0.166240108,-3.487340015
PTRH2,-0.411686361,7.149950493,-2.573999266,0.017297023,0.16924946,-3.493877575
ARSA,-0.615472509,8.869720926,-2.578383362,0.016788128,0.167374251,-3.496552065
RAB23,-0.504837365,7.084765648,-2.563966028,0.018067562,0.171157549,-3.499427397
ACTR1B,0.407172575,9.024701842,2.569931353,0.017107734,0.168489568,-3.513643202
AK2,-0.562446659,6.607057241,-2.558447869,0.017900676,0.171006136,-3.524954514
SH3KBP1,-0.502968011,7.492790669,-2.563524446,0.017353785,0.16924946,-3.526578629
ECH1,-0.448883657,6.91266758,-2.562976369,0.017374987,0.16924946,-3.527684375
APP,1.333004428,6.513023349,2.533503583,0.02023228,0.18166464,-3.535375898
TONSL,1.169735059,8.822245652,2.529635169,0.020947542,0.184674025,-3.535618643
EIF4B,-0.661079587,5.247307335,-2.5443594,0.018855751,0.175612652,-3.538073997
PCBP2,-0.442866394,10.45761367,-2.55749014,0.017588547,0.170213598,-3.538745753
SCRIB,-0.528253702,6.782063325,-2.545952435,0.018790527,0.175612652,-3.539898009
ADPRH,1.153521781,7.032227142,2.516107006,0.021546986,0.188838039,-3.547282727
ARCN1,-0.346828587,9.508864955,-2.550764563,0.017853696,0.171006136,-3.552288298
HTRA1,0.550271037,12.0010165,2.549690765,0.017896373,0.171006136,-3.554448683
HHIPL1,0.569156915,9.890329214,2.544864834,0.018089354,0.171157549,-3.564151882
SLC16A1,-0.598016548,6.128336256,-2.542093734,0.018201041,0.171667596,-3.569719007
AHSG,-0.853012751,11.35039696,-2.539175373,0.018319359,0.172236754,-3.575578381
PLA2G2A,1.631611297,8.407347255,2.531638175,0.018987852,0.175739467,-3.578295229
SPARC,-0.854647083,7.135397019,-2.51866754,0.019937393,0.180591446,-3.588483982
STK19,0.516461786,6.461996677,2.492879415,0.02261412,0.191414677,-3.590841723
EEF1A1,-0.438822167,13.31520931,-2.526449361,0.018843734,0.175612652,-3.601085852
HEXA,-0.410126451,7.750988361,-2.523275869,0.018976659,0.175739467,-3.607435633
GGPS1,-0.698694822,5.919168952,-2.498508064,0.021280346,0.187052978,-3.608110779
CKAP4,-0.655835878,10.05996679,-2.521609112,0.019046822,0.175739467,-3.610768847
SEPTIN11,-0.453297491,7.191442281,-2.518540109,0.019176646,0.176351984,-3.616903103
G3BP2,-0.459617648,6.299324683,-2.475117683,0.02411467,0.19628681,-3.626591468
VPS37C,-0.674290318,5.294007201,-2.498067401,0.020846313,0.184328558,-3.628710856
LOC100147364,-0.460893187,8.554073389,-2.511415136,0.019481229,0.178088403,-3.631128333
MPI,-0.462997467,9.902854966,-2.507610223,0.019645722,0.179041227,-3.638715762
A0A9L0R3Z9,-0.63734301,7.626478956,-2.497533884,0.020087603,0.181398992,-3.658778053
RPL13,0.524952428,11.98791778,2.494121908,0.020239312,0.18166464,-3.665561133
LOC100051778,0.623409615,8.839050714,2.489344128,0.02045354,0.18303454,-3.675050698
CAVIN1,-0.401406043,11.83311923,-2.487430206,0.020539947,0.183106207,-3.678849229
TMSB4,-0.802798683,8.485017441,-2.486439408,0.020584811,0.183106207,-3.680815005
OSBPL8,0.556074382,4.57777589,2.419065574,0.029712902,0.214785962,-3.681541203
DDR2,0.61132024,7.218340627,2.445994176,0.024327608,0.197479022,-3.682430571
PRKD1,-0.491768904,6.552121403,-2.45831931,0.023182289,0.194012905,-3.685154737
NAPA,-0.346137541,8.941126709,-2.481668249,0.02080213,0.184328558,-3.690274942
GNG10,-0.397870501,8.287537043,-2.461684152,0.022121697,0.189529033,-3.716042554
SF3A3,-0.454401484,7.541990377,-2.46342472,0.021652891,0.189075627,-3.726351921
TPM4,-0.482200014,9.004152033,-2.462405147,0.021701376,0.189075627,-3.728363677
CILP,0.606527649,17.22214288,2.459638044,0.021833473,0.189529033,-3.733821151
CAPG,-0.691785552,7.977151856,-2.455183894,0.022047674,0.189529033,-3.742598568
ANXA1,-0.420040805,13.36437173,-2.454795199,0.022066459,0.189529033,-3.743364105
LIN7C,-0.467069832,7.692864449,-2.453947123,0.022107495,0.189529033,-3.745034151
EIF4H,-0.456126079,7.497719142,-2.453355289,0.022136175,0.189529033,-3.746199407
TFPI2,0.84273974,6.834134795,2.387144946,0.029630902,0.214785962,-3.750883723
ITIH5,-0.5142588,6.929089951,-2.423444918,0.024960179,0.200423495,-3.751483579
CHMP5,-0.469002646,7.406228824,-2.434367052,0.023907499,0.19628681,-3.751986423
RCN3,-0.514152256,9.672475231,-2.445083578,0.022540634,0.191414677,-3.762468584
EFTUD2,-0.391721084,7.321872037,-2.444969468,0.022546261,0.191414677,-3.762692799
PRDX6,0.505068392,13.66154964,2.444589468,0.02256501,0.191414677,-3.76343942
RAB8B,-0.670889725,6.678509966,-2.414943182,0.025958658,0.205114818,-3.766001736
SEPTIN6,-0.483897266,6.440001894,-2.438990737,0.022842919,0.192802026,-3.774432024
CNBP,-0.649798836,6.68097411,-2.434667131,0.023059698,0.193596101,-3.782911075
RBM25,-0.479303408,6.149931886,-2.412729768,0.02553144,0.204457972,-3.783078838
COL9A2,-1.038791955,11.463184,-2.434515726,0.023067324,0.193596101,-3.78320784
DR1,-0.524758293,7.222525021,-2.391862963,0.027859624,0.211966515,-3.792225354
UBR4,0.638204949,5.999450551,2.407575534,0.025810541,0.205114818,-3.792826436
CHCHD2,-0.905728284,5.755067351,-2.379359125,0.02929109,0.214785962,-3.793261955
SRP14,0.512876921,7.60760558,2.428482489,0.023373097,0.194820434,-3.795024674
C1QTNF12,0.848397407,9.013170165,2.426717112,0.023463275,0.194820434,-3.798479166
LRPAP1,-0.546380363,6.911612895,-2.426478247,0.023475502,0.194820434,-3.798946465
MAOB,-0.556398012,5.782266358,-2.375166092,0.029540019,0.214785962,-3.808772274
RPL36,0.46418525,11.14020268,2.421401148,0.02373677,0.19628681,-3.808872629
NCSTN,-0.519530084,8.62587202,-2.396347518,0.026428384,0.207721506,-3.814021961
UAP1L1,-0.413506811,9.336365951,-2.417435464,0.023942711,0.19628681,-3.81661746
LUM,0.784646238,14.22379293,2.415825374,0.024026794,0.19628681,-3.819759793
SPP2,0.830294658,10.44543822,2.415748457,0.024030818,0.19628681,-3.819909876
WNT11,-0.582729322,6.92811275,-2.414535763,0.024094338,0.19628681,-3.822275779
STARD5,-0.827415609,5.667895154,-2.38561337,0.027031873,0.20993915,-3.83423525
SNRPD1,0.581467008,7.767883962,2.407460269,0.024468051,0.198077873,-3.836065846
AGA,-0.523782406,7.706138611,-2.383052011,0.026672039,0.209083447,-3.85002634
UBA5,-0.3227661,7.173612303,-2.39933506,0.024903805,0.200423495,-3.851872514
POLDIP3,-0.696078359,5.511740467,-2.342836977,0.031526843,0.219856704,-3.858933881
NAPG,-0.471283992,7.100493722,-2.382534919,0.026243621,0.206816443,-3.86929131
PPL,-0.782902669,6.013876795,-2.348058016,0.030471004,0.217611511,-3.872331375
A0A3Q2I4Y7,-1.047718393,8.144073391,-2.353575682,0.029486263,0.214785962,-3.873739083
OTUD6B,-0.607350202,5.597895631,-2.351506567,0.029612628,0.214785962,-3.877555261
KYAT3,-0.448992012,7.825767519,-2.38578864,0.025646245,0.204825255,-3.878155496
ANG,1.082293376,10.20263271,2.381704001,0.025874084,0.205114818,-3.886063306
TXNDC5,-0.783401952,7.505265334,-2.381113977,0.025907149,0.205114818,-3.88720492
NSDHL,-0.633305886,6.033491515,-2.316674435,0.034068266,0.22796581,-3.893674148
TPM1,-0.489814335,9.151814466,-2.35512926,0.028297928,0.213267255,-3.902882605
LOXL1,-0.631056071,5.691417407,-2.304883603,0.034868909,0.229052408,-3.914344484
COL6A1,-0.383074294,15.72090646,-2.366319267,0.026749072,0.20913551,-3.9157756
PCOLCE,-0.52018439,13.18836931,-2.363328993,0.02692227,0.209937173,-3.921537335
ABI2,-1.104517396,5.435776429,-2.300455339,0.035174122,0.229052408,-3.922094585
BCKDHA,-0.504422438,5.773113242,-2.317783205,0.032407099,0.221870927,-3.927250907
CAMK2A,0.397944206,8.808724423,2.317221053,0.032444107,0.221870927,-3.928267166
OGN,-0.706266517,13.10605734,-2.359778522,0.027129253,0.20993915,-3.928372807
YWHAE,-0.380381457,10.48347563,-2.359525671,0.027144049,0.20993915,-3.92885937
MSN,-0.323558369,9.736309487,-2.35848245,0.027205174,0.20993915,-3.93086651
AKT1,-0.392333502,6.702636985,-2.348902286,0.028201228,0.213267255,-3.933537913
TUBB.1,-0.480819752,10.38019694,-2.357075731,0.027287798,0.210031215,-3.933572174
KIF5B,-0.33083653,7.144416357,-2.349644137,0.027728136,0.211966515,-3.947849895
PRPS2.1,0.44523465,8.765705157,2.348201997,0.027814339,0.211966515,-3.95061742
COL6A2,-0.452654566,17.1859773,-2.347119895,0.027879182,0.211966515,-3.952693345
GARS1,-0.317425471,7.963020031,-2.346840227,0.027895963,0.211966515,-3.953229771
PDGFD,1.194071861,7.771864517,2.314636301,0.031355027,0.21970704,-3.955130008
BAG6,0.561270202,10.71512484,2.340509893,0.0282783,0.213267255,-3.965361559
LMNB2,-0.396829683,10.01734097,-2.339261265,0.02835428,0.213267255,-3.96775216
XPNPEP1,-0.460774472,9.447399882,-2.336782701,0.028505658,0.213819891,-3.972495283
EDF1,0.859718434,6.251803551,2.259260984,0.0381353,0.238025159,-3.975075242
SLC12A4,-0.418589268,6.742605333,-2.316276754,0.03071275,0.218295645,-3.975835789
AK1,-0.374119571,10.75443248,-2.334935329,0.028618967,0.213819891,-3.976028541
RPL24,0.519543828,10.77824409,2.334533626,0.028643661,0.213819891,-3.976796609
BAX,-0.519434215,5.948547131,-2.286180484,0.034549492,0.229052408,-3.984180756
ATP5F1A,-0.427302367,10.43838567,-2.329777624,0.02893751,0.214785962,-3.985884123
GSK3A,0.409456111,5.982783484,2.292130065,0.033460002,0.224908749,-3.986293259
PRKAR2A,-0.441094878,6.56470201,-2.328672691,0.029006173,0.214785962,-3.987993758
DOK1,-0.414124814,6.602335426,-2.319335956,0.030032291,0.216165293,-3.989573065
CMBL,-0.638254939,9.059476404,-2.326505339,0.029141291,0.214785962,-3.992130092
VAPB,-0.413607187,7.36018466,-2.324057315,0.0292946,0.214785962,-3.99679926
TBCD,-0.491781716,5.864929516,-2.250007689,0.037946014,0.237582373,-3.998326092
RPS24,0.625305112,9.655178152,2.323048814,0.029357973,0.214785962,-3.998721925
H1-2,0.527971519,15.689699,2.322676644,0.029381392,0.214785962,-3.999431323
RPL9,0.438874009,10.68968721,2.317711838,0.029695439,0.214785962,-4.008888172
JAK1,-0.545316578,5.802125791,-2.269083655,0.03576247,0.229482288,-4.014805992
TPT1,-0.482637757,8.821640851,-2.295888062,0.032054559,0.220637414,-4.018998187
CAVIN3,-0.348991268,10.18148536,-2.312176002,0.030049231,0.216165293,-4.019418126
OSBPL11,-0.503576912,7.878233868,-2.251651932,0.03782246,0.237569825,-4.02067634
EFEMP2,0.606912831,9.885300367,2.308215877,0.030304684,0.21747637,-4.02694139
SFRP4,-0.846113637,6.218702007,-2.289509001,0.032485309,0.221870927,-4.030852561
HERC4,-0.620904539,5.659670506,-2.267267548,0.03520417,0.229052408,-4.031370928
TIMP2,0.475697586,8.479067801,2.3050072,0.030513121,0.217611511,-4.033031283
RRBP1,-0.476554903,9.008565784,-2.304545025,0.030543251,0.217611511,-4.033908037
ABCC1,-0.557384829,6.638614185,-2.293319418,0.031733162,0.219856704,-4.038530317
PXN,-0.793057387,5.068126074,-2.2139005,0.04269692,0.249757243,-4.04249415
EHD4,-0.352139266,8.475987333,-2.299708575,0.030860194,0.218820136,-4.043076385
BSG,-0.799950812,9.081045264,-2.298567843,0.030935386,0.218831027,-4.045237116
RPS25,0.482514521,13.1608797,2.29640137,0.031078651,0.219322262,-4.049338949
ENOPH1,-0.413247215,8.32082462,-2.292987861,0.031305612,0.21970704,-4.055796981
LPP,-0.5129172,7.652582799,-2.292565787,0.031333781,0.21970704,-4.056595092
LOC111771821,0.545624608,10.98644397,2.290421739,0.031477228,0.219856704,-4.060647932
HEXB,-0.404814532,8.415002292,-2.286480789,0.031742463,0.219856704,-4.068091291
SPR,0.506431979,8.484167997,2.286422663,0.031746391,0.219856704,-4.068201014
SYNCRIP,-0.38117362,7.417620465,-2.283576538,0.031939231,0.220637414,-4.07357153
CSNK1A1,0.461932088,6.31925515,2.219630737,0.040296902,0.242663845,-4.076686751
TUBB6,-0.39720717,8.077132401,-2.281480799,0.032081913,0.220637414,-4.077523447
TPP1,-0.643969723,8.421533629,-2.271014884,0.033261145,0.224588321,-4.080236992
PRPSAP2,0.44106193,7.377328022,2.258648408,0.034645172,0.229052408,-4.087926059
H2AC19,0.612616759,17.02535986,2.272514316,0.032698961,0.22281792,-4.094405997
MVB12A,-0.359635539,7.630124057,-2.270890399,0.032811866,0.223075638,-4.097459163
AGFG1,-0.577466254,5.282094682,-2.170611556,0.047592223,0.264107785,-4.09963507
GPX3,-0.508855708,9.625732238,-2.267939459,0.033017945,0.223964187,-4.103003812
TGFBI,-0.733107216,14.12687599,-2.265966354,0.033156394,0.224390996,-4.106708654
TMSB10,-0.796067696,6.914490407,-2.236148617,0.036872461,0.23258616,-4.110396755
PYM1,-0.483040797,6.05016542,-2.24633549,0.03554304,0.229052408,-4.110568669
ABCF2,0.442831405,6.755471328,2.215114009,0.039854265,0.242663845,-4.110659973
PXYLP1,0.591098858,7.847952566,2.263042906,0.033362501,0.224761884,-4.112194218
GNB1,-0.456748939,11.31282587,-2.260059196,0.03357406,0.225165989,-4.117788288
COPZ2,-0.427158546,7.300806777,-2.238759686,0.036105996,0.22970217,-4.119259794
SAT2,0.708147601,6.629717921,2.169018057,0.046513675,0.262665464,-4.128680857
GOLM1,-0.456621033,6.468383344,-2.243097001,0.035268372,0.229052408,-4.132088997
RBM33,0.701741222,5.335330265,2.147608189,0.04967989,0.2682134,-4.137321002
A0A9L0SWR6,-0.405189254,9.233812996,-2.245783781,0.034603269,0.229052408,-4.144488698
RPL23A,0.431082735,12.58813698,2.241494748,0.034918058,0.229052408,-4.152489986
GNPNAT1,-0.409222729,7.00416217,-2.241059611,0.034950139,0.229052408,-4.153301206
YWHAG,-0.32498793,9.143524251,-2.240778347,0.034970891,0.229052408,-4.153825509
SFPQ,-0.453442677,7.981834001,-2.240406928,0.03499831,0.229052408,-4.154517804
DDX3X,-0.326356924,9.089201397,-2.239918455,0.035034401,0.229052408,-4.15542817
SF3B5,-0.57494675,6.642399314,-2.188684071,0.042011448,0.248143162,-4.157134896
RNH1,-0.459694941,7.626257864,-2.235199503,0.03538481,0.229052408,-4.164216401
ALDOA,-0.444938813,12.08152659,-2.234658744,0.035425167,0.229052408,-4.165222722
CPQ,0.428880029,7.824891201,2.232979222,0.035550778,0.229052408,-4.168347229
GORASP2,-0.389921618,7.63127642,-2.232577568,0.035580877,0.229052408,-4.169094227
RPS23,0.533091327,9.949522534,2.232077528,0.035618382,0.229052408,-4.170024086
ANXA5,-0.379029732,13.98093236,-2.228219721,0.035908941,0.22970217,-4.177193497
A0A5F5PTR6,-0.862517306,7.386561138,-2.150808814,0.045289775,0.258424215,-4.177337556
PSMB7,-0.461115479,8.38104174,-2.225875387,0.03608656,0.22970217,-4.181546397
PODN,0.725127954,9.762535744,2.225741675,0.036096715,0.22970217,-4.181794584
GNAI2,-0.484665258,10.5875066,-2.223614975,0.036258576,0.23017998,-4.185740715
COX4I1,-0.504152463,6.944371109,-2.144522733,0.047647853,0.264107785,-4.190214528
SEC23IP,-0.308184315,8.053300349,-2.220600748,0.036489116,0.231149602,-4.191329553
HNRNPM,-0.362399602,10.19719485,-2.215820933,0.036857424,0.23258616,-4.200182153
THBS3,-0.452404413,8.611622766,-2.208890348,0.037397453,0.23539795,-4.2129965
RPS16,0.441279293,12.05599645,2.201459916,0.037984391,0.237582373,-4.226706464
ELOB,-0.707991831,6.990795879,-2.188887282,0.039484289,0.241871799,-4.231634032
MACROD1,-0.424014269,6.940860771,-2.136456784,0.046591955,0.262665464,-4.233166698
CALU,-0.473716292,8.381034967,-2.197238895,0.038321521,0.238686036,-4.234481494
SLC35B2,-0.663990722,7.2969234,-2.143288143,0.045967933,0.260740762,-4.236220613
DHRS2,-0.680324368,4.409334127,-2.112452684,0.050673487,0.269908959,-4.244135668
PSMG3,0.312955462,7.39041745,2.191715352,0.038766776,0.23999605,-4.244641226
NONO,-0.366813272,8.726797081,-2.191702096,0.03876785,0.23999605,-4.244665589
THRAP3,-0.366524707,7.515483681,-2.191623921,0.038774185,0.23999605,-4.244809261
SON,-0.452824334,5.429343399,-2.111010266,0.050813627,0.2700667,-4.246550541
CCL16,0.932130723,12.02068469,2.18023736,0.040197817,0.242663845,-4.247376123
H2BC21,0.503195314,16.55876763,2.18974746,0.038926536,0.240438127,-4.248256886
LRRC40,0.316443575,7.572489017,2.178426286,0.040348684,0.242663845,-4.250667116
MLH3,-0.667355457,7.103304652,-2.169099751,0.041676791,0.246656863,-4.250878294
DPYSL3,-0.525354131,8.946012809,-2.186799182,0.039167003,0.241421508,-4.253669908
PTBP1,-0.354732384,9.497419163,-2.184969224,0.039316933,0.241785391,-4.257027329
TRPC4,0.713216254,8.151733658,2.153860233,0.04360014,0.254131493,-4.257971366
RPS7,0.45209744,10.88999464,2.184094283,0.039388801,0.241785391,-4.25863194
RAP1GDS1,0.537987786,5.798134356,2.161525454,0.042327372,0.249019053,-4.259214711
COL6A5,-0.780979191,5.487114583,-2.090062901,0.05288922,0.274709568,-4.26207736
H1-1,0.510216904,15.35891531,2.171178923,0.040957552,0.244838807,-4.263819254
CFL1,-0.398607067,11.01181531,-2.178173333,0.039878282,0.242663845,-4.269479811
GAPVD1,-0.369264869,6.257831211,-2.146170215,0.044282744,0.255823014,-4.271591324
HINT2,-0.591639593,7.384927732,-2.146089613,0.044289949,0.255823014,-4.271733922
C1QTNF8,0.498764692,9.869903805,2.176316413,0.040032921,0.242663845,-4.272877972
HPRT1,-0.365351544,8.416661327,-2.175729541,0.040081907,0.242663845,-4.273951556
SERBP1,-0.364360354,8.44687199,-2.175325393,0.040115672,0.242663845,-4.274690767
CDC42,-0.427463521,9.445300619,-2.172608152,0.040343358,0.242663845,-4.279658449
RPS6,0.445244885,13.08321217,2.167590829,0.040766845,0.244482387,-4.288820545
UBE2O,0.359396027,6.321045069,2.167015759,0.040815639,0.244482387,-4.289869793
NXN,-0.461141731,6.488008162,-2.141717273,0.044072504,0.255823014,-4.294616865
ITM2B,0.856152173,4.836724361,2.099964864,0.050058106,0.269425059,-4.295834343
COBLL1,-0.284046542,7.20548075,-2.163224577,0.041138641,0.245102026,-4.296782488
BMPER,-0.518752761,7.884942656,-2.162897902,0.041166581,0.245102026,-4.297377765
MPP7,0.609196975,5.659262348,2.152185443,0.042592896,0.249757243,-4.298154804
SMU1,0.533852873,6.647063952,2.150907235,0.042705042,0.249757243,-4.300458547
QKI,-0.393822106,7.227378647,-2.159357186,0.041470511,0.24619912,-4.303825997
EIF1AX,0.598826872,9.00351194,2.158822536,0.04151658,0.24619912,-4.304799082
OMD,-0.631513539,9.957846518,-2.150135125,0.042271646,0.249019053,-4.320588432
ARSB,-0.673461015,6.561247664,-2.111298163,0.047501418,0.264107785,-4.332976449
MAN1A1,0.548170011,6.543716238,2.079051942,0.052148593,0.272770194,-4.346476237
CHID1,-0.369158152,7.668784568,-2.13491877,0.043624053,0.254131493,-4.34814325
MAP4K4,0.690947529,6.012228441,2.099573379,0.048630252,0.266681464,-4.353474919
BMP1,0.478709015,7.137681523,2.096407244,0.048939207,0.266786025,-4.358998014
GLOD4,-0.287938295,10.32332483,-2.127885568,0.044262215,0.255823014,-4.360835802
AGRN,-0.481469574,8.051542873,-2.126980415,0.044344952,0.255823014,-4.362467284
H1-12,0.806052117,8.708795169,2.114721808,0.045992499,0.260740762,-4.365308935
CAPZA1,-0.32727989,9.262417376,-2.124946143,0.044531405,0.256379612,-4.366132253
SEC23A,-0.442913948,8.234774059,-2.123991094,0.044619183,0.256379612,-4.367852081
RPL18A,0.466009924,10.60648708,2.123109855,0.044700316,0.256379612,-4.369438537
EML2,-0.557791262,6.946133621,-2.088256758,0.049742707,0.2682134,-4.373191836
AIMP1,-0.739630455,8.348755695,-2.118556935,0.045121604,0.258297275,-4.377627998
BASP1,0.835558592,5.226213901,2.009943916,0.062722997,0.298257174,-4.378362544
LNX1,1.425518628,8.051368042,2.094008663,0.048545759,0.266681464,-4.379034269
TECR,-0.458709251,7.394371289,-2.073192135,0.051963948,0.272770194,-4.379986976
RPS8,0.474233814,12.86381007,2.116450244,0.045317744,0.258424215,-4.381413406
CPVL,1.123778338,6.915624395,2.082216738,0.050345807,0.269635894,-4.383687852
GCLC,0.88031349,4.97188445,2.005473816,0.063245379,0.298257174,-4.385528953
VAPA,-0.471659284,6.790321554,-2.113137712,0.0456277,0.259693286,-4.387360461
RABGGTA,-0.413010038,6.927508135,-2.07876814,0.0506931,0.269908959,-4.389672017
IL17B,1.003230102,6.763517464,2.035620681,0.057641107,0.28781803,-4.389899448
RPL32,0.516123153,11.01179856,2.10839254,0.046075025,0.260740762,-4.395868748
TERF2,0.430212885,6.929069561,2.094059578,0.04797025,0.26539965,-4.402017141
MMP19,0.667778018,6.708182853,2.069293273,0.051658409,0.272361661,-4.406080854
PFKL,0.606501243,10.10872651,2.100449058,0.046832669,0.263522459,-4.410083138
P3H4,0.558034309,7.293406484,2.087751229,0.048589115,0.266681464,-4.413177242
MAPRE3,-0.434774721,6.907730618,-2.039575913,0.056311523,0.283561925,-4.413237078
ARPC1A,-0.318668043,7.855246475,-2.096998176,0.047165278,0.264107785,-4.416247096
FASTKD2,-0.350463135,8.79970853,-2.02342775,0.05900122,0.289261758,-4.418593517
HSPA9,-0.397782123,8.4734875,-2.095032526,0.04735568,0.264107785,-4.419755099
OXSR1,-0.434241739,7.224999003,-2.093874594,0.047468164,0.264107785,-4.421820572
TUBB4B,-0.316399231,12.38086841,-2.093625139,0.047492428,0.264107785,-4.422265441
ENO1,-0.284556839,15.66530878,-2.093569789,0.047497814,0.264107785,-4.422364144
VCAN,0.520229225,7.128824096,2.082413781,0.049118317,0.267272017,-4.422602365
RPS13,0.431009843,11.55781385,2.086909928,0.048149795,0.265897844,-4.43422768
ENSA,-0.393245425,7.129069279,-2.058946172,0.052089593,0.272770194,-4.440293222
RPL34,0.520292077,9.71424926,2.08184748,0.048650742,0.266681464,-4.443228642
PSMC1,0.304270506,8.726627478,2.080617346,0.04877317,0.266786025,-4.445413577
HNRNPDL,-0.325705405,8.142014336,-2.079843258,0.048850352,0.266786025,-4.446788048
DDAH1,-0.486100517,10.68977428,-2.075989014,0.049236274,0.267291599,-4.4536265
STRAP,-0.339860787,7.270113646,-2.075336791,0.04930185,0.267291599,-4.454782868
CD81,-0.581026031,6.115772886,-2.048819978,0.053155384,0.275130047,-4.457859441
VARS1,0.276144336,7.393461732,2.061562608,0.051235557,0.270855586,-4.459268919
BPGM,-0.419273386,8.159160742,-2.071905732,0.049648102,0.2682134,-4.460861968
STXBP2,-0.713885466,6.348415857,-2.016161922,0.058111204,0.288709676,-4.470329645
COL11A2,-0.451741994,11.5345433,-2.066483868,0.050199692,0.269635894,-4.470454457
C7H11orf58,-0.512297026,5.941124253,-2.030288041,0.055808757,0.283283752,-4.473125524
RPL13A,0.481782978,11.93382785,2.064825,0.050369546,0.269635894,-4.473385959
AEBP1,-0.768811038,8.904042459,-2.063297994,0.050526352,0.269908959,-4.476083025
FLOT1,-0.441475354,6.376882264,-2.02660227,0.056216002,0.283561531,-4.479418321
TOP1,0.467956919,8.915596828,2.059241494,0.050945027,0.270281562,-4.48324121
RCN1,-0.599546199,6.686166603,-2.04653306,0.052811929,0.274709568,-4.485545479
COL5A2,-0.645958558,8.899197193,-2.057837567,0.051090647,0.270570966,-4.485716375
FARSA,0.431771502,7.413594505,2.051965074,0.051703796,0.272361661,-4.496057295
NAA15,0.412833382,6.381753089,2.027737427,0.055437197,0.283283752,-4.499602753
RAP2B,-0.39249946,7.191997575,-2.037311237,0.05380047,0.277021139,-4.501604355
EHD2,-0.31850351,11.23038007,-2.048223086,0.052097912,0.272770194,-4.502636071
RPL10,0.581571557,9.390548895,2.046130124,0.052319514,0.273183264,-4.506312124
ACTB,-0.295029443,14.32456204,-2.042229544,0.052734749,0.274709568,-4.513156192
DSTN,-0.315075924,9.671932791,-2.039279797,0.05305071,0.275067467,-4.51832596
PTMS,-0.719100093,7.917501376,-2.026622741,0.05496686,0.282049295,-4.520156102
NDRG3,-0.54481203,6.06405179,-1.994656322,0.059858675,0.291152536,-4.521586445
PPP1R12A,-0.500557795,5.678063166,-1.994501111,0.059876876,0.291152536,-4.521848292
ATP6V1E1,-0.335192369,7.013670639,-2.034937466,0.053518903,0.276087209,-4.525927065
CRIP2,-0.701364086,7.231350952,-2.034870393,0.053526164,0.276087209,-4.526044387
CAMK2G,0.517042786,7.623699559,2.020827092,0.055608691,0.283283752,-4.53018786
PRRC2A,-0.484836932,6.14280761,-2.019807009,0.055722346,0.283283752,-4.531951517
SPON1,-0.456764648,6.413266769,-1.995345596,0.059777907,0.291152536,-4.532483698
RPL15,0.452914934,10.36809147,2.026276814,0.054463694,0.279950927,-4.541053982
TPPP3,-0.872625217,8.574048758,-2.02061408,0.055089432,0.282190864,-4.550920617
NRF1,0.415608523,6.726735108,1.931670537,0.070201027,0.31745396,-4.559754024
LMNA,-0.445060399,12.57680351,-2.014111363,0.055815859,0.283283752,-4.56222729
UEVLD,-0.389301602,6.29515304,-1.87764167,0.081356003,0.344798761,-4.563991574
CHTOP,-0.413144251,6.585937284,-2.012751285,0.055968866,0.283283752,-4.564588953
SEC31A,-0.254497407,8.694993611,-2.012739148,0.055970233,0.283283752,-4.564610023
PRKAB2,-0.49012624,5.458649206,-2.000651979,0.057895292,0.288118784,-4.56495678
COL16A1,-0.552345006,9.719913283,-2.011523599,0.056107299,0.283494531,-4.566719779
CHRAC1,0.46252302,6.851980352,1.966626585,0.063226702,0.298257174,-4.568655372
PABPN1,-0.315940019,6.827097495,-1.96082768,0.064691235,0.30307597,-4.569464581
SERPINB12,0.571457734,7.555025333,1.907709269,0.074491854,0.328817961,-4.577402697
A0A3Q2I8J7,0.668668624,6.239266209,1.993004341,0.058783657,0.289076012,-4.578074106
A2M,-0.799425162,10.45496536,-2.004727984,0.056879075,0.285737159,-4.578498235
C1QB,0.460437504,10.48982474,2.003691235,0.056997642,0.285737159,-4.580292741
ETFB,-0.406255141,6.773160901,-2.003390979,0.057032021,0.285737159,-4.580812333
ELOA,0.689385067,7.048155209,1.966519137,0.063239931,0.298257174,-4.58094151
COL10A1,1.761401048,14.765101,2.000878285,0.057320448,0.286698738,-4.585158416
SIK3,-0.656940985,4.185184581,-1.897775787,0.074797056,0.328817961,-4.587019954
DNAJC17,-0.701932664,3.817309504,-1.859692376,0.084003719,0.349018001,-4.591236043
GLA,-0.434838536,8.221210613,-1.996985032,0.057769899,0.28797713,-4.591884887
SERPINB1,0.406667926,9.281120517,1.991671946,0.058388296,0.289076012,-4.601049703
SEC22B,-0.317578324,8.372858126,-1.98973888,0.058614738,0.289076012,-4.604379921
A0A5F5PJ00,-0.904452834,7.898012986,-1.988935018,0.058709132,0.289076012,-4.605764121
CHORDC1,0.427422537,5.94762131,1.889419458,0.077046392,0.332690755,-4.606185442
VCL,-0.303529319,9.100818994,-1.988139862,0.058802636,0.289076012,-4.607132945
RFLNA,0.522134233,6.435896644,1.987711979,0.058853007,0.289076012,-4.607869366
PGK1.1,-0.307240107,15.04560405,-1.987601367,0.058866034,0.289076012,-4.608059722
ARL8A,0.475975284,5.509717654,1.981977191,0.059531796,0.291152536,-4.617728711
CCT6A,-0.248871485,8.523799553,-1.980579043,0.059698332,0.291152536,-4.620129405
LAMP2,-0.5370398,7.664132686,-1.966999835,0.061895512,0.296599298,-4.622418673
BCAT1,-0.336095043,11.1911048,-1.97773797,0.060038006,0.291459014,-4.625004021
HSPD1,-0.460855422,8.724432421,-1.976637487,0.060170036,0.291623455,-4.626890873
ZNF830,-0.550307391,5.348284419,-1.850538531,0.083972774,0.349018001,-4.628189117
RPS15,0.496791558,8.781047679,1.975141547,0.060349923,0.292018925,-4.629454578
CYCS.1,-0.439208186,8.958432024,-1.961584232,0.06256162,0.298257174,-4.631603049
LOC100630020,1.05529571,9.281819383,1.973625834,0.060532671,0.292164431,-4.63205078
CAMK2D,0.353587462,7.250909229,1.973261504,0.060576671,0.292164431,-4.632674618
OSBPL9,0.424171349,6.799211012,1.959843763,0.062777036,0.298257174,-4.634550997
TXNRD1,-0.418812255,7.084790652,-1.971276653,0.060816876,0.29284755,-4.636071828
PABPC1,-0.278503591,9.420070794,-1.970268594,0.060939192,0.292961715,-4.637796269
SUMO2,-0.375174848,9.296788711,-1.942336487,0.065599431,0.305001424,-4.639066861
CHMP1A,-0.515324883,7.488266061,-1.945566844,0.065186878,0.304512915,-4.639074534
TIAL1,-0.459472307,6.778300702,-1.890044962,0.074926194,0.328817961,-4.643360476
DEFA7,0.925863941,6.048909484,1.928083697,0.068132694,0.311898664,-4.644818735
GSTA1,1.233222422,9.291450681,1.963527858,0.061762697,0.29644099,-4.649311381
CCNY,-0.518483108,5.952344192,-1.923954408,0.068677781,0.313204659,-4.651630771
LOC100067869,-1.092680261,11.62344871,-1.961279342,0.06203957,0.296810888,-4.653146301
KRT6A,0.556342699,12.91938887,1.959144463,0.062303462,0.297594189,-4.656784539
SLC49A3,-0.437106319,8.255799229,-1.929998884,0.067196392,0.309331316,-4.659637115
IARS1,-0.431640338,6.927168871,-1.92872183,0.067363636,0.309331316,-4.661761164
MYO1C,-0.325026414,10.36020926,-1.952850036,0.063087284,0.298257174,-4.667495126
VIM,-0.373088201,15.98299861,-1.952720507,0.063103505,0.298257174,-4.667715276
SLC1A5,-0.514216397,7.426341357,-1.939464539,0.065348512,0.304747328,-4.668932961
TNFAIP8,-0.531907245,5.249199006,-1.848559055,0.08303746,0.347766163,-4.669862144
YIF1B,-0.543822824,5.823402117,-1.912842287,0.070163826,0.31745396,-4.669913042
SDHA,-0.26996167,6.984930561,-1.948533734,0.063629786,0.299594443,-4.67482563
RBMX,-0.357889143,9.641116971,-1.945805911,0.063974751,0.300742065,-4.67945244
DNAJB7,-0.350510414,6.62934902,-1.888180616,0.074333597,0.328817961,-4.68151397
PRRX1,0.545193368,6.179668809,1.823112569,0.088218627,0.358546567,-4.681555108
FGF2,0.402647702,10.63421942,1.94395867,0.06420929,0.301367773,-4.682583035
CBX1,-0.477765522,6.206646615,-1.90259636,0.071559109,0.322192114,-4.686706247
INMT,0.489007359,8.053795124,1.928379812,0.066785822,0.308885602,-4.687528494
PRDX3,-0.392786645,7.924050676,-1.927884399,0.066850704,0.308885602,-4.688357842
COL1A1,-0.676086342,12.49126429,-1.939509778,0.06477726,0.30307597,-4.690114076
PDXK,-0.413382564,8.226978955,-1.934344656,0.065442206,0.304747328,-4.698842135
CAPN6,-0.444368052,7.412930782,-1.875583012,0.076129137,0.330672026,-4.701803671
A0A5F5PY83,1.005252158,7.50803057,1.782705236,0.096256444,0.372367052,-4.706326027
H1-0,0.524466726,12.19324459,1.928697866,0.066176017,0.306758105,-4.708365126
TUBA1A,-0.329873811,12.80077815,-1.928638592,0.066183758,0.306758105,-4.708464983
MYO1F,0.468484136,7.071028356,1.888211048,0.073559341,0.3286388,-4.710179683
PCCB,0.841166889,6.606125156,1.820412225,0.087401444,0.357671748,-4.713212654
SPIN1,0.510405348,6.940133,1.912899097,0.068839664,0.313204659,-4.713373084
CCT8,-0.268445117,8.872988552,-1.920893742,0.067202065,0.309331316,-4.721493579
LOC100050355,-0.455863056,7.975784075,-1.920329607,0.067276773,0.309331316,-4.722441116
COL4A2,0.713248713,7.623215244,1.916905639,0.067731769,0.310541801,-4.728187828
SERPINA6,-0.564224505,6.755304034,-1.824386396,0.085675076,0.35352868,-4.729150198
FAHD2A,-0.33234465,7.804232323,-1.903153505,0.070160892,0.31745396,-4.729567511
PHF5A,-0.379268421,6.179664901,-1.889517283,0.072679575,0.325197315,-4.731936812
LMNB1,-0.491284255,6.411471204,-1.874711812,0.075480932,0.328817961,-4.73209566
COG7,-0.658917699,6.278145922,-1.739692332,0.105438868,0.384838916,-4.73690189
MRRF,0.894880097,6.635081476,1.761088809,0.099971019,0.375731167,-4.738109319
CDC42BPB,0.324330996,7.032959462,1.881532513,0.073806347,0.328753608,-4.739562215
NSF,-0.266019853,7.520695431,-1.908710086,0.068831812,0.313204659,-4.741913151
DYNC1LI2,-0.463966149,6.726564427,-1.908691908,0.068834269,0.313204659,-4.741943548
COPS7A,-0.762939673,5.310151481,-1.827303352,0.084241778,0.349018001,-4.74262716
EFNB1,-0.388148906,6.4618008,-1.75298135,0.101396568,0.378740372,-4.749968111
TPM2,-0.506069858,5.629774547,-1.862245567,0.077294481,0.33281435,-4.752237875
DDAH2,-0.51113396,8.245711087,-1.899396543,0.070100878,0.31745396,-4.757459405
RTF1,-0.459685346,5.388989769,-1.838484501,0.081640397,0.344798761,-4.761017156
ELF2,-0.748658725,4.022765763,-1.754988465,0.099599056,0.375731167,-4.771892219
KCTD12,-0.379268854,8.870560176,-1.890321012,0.071357151,0.322191635,-4.772555532
PPP2R5E,-0.567166045,6.274330723,-1.736947148,0.104268815,0.382346238,-4.7733208
RPL26,0.456006977,9.261396013,1.888767545,0.071574148,0.322192114,-4.775134305
SPP1,-0.795591608,8.558653629,-1.886324179,0.071916618,0.323097037,-4.779187214
PYCR2,-0.583269504,5.859434158,-1.885458125,0.07203835,0.323097037,-4.780622858
HSPA8,-0.368189757,13.44008063,-1.885009879,0.072101426,0.323097037,-4.78136572
IBA57,-0.503986375,5.596494946,-1.793323488,0.09068442,0.363104327,-4.78581781
TBC1D13,-0.408120833,6.022489361,-1.78058063,0.092812538,0.36870426,-4.796488493
TBC1D4,0.292295587,6.910596948,1.779756306,0.092951697,0.36870426,-4.797745134
LOC100064378,1.024005543,8.103694447,1.833190122,0.081670222,0.344798761,-4.798819733
LAP3,0.441088388,9.886338097,1.873511307,0.073736022,0.328753608,-4.800378029
CACYBP,-0.376708077,6.948157357,-1.843741906,0.079349199,0.338716191,-4.800888723
DBNL,-0.366514822,7.668956718,-1.866145291,0.074800038,0.328817961,-4.812512833
RSU1,-0.263434884,9.607694994,-1.865979259,0.074824174,0.328817961,-4.812785952
MANF,-0.380603175,8.432910416,-1.86596359,0.074826452,0.328817961,-4.812811726
LYZ,0.633462386,13.45953715,1.86474042,0.075004481,0.328817961,-4.81482326
MMP2,0.508174027,6.973331154,1.863537403,0.075179936,0.328817961,-4.816800712
RPL5,0.42470898,10.51239884,1.863285836,0.075216671,0.328817961,-4.817214107
CFD,-0.338478947,11.75231601,-1.863120829,0.075240775,0.328817961,-4.817485237
RPS19,0.391507145,10.56502251,1.863078829,0.075246911,0.328817961,-4.817554245
LOC100050685,-0.643314969,12.39589401,-1.862068373,0.075394672,0.328817961,-4.819214157
UGDH,-0.341947376,9.856315658,-1.861930788,0.075414811,0.328817961,-4.819440121
PABPC4,-0.309232154,8.051384111,-1.858216322,0.075960284,0.330421673,-4.825536012
RPE,-0.498976228,6.648950315,-1.806328352,0.085906372,0.353991446,-4.829073548
SCP2,-0.351931769,7.994775302,-1.855777064,0.076320354,0.331018644,-4.829534282
RPS27L,0.546064216,9.788027811,1.853627676,0.076638864,0.331915545,-4.833054227
RPL36AL,0.393181478,8.697429802,1.851078653,0.07701809,0.332690755,-4.837224755
TRAF2,0.622942881,8.143975167,1.850169132,0.077153797,0.332690755,-4.838711828
RPS3A,0.379988089,10.68944104,1.847497561,0.077553614,0.333003447,-4.843076762
ELAVL1,-0.325595557,7.528937505,-1.847358444,0.077574483,0.333003447,-4.84330393
YWHAB,-0.249532394,10.91844561,-1.846691152,0.077674651,0.333003447,-4.844393398
PEA15,-0.38824936,6.57128179,-1.701664734,0.109388,0.392011036,-4.84995806
APOC3,0.642714613,7.548627145,1.812608919,0.084184822,0.349018001,-4.850743399
PARVA,-0.334490185,7.167322448,-1.842748555,0.078268774,0.334605547,-4.850824452
OTUB1,-0.376762294,6.99347243,-1.842716659,0.078273597,0.334605547,-4.850876438
FKBP11,-0.473018734,7.029607367,-1.811592001,0.084346996,0.349018001,-4.852361534
UPF1,-0.273206814,7.32661361,-1.834582291,0.079511924,0.338923855,-4.86411282
CCDC8,-0.400968764,6.341970426,-1.719808983,0.104695391,0.383066509,-4.8645936
PEBP1,0.276634615,13.95570201,1.831235565,0.080026318,0.340576965,-4.869546122
HNRNPA3,-0.278843308,9.383992468,-1.830569649,0.080129013,0.340576965,-4.870626341
ILF3,-0.318811668,9.806488997,-1.829311385,0.080323369,0.340915328,-4.872666647
A0A3Q2IDT4,0.549679473,9.362096024,1.813823874,0.083342143,0.347766163,-4.8752338
SULF2,0.422172363,7.448502968,1.747331829,0.097577398,0.373835999,-4.88161119
PLOD2,0.52477372,9.708784407,1.820457354,0.081702567,0.344798761,-4.886994305
ARFGEF2,-0.354008452,5.841500466,-1.726355387,0.102363414,0.379204119,-4.8871961
PYGL,-0.363156422,9.736150879,-1.818686254,0.081980897,0.345482619,-4.889854127
YBX3,-0.357216849,7.394267515,-1.816519275,0.082322555,0.346431035,-4.89335037
CLIC5,-0.505301846,6.479252166,-1.771000957,0.091767376,0.365960906,-4.896775309
ATP1A1,-0.468851356,10.17489342,-1.811783646,0.083073484,0.347766163,-4.900980138
TYMP,-0.26151967,9.990629637,-1.811320321,0.08314727,0.347766163,-4.901725825
RTCB,-0.270935081,8.020564002,-1.810750768,0.083238051,0.347766163,-4.902642285
CTPS2,0.312164911,7.945522578,1.810104239,0.083341204,0.347766163,-4.903682343
EPS8,-0.541698138,7.244212306,-1.79325556,0.086664987,0.356129565,-4.908050565
CALR,-0.686590537,10.25262381,-1.804126282,0.084300226,0.349018001,-4.913285867
OTOR,0.777636218,5.785162525,1.708468167,0.105695724,0.385303063,-4.913825368
NME4,-0.516588214,5.709646566,-1.738801203,0.098210776,0.373835999,-4.916029864
TF,-0.58827879,13.79421406,-1.800410506,0.084901119,0.350822288,-4.919243282
ABHD10,0.293241228,6.254926657,1.704078127,0.10652776,0.387360086,-4.920331491
NAA50,0.244262582,7.287833688,1.748026271,0.095761891,0.372367052,-4.93234836
ERGIC1,-0.43445048,7.287743363,-1.777803654,0.089235909,0.360707328,-4.932522278
NTPCR,0.530427525,6.091604668,1.67042695,0.113095291,0.395983263,-4.93299498
MOB1B,-0.31934336,7.377303883,-1.760289106,0.092887573,0.36870426,-4.933137281
ENPP2,0.491034011,8.284287519,1.791087183,0.086425106,0.355635721,-4.934150723
RAE1,-0.256514951,6.629964226,-1.746450708,0.096041236,0.372367052,-4.934775551
CFP,-0.460551633,11.16223976,-1.786137385,0.087243726,0.357671748,-4.9420416
PSMD5,-0.31784139,9.465082468,-1.785273307,0.087387313,0.357671748,-4.943417419
PGK1,0.889156734,7.234919983,1.720237023,0.101598744,0.378740372,-4.944219187
ACAT1,-0.360049403,8.288820977,-1.783658373,0.087656217,0.358220937,-4.945987441
REELD1,-0.339968014,6.750656452,-1.782570777,0.087837714,0.35843693,-4.947717265
GPI,-0.363180016,10.44483418,-1.78189673,0.087950361,0.35843693,-4.948788943
RPS12,-0.334218138,9.480373527,-1.781128287,0.088078934,0.358469196,-4.95001033
CEMIP2,0.552361607,6.700772431,1.749121721,0.094842373,0.372367052,-4.950494692
COPG1,-0.346776143,8.784592125,-1.77631439,0.08888806,0.360707328,-4.957652672
FAM151B,0.317381199,6.250993081,1.74692677,0.095230718,0.372367052,-4.959428115
ASAP2,-0.225124443,10.40735272,-1.774812205,0.089141853,0.360707328,-4.960034294
KRT16,0.665764376,6.518941036,1.774802542,0.089143487,0.360707328,-4.960049609
IMPACT,0.418274935,5.440797819,1.676792931,0.111826833,0.394907126,-4.960505583
CRP,0.469576572,8.355225215,1.741230467,0.096244919,0.372367052,-4.962710831
PRKCSH,-0.385617318,7.796727893,-1.772492503,0.089534986,0.361145685,-4.963709055
VTN,0.480661236,12.62712778,1.772183486,0.089587469,0.361145685,-4.964198312
PDCD6IP,-0.275322576,8.869986837,-1.769516146,0.090041584,0.362200664,-4.968418753
MECP2,0.446856258,10.78717889,1.7690517,0.090120858,0.362200664,-4.969153139
ATP6V1G1,-0.329559567,7.706526055,-1.768501138,0.090214908,0.362200664,-4.970023506
DAG1,-0.426273594,6.485284377,-1.713153945,0.10211075,0.378740372,-4.973210392
AHCY.1,-0.322406462,11.15994103,-1.766477489,0.090561321,0.363100791,-4.973220871
EEF1B2,-0.343119704,9.430812499,-1.764977571,0.090818817,0.363153035,-4.975588958
LDHA,-0.29104562,14.04872992,-1.762588705,0.091230216,0.364307759,-4.979357389
PSMF1,-0.298797155,7.994131337,-1.730453699,0.098189036,0.373835999,-4.984868805
VAMP2,-0.45260555,6.060270643,-1.643905213,0.117506048,0.405470927,-4.985853537
GTPBP4,-0.510906293,6.913305136,-1.604908954,0.129297036,0.422966087,-4.987474652
COL8A1,-0.598272778,6.892160709,-1.692065165,0.106931849,0.387432346,-4.99353006
GLIPR2,-0.467928504,5.873100898,-1.724813605,0.099219843,0.375731167,-4.993538105
PGAM1,-0.425767316,13.63885347,-1.753154744,0.092870527,0.36870426,-4.994201685
ARMC10,-0.326503323,5.289898684,-1.704161534,0.103805241,0.381689814,-4.999323831
EIF4G1,-0.352066127,7.115840609,-1.749188398,0.093567666,0.370652714,-5.00042468
CPM,0.676362047,7.592620617,1.732823113,0.097096509,0.373218681,-5.002859699
SEPTIN10,-0.258118782,7.05468417,-1.747331108,0.093895645,0.37135545,-5.003334995
MFRP,0.428644032,11.30290238,1.746769279,0.093995052,0.37135545,-5.004214901
NDNF,0.634178442,10.1148594,1.744027265,0.094481499,0.372367052,-5.008506204
FKBP2,-0.352321662,9.455817836,-1.742208869,0.094805277,0.372367052,-5.011349202
ERLIN2,-0.315606045,7.049738853,-1.739379928,0.095310873,0.372367052,-5.015767662
PLPBP,-0.372378455,8.06090709,-1.724266098,0.098657119,0.374821355,-5.01608722
GNE,-0.241511294,6.484777825,-1.723261484,0.098841735,0.37504316,-5.01763692
CHCHD3,-0.347087643,7.238818029,-1.73807197,0.095545411,0.372367052,-5.017808684
VBP1,-0.379902627,7.625651757,-1.736915149,0.095753259,0.372367052,-5.019612888
FEN1,0.437130434,5.903085238,1.611411586,0.126585735,0.420912064,-5.021125271
PPA1,-0.364618919,7.449495769,-1.680983616,0.108283937,0.390426671,-5.021676176
MAPK1,-0.450587735,7.375223618,-1.668347853,0.111605697,0.394907126,-5.021844796
IPO5,-0.347518029,6.967771793,-1.735311919,0.096041951,0.372367052,-5.022111805
HINT1,-0.360589366,7.611198218,-1.734853735,0.096124592,0.372367052,-5.022825643
RPL3,0.408811606,8.770787488,1.734843044,0.096126521,0.372367052,-5.022842298
RPL18,0.406926291,11.55721875,1.734828063,0.096129224,0.372367052,-5.022865635
AP2B1,-0.251982429,7.986302944,-1.734401363,0.096206244,0.372367052,-5.023530285
RPS14,0.433729142,10.04704823,1.731893732,0.09665994,0.373218681,-5.027433777
SORT1,0.309071646,7.818806881,1.71686981,0.100023236,0.375731167,-5.0274806
LOC100053416,0.557099889,9.761069581,1.716807638,0.100034787,0.375731167,-5.027576212
A1BG,-0.747248076,11.07317655,-1.731223793,0.096781458,0.373218681,-5.028475906
ANXA3,-0.370828528,8.151733807,-1.729600797,0.097076387,0.373218681,-5.030999291
FKBP9,-0.497267468,8.376199646,-1.729445256,0.097104692,0.373218681,-5.031241027
PFDN5,-0.352828889,6.382117654,-1.713730168,0.100607994,0.376931085,-5.032305749
CNP,-0.288450257,8.394409906,-1.728537002,0.097270114,0.373371459,-5.032652266
PFDN1,-0.405963609,7.99406618,-1.725107613,0.097896882,0.373835999,-5.037975721
CNPY4,-0.483334099,6.560880707,-1.576561246,0.13568904,0.431157366,-5.038819079
G6PD,-0.258874818,7.743601458,-1.723717096,0.098151996,0.373835999,-5.040131921
ADSS2,-0.442743379,7.079188,-1.723360266,0.098217554,0.373835999,-5.040685023
RAB5C,-0.366317343,7.109301471,-1.723064433,0.098271934,0.373835999,-5.041143512
GOT1.1,0.516327016,7.557127983,1.707045283,0.101862759,0.378740372,-5.042557069
GNA11,-0.307924808,9.297949125,-1.717445894,0.099309599,0.375731167,-5.04983979
CNMD,-0.50874648,12.23407365,-1.715536519,0.099664349,0.375731167,-5.05279013
SLC44A2,-0.741143052,7.269795441,-1.699424119,0.103309484,0.380544053,-5.05420702
PLCB3,-0.5213056,5.536386128,-1.645816081,0.116206039,0.403327269,-5.055007696
ATP5PO,-0.443753991,8.448355099,-1.713805907,0.099986816,0.375731167,-5.05546207
DIP2B,-0.233206903,6.414133569,-1.712129363,0.100300054,0.376251843,-5.058048559
PLBD1,0.387319536,7.064309044,1.702856017,0.102047739,0.378740372,-5.072319849
TRIM28,-0.21865301,8.644575946,-1.702830112,0.102052657,0.378740372,-5.072359632
HSP90AB1,-0.28725757,11.1239472,-1.702692791,0.102078731,0.378740372,-5.072570512
RNASE4,0.448793784,12.65475681,1.702540798,0.102107598,0.378740372,-5.072803909
ZC3HAV1,0.422126917,7.51949949,1.632962343,0.11890179,0.407918265,-5.073776222
LOC111772418,0.285538731,11.34873072,1.699851513,0.102619491,0.379679338,-5.076930851
LOC100053468,0.414924282,12.53969358,1.697928695,0.102986824,0.38053949,-5.079878497
BST1,0.788720523,8.068350743,1.682161291,0.106651145,0.387360086,-5.080448387
A0A9L0RWE3,-0.530671278,7.819524961,-1.697294926,0.103108142,0.38053949,-5.08084949
TBL1XR1,-0.545567882,4.381292799,-1.599945333,0.126973586,0.421025139,-5.082616495
DSP,0.447911908,7.667877289,1.695952309,0.10336555,0.380544053,-5.082905579
AKR7L,0.298307394,9.207068626,1.679912768,0.107093074,0.387543875,-5.083851295
LRRC1,-0.545823533,5.56673765,-1.485557455,0.161160661,0.464767663,-5.084053561
FAM177A1,0.351187146,6.335127227,1.483256788,0.161762498,0.464767663,-5.087028482
IQGAP2,-0.617868376,5.723965525,-1.662425128,0.111252336,0.394621822,-5.088014441
CCT5,-0.239180151,8.228824965,-1.690860028,0.104346804,0.382346238,-5.090692493
RPL38,0.457426854,10.66481872,1.690740962,0.104369842,0.382346238,-5.090874347
TSPO,0.783084629,9.250693846,1.55797045,0.138745603,0.435743327,-5.0956404
H2AZ2,0.715180849,11.31194071,1.671988539,0.108662897,0.391146207,-5.095815957
BLMH,-0.404490964,7.566441523,-1.686828311,0.105129276,0.384180908,-5.096844788
KRT89,0.595533822,7.436476547,1.532499172,0.146156917,0.443094082,-5.098904477
PPP3R1,-0.323292096,6.945990143,-1.667070286,0.109646978,0.392011036,-5.103220076
XPOT,-0.304713344,5.168919564,-1.517934386,0.149763653,0.448084404,-5.106288498
HNRNPL,-0.287002257,8.44564944,-1.679568409,0.106550787,0.387360086,-5.107894512
VDAC1,-0.31231575,9.054399585,-1.677828468,0.106893875,0.387432346,-5.110537248
DCK,0.399379101,6.117321343,1.605619557,0.12481259,0.420299279,-5.1133347
SEC13,-0.364460452,7.658889189,-1.67539971,0.107374347,0.388089031,-5.114222645
TOMM22,-0.971010984,6.103576477,-1.511245481,0.151444958,0.449493475,-5.115229884
ENDOD1,-0.348658695,6.005375044,-1.489195609,0.158547392,0.459588674,-5.115954869
RPS2,0.37206561,10.22389039,1.672364712,0.107977309,0.38979415,-5.118822117
PTRHD1,-0.457766622,7.306369892,-1.655855238,0.111919152,0.394907126,-5.12004075
FBLN7,0.43405054,9.369213202,1.668512159,0.108746808,0.391146207,-5.124651233
FKBP7,-0.34778646,7.003080484,-1.636773641,0.116546679,0.404037554,-5.126091906
LRRC57,-0.315415163,8.210637616,-1.667212879,0.109007363,0.391215888,-5.126614752
COPE,-0.316302752,12.41253019,-1.667102428,0.109029537,0.391215888,-5.126781615
STOML2,-0.399047972,5.541137773,-1.664261587,0.109601166,0.392011036,-5.131070422
GBF1,-0.547575059,5.209354687,-1.477012979,0.161743592,0.464767663,-5.131861008
HADHA,-0.287192998,9.453438946,-1.663229137,0.109809538,0.392120359,-5.132627697
BLVRA,0.308021469,8.201782818,1.66066303,0.110328884,0.393501937,-5.136494963
GAPDH,-0.243855659,14.79143388,-1.659547563,0.110555283,0.393731934,-5.13817458
SSR1,-0.389276915,9.100448432,-1.659040049,0.11065842,0.393731934,-5.138938479
SMS,-0.338211638,6.912124916,-1.510305018,0.150408848,0.449452086,-5.139195688
S100A4,-0.539111254,11.51178848,-1.657593107,0.11095291,0.394307532,-5.141115383
S100A6,-0.362808594,11.78585314,-1.65585762,0.111306997,0.394621822,-5.14372444
ACTL6A,0.272789738,6.526148127,1.620883283,0.119931663,0.409711634,-5.143849139
SCARA3,0.281896987,6.353337708,1.606489456,0.123806388,0.418462776,-5.143881458
CISD2,-0.373901491,6.945841592,-1.467598845,0.164250257,0.467033909,-5.144088211
HGS,-0.300009632,6.904789593,-1.653552015,0.111778873,0.394907126,-5.147187284
TRA2A,0.301299744,6.942726396,1.63712711,0.115801928,0.402999072,-5.147933871
CAV1,-0.747451115,8.269539591,-1.650724804,0.112359798,0.39583326,-5.151428389
IDH2,-0.320441643,7.933178531,-1.649653604,0.112580566,0.39583326,-5.153033814
RPL31,0.352221714,11.54049596,1.649649942,0.112581321,0.39583326,-5.153039301
PAPLN,0.329794351,6.26976215,1.600052011,0.125231552,0.420410103,-5.153181722
SGTA,-0.375282674,7.247305408,-1.648474802,0.112823931,0.395983263,-5.154799561
UQCRC2,-0.315988696,6.598772204,-1.631314458,0.117029811,0.404297172,-5.156540962
SRPX,0.462555776,11.69740826,1.647047136,0.113119266,0.395983263,-5.15693676
ATP2B4,-0.426771028,8.077899122,-1.646864398,0.113157116,0.395983263,-5.157210213
MYO1D,-0.251301704,8.942032353,-1.645051443,0.113533195,0.396831908,-5.159921857
C13H7orf50,0.454855718,6.046469679,1.527424611,0.145000173,0.442295188,-5.162983683
PLEC,-0.257273714,9.921268338,-1.642450456,0.114074576,0.398255658,-5.163808074
SNF8,-0.35619534,6.872912354,-1.640407902,0.114501239,0.399276035,-5.166856535
SQOR,0.331275516,6.474100282,1.587625386,0.128021556,0.422427299,-5.171053583
NFKB2,0.235587172,7.136333773,1.620300807,0.119386338,0.409108201,-5.172784001
SEC62,0.27542103,6.943337151,1.633657878,0.115920764,0.402999072,-5.176909573
HYI,0.277091535,8.591639637,1.633397405,0.115975835,0.402999072,-5.177296851
ALDH3A2,0.346353446,7.034868926,1.614047835,0.120741851,0.411853086,-5.18196769
SCRN2,-0.352109168,8.169334962,-1.629189273,0.116868596,0.404297172,-5.18354687
SRM,-0.274958434,9.564819521,-1.628533444,0.117008247,0.404297172,-5.184519779
STT3B,-0.265104607,8.66888345,-1.5949242,0.125638878,0.420912064,-5.187234219
PCNP,-0.541025012,5.725130465,-1.550868829,0.137393076,0.433492492,-5.191022894
DNAJB4,0.385886398,7.364261171,1.624041522,0.117968512,0.406594489,-5.191175152
FUBP1,-0.264136017,8.035068328,-1.622797926,0.118235525,0.406995612,-5.19301514
PIP4K2A,-0.303365377,6.77904548,-1.622154191,0.11837394,0.406995612,-5.193967153
SF3A1,-0.375319686,5.885461513,-1.621587682,0.118495861,0.406995612,-5.194804711
NIPSNAP2,0.297558774,8.161790367,1.605263705,0.122667789,0.416509715,-5.194821888
LOC100050047,0.536577826,7.502878133,1.545267138,0.138737878,0.435743327,-5.198855111
TMOD3,-0.294411167,6.712764849,-1.581611505,0.128652701,0.422966087,-5.200802471
RAB5A,-0.245166233,9.302204018,-1.615999008,0.119704268,0.409711634,-5.203054928
SPRYD4,0.367312581,6.681886031,1.420356053,0.177323542,0.484217135,-5.204588886
GRPEL1,-0.573463453,5.202000216,-1.524216013,0.144790218,0.442295188,-5.2046962
RPL14,0.338960406,11.63339646,1.614748126,0.119976143,0.409711634,-5.204898442
DENR,0.430706696,5.906418478,1.593768023,0.125226928,0.420410103,-5.211560772
POLE3,0.31923234,7.396938786,1.577926483,0.129497512,0.422966087,-5.211716527
MAGED2,-0.304005678,8.190438685,-1.570511204,0.131211504,0.424452048,-5.216703038
PDLIM4,-0.442329849,6.956322714,-1.570421475,0.131232359,0.424452048,-5.216831212
HUWE1,0.473303124,6.888800832,1.605355702,0.122034063,0.415783489,-5.218704608
LOC100630171,1.018046111,7.847369176,1.492540777,0.153836808,0.45330987,-5.219407589
DCTD,-0.385930322,7.1037885,-1.588113847,0.126501878,0.420912064,-5.219759071
HMGN2,-0.524637794,10.09269692,-1.603227193,0.122504495,0.416509715,-5.221824478
RAP1A,-0.230363036,8.799325762,-1.603007039,0.122553238,0.416509715,-5.222146983
TXNIP,0.364934865,6.921638385,1.540650362,0.139041729,0.436164486,-5.224924067
MDH2,-0.347864542,10.5930804,-1.600592691,0.123088849,0.41712701,-5.225681459
RBPJ,0.38719938,7.034536428,1.564116156,0.132704784,0.427394098,-5.225823731
PRDX1,-0.336950316,13.04192751,-1.600405804,0.12313039,0.41712701,-5.225954876
CAPN7,-0.291213262,6.276377519,-1.530691929,0.142288328,0.439897274,-5.226206914
CAB39,-0.282517923,6.664714133,-1.582304397,0.127823075,0.422427299,-5.228158559
FMOD,-0.253987194,18.07176891,-1.598605918,0.123531064,0.418007735,-5.228586813
CSNK2A1,0.488895363,8.49078737,1.562059113,0.133188105,0.427428282,-5.228751298
AACS,-0.608717153,7.231967788,-1.523709807,0.144015653,0.442295188,-5.228792207
LOC100051562,-0.524875595,7.457933373,-1.506036592,0.149364014,0.447790602,-5.229564507
KRT80,0.635052241,7.488849155,1.581060849,0.12810737,0.422427299,-5.22995336
RPL8,0.33500949,8.910897291,1.595256701,0.124279524,0.419584619,-5.233478038
RPS11,0.332747707,9.805136991,1.594540597,0.124440042,0.419649677,-5.234522784
CTSK,-0.423328499,7.068842511,-1.592423515,0.124915605,0.420299279,-5.237609273
NCLN,-0.340254835,6.626596932,-1.425043569,0.174561043,0.481542116,-5.240221667
GMDS,-0.236647388,7.926333018,-1.588496892,0.125801646,0.420912064,-5.243325237
PDCD5,-0.381767807,8.156995405,-1.588096314,0.125892329,0.420912064,-5.243907725
PLS3,-0.265417148,12.08075857,-1.587695057,0.12598322,0.420912064,-5.244491081
CCT2,-0.225616976,7.267800832,-1.587201738,0.126095039,0.420912064,-5.245208119
AARS1,-0.272495856,7.388643894,-1.585185445,0.126552924,0.420912064,-5.248136947
CYB5R3,-0.352100735,7.602686053,-1.584731779,0.126656138,0.420912064,-5.248795522
KIF13B,-0.289573897,7.295718837,-1.567653589,0.131205985,0.424452048,-5.249232951
FXR1,0.610417497,7.823234496,1.583875576,0.126851124,0.421025139,-5.250038044
PSMD9,-0.231254235,8.116709909,-1.580793149,0.127555157,0.422255024,-5.254506817
ZFYVE21,0.259533536,6.873527119,1.580471765,0.127628748,0.422255024,-5.254972345
MAP2K6,-0.308136891,6.437182646,-1.458312175,0.162936424,0.465465496,-5.255820254
RPL6,0.30846279,12.03578683,1.576541149,0.128531638,0.422966087,-5.260659765
SCARA5,0.37138768,6.696364332,1.39875714,0.18216345,0.490791691,-5.261217568
DNAJB11,-0.405346631,6.220990616,-1.575554525,0.128759101,0.422966087,-5.262085586
STK3,0.288942665,7.199818397,1.481678832,0.15567899,0.45613637,-5.262523971
PPP1R1B,-0.624243628,6.246405248,-1.452850258,0.164428633,0.467033909,-5.263016852
RPL4,0.345750762,12.4981406,1.572457766,0.129475217,0.422966087,-5.266556229
ABI1,-0.275205322,7.231992514,-1.571834497,0.129619743,0.422966087,-5.267455161
SREK1,-0.309524788,7.036686958,-1.518882069,0.144409067,0.442295188,-5.267963085
DDX39B,-0.259022421,9.795042793,-1.571434411,0.129712588,0.422966087,-5.268032049
NAP1L1,-0.311544051,8.884880098,-1.571085422,0.129793619,0.422966087,-5.268535164
LOC100065786,0.429220822,8.529625629,1.570591115,0.129908464,0.422966087,-5.26924762
TNS1,-0.311585704,7.505998183,-1.570518707,0.129925294,0.422966087,-5.269351969
LNPK,-0.25738243,6.695889473,-1.533140048,0.140138764,0.437905251,-5.269586808
FASN,-0.28961322,6.835713147,-1.570287076,0.129979144,0.422966087,-5.269685749
DDX47,0.30854745,6.024377705,1.42753341,0.172601027,0.478356017,-5.26969719
SUN2,0.257431366,7.004341174,1.567480628,0.130633068,0.424295716,-5.273726716
VDAC2,-0.296499593,9.628131712,-1.567308046,0.130673369,0.424295716,-5.273975025
ECMX,-0.343251046,6.64968594,-1.513020742,0.145883135,0.443094082,-5.276070533
CLTA,-0.449678542,7.16278147,-1.564660247,0.131292976,0.424452048,-5.2777819
LTBP4,-0.373485165,8.219940561,-1.563186327,0.131638936,0.425107912,-5.279898792
CAMSAP2,-0.546360323,5.284643782,-1.506852847,0.14744766,0.445190039,-5.284575324
SNAP23,-0.302712484,6.800420413,-1.542670035,0.137145704,0.433492492,-5.28481062
ATP5PD,-0.335611988,8.494004774,-1.559456548,0.132517759,0.427394098,-5.28524846
PLXDC2,-0.302001114,7.222974826,-1.558354117,0.132778442,0.427394098,-5.286827722
MORC2,0.405756833,6.561621193,1.35380027,0.197187196,0.506836517,-5.287327826
GNPDA1,0.251939938,10.1705351,1.557011264,0.133096549,0.427428282,-5.288750182
SMCHD1,0.325026849,5.774313347,1.51924457,0.143583501,0.441601016,-5.288992889
SNU13,-0.312667026,8.192101571,-1.556488048,0.133220663,0.427428282,-5.289498871
DDOST,-0.42687144,9.132208245,-1.555771073,0.133390894,0.427512778,-5.290524485
NUCB1,-0.288396584,9.157176627,-1.553870882,0.133842924,0.428499275,-5.293240822
TMED10,-0.352704803,8.18959211,-1.551877185,0.134318555,0.429559124,-5.296087951
MXRA5,0.485364514,6.303534645,1.313957499,0.211500642,0.524818338,-5.296789629
HMGB3,0.692749969,7.418237611,1.551096148,0.134505264,0.429693698,-5.297202519
COPS4,-0.232734439,7.77818844,-1.549464648,0.134895969,0.430478973,-5.299529272
BGN,-0.222680768,18.01455746,-1.548157854,0.135209588,0.430575506,-5.301391523
F13A1,0.51083196,13.77870662,1.548130869,0.135216071,0.430575506,-5.301429965
RUVBL2,-0.182659484,8.115229335,-1.547516888,0.135363634,0.430583894,-5.302304469
PFN2,-0.451130129,7.34587072,-1.49371605,0.150825894,0.449452086,-5.302597769
WIPI1,0.698634752,6.237280113,1.339352635,0.201729996,0.512631578,-5.304892681
TM9SF2,-0.315955666,7.087364328,-1.491836743,0.151314324,0.449493475,-5.305165772
EEF1D,-0.312353156,9.275852051,-1.541580531,0.136797219,0.433492492,-5.310745298
USO1,-0.210230351,6.659377139,-1.541534001,0.136808505,0.433492492,-5.310811356
QSOX1,0.307314282,9.472721899,1.54102687,0.136931558,0.433492492,-5.311531207
PGK2,-0.647491215,8.612513996,-1.539782536,0.137233877,0.433492492,-5.313296673
ATP6V1D,0.301681211,7.534052383,1.52188263,0.142255235,0.439897274,-5.314064073
ZC3HAV1L,0.288337343,7.728835252,1.521746423,0.142289223,0.439897274,-5.3142547
PCK2,-0.275310955,7.756803975,-1.538529041,0.137538976,0.433492492,-5.315073972
TLN1,-0.269171616,10.10484905,-1.538314756,0.137591188,0.433492492,-5.315377683
GAS6,0.332403488,7.657805266,1.520828434,0.142518466,0.440147985,-5.315539113
PRKRA,-0.56130078,5.327276166,-1.51990391,0.142749647,0.440357011,-5.31683204
NIPSNAP1,0.364039488,6.263371793,1.296061753,0.217418243,0.532522342,-5.317861193
SRP54,0.190218241,8.247808404,1.536058851,0.138141848,0.434766346,-5.318572963
STAT1,-0.504629812,9.912259631,-1.481775137,0.153951417,0.45330987,-5.318870866
ANOS1,0.649862129,5.002151649,1.388562601,0.183943869,0.492766247,-5.319454989
HDAC1,-0.308920002,6.191678894,-1.478269648,0.154878971,0.454689152,-5.323628411
TAGLN2,-0.400217529,9.466447764,-1.531852992,0.13917332,0.436164486,-5.324520035
LZTFL1,-0.25471293,6.959906615,-1.497489033,0.14911636,0.447499702,-5.324760243
PPP2R5D,-0.213266429,6.979868761,-1.513732448,0.14430074,0.442295188,-5.325446466
IARS2,0.258029081,6.143458885,1.380942941,0.185136842,0.493758472,-5.326908168
EWSR1,-0.357464877,7.206056346,-1.529194493,0.139828561,0.437756223,-5.328272328
MATN4,-0.362552017,12.32923687,-1.527369262,0.14027989,0.437905251,-5.330845459
HDGFL2,-0.387898658,6.16962325,-1.527103607,0.140345679,0.437905251,-5.331219759
CCDC6,-0.294589615,5.49791812,-1.472588258,0.156391962,0.456873666,-5.331319932
STAU1,-0.286787131,6.815768193,-1.526619075,0.140465737,0.437905251,-5.331902317
NNT,-0.303097967,7.863200138,-1.446559138,0.164280065,0.467033909,-5.33323275
GRK5,-0.266921823,6.580197025,-1.524203151,0.141065614,0.438886914,-5.335302989
SELENBP1,-0.458423662,12.75076551,-1.524161118,0.141076069,0.438886914,-5.335362117
C5,0.477939655,8.728135756,1.506504863,0.146134799,0.443094082,-5.335499124
NUCKS1,-0.46123362,7.224862432,-1.522638655,0.141455199,0.439606063,-5.337502852
PGRMC2,-0.337176979,7.325304112,-1.504940849,0.146534181,0.443784965,-5.337669354
MT-ATP8,-0.541173528,7.513130426,-1.384761518,0.183010742,0.490791691,-5.338435636
FAU,0.26814757,12.38498753,1.457262485,0.160533524,0.463954376,-5.339134554
ZYX,-0.328744489,6.184997408,-1.5210751,0.14184543,0.439897274,-5.339699557
M6PR,-0.368713423,4.842300355,-1.446772527,0.164220963,0.467033909,-5.340084933
EEF1G,-0.238035843,10.2137583,-1.519384945,0.142268249,0.439897274,-5.342072066
GSR,-0.187397235,7.918042944,-1.516936537,0.142882585,0.440357011,-5.345505146
GSN,-0.29402467,12.92693607,-1.516270373,0.143050109,0.440416448,-5.346438441
IGHE,-0.748524832,6.718158811,-1.337846068,0.200820419,0.511429561,-5.34919248
MAFF,0.550427511,4.405702159,1.362071041,0.191994419,0.499755886,-5.352668069
TUFM,-0.280573518,6.759608039,-1.510646451,0.144470798,0.442295188,-5.35430424
UBE2G1,-0.35743721,5.901978027,-1.389233008,0.182646819,0.490791691,-5.354552643
FIS1,-0.342872295,7.798894112,-1.509833458,0.144677124,0.442295188,-5.355439349
SRRT,-0.26118386,7.883917899,-1.508765498,0.144948521,0.442295188,-5.356929686
ACTR10,0.320052801,5.339968186,1.428458437,0.169356626,0.472449331,-5.357113332
RPL7A,0.320902502,12.0243443,1.506752339,0.145461249,0.443094082,-5.359736712
PKN2,-0.2222837,7.092486927,-1.488768973,0.150716302,0.449452086,-5.360002422
PCNA,-0.218827901,6.487549858,-1.487757953,0.150980956,0.449463346,-5.36139212
NME1,-0.2922391,10.46523017,-1.505031811,0.14590062,0.443094082,-5.362133285
SLC44A1,0.373479929,7.401514207,1.486737475,0.151248468,0.449493475,-5.362794041
VDAC3,-0.250697255,8.032730377,-1.504442006,0.146051488,0.443094082,-5.362954327
COMMD6,-0.451189421,6.464777126,-1.422491335,0.17105777,0.475043595,-5.364933145
CST6,-0.483364348,5.018784305,-1.373618224,0.187359613,0.496561472,-5.365039708
VCP,-0.289440667,10.38829429,-1.501407247,0.146829768,0.444227332,-5.36717473
TRPV4,-0.412564729,9.051660949,-1.500176012,0.147146487,0.444732669,-5.368885009
CLTB,-0.314953223,7.632575033,-1.497958078,0.147718427,0.445554769,-5.371962992
ELP1,-0.36333348,5.761464347,-1.24832519,0.233854865,0.549169456,-5.372986797
CHMP3,-0.235185247,9.043959233,-1.496593023,0.148071334,0.446166261,-5.373855523
PDCD6,-0.350110675,9.834191505,-1.494423531,0.148633624,0.44702347,-5.376860431
CHAD,0.287609589,17.65210858,1.4939859,0.148747259,0.44702347,-5.37746615
KTN1,-0.276488628,6.945494568,-1.493755142,0.148807207,0.44702347,-5.377785481
RTKN,-0.393072018,6.321612914,-1.352463694,0.192934743,0.500619321,-5.379050607
GPHN,0.2391514,7.414830788,1.453369204,0.160872408,0.464481947,-5.379061607
BPHL,0.260956706,6.759460212,1.474224763,0.154560089,0.454201804,-5.379920198
SCYL2,0.300485783,5.352536764,1.300813731,0.212895663,0.52577973,-5.381298888
HDHD2,-0.294709143,7.361356187,-1.490156064,0.149744739,0.448084404,-5.382760774
SF3B6,0.359489441,6.294669223,1.38819937,0.181978991,0.490791691,-5.385094919
LOC100072612,-0.283325839,10.40702426,-1.486093697,0.150808718,0.449452086,-5.388364686
ATP6V0D1,-0.305442576,6.76578022,-1.467912313,0.15625296,0.456873666,-5.388515257
CDK5RAP3,0.210918962,6.598413054,1.482967029,0.151631804,0.449598891,-5.392669282
LOC100060547,-0.428277214,7.778189093,-1.340700538,0.196654036,0.506729523,-5.393650535
NGEF,-0.222093645,8.393723068,-1.481196829,0.152099418,0.450535763,-5.395103079
LZIC,-0.347419102,7.155048871,-1.441236414,0.164233847,0.467033909,-5.395297857
PPP1R11,0.307249104,5.539274781,1.424198366,0.169772336,0.473164738,-5.395865455
TOM1,-0.360319728,7.599015177,-1.462251858,0.157783736,0.458236049,-5.396196924
ARIH1,-0.38299253,5.992897899,-1.30781637,0.209365935,0.52095996,-5.397221925
RRM1,-0.401314336,5.586583187,-1.260308948,0.228097285,0.545194716,-5.398411419
SERPINB8,0.351415869,7.010056072,1.478683768,0.152765274,0.4520574,-5.398554111
BCLAF1,-0.420933426,5.633711655,-1.377608013,0.185172684,0.493758472,-5.398581884
SH3GL2,0.3605869,6.813567562,1.459402552,0.158558866,0.459588674,-5.400054459
HPX,-0.506203858,10.52825626,-1.476842124,0.153254733,0.452748087,-5.401080067
SBDS,0.287587952,9.37018032,1.476659049,0.153303459,0.452748087,-5.401331028
ECRG4,-0.493181974,10.09600435,-1.47545948,0.153623037,0.453241352,-5.402974769
YBX1,-0.268648616,8.325013028,-1.473407757,0.154170889,0.453506644,-5.405783648
FAM98B,-0.202417445,7.294146536,-1.453578587,0.160152814,0.46330478,-5.407920061
TMEM231,-0.432905762,5.019201321,-1.346722235,0.195706102,0.504724677,-5.407949113
UBE2E1,0.405784151,6.772678266,1.315660189,0.206779768,0.516688554,-5.409638206
SEPTIN9,-0.225049646,6.950219275,-1.468778639,0.155412773,0.455805871,-5.412109245
XPC,0.396122185,4.846256217,1.246590425,0.232940119,0.549169456,-5.414188787
MCCC2,0.334295143,6.017000809,1.448485011,0.161557455,0.464767663,-5.414778077
SEPHS1,-0.274696158,7.72725119,-1.466177668,0.156114096,0.456873666,-5.415656218
SPTBN1,-0.245136515,5.914964483,-1.464538119,0.156557497,0.456907979,-5.417889426
SDHB,-0.304991341,9.310650241,-1.463745509,0.156772215,0.457085624,-5.41896829
GLRX3,-0.258174511,7.671870672,-1.462255529,0.157176496,0.457815067,-5.420995075
HNRNPF,-0.310216551,7.530532675,-1.461503681,0.157380816,0.457815792,-5.422017151
NPM1,-0.284259984,8.468193102,-1.461120857,0.157484934,0.457815792,-5.422537402
PGFS,0.845119228,8.250594495,1.399596965,0.176921113,0.483860507,-5.428010313
TMX1,0.313174059,7.368301912,1.378255773,0.184103175,0.492766247,-5.429261556
CREB5,-0.331625625,6.457145878,-1.320372576,0.204168437,0.512663058,-5.431048319
RBM4B,-0.255556141,6.588110189,-1.436033718,0.16503299,0.468302781,-5.431459201
MATN2,-0.335033068,8.598032645,-1.454387868,0.159325236,0.461359917,-5.431668991
DDX46,-0.262781978,6.462195472,-1.430643997,0.166555971,0.469931424,-5.438643063
PTPN11,-0.284706179,6.968398566,-1.390014798,0.179770058,0.489099673,-5.440406948
LOC100061663,-0.757609421,6.73210087,-1.222441194,0.241661193,0.557001865,-5.441629306
CARS1,-0.387727621,6.681712573,-1.36768083,0.187336935,0.496561472,-5.44271321
HNRNPAB,-0.275613265,9.157938671,-1.44594465,0.161657452,0.464767663,-5.443070717
PAFAH1B1,-0.200160684,9.047307015,-1.4448644,0.161957815,0.464767663,-5.444525517
ADRM1,0.197451639,8.252357415,1.444033119,0.162189259,0.464767663,-5.44564441
MTDH,-0.254489806,8.523867995,-1.443912572,0.162222843,0.464767663,-5.44580662
CTSD,-0.274558126,10.30246982,-1.442028608,0.162748444,0.465465496,-5.448340257
PYCR3,-0.229402048,9.423188045,-1.441802128,0.162811721,0.465465496,-5.448644652
DNAJA3,-0.336336127,5.485671114,-1.33742898,0.197698505,0.506836517,-5.448987413
TMED9,-0.353283798,8.35745917,-1.404122176,0.174869658,0.481945968,-5.449985865
FUCA1,-0.272711236,9.187496114,-1.439958582,0.163327532,0.466134579,-5.451120951
MTPN,-0.327590961,7.114836253,-1.421173911,0.169259285,0.472449331,-5.451211517
SF3A2,-0.385481764,6.010612064,-1.398692219,0.176470994,0.483667274,-5.45135015
RARRES2,-0.80937795,8.024905024,-1.310006091,0.207576229,0.517807704,-5.452995738
PTPRA,0.379400324,7.339598727,1.379224508,0.183021988,0.490791691,-5.454283023
PCSK1N,0.248267883,6.103815662,1.206864374,0.247420436,0.56458227,-5.459101569
COPS6,-0.480304868,8.230929406,-1.414992464,0.171042729,0.475043595,-5.459378108
NIT1,-0.249573566,7.183290937,-1.433274844,0.165208611,0.468353801,-5.460076638
EIF3D,0.232932934,8.081642613,1.432141638,0.165529259,0.46881547,-5.461591611
PLTP,0.624927376,7.538626311,1.412055538,0.171895334,0.47684504,-5.463247876
CHRD,0.392611928,5.651385994,1.270694244,0.2219547,0.540706377,-5.46332774
RALA,-0.385189597,6.400787292,-1.429474324,0.166285962,0.469931424,-5.465153578
SPRYD7,-0.235229313,6.42533291,-1.34980257,0.192906842,0.500619321,-5.465262442
ADAMTSL4,-0.302997175,8.734537708,-1.429082944,0.166397228,0.469931424,-5.465675766
HDGF,-0.295914017,8.200800076,-1.428794895,0.166479155,0.469931424,-5.466060012
PPP1CA,-0.228304505,7.117641191,-1.427336673,0.166894403,0.470439535,-5.468004233
MYADM,-0.403876371,10.50503885,-1.426084492,0.167251639,0.470740758,-5.469672424
METAP2,0.272526514,6.90594093,1.425851575,0.167318156,0.470740758,-5.469982588
CRK,-0.289509925,7.064487621,-1.425197925,0.167504939,0.470808524,-5.470852795
GNL3,-0.297482995,7.379660105,-1.345265738,0.194340991,0.50313225,-5.470945932
DAB2,-0.444997076,6.5749674,-1.344768866,0.194498571,0.50313225,-5.471567432
SYNM,-0.19840845,9.104083185,-1.424658602,0.167659178,0.470808524,-5.471570547
GRN,0.456897347,8.515310044,1.405465692,0.173820773,0.479945646,-5.471906534
EQMCE1,-0.519475243,5.914590941,-1.263004977,0.22463515,0.542484489,-5.472357801
MYH9,-0.295702435,8.048439458,-1.423094129,0.168107241,0.471620976,-5.473651329
SNX5,-0.186513562,9.051733812,-1.42251168,0.168274298,0.471644283,-5.474425509
NDUFB10,-0.319059015,7.183125496,-1.421909902,0.168447039,0.471683461,-5.475225107
APRT,-0.254081336,11.95962899,-1.420834923,0.168755965,0.471793889,-5.476652753
GGH,0.221893702,7.986466606,1.420667657,0.168804074,0.471793889,-5.476874811
LARP6,0.281884375,6.40775797,1.334683135,0.197719126,0.506836517,-5.476932268
SIRT2,-0.225172887,6.335678001,-1.187293745,0.254806725,0.573508167,-5.480798024
CARD19,0.231752473,5.97649172,1.149636718,0.270936763,0.587861154,-5.481791772
S100A9,-0.884216988,7.34434073,-1.28425105,0.216237281,0.530942943,-5.483991702
IRF2BPL,0.307585087,5.642110755,1.184128091,0.256017334,0.573841628,-5.484280616
HNRNPH1,-0.253732941,9.326543361,-1.413092586,0.17099435,0.475043595,-5.486908463
SNX1,-0.211800683,7.809013166,-1.412777147,0.171086047,0.475043595,-5.48732531
BTF3,-0.368219648,5.972592684,-1.352790711,0.191186725,0.499589851,-5.48789993
NEDD8,-0.286505928,8.218286244,-1.352401134,0.19130918,0.499589851,-5.488391353
PPP1R8,-0.256932506,5.077544841,-1.304629172,0.208414728,0.519463219,-5.489234417
USP47,0.240141242,5.644979658,1.228160996,0.237099967,0.550393767,-5.490640217
SMARCA5,0.311231241,6.520238288,1.24550731,0.230829131,0.549169456,-5.492740375
MAP2K3,-0.380226778,5.205014283,-1.176329846,0.259018438,0.57730216,-5.492827444
KRT42,0.371228125,7.766038864,1.406530834,0.172909918,0.478534576,-5.495563635
ARPC1B,0.267538284,8.775513782,1.40626599,0.172987592,0.478534576,-5.495912264
GPX4,-0.252052687,8.03996895,-1.405602,0.173182449,0.478627959,-5.496786072
LOC100060815,0.522897464,8.270885304,1.384904899,0.179939122,0.489111738,-5.498705357
CAPRIN1,0.333434445,7.260924687,1.333075082,0.197462153,0.506836517,-5.499665642
TCEA1,-0.245185597,8.546721099,-1.383610424,0.18032998,0.489726116,-5.500381541
GGCX,-0.273990701,8.410510123,-1.312884568,0.204823645,0.512663058,-5.503829523
CMAS,0.264952715,8.930509949,1.397880413,0.175461319,0.483128433,-5.506922227
CCAR1,-0.240083123,6.82688119,-1.396026754,0.176011924,0.483322571,-5.509348555
A0A3Q2I7C8,-0.305408864,7.892998299,-1.395899188,0.176049866,0.483322571,-5.509515431
TGFBR3,-0.419313292,4.874660654,-1.230901771,0.236100466,0.549934173,-5.509576029
FGA,-0.481556831,11.66396642,-1.395622545,0.176132171,0.483322571,-5.509877281
RUVBL1,-0.175056512,8.262197806,-1.395453274,0.176182546,0.483322571,-5.510098658
SCARB2,-0.401570157,7.464233774,-1.375287608,0.182859125,0.490791691,-5.511127229
ITGBL1,0.412350859,8.036612486,1.39359762,0.176735543,0.483860507,-5.512524051
CLPP,-0.539731582,5.353906239,-1.157987498,0.266183844,0.586670772,-5.512749292
PFKM,0.248945715,8.35988157,1.392611143,0.177030081,0.483860507,-5.513812301
EPYC,-0.373298362,9.126346679,-1.390973119,0.177520015,0.484308508,-5.515949716
PPP4C,0.3343357,6.791106149,1.204282418,0.245946914,0.562014183,-5.51770869
G3BP1,-0.246666673,7.241999022,-1.36902019,0.184782163,0.493758472,-5.519183314
TPBG,-0.672371258,5.632032046,-1.254169263,0.226709392,0.544696274,-5.519556652
RPLP2,-0.398321505,9.0305094,-1.385314252,0.179220872,0.488500194,-5.523317539
BIN1,-0.2377038,6.662665017,-1.313063727,0.203996449,0.512663058,-5.524427992
ACY1,-0.277728056,8.459197799,-1.383674125,0.179716244,0.489099673,-5.52544825
TCEA3,-0.238128927,6.421555441,-1.146015046,0.270941899,0.587861154,-5.525614618
A0A3Q2L5E0,0.501884006,9.736106511,1.363716272,0.186422036,0.495402387,-5.525976799
PNN,-0.323938752,5.960989298,-1.310966432,0.204690973,0.512663058,-5.527005097
SEC24A,-0.332909805,6.505920911,-1.290963119,0.21216887,0.524857379,-5.530507782
NRBP1,0.281703542,6.341816632,1.360114009,0.18754233,0.496602729,-5.530578098
ATP5IF1,-0.480566406,6.770473896,-1.379215761,0.181068298,0.490791691,-5.531229418
C6,-0.262012641,6.939991659,-1.235640971,0.233353151,0.549169456,-5.53170788
CTNND1,-0.266536314,6.12735757,-1.358199579,0.188139871,0.497741368,-5.533019302
C8B,0.568390336,8.489911492,1.377112182,0.181709024,0.490791691,-5.533951667
ATP5PB,-0.244019457,7.163339145,-1.338230739,0.195102556,0.503605296,-5.534356424
LOC100059927,0.498639728,8.328095076,1.355970683,0.188837455,0.498262333,-5.535857856
RPL37A,0.320782219,9.092575446,1.374919378,0.182378834,0.490791691,-5.53678565
EBNA1BP2,0.47932271,6.477766189,1.373910329,0.182687711,0.490791691,-5.538088465
MAP1B,-0.366178841,6.492901176,-1.373831022,0.182712005,0.490791691,-5.538190827
NIBAN1,-0.229555557,7.565544248,-1.373824833,0.182713901,0.490791691,-5.538198814
RBBP4,-0.256472108,8.182095177,-1.373387083,0.182848043,0.490791691,-5.538763726
HNRNPA0,-0.231268659,6.397482943,-1.372777175,0.18303507,0.490791691,-5.539550552
DYNC1LI1,-0.262405705,6.372091297,-1.347430896,0.191529061,0.499589851,-5.546697127
PHIP,0.357577692,5.351953615,1.177869698,0.256025648,0.573841628,-5.547136632
NHLRC2,-0.215586782,7.577984433,-1.366748238,0.184891973,0.493758472,-5.547312429
MVP,-0.357328786,6.708190898,-1.365414231,0.185304845,0.493758472,-5.549025973
NAXE,0.23720738,9.200110868,1.364085652,0.185716761,0.494412631,-5.550731139
RTCA,0.428894786,10.36539871,1.324765434,0.199455866,0.510407733,-5.551180777
PDLIM5,-0.300556604,7.691960235,-1.361956446,0.186378408,0.495402387,-5.553460936
MYG1,0.320223726,6.531914118,1.216672543,0.240309552,0.555178599,-5.55348667
CHMP4A,-0.368686809,6.227099483,-1.361126019,0.186636965,0.495530316,-5.554524625
CD63,0.504777615,6.866732619,1.337862535,0.194580597,0.50313225,-5.55877326
FBP1,0.424153265,6.677289396,1.246067841,0.227851359,0.545194716,-5.561522804
KRT2,0.382978578,12.86272001,1.354950233,0.188568691,0.498262333,-5.562417896
SRPX2,-0.303544255,14.47807772,-1.354087111,0.188839915,0.498262333,-5.563518626
TMPO,0.239136627,9.039377964,1.353189214,0.189122392,0.498564885,-5.564663073
AKT2,-0.236641482,5.547372272,-1.309107045,0.204613481,0.512663058,-5.564808746
CHMP4B,-0.17108386,8.480110481,-1.352261464,0.189414609,0.498892556,-5.565844894
A0A3Q2H7D9,-0.489573091,5.775709356,-1.312528331,0.20347777,0.512663058,-5.566346261
RPS10,0.281991662,9.539062452,1.351233234,0.189738889,0.499177444,-5.567153906
LECT2,0.332169444,11.55256116,1.350234246,0.190054364,0.499177444,-5.568424882
KRT71,0.333088048,7.303358569,1.350219938,0.190058886,0.499177444,-5.56844308
GNAS,-0.338483848,10.54614088,-1.349246492,0.190366697,0.499177444,-5.56968078
F12,0.611864863,7.695500495,1.34903993,0.190432063,0.499177444,-5.569943318
PGM2,-0.215629934,8.591369974,-1.348727796,0.190530872,0.499177444,-5.570339973
ENO3,-0.362874681,14.95018245,-1.308652425,0.204764766,0.512663058,-5.571124913
BLVRB,-0.334787668,9.831312836,-1.346964577,0.191089789,0.499589851,-5.572579175
CTSV,-0.286083096,5.481596054,-1.254640469,0.224789712,0.542484489,-5.573884976
RPL19,0.296431529,10.60543875,1.345852514,0.19144296,0.499589851,-5.573990161
SNTB2,-0.175235392,8.028157858,-1.343855503,0.192078458,0.499755886,-5.57652148
SF3B2,-0.28931512,6.216016064,-1.343796219,0.192097348,0.499755886,-5.576596576
DNM2,-0.177097592,9.001655713,-1.343177397,0.192294623,0.499831431,-5.577380288
COPB1,-0.285415694,8.181154996,-1.338737604,0.193714647,0.502204378,-5.582994083
RNASE6,0.690479402,6.025695228,1.129416954,0.276409953,0.592079287,-5.587343841
CUTC,0.213336746,6.995232756,1.314878799,0.20206629,0.512631578,-5.587482762
SMAD3,-0.284743812,7.480922519,-1.314828493,0.202082917,0.512631578,-5.587545137
SPTAN1,-0.290854205,7.305062595,-1.334955908,0.194930647,0.503599089,-5.587763272
EIF4E,0.175960313,7.26766365,1.314395947,0.202225927,0.512631578,-5.58808137
TAGLN,-0.495019013,9.830399621,-1.241037433,0.229662815,0.548319883,-5.589861812
PRPS2,0.334068087,7.192510699,1.312320946,0.202913071,0.512631578,-5.590651696
NFATC2IP,-0.268290479,6.967267679,-1.245785612,0.227952698,0.545194716,-5.591566603
AAK1,-0.284649998,5.216833993,-1.203260576,0.244425947,0.560289784,-5.591638639
PTPRG,0.2844619,6.876403155,1.265496354,0.220207117,0.537580398,-5.595053099
RAP1B,-0.285094289,9.36507464,-1.328905366,0.196888594,0.506836517,-5.595369819
PPIL3,-0.42324323,7.834872297,-1.32753609,0.197333813,0.506836517,-5.597087135
LOC100068926,-0.917279866,8.77366838,-1.18535804,0.252140432,0.570098343,-5.598275678
PEPD,-0.234019364,9.733230346,-1.324914047,0.19818856,0.507601906,-5.600371421
PARK7,-0.328234712,12.01291302,-1.318552827,0.200274217,0.511429561,-5.608316202
A0A9L0RSJ9,0.336252734,17.14354239,1.318254447,0.200372465,0.511429561,-5.608688057
PLEKHA2,0.229221187,6.298702448,1.175597267,0.255917259,0.573841628,-5.609140148
A0A3Q2I744,-0.408109404,12.56432548,-1.317663002,0.200567321,0.511429561,-5.609424931
GLUD1,-0.229579091,9.108714285,-1.317644259,0.200573499,0.511429561,-5.609448277
THOP1,-0.258802802,8.905304716,-1.316690574,0.200888017,0.511429561,-5.610635851
ATP5MF,0.321959822,9.268035452,1.164520088,0.260255165,0.578323183,-5.611908509
PURB,-0.21725922,7.0110289,-1.314496561,0.201613041,0.512631578,-5.61336514
PDK4,-0.353716383,5.987576838,-1.060023704,0.307025221,0.623494144,-5.614750572
PPM1A,-0.320235783,6.7300101,-1.292108779,0.209701792,0.521359016,-5.615507495
UBE2R2,0.221054072,6.826610067,1.134557046,0.273228516,0.58865984,-5.616492497
TMED7,-0.221622179,7.836375365,-1.311356979,0.202654069,0.512631578,-5.617263906
RHOG,-0.256175599,6.803200305,-1.31086502,0.202817572,0.512631578,-5.617874101
RPS9,0.290749571,11.23397121,1.310826185,0.202830483,0.512631578,-5.617922263
ZFR,0.363141337,5.156604316,1.192923785,0.248350315,0.564968442,-5.620058024
PPP1R3D,-0.373029199,6.750703247,-1.308381751,0.203644449,0.512663058,-5.620951197
U2AF1,0.328170097,7.889218579,1.307868953,0.203815526,0.512663058,-5.621585997
GDI1,-0.220880657,9.806980075,-1.307595271,0.203906876,0.512663058,-5.621924705
XRN2,-0.381439696,4.378091066,-1.094135741,0.291105533,0.606503884,-5.624361079
WNK1,0.262859501,5.629615841,1.264501346,0.219876159,0.537213872,-5.624711916
SNX3,-0.278981591,7.585439852,-1.305199243,0.204707981,0.512663058,-5.624887419
AKR1B1,0.287702545,11.18054713,1.299536328,0.206611055,0.516688554,-5.631871115
PGRMC1,-0.283699061,7.72805916,-1.278614699,0.214331094,0.528008026,-5.631918001
SH3PXD2B,0.517554135,6.62101342,1.041793864,0.315110682,0.63222358,-5.632895903
TBCB,-0.378269664,7.487916391,-1.297217124,0.207394385,0.51778884,-5.634723698
CCDC25,-0.406990039,6.045288146,-1.250907157,0.224697959,0.542484489,-5.635113958
TPR,-0.31283685,6.27349566,-1.252893413,0.223988427,0.542484489,-5.638540104
NXF1,0.358925309,5.814676291,1.205043646,0.242948194,0.558369632,-5.638712488
JPT2,-0.289032956,6.134112399,-1.215847332,0.238169459,0.551951218,-5.640215371
SH3GL1,-0.231397299,8.379494544,-1.292450779,0.209011467,0.520513889,-5.640572458
COMMD3,-0.203051785,5.601775921,-1.250576819,0.224816129,0.542484489,-5.641286715
LOC100054601,-0.225356836,10.69181965,-1.288227425,0.21045245,0.522787816,-5.645739416
MPP1,-0.224085081,6.475492878,-1.208225373,0.241023011,0.55596224,-5.648972025
CNPY2,-0.374857416,8.479411771,-1.28479047,0.211630763,0.524818338,-5.64993351
MYL3,-0.464621366,8.619294122,-1.218649345,0.2371269,0.550393767,-5.65006016
NEBL,0.316661138,5.925775819,1.188563766,0.249222471,0.566071069,-5.65010454
SNW1,-0.424074935,6.09169781,-1.188539176,0.249231923,0.566071069,-5.650132249
EXOSC6,-0.380170742,5.546371164,-1.165493149,0.258995836,0.57730216,-5.650670683
SOX9,0.224981036,7.654821308,1.217918845,0.237398366,0.550593712,-5.650903851
KHSRP,-0.23863522,8.27143915,-1.283920988,0.211929658,0.524818338,-5.650993002
RPL35,0.256789929,10.52567147,1.283784983,0.211976441,0.524818338,-5.651158673
GMPPA,-0.257035829,7.706345992,-1.281179115,0.212874338,0.52577973,-5.654330006
PAFAH1B2,-0.216574751,10.74798276,-1.280397767,0.213144135,0.525956166,-5.655279819
CAPZA2,-0.220549084,9.988555517,-1.278626482,0.213756728,0.527030073,-5.657431156
IMPDH2,-0.246860298,5.777864234,-1.231074048,0.231877429,0.549169456,-5.658446787
STAT3,-0.164050491,6.091115223,-1.25393417,0.223001256,0.54194415,-5.661549357
SETD7,-0.278666596,7.260424513,-1.27490877,0.215046888,0.529332481,-5.661938178
UBXN1,0.298013734,6.471194502,1.177795759,0.253387721,0.572047811,-5.662191504
CYB5R1,0.356442944,5.599275924,1.043979925,0.312981259,0.630940384,-5.66236518
LOC100058290,-0.238713295,8.793923481,-1.274263022,0.215271591,0.529446935,-5.662719869
EXOSC10,-0.25801868,4.961276313,-1.042927604,0.313452712,0.630940384,-5.663410054
PFDN6,-0.273393084,7.1621413,-1.271891567,0.216098341,0.530942943,-5.665587621
BOLA1,-0.205959572,6.934179916,-1.20503898,0.242223603,0.557433249,-5.665708042
VPS36,-0.163406446,6.888565163,-1.224767876,0.234196466,0.549169456,-5.665798436
GPD2,0.256318221,5.732336785,1.007666479,0.330661966,0.645888693,-5.666143218
TCERG1,-0.327950857,7.196868162,-1.228874977,0.232684125,0.549169456,-5.666804699
PPP6C,0.19543787,5.589703781,1.113188441,0.281081666,0.598918161,-5.667286867
DCN,0.223152772,18.17170058,1.269976122,0.216767892,0.531806282,-5.667900555
CANX,-0.296709338,7.644203255,-1.268177811,0.217397945,0.532522342,-5.6700693
LOC100063059,0.603682264,7.514811628,1.061164038,0.304329336,0.619713816,-5.670548315
ARL6,-0.300813734,6.678927566,-1.117626181,0.279233753,0.596407966,-5.672091407
MACROH2A2,0.295814905,8.313383278,1.266157329,0.218107512,0.533770526,-5.672502805
PPP2R1A,-0.181309479,8.527032698,-1.265199245,0.218444598,0.534155474,-5.673655563
RBMS1,0.214274998,6.494625491,1.197187166,0.245201378,0.561242907,-5.674666482
SNX27,-0.260022877,6.927041863,-1.19481654,0.246105841,0.562014183,-5.677361296
COL4A1,0.366174632,7.13113201,1.163473134,0.259008811,0.57730216,-5.67812176
RAB28,-0.332062059,6.896743704,-0.990853861,0.338522853,0.653509678,-5.682172652
TOR1A,0.22987336,6.688973728,1.190184566,0.247880332,0.564968442,-5.682613393
THOC2,-0.305838331,5.461990141,-1.107300813,0.283547265,0.601284637,-5.683017908
HARS1,-0.151960916,7.35414758,-1.256801673,0.221416238,0.540088378,-5.683727055
ACLY,-0.255852891,9.267867891,-1.255067932,0.222033585,0.540706377,-5.685799137
STAM2,-0.245189197,6.203677099,-0.94061006,0.363998914,0.671469787,-5.687715014
ZNF207,0.457938093,7.355904633,1.231532971,0.231100718,0.549169456,-5.688012072
CNNM4,0.361563981,7.074681145,1.160606945,0.260144808,0.578323183,-5.688603513
PRG4,0.299469858,13.18316341,1.252341896,0.223006921,0.54194415,-5.689052134
DYNLL2,0.262144175,7.439645525,1.252112173,0.223089093,0.54194415,-5.689325984
LEMD2,-0.192695188,7.610367579,-1.228617426,0.232171112,0.549169456,-5.691425816
WBP2,-0.174018698,8.310569829,-1.249318873,0.2240901,0.542484489,-5.692652337
ARHGDIA,-0.187634941,10.93999185,-1.247744498,0.2246558,0.542484489,-5.694524307
GRB2,-0.276672381,6.685476019,-1.247108025,0.224884804,0.542484489,-5.695280506
NEK9,0.211987894,6.535575837,1.246913416,0.22495486,0.542484489,-5.695511656
POLR2A,0.259617051,5.504445694,1.224380693,0.233733258,0.549169456,-5.69637398
SERPINB6,-0.207047661,7.998246701,-1.245531474,0.225452815,0.543154663,-5.697152173
FAH,-0.260705189,9.72106862,-1.245127875,0.225598403,0.543154663,-5.697630991
LOC100050760,-0.382115016,7.628847387,-1.222587715,0.234396749,0.549205631,-5.69846356
SRSF7,0.198352701,9.754715314,1.244135236,0.225956774,0.543576983,-5.698808052
IDH3G,-0.230514066,7.114698335,-1.032479436,0.317161464,0.632831907,-5.699187845
RRAGA,0.370289452,6.548048284,1.080756314,0.294861653,0.610051512,-5.701169084
CISD1,0.664167357,5.936966575,1.173583734,0.254319195,0.572844827,-5.701291688
TCP1,-0.209873704,13.40925535,-1.241835464,0.226788721,0.544696274,-5.701531959
PDE4D,-0.224822541,5.416120571,-1.120714665,0.27634396,0.592079287,-5.701999366
PLCD1,-0.201372633,10.07131369,-1.240587044,0.227241314,0.545194716,-5.703008779
TRPT1,0.25940198,6.229738343,1.088027569,0.291729997,0.606855938,-5.703179209
DNAJC3,-0.225926656,6.695247906,-1.101104793,0.285323565,0.601650031,-5.703252587
IDI1,0.246576705,6.352853034,1.050495037,0.3090574,0.625909703,-5.703732868
YTHDC1,-0.230425351,6.701203883,-1.116417673,0.278890435,0.596407966,-5.703912723
DHRS11,0.270652276,8.524273766,1.239198147,0.227745641,0.545194716,-5.704650256
ZDHHC18,-0.358170907,7.357446704,-1.077145764,0.296425772,0.610735763,-5.704887435
CKAP5,0.341347788,6.614008109,1.238877685,0.227862126,0.545194716,-5.705028768
DAZAP1,-0.243255119,6.437829127,-1.16901315,0.256113766,0.573841628,-5.706394305
EEF1A2,-0.861990868,6.954874026,-1.047508499,0.310390394,0.627753478,-5.706725952
APPL2,0.272533968,5.898544802,0.998412073,0.33386907,0.650694315,-5.706776026
FGFR2,0.528203835,6.300304868,1.083783559,0.293554878,0.609044373,-5.707577645
NDUFS1,-0.248226425,6.519893776,-0.996282989,0.334868752,0.651535732,-5.708808999
ZNF326,-0.273190297,5.152892627,-1.211768901,0.238430541,0.552125594,-5.711015499
PTN,0.645169537,8.572530332,1.23363587,0.229773899,0.548319883,-5.711207992
PCMT1,-0.170923954,8.964872298,-1.232882458,0.230049678,0.548537393,-5.712094259
PRRC1,-0.269280123,6.757526162,-1.20957731,0.23925402,0.553601008,-5.713546331
RAB21,0.19942409,7.60295213,1.231634012,0.23050721,0.549169456,-5.713561813
PDCD4,0.20495422,9.717689096,1.230073667,0.231080017,0.549169456,-5.71539418
PRPF6,0.182224309,6.746613591,1.207831237,0.239911632,0.554690629,-5.715559822
TMEM106B,0.25788286,6.120662434,1.128311054,0.273203222,0.58865984,-5.71651479
LOC100034005,0.3549018,10.58080515,1.228965267,0.231487568,0.549169456,-5.71669458
ASRGL1,-0.225230653,7.567393115,-1.228754631,0.231565079,0.549169456,-5.716941587
EEF1E1,-0.264113871,7.30043539,-1.17992367,0.251197612,0.56913518,-5.717132814
DDRGK1,0.332046009,5.826266205,1.06448363,0.30195889,0.616881335,-5.717842167
STARD13,0.228545793,6.324495763,1.204923809,0.241009658,0.55596224,-5.718906902
CC2D1A,0.178846398,6.937288731,1.225236934,0.232862444,0.549169456,-5.721061222
C7H11orf54,-0.26559652,8.170744463,-1.225061335,0.232927351,0.549169456,-5.721266598
ATP6V1B2,-0.167831133,8.105541013,-1.224650974,0.233079086,0.549169456,-5.721746446
GOLGB1,-0.247736105,6.328554982,-1.201793731,0.242195994,0.557433249,-5.722502426
SPI2,-0.445122332,12.25417644,-1.223888428,0.233361243,0.549169456,-5.722637741
CLEC3A,-0.23510317,13.09535106,-1.223527981,0.233494706,0.549169456,-5.723058878
CLN5,0.317621123,6.483463918,1.030823356,0.317914027,0.633058026,-5.723311462
LIMCH1,-0.337782031,6.473791007,-1.222688805,0.23380565,0.549169456,-5.724038928
SAFB,-0.296738363,7.03224107,-1.221928288,0.234087719,0.549169456,-5.724926606
ALB,-0.474775145,15.86743817,-1.220553592,0.234598233,0.549244562,-5.726529928
OXCT1,-0.238568828,8.140525317,-1.219732501,0.234903558,0.549526355,-5.727486822
HMGB1,0.29226538,11.76680624,1.21863508,0.235312106,0.549934173,-5.728764869
RAPH1,0.246221254,5.542336328,1.195495543,0.244596381,0.560289784,-5.729712387
CTSB,-0.287377982,8.972080895,-1.217735715,0.235647321,0.549934173,-5.729811509
COMMD10,-0.252227977,5.825604611,-1.217610395,0.235694059,0.549934173,-5.729957297
CTTN,-0.262658214,7.814286789,-1.216479002,0.236116331,0.549934173,-5.731272882
SLC2A1,-0.446563427,9.022784012,-1.216209305,0.236217075,0.549934173,-5.731586327
SRP72,0.185608255,6.87181406,1.215790474,0.236373591,0.549934173,-5.732072977
TPRKB,-0.450804378,5.265509764,-1.091933826,0.28848448,0.604433985,-5.732428688
SAFB2,-0.224566635,8.245535905,-1.214392926,0.236896417,0.550393767,-5.733695763
KLC1,-0.200523995,6.647903249,-1.141152847,0.267257666,0.58772948,-5.737122552
ISYNA1,0.381623935,5.947262629,1.042627692,0.311684997,0.629514701,-5.739888725
PLD3,-0.205876146,7.738890299,-1.185817634,0.248319584,0.564968442,-5.740726698
CCS,-0.51101612,5.202287229,-0.975226244,0.3448701,0.660186254,-5.741690704
MOXD1,0.35063858,6.264393548,1.133221293,0.270494952,0.587861154,-5.745752168
GGA2,0.28919682,5.26797088,0.872181701,0.398879799,0.700397094,-5.747417057
CD2AP,-0.246048937,6.607437619,-1.17767818,0.251483609,0.56913518,-5.749929317
LTBP3,0.319317681,7.573111883,1.197996761,0.243095449,0.558369632,-5.752612012
HNRNPA2B1,-0.214699811,11.62330556,-1.197737826,0.243194313,0.558369632,-5.752908933
DAPK3,-0.217777731,7.140959555,-0.862655273,0.403909359,0.705891004,-5.755413687
DDX5,-0.230782711,10.23715917,-1.194629907,0.244383299,0.560289784,-5.75646837
QRICH1,-0.31390261,4.307065966,-0.909379546,0.378492548,0.683603433,-5.756518965
DPM1,-0.185759432,6.313151381,-1.096679292,0.286456373,0.602308481,-5.757523987
PFKP,0.224813839,9.50466137,1.191329475,0.245650692,0.561838495,-5.760239374
S100A2,-0.49273048,5.655221193,-0.898448261,0.384092106,0.688261548,-5.766067032
FAM185A,-0.349748199,7.372791734,-1.184771632,0.248183526,0.564968442,-5.767704937
UBLCP1,0.348952613,7.092178768,0.981745712,0.340799048,0.655735059,-5.770744516
GLS,-0.156380916,6.571985643,-1.097351596,0.285496465,0.601650031,-5.770927447
OLA1,0.203655716,8.021604337,1.181622779,0.249406607,0.566071069,-5.771276726
GOPC,-0.190278063,7.010081466,-1.08339763,0.292158941,0.606995954,-5.77141422
STBD1,0.213093793,6.29868361,1.075323316,0.295665727,0.610438503,-5.772425857
SHMT2,-0.207012018,7.409606219,-1.179697609,0.250156593,0.567339876,-5.77345634
CA5B,-0.19939605,6.401720565,-0.925510327,0.369309946,0.674625928,-5.774215638
LOC100060997,0.219450676,7.457789018,1.15370437,0.260977374,0.578629685,-5.776710346
APPL1,-0.193308318,7.907583995,-1.176201433,0.251522885,0.56913518,-5.777406568
GPX7,-0.211008248,6.072760232,-1.069316912,0.29829407,0.612871447,-5.778614383
RAD21,0.205270117,6.987430925,1.08962751,0.288804677,0.604678431,-5.779039704
ARL8B,0.269574495,7.61756138,1.173032587,0.252766045,0.571078265,-5.780978
CHST6,0.351852963,7.480635423,1.086585864,0.290115009,0.605714471,-5.782220294
DAP,-0.305642559,6.617399746,-1.098387768,0.28505478,0.601650031,-5.783024991
CEBPB,-0.260759866,6.642651925,-0.914207966,0.37502814,0.680640564,-5.784266334
CDH13,-0.395499935,7.891396481,-1.169584433,0.254123958,0.572844827,-5.784854543
LRRC17,0.243393164,7.454082743,1.169136766,0.25430065,0.572844827,-5.785357086
THBS2,0.652652127,8.786441159,0.912726847,0.375781929,0.681592253,-5.785575285
GLO1,-0.19685063,9.613874511,-1.165682277,0.25566718,0.573841628,-5.789229306
NCL,-0.185222483,9.654225159,-1.165284152,0.25582502,0.573841628,-5.789674921
CSPG4,-0.337556077,8.970330796,-1.163839498,0.256398371,0.57404639,-5.79129077
MORF4L1,0.2422805,6.459041442,0.956415478,0.353053188,0.665561422,-5.794427385
FAM3C,-0.259464512,7.287277273,-1.160528536,0.257716004,0.576561933,-5.794987384
A0A9L0SDG9,0.47368483,9.483112137,1.136827395,0.267818007,0.587861154,-5.795271678
SRSF4,-0.167576568,8.663658553,-1.159861194,0.257982185,0.576723155,-5.795731326
HNRNPC,-0.224624575,10.73292207,-1.158736497,0.25843125,0.577292665,-5.79698426
LRG1,-0.336277048,8.326919711,-1.134595564,0.268732399,0.587861154,-5.797708114
FGF1,0.302239584,8.558436284,1.15656023,0.259301823,0.577500537,-5.799405602
CTNNA1,-0.218948879,5.963856636,-1.13255787,0.269569252,0.587861154,-5.799928909
GDI2,-0.173249586,11.08103476,-1.155296052,0.259808526,0.578195604,-5.800810288
SDCBP,-0.264596832,8.183000925,-1.153239726,0.260634295,0.578629685,-5.80309225
RHEB,0.182421773,7.669061073,1.129232399,0.270939079,0.587861154,-5.803545586
PRPF4,0.221264199,6.61896514,0.906949341,0.378732137,0.683603433,-5.803716191
RACK1,-0.199744113,10.92110979,-1.152459296,0.260948202,0.578629685,-5.80395737
MAPK9,-0.201844605,6.44581197,-1.043273081,0.309885398,0.627159072,-5.805092835
PLEKHO2,-0.296149286,6.192938262,-1.151022365,0.261526898,0.579415671,-5.805548872
DRAP1,-0.384651274,8.097772586,-1.126739727,0.271969199,0.588533824,-5.806250347
HNRNPU,-0.180407392,10.76511535,-1.150114812,0.261892885,0.579794158,-5.806553142
UBFD1,-0.251101673,7.580413747,-1.097403463,0.284864063,0.601650031,-5.807202167
SEC11A,-0.444902146,7.301239182,-1.074496099,0.295365802,0.610244643,-5.807995269
CXorf38,0.208803468,6.655875325,1.095831794,0.285535693,0.601650031,-5.80886157
KYAT1,0.19656575,6.906678678,1.124104927,0.273061169,0.58865984,-5.809103557
LOC100053583,-0.208226013,6.46634005,-1.095315628,0.285756519,0.601664869,-5.809406089
PTK7,-0.29402295,7.132438136,-0.885185956,0.389985978,0.693611137,-5.809569283
IMPA1,0.154103143,9.789039058,1.146246045,0.263457264,0.582668873,-5.810826298
ANXA7,-0.185537936,10.74511856,-1.145934275,0.26358363,0.582668873,-5.811170098
GFPT2,-0.22202718,9.417795869,-1.145362983,0.263815301,0.582747405,-5.811799867
LOC111772362,-0.412883681,8.321817418,-0.842101658,0.413842218,0.714424887,-5.813649451
NUBP1,-0.374249004,5.035291088,-0.788633023,0.444424348,0.733629474,-5.814870789
HOOK3,-0.150805621,6.935690917,-1.142548304,0.264958901,0.584838704,-5.814898579
TXNDC17,-0.30229614,9.770856663,-1.140903245,0.26562897,0.585882457,-5.816706501
PIN1,-0.2034425,5.890312489,-1.11692069,0.276054889,0.592079287,-5.816853147
UNK,0.616863686,8.992653547,0.873619723,0.396057222,0.698444051,-5.819449447
PCOLCE2,0.252641432,12.44163327,1.137709864,0.266933254,0.58772948,-5.820209408
RPL7,0.225926112,11.28863987,1.137063459,0.267197838,0.58772948,-5.820917402
MATR3,-0.188371516,8.765860314,-1.135772559,0.2677268,0.587861154,-5.822330226
CBR4,-0.33209438,6.833513912,-0.96668913,0.347217394,0.662545201,-5.822972128
CFL2,-0.18723163,11.17286168,-1.135035181,0.268029293,0.587861154,-5.823136607
TMOD1,0.365643988,4.853370468,0.955558715,0.352653387,0.665561422,-5.823703991
CPSF6,-0.190334672,7.713441301,-1.134287814,0.26833614,0.587861154,-5.823953436
A0A3Q2HLK6,0.287615777,8.982964034,1.133588255,0.268623591,0.587861154,-5.824717578
TCN2,0.277003805,8.999238188,1.132147907,0.269216145,0.587861154,-5.826289575
CLTC,-0.263541081,9.573719063,-1.130630669,0.269841364,0.587861154,-5.827943562
XYLT1,-0.335104306,8.719504646,-1.130186001,0.270024803,0.587861154,-5.828427932
FABP3,-0.331128686,8.444844267,-1.129873293,0.270153859,0.587861154,-5.828768459
MTA2,-0.216751221,6.429399915,-1.054244113,0.304314379,0.619713816,-5.828779445
CTHRC1,0.426759127,5.680248609,1.053692624,0.304560744,0.619760254,-5.829340499
PRPF40A,-0.347730274,7.068698476,-1.026237398,0.317639317,0.632935219,-5.829483514
THBS1,0.287968682,15.52238477,1.128453799,0.270740257,0.587861154,-5.830313175
CRYZ,0.215960819,10.71647655,1.128268039,0.270817064,0.587861154,-5.830515194
ACTR3,-0.155978056,8.672462674,-1.128129079,0.270874531,0.587861154,-5.830666297
JUP,0.291794477,6.898820068,1.127639649,0.271077005,0.587861154,-5.831198365
NANS.1,-0.199129857,10.99005969,-1.127160772,0.27127522,0.58786191,-5.83171876
CDS2,-0.228707341,5.860284947,-0.971985633,0.343908374,0.659194697,-5.831896601
HIBADH,-0.219148536,7.816955444,-1.125456592,0.271981468,0.588533824,-5.83356909
LSM12,-0.232594656,6.681572429,-0.912527746,0.374999949,0.680640564,-5.834154733
EIF6,-0.203448151,7.395987087,-1.070946224,0.296323392,0.610735763,-5.834853833
MESD,-0.269311042,8.024931189,-1.099851465,0.283263541,0.601284637,-5.835088014
USP5,-0.203035978,7.167883251,-1.123338556,0.272861095,0.58865984,-5.835865282
RAB35,0.437519285,6.018869791,1.098887355,0.283674736,0.601284637,-5.836110485
PDE12,0.240114861,7.015722899,1.123067362,0.272973872,0.58865984,-5.836159008
CSK,-0.331942415,7.721111921,-1.122872914,0.273054755,0.58865984,-5.836369573
RSRC2,-0.282743869,5.304233491,-1.068811386,0.297262283,0.611610971,-5.837058788
USP14,-0.178091733,9.192400115,-1.121951742,0.273438166,0.588684632,-5.837366652
NASP,-0.234115304,12.00109198,-1.120111222,0.274205403,0.589908945,-5.839356647
TUBB,-0.175286984,10.52579062,-1.119138578,0.274611491,0.590355094,-5.840407102
STAT5A,-0.152097646,7.085614075,-1.093576059,0.28594776,0.601664869,-5.841728921
FLII,0.19799122,5.937319588,1.012721165,0.323888345,0.639739585,-5.842805135
EHD3,-0.172369806,8.054112127,-1.115279986,0.276226803,0.592079287,-5.844566339
ATP6V1A,-0.204922498,8.347652078,-1.115084663,0.276308753,0.592079287,-5.844776538
ROCK1,-0.202312505,11.72301312,-0.931175747,0.364765934,0.671469787,-5.846007332
BPIFA2,0.551844021,7.932515295,1.112762677,0.277284334,0.59352432,-5.847272855
ETFDH,-0.223188484,5.855226163,-0.894592848,0.383464463,0.68755155,-5.848313816
ITPR2,0.235381995,5.863517988,0.970588624,0.344585046,0.660065874,-5.850239892
SH3GLB1,0.217348676,6.909764903,0.951523018,0.353911951,0.665561422,-5.850971004
DDX17,-0.220300187,9.305811858,-1.108251937,0.279186661,0.596407966,-5.852108931
GNS,-0.254530118,6.716161597,-1.08230589,0.290814454,0.606322626,-5.85357011
PDXDC1,-0.198338704,9.357215781,-1.10634174,0.279995099,0.597604482,-5.854151594
LLGL1,-0.176855175,6.19509319,-0.946864499,0.356216988,0.666029219,-5.85526241
IDH3B,0.286776084,6.428635253,1.079839739,0.291887289,0.606855938,-5.856146554
GAR1,-0.269065913,7.684875118,-1.10372898,0.281103622,0.598918161,-5.856940425
STX7,-0.288501029,7.680073817,-1.103466031,0.28121536,0.598918161,-5.857220766
PRKACA,-0.217470238,6.305175174,-1.078300935,0.292558145,0.607400593,-5.857751507
WDR11,0.268334691,4.497549342,0.826398883,0.421491953,0.719272023,-5.858568172
ACVR1,-0.270762151,6.540233774,-0.857445395,0.403825937,0.705891004,-5.858841162
BROX,-0.321292034,6.327208389,-1.101631592,0.281995783,0.60015005,-5.859174873
PITHD1,-0.335371998,7.885330624,-1.099988673,0.282696055,0.601209721,-5.860922489
ACTR2,-0.212444594,9.702332925,-1.097961636,0.283561783,0.601284637,-5.863075474
GNA13,-0.273732728,11.11574873,-1.097537418,0.283743205,0.601284637,-5.863525599
DSG1,-0.278972023,7.129952273,-0.936376547,0.361443929,0.670736985,-5.864854265
FBN1,-0.470450117,11.6685681,-1.094930487,0.284859927,0.601650031,-5.866288306
LGALS1,-0.398308491,8.515377246,-1.094658336,0.28497669,0.601650031,-5.866576379
COPS2,-0.190902182,7.47953355,-1.09457768,0.285011301,0.601650031,-5.866661741
VPS35L,0.172813522,6.096482961,0.871467669,0.396352782,0.698444051,-5.869802969
ACTN1,-0.232618172,10.16572482,-1.089841728,0.287048905,0.602774123,-5.871664125
PPP2R2A,-0.19060483,6.848250797,-1.089569744,0.287166242,0.602774123,-5.871950817
SEPTIN8,-0.145496286,7.824973164,-1.089291096,0.287286489,0.602774123,-5.872244468
NDUFA9,-0.182518538,5.837281246,-0.867963647,0.398211627,0.699637342,-5.872776425
EPS15L1,-0.149695889,6.355915074,-1.032742162,0.313448243,0.630940384,-5.873715817
CRYAB,0.320557521,8.289962404,1.087642088,0.28799884,0.60384231,-5.873980876
DLD,-0.285668843,6.968336228,-1.03211476,0.313735196,0.631081428,-5.874343432
COX5A,-0.174471544,7.74798992,-0.978212305,0.340233439,0.655534078,-5.876098329
C11orf68,0.146464531,7.764833496,0.835349719,0.415788052,0.715119024,-5.877098759
YARS1,-0.209891782,7.445998705,-1.084592291,0.289319658,0.605330073,-5.877186076
LTF,-0.439402856,5.450823221,-1.059467948,0.300858297,0.616023432,-5.877227431
ALYREF,-0.213473155,7.942740649,-1.083716909,0.289699574,0.605698406,-5.878104567
SLK,-0.169198512,7.402787203,-1.083055479,0.289986872,0.605714471,-5.878798126
ACTN4,-0.217915616,9.700666937,-1.081255988,0.290769533,0.606322626,-5.880683099
NUP43,-0.353675358,5.224444485,-1.031314143,0.314101642,0.631391054,-5.881009645
F8A1,-0.359037893,3.718512091,-0.829321658,0.419090958,0.717499841,-5.882004194
SLC16A3,-0.372183698,7.625516882,-0.986654056,0.335573771,0.652310752,-5.882292636
SNRPB,-0.213667425,8.86892532,-1.078903445,0.291795018,0.606855938,-5.883143135
TNFRSF6B,0.320046376,5.303828737,0.961161629,0.34851699,0.663430693,-5.884748722
COG3,0.211085197,5.650304103,0.793301417,0.439935779,0.731794499,-5.884807451
PDK3,-0.299471119,6.67627852,-0.809940006,0.430600646,0.727205636,-5.884887304
ACSF2,0.317800208,6.371587528,0.886645255,0.387609966,0.692863479,-5.885396552
ACADS,-0.178152739,5.515028952,-0.932309576,0.36348478,0.671469787,-5.885620889
ACAA1,-0.22749617,6.21062019,-1.024675837,0.317151648,0.632831907,-5.887626797
TMED4,-0.229600355,10.65233866,-1.074381302,0.293773514,0.609072652,-5.887858335
H9GZT5,-0.392314639,14.05729103,-1.072590934,0.294559468,0.610051512,-5.889720199
VNN1,-0.296952652,6.598075086,-0.84705936,0.409420373,0.710974206,-5.890289247
SH3BGRL,-0.215249533,9.497906809,-1.071995451,0.294821212,0.610051512,-5.89033884
SH3GLB2,-0.205585529,6.514000083,-0.954830164,0.351627918,0.665561422,-5.890646609
SAMM50,0.225552634,7.061821302,1.015478728,0.321411636,0.636609313,-5.89085956
RAB18,-0.21002882,7.814892254,-1.070987851,0.29526448,0.610244643,-5.891384921
LOC111772174,-0.278576923,7.091151309,-1.069611898,0.295870564,0.610438503,-5.892811987
GOLT1B,-0.287128871,5.911709806,-0.959066018,0.349544558,0.664425389,-5.894121384
COMMD9,-0.19409094,6.76695607,-0.974126908,0.341604117,0.655950881,-5.894224278
LETM1,-0.246774913,5.981282284,-0.813405019,0.427893006,0.726440069,-5.894800263
VAT1,-0.195876909,10.35381402,-1.067254486,0.296911026,0.611311613,-5.895253119
MAP1S,0.184128273,6.366736074,0.839861693,0.413326893,0.714424887,-5.896229193
ZNF385B,-0.378966007,5.517658155,-0.985805698,0.335979814,0.652310752,-5.896390568
TM9SF4,0.296786592,7.233819833,0.95630554,0.350901308,0.665301713,-5.896693343
SNX6,-0.343278439,5.763617215,-1.064241937,0.298244431,0.612871447,-5.898365571
RAB11FIP5,-0.170535318,6.99420449,-1.063679678,0.298493768,0.612871447,-5.898945595
H1-3,0.347003432,12.50241828,0.982432828,0.337597507,0.65305846,-5.899616881
PSMD14,-0.140153753,8.082332569,-1.062858808,0.298858054,0.613195633,-5.899791904
AP1M1,-0.175880313,6.372690256,-0.952622652,0.352717022,0.665561422,-5.900114266
ATP1B3,-0.38887719,9.030238924,-1.061921098,0.299274577,0.613334463,-5.900757951
SNRPD2,0.262350582,9.454093722,1.061777055,0.299338597,0.613334463,-5.900906278
UPP1,0.288208521,6.366820449,0.978075362,0.339695394,0.654922138,-5.903770182
CD47,-0.401996094,7.259993396,-0.948418425,0.354797599,0.665566032,-5.904004818
ERC1,-0.191514547,6.395489517,-1.001183814,0.328112113,0.643021826,-5.904857545
AP2A1,-0.157726648,8.636362123,-1.057428578,0.301275849,0.616453545,-5.905375529
RAB1A,-0.199454848,7.608684375,-1.056262001,0.301797072,0.616881335,-5.906571681
RELA,-0.183030778,7.177279643,-1.055567172,0.302107823,0.616881335,-5.907283559
ALDH16A1,0.209012825,6.271212397,1.003639042,0.326954405,0.642023488,-5.90834142
CD9,-0.251010403,9.08110116,-1.05386679,0.302869249,0.618011359,-5.909023871
ARF4,-0.180382499,8.566270779,-1.053287451,0.303128986,0.618116827,-5.909616234
ARB2A,-0.156491939,6.922694215,-0.971583617,0.342837474,0.65756626,-5.909926719
SP3,-0.348769174,3.810008715,-0.713470481,0.487242819,0.759727262,-5.9117629
IDH3A,-0.175784735,7.367250987,-1.025102095,0.31643337,0.632831907,-5.911968168
LOC100058633,0.1573623,7.563467458,0.711580609,0.488376885,0.760740469,-5.913093043
RGCC,-0.274609472,5.568229307,-0.930168381,0.363925975,0.671469787,-5.913282243
TACC2,0.208321468,5.551639006,0.927588794,0.365228938,0.671469787,-5.915618781
AIP,-0.272734531,7.415823703,-1.04639261,0.306232291,0.622735207,-5.916643417
NPEPPS,-0.185496722,9.443183477,-1.045653545,0.306566265,0.622987944,-5.917394185
DNPH1,0.249741284,7.10817648,0.963340844,0.346855798,0.662280576,-5.917690235
PGP,-0.169335678,7.307181314,-1.01921999,0.319154992,0.634616415,-5.917810471
UGGT1,-0.177777946,6.867063811,-1.01859068,0.319447138,0.634616415,-5.918433717
LOC111767503,-0.237814448,7.444351043,-1.018366951,0.319551046,0.634616415,-5.918655205
FBLN2,0.350081033,7.954169649,1.043647639,0.307474005,0.623979009,-5.919429426
EBP,0.320585848,5.95217515,0.923323348,0.367390333,0.673521562,-5.919469366
CYCS,0.356826048,7.456463027,0.961054492,0.347976081,0.663141076,-5.919833004
ARFIP1,0.199851435,6.978822164,0.990707559,0.33308398,0.649765268,-5.920881598
APTX,-0.353856111,4.969198108,-0.806114833,0.431281161,0.727205636,-5.921792289
CDC37,-0.194650359,8.370369252,-1.04105932,0.308648107,0.625897637,-5.922050358
EEF2,-0.147117623,10.02220856,-1.040635251,0.308840773,0.625897637,-5.922479208
TRIM25,0.224503105,5.574760866,0.988792894,0.33399826,0.650694315,-5.922725776
SPAG9,0.179528731,6.952113239,1.01251341,0.322278029,0.637900083,-5.924434428
B4GALT7,-0.217130236,5.805262098,-0.695016721,0.498383795,0.768395565,-5.924610935
CASP6,0.300875322,5.628891949,0.979789662,0.338320687,0.653509678,-5.925470762
AP2A2,-0.158076404,7.057697466,-1.011076422,0.322949952,0.638804466,-5.925848543
GLB1L,0.176630441,6.701206265,0.952352599,0.352262519,0.665561422,-5.927946043
PCBD1,-0.289237779,9.429986373,-1.034627476,0.311579365,0.629514701,-5.928537647
GLT8D2,0.180483873,7.825161602,1.007649692,0.324556201,0.639739585,-5.929213362
YWHAZ,-0.172271377,11.58300378,-1.031896479,0.312829894,0.630940384,-5.931281133
TAPBPL,0.371147861,5.757994694,0.731017755,0.476000943,0.753837315,-5.931507718
ARMC6,-0.280502008,5.236991421,-0.795517865,0.437924401,0.731794499,-5.931799601
ACP2,0.383084487,5.483078872,0.795476739,0.437947635,0.731794499,-5.931831767
SNX2,-0.163124179,8.531385448,-1.031154964,0.313170043,0.630940384,-5.932024901
PIP4K2C,-0.23737256,6.200618169,-0.792140882,0.439834784,0.731794499,-5.934435774
DDX23,0.228522672,8.038078659,1.027567029,0.314819571,0.63222358,-5.935616865
SWAP70,-0.18152393,8.549172972,-1.026840782,0.315154198,0.63222358,-5.936342541
KIF21A,-0.169135505,5.596631565,-0.972653076,0.341774201,0.655950881,-5.93814238
LOC102149234,-0.15885158,8.159713169,-1.024007068,0.316462247,0.632831907,-5.93916956
TTC1,-0.153167132,6.248989778,-0.785980452,0.443333255,0.732967779,-5.939218145
SNRPD3,-0.20284192,9.932853403,-1.023542882,0.316676877,0.632831907,-5.93963197
GALNT1,-0.269010135,6.068793402,-0.900639932,0.379028798,0.683603433,-5.939674233
HBA,-0.733781347,13.40269499,-1.023214446,0.316828802,0.632831907,-5.939959035
KANK2,0.234666822,5.48997567,0.754775335,0.461320426,0.741781699,-5.939962163
GFER,-0.397842235,5.971279552,-0.672229044,0.512346607,0.774253189,-5.940043492
ALDH9A1,0.173405999,9.475540584,1.023054383,0.31690286,0.632831907,-5.940118395
PUM2,0.191572426,5.624176946,0.606385313,0.554666215,0.796419464,-5.940346654
NUDT5,-0.159159856,9.171976284,-1.022812418,0.317014837,0.632831907,-5.940359255
MYO6,0.204821941,6.639408854,0.868816871,0.396357008,0.698444051,-5.941453033
DEK,0.229583564,9.750355675,1.021577836,0.317586605,0.632935219,-5.941587387
DDX50,0.268075524,5.131607213,0.667777933,0.515100191,0.776833842,-5.943001826
SMG8,-0.202376221,6.137563965,-0.712490708,0.487065547,0.759727262,-5.944716376
HSPA4,-0.166555173,8.153117245,-1.017557864,0.319453356,0.634616415,-5.945576989
PICALM,-0.337734882,6.159558691,-1.016360662,0.320010777,0.635104889,-5.946762375
MFAP5,-0.29494991,7.770278973,-0.86206056,0.399966523,0.701476115,-5.947182221
FBXO30,0.169229057,7.507823953,0.861173373,0.400442084,0.70189583,-5.947931484
PHF2,-0.21567057,5.809284766,-0.593223263,0.563177081,0.800074261,-5.948221293
LOC100053876,-0.23810106,5.156929667,-0.658854043,0.520646372,0.778904564,-5.948877463
RTRAF,-0.19101194,6.914996629,-0.987160297,0.334276329,0.650809289,-5.949115383
PPP3CA,-0.193962814,8.644439582,-1.013740798,0.321232956,0.636609313,-5.94935194
SRP19,0.228769345,7.477797877,1.013695942,0.32125391,0.636609313,-5.949396224
DPH6,-0.223692002,5.071998641,-0.77128402,0.451749344,0.737439932,-5.950487718
SCD5,0.304106829,6.782088947,0.958743358,0.348574659,0.663430693,-5.951243167
TWF1,-0.175549396,7.724257439,-0.955792669,0.350029031,0.664920876,-5.954000091
IMMT,-0.240136617,8.142486125,-1.008908638,0.3234957,0.639458233,-5.954112214
DNPEP,0.208705554,8.884159447,1.007024141,0.324381143,0.639739585,-5.955963045
CALM1,-0.378420123,10.24761465,-1.006663305,0.324550876,0.639739585,-5.956317075
FZD7,-0.318925226,7.005779964,-0.800499362,0.434438722,0.729218894,-5.956585947
IDH1,-0.145767403,10.06120379,-1.006315212,0.324714673,0.639739585,-5.956658491
PRKACB,0.358633577,5.107773315,0.71357748,0.486412307,0.759727262,-5.957182714
H2BC15,0.237675024,13.93299531,1.004452764,0.325592033,0.641043029,-5.958483386
GTF2F1,-0.324231232,6.088968869,-0.878581062,0.390579411,0.693611137,-5.958880991
EXOSC2,-0.330226079,5.305248173,-0.826010028,0.419586809,0.717499841,-5.959870557
RABGGTB,0.405835349,5.558492843,0.756529531,0.45966224,0.74139876,-5.959881997
RAD50,-0.16643677,5.499375146,-0.902180474,0.377675184,0.683603433,-5.960056159
RBM8A,0.397022498,7.959484375,1.002487068,0.326519813,0.642023488,-5.960406096
PACSIN2,-0.156145356,9.041232431,-1.002078486,0.326712887,0.642023488,-5.96080531
TALDO1,0.184395053,11.48907318,1.001588772,0.326944404,0.642023488,-5.9612836
CRISPLD2,0.149232381,6.39504183,0.756334616,0.460411136,0.741781699,-5.96174909
PPP1R2,-0.25692332,4.770672554,-0.88379933,0.38782631,0.692863479,-5.961826909
LTA4H,-0.18705701,7.484082246,-0.999996863,0.32769778,0.642761369,-5.962836898
TFG,-0.148144218,8.53704554,-0.999859454,0.327762866,0.642761369,-5.962970868
GOLPH3L,-0.199189361,6.246477435,-0.938941734,0.358413743,0.668034648,-5.96369882
GC,-0.369908335,9.235326407,-0.998607332,0.328356361,0.6430763,-5.964190879
HNRNPH3,-0.18725676,7.750374903,-0.997827867,0.328726195,0.643376499,-5.964949646
EIF2D,0.21234834,6.116004425,0.936033022,0.359874672,0.669174155,-5.966364122
ILF2,-0.168112073,8.389961576,-0.995856046,0.329663055,0.644785344,-5.96686669
GPS1,-0.132263697,7.596925452,-0.994736288,0.3301959,0.645402643,-5.967953796
MAN2C1,-0.368345637,6.104155955,-0.833488895,0.415466694,0.715119024,-5.970955106
F6PYR5,0.362485586,5.588125088,0.962664409,0.346158082,0.661373415,-5.972418475
ATP2B1,-0.248087854,9.015831752,-0.989505536,0.332692859,0.649428701,-5.973017181
FSCN1,0.187314103,6.86106756,0.776781626,0.447934904,0.736070022,-5.975007628
DOHH,0.194353061,6.07985604,0.867815983,0.396299369,0.698444051,-5.975551908
LOC100061656,-0.317417285,7.19562858,-0.930906968,0.362459033,0.671410813,-5.976941786
MTREX,-0.211675903,5.090518541,-0.803816476,0.431965889,0.727534385,-5.97765272
PTPN23,-0.229812335,6.516287115,-0.896698443,0.380523952,0.684349927,-5.978236627
TNPO1,-0.20229498,7.018544986,-0.982627748,0.335995786,0.652310752,-5.979637654
PSMA1,-0.15733792,9.433821389,-0.981996895,0.336299864,0.652310752,-5.980242784
OXR1,0.20192414,6.409947254,0.981862052,0.336364884,0.652310752,-5.980372082
PRPSAP1,0.179054457,6.295871848,0.953911461,0.350472675,0.665301713,-5.980615022
DPP7,-0.339516728,5.687576535,-0.92677788,0.364549806,0.671469787,-5.980694582
HIP1,-0.20702969,7.62422403,-0.953450521,0.350700894,0.665301713,-5.981044756
SRP68,0.147538608,7.195624796,0.981126987,0.336719479,0.652572454,-5.981076637
ATP6V0A1,-0.267250308,6.415858401,-0.768770362,0.452551686,0.737439932,-5.981113754
PGM2L1,-0.237171009,6.780045101,-0.925691469,0.365101253,0.671469787,-5.981679438
CPSF7,-0.240527251,6.758661142,-0.952388466,0.351227116,0.665494745,-5.982034182
COPA,-0.186553841,9.352591215,-0.979577105,0.33746798,0.65305846,-5.9825606
PSMC4,-0.229042222,8.744268155,-0.97924258,0.337629685,0.65305846,-5.982880615
FAM32A,-0.270467198,5.422127147,-0.722945408,0.479517678,0.755800898,-5.984398707
PHB2,0.181669704,8.994347944,0.977584202,0.338432108,0.653509678,-5.984465576
GAA,0.173856692,7.528840489,0.97670627,0.338857432,0.653730799,-5.985303644
C9,0.288385461,8.533737716,0.946909027,0.353950538,0.665561422,-5.987122801
BCAP31,-0.351154239,8.029225065,-0.687237398,0.501747515,0.771579641,-5.988084721
GNPDA2,0.157813507,9.416866248,0.972886576,0.340712182,0.655735059,-5.988941842
THUMPD1,0.171599435,7.432395995,0.972295346,0.340999887,0.655735059,-5.989503809
FHL1,-0.213058925,8.422420363,-0.970705272,0.341774474,0.655950881,-5.991013622
HSD17B4,0.149856666,6.797584957,0.94192301,0.356441083,0.666029219,-5.99172972
MATN1,0.344860694,6.902759277,0.845649357,0.408248545,0.71054858,-5.994203977
XRCC6,-0.161018107,6.11235141,-0.585726245,0.567353789,0.803052933,-5.994216296
CNNM3,0.214744064,6.7950685,0.781793525,0.444474269,0.733629474,-5.994853273
SBSPON,-0.231653222,4.898502984,-0.834502226,0.414344292,0.714876243,-5.995944585
RBX1,-0.536402376,7.711558032,-0.937087323,0.358867792,0.668461574,-5.996176346
SLC25A11,0.175434689,6.753412407,0.909295426,0.373491451,0.679512004,-5.996413639
CSNK2B,-0.151805206,6.4335618,-0.962249756,0.345913634,0.661373415,-5.999004145
PREP,-0.153384956,7.28274962,-0.961933146,0.34606928,0.661373415,-5.999302093
DCUN1D1,-0.159812744,6.024876822,-0.830118265,0.416757495,0.715714751,-5.999534292
FRG1,-0.266171151,6.876538229,-0.898295275,0.379191672,0.683603433,-6.000253587
IER3IP1,-0.232103594,7.645181698,-0.572898114,0.575772212,0.806843031,-6.001648812
AARSD1,-0.200526506,8.703611795,-0.958411708,0.347803634,0.663141076,-6.002609887
DPP3,-0.205686478,6.113615139,-0.928888056,0.363007778,0.671469787,-6.003667716
TSN,0.176400848,8.584018122,0.956376136,0.348808863,0.663451429,-6.004516863
SAR1B,0.167496052,7.632200943,0.788398102,0.440699696,0.731794499,-6.00696323
DUT,0.152110571,6.799795978,0.787322778,0.441312891,0.731794499,-6.007799235
RBM17,-0.216554914,5.344072276,-0.896320642,0.380220964,0.684349927,-6.007901152
MYL6,-0.28561487,10.16344377,-0.9496236,0.352157553,0.665561422,-6.010816038
RPN1,-0.237067061,8.238072,-0.949205491,0.352365612,0.665561422,-6.011204722
ITGB6,-0.318759286,8.351517001,-0.892049244,0.382453757,0.686568043,-6.011649545
LYPLA2,0.214010293,7.117781893,0.947596634,0.35316698,0.665561422,-6.012698878
PTBP2,0.168506619,7.135581561,0.883312339,0.3870476,0.692304888,-6.013351426
P3H1,-0.162994406,6.344340666,-0.918178952,0.368462984,0.674078526,-6.013360698
AMACR,0.171054448,6.817959762,0.779678666,0.445687148,0.734407386,-6.013711454
STIP1,-0.162978657,8.603530568,-0.946196814,0.353865226,0.665561422,-6.013996997
ARF2,-0.165463316,9.565372103,-0.946044828,0.353941094,0.665561422,-6.014137834
SUPT4H1,-0.144474326,6.646013752,-0.549304054,0.591424825,0.815370373,-6.01490919
PDE6D,-0.134148815,6.691301587,-0.916265494,0.369443415,0.674625928,-6.015081663
ARPC5,-0.195174229,9.529897406,-0.944873849,0.35452599,0.665566032,-6.015222216
RPL10A,0.149903681,9.642083174,0.944717501,0.354604134,0.665566032,-6.015366907
LUC7L3,-0.181692749,6.168444784,-0.915640575,0.369763991,0.67479657,-6.015642996
FBLN1,0.348136836,9.439189163,0.944227585,0.354849073,0.665566032,-6.015820156
HNRNPUL2,0.221502276,10.05430973,0.942417123,0.355755221,0.666029219,-6.017493228
ASL,0.174289277,7.750236853,0.942009875,0.355959266,0.666029219,-6.017869163
CAP1,-0.161427172,8.241290937,-0.941936724,0.355995925,0.666029219,-6.017936673
RAB7A,-0.117290969,9.885724851,-0.941927846,0.356000374,0.666029219,-6.017944866
DAD1,-0.225018447,8.996312888,-0.939534217,0.357201344,0.667030291,-6.020151237
NSFL1C,-0.190672996,7.767403849,-0.939072574,0.357433279,0.667044141,-6.020576168
CSNK2A2,0.173001379,6.069274752,0.880868998,0.388338737,0.692945579,-6.021382358
TLN2,0.183911877,6.53556174,0.937418499,0.358265138,0.668034648,-6.022097117
GPC6,0.232758882,6.779308114,0.907145096,0.374140389,0.680085792,-6.023238894
YKT6,-0.174461913,7.408707962,-0.935560403,0.359201148,0.66866329,-6.023802709
FAM180A,0.17788311,7.059024697,0.82680681,0.418081144,0.717158822,-6.024026612
MOB4,0.267953377,6.843449224,0.765651696,0.453783311,0.737439932,-6.024420336
LRP1,-0.209129879,9.651449219,-0.934108746,0.359933555,0.669174155,-6.025133042
MBNL1,-0.192598438,8.099744137,-0.933677575,0.360151287,0.669174155,-6.025527809
DNTTIP1,0.184566465,5.825244811,0.664350512,0.515901504,0.777253229,-6.026500742
KHDRBS1,-0.14610705,8.057950255,-0.932573113,0.360709418,0.669792301,-6.026538253
LMAN1,-0.204521414,7.251981569,-0.823524357,0.41990114,0.717499841,-6.02669469
DNAJB1,0.144218029,8.777119954,0.930480487,0.361768497,0.670920228,-6.028449707
GNL1,-0.123762262,8.239568146,-0.929067068,0.362485003,0.671410813,-6.029738507
ACO2,-0.185878448,9.154766469,-0.928621047,0.362711301,0.671411387,-6.030144826
TMEM199,0.147262259,6.015524405,0.621080574,0.543270585,0.790747829,-6.031101007
H6PD,0.213857107,5.606311919,0.789985632,0.439262872,0.731794499,-6.031577739
FTH1,-0.246623491,11.39721914,-0.926786623,0.363643027,0.671469787,-6.031814064
STEAP3,-0.231217999,7.128598381,-0.868223909,0.395065679,0.698444051,-6.032253168
RBM3,-0.445034893,8.179831697,-0.925605626,0.364243714,0.671469787,-6.032887097
ASPH,-0.192519455,9.171081913,-0.924512763,0.364800162,0.671469787,-6.033878922
TSPAN6,-0.35076935,6.520163074,-0.894864212,0.380527122,0.684349927,-6.034103374
NFKB1,-0.224584494,6.868578276,-0.752008749,0.46174356,0.741781699,-6.03466156
SMOC1,0.347399859,7.535746172,0.922587078,0.365782032,0.671740223,-6.035623932
PURA,-0.134876187,8.439952143,-0.92249655,0.365828233,0.671740223,-6.035705883
PITPNA,-0.159323926,6.158196758,-0.892773336,0.381621588,0.685488354,-6.035939414
NPEPL1,0.144298922,6.550716593,0.748520919,0.46379211,0.741781699,-6.037252047
FBXO22,0.161551537,6.42723458,0.890494245,0.382816925,0.686805002,-6.037936188
PCYOX1,-0.17682281,7.138353923,-0.919955112,0.367126861,0.673521562,-6.0380035
CARM1,-0.177526742,6.731908784,-0.781634932,0.444038986,0.733629474,-6.038058977
LOC100059533,-0.162617344,11.80877664,-0.91926809,0.367478442,0.673521562,-6.038623601
SAE1,-0.168610435,7.231688022,-0.918450452,0.367897157,0.673873276,-6.039361036
HSD17B12,-0.188201987,8.521430881,-0.917784659,0.368238345,0.674078526,-6.03996107
AP2S1,-0.1686962,7.901952711,-0.915842531,0.369234796,0.674625928,-6.041709073
WASHC5,0.265426437,4.934092845,0.581558405,0.569476551,0.804163756,-6.042282237
THEM4,0.156146303,5.363008399,0.716133845,0.483074915,0.758420064,-6.043479033
LAMP1,-0.237906634,8.100704418,-0.91342538,0.370477461,0.675683571,-6.043879817
MCAT,-0.235514254,10.1196717,-0.773933839,0.448471836,0.736544956,-6.043978885
OSTC,-0.227537638,8.220233325,-0.853027815,0.403249047,0.705891004,-6.045123735
CREB1,-0.15186225,6.021227102,-0.911985579,0.371218982,0.676620611,-6.045170313
CPB2,0.314427191,7.984888673,0.880213703,0.388239303,0.692945579,-6.046884289
TGOLN2,0.154524165,5.502210333,0.392586122,0.700965477,0.871933928,-6.047697763
GMPR2,0.127922703,7.633270306,0.908022276,0.373265215,0.679512004,-6.048712859
GET3,-0.128783743,7.536377416,-0.907926256,0.373314882,0.679512004,-6.048798508
CC2D1B,-0.141924839,6.303673491,-0.589743047,0.563576948,0.800074261,-6.050033097
LUC7L,0.169139197,6.486830385,0.876193572,0.390373229,0.693611137,-6.050357091
PFAS,-0.190938664,7.261987954,-0.90609171,0.374264648,0.680085792,-6.050433277
PPCS,0.149584094,7.025456732,0.651530981,0.522916346,0.778980976,-6.050794465
EXOSC3,0.210992796,8.242509068,0.703118967,0.490955105,0.762481766,-6.052640976
PDIA5,0.176837783,8.625279219,0.901942591,0.376418568,0.682330424,-6.054119232
GOLGA4,0.145418513,5.085618555,0.580728271,0.569491936,0.804163756,-6.055305831
UBA6,-0.136263162,7.955740539,-0.900231284,0.377309324,0.68352805,-6.055634924
NUDT9,-0.220933218,7.590050678,-0.868688849,0.394377159,0.698444051,-6.056800449
SOD1,-0.264925854,13.12733406,-0.898834715,0.378037282,0.683603433,-6.056869871
EIF4A3,0.150704344,8.240974471,0.898280797,0.378326265,0.683603433,-6.05735919
UBB,0.173269835,14.83849229,0.830997515,0.415304626,0.715119024,-6.057477607
PSPC1,-0.191448577,6.753335512,-0.897333238,0.378820951,0.683603433,-6.058195593
POLR2G,0.181554275,5.638466751,0.673272484,0.509801275,0.773159564,-6.059121365
KDELR3,-0.146560633,7.259663979,-0.461945983,0.65119494,0.844478467,-6.059337649
LOC106783161,0.190899039,7.361043563,0.658154508,0.519230729,0.778904564,-6.059344575
ABCF1,0.288806927,6.823374532,0.895988383,0.379523777,0.68378723,-6.059381275
UFL1,0.115412231,7.658060724,0.865489774,0.396091984,0.698444051,-6.059531388
SVIL,0.255704137,5.403449781,0.654291394,0.521655911,0.778904564,-6.061869606
CORO1B,-0.178914876,7.989123007,-0.892215307,0.381500163,0.685488354,-6.062698942
EIF5A,-0.251517161,8.192787798,-0.667805972,0.513199565,0.774754018,-6.062770902
HNRNPH2,0.270915784,8.061598629,0.824350832,0.418986302,0.717499841,-6.062903971
GTPBP1,-0.145634353,4.9193172,-0.453054356,0.657430395,0.844583391,-6.063443774
SURF2,0.225206611,7.176852702,0.605264367,0.553469301,0.796419464,-6.063912259
ARAP1,-0.183390556,5.743905569,-0.603979356,0.554302408,0.796419464,-6.064689073
PRUNE1,-0.101653342,7.303215415,-0.34583079,0.73498404,0.886258254,-6.065221716
MGMT,0.147189981,5.227508906,0.645967279,0.526903138,0.779898024,-6.067262478
NDUFS7,-0.286678162,6.185884816,-0.660241102,0.517923452,0.778904564,-6.067774834
KRT79,0.275689533,9.933105031,0.886081235,0.384727614,0.688984775,-6.068064787
LOC100053137,-0.317191013,5.893495535,-0.784545779,0.441894275,0.731794499,-6.071049992
LSM2,0.16843435,7.543647842,0.821600627,0.420515678,0.718018437,-6.071068698
AAMDC,-0.161681942,8.751132017,-0.882547445,0.386594982,0.691911862,-6.071140335
PAOX,-0.289355675,4.949836114,-0.653077178,0.522419481,0.778904564,-6.072463697
IRF3,-0.180545742,5.475098907,-0.744911262,0.465419838,0.742587218,-6.073298656
SHC1,-0.16088068,5.916009025,-0.763207974,0.454229241,0.737439932,-6.073951151
MTHFS,-0.13622103,7.399117363,-0.878805882,0.38857856,0.692957323,-6.074384214
PTP4A2,0.207904361,7.206415277,0.847710606,0.405709787,0.70862068,-6.074537403
PSMC5,-0.143036536,8.50060171,-0.878185177,0.388908262,0.693129243,-6.074921112
CSRP1,-0.155376079,10.20453174,-0.87741266,0.389318858,0.69344504,-6.07558883
ACSS3,-0.210643387,5.991136198,-0.694202984,0.49639651,0.766923574,-6.076131257
GOT1,0.196852181,11.52321874,0.876013112,0.390063437,0.693611137,-6.076797118
STT3A,-0.187968788,8.270860525,-0.875556754,0.390306426,0.693611137,-6.077190722
ATP2A2,-0.15112729,6.504269881,-0.844259212,0.407594009,0.710241526,-6.077416711
EIF2B4,0.127398012,6.359261099,0.843540686,0.407986975,0.710509556,-6.078014756
ZNF330,0.157834942,6.323998184,0.804795712,0.429936987,0.727205636,-6.07863205
COL27A1,-0.188267001,8.021462244,-0.872642683,0.391860339,0.695470171,-6.079699556
CUL4B,0.218263788,5.780154978,0.29846359,0.770050927,0.905639618,-6.080752194
SLC25A10,-0.077183524,5.731781655,-0.411279428,0.687075125,0.863255745,-6.081696646
EMG1,-0.150401655,6.347196801,-0.722793644,0.478590309,0.755796627,-6.081891953
NOP16,0.254058149,5.994140365,0.732654675,0.472691295,0.749794895,-6.082280182
CHI3L1,0.312422739,10.72545878,0.869468492,0.393557506,0.698065284,-6.082423443
AASS,-0.250707124,7.423934972,-0.621078229,0.542765918,0.790680904,-6.082995005
YTHDF3,-0.138603938,5.558927265,-0.620890684,0.542886426,0.790680904,-6.083111317
CMPK2,0.214308536,5.72685307,0.768141548,0.4513588,0.737439932,-6.083654253
UGP2,-0.13860119,11.86975433,-0.867946977,0.394372707,0.698444051,-6.08372582
CBX5,0.153999111,6.116368647,0.805604336,0.429480658,0.727205636,-6.083924471
NTHL1,-0.171906368,4.663607495,-0.528005852,0.604722154,0.820309643,-6.08458067
NUP54,-0.303346503,6.485309034,-0.617951923,0.544776644,0.792232701,-6.084929501
IQGAP1,-0.133298927,10.96031941,-0.866343857,0.395232806,0.698444051,-6.08509574
AGT,-0.381206401,9.93597688,-0.866187399,0.395316813,0.698444051,-6.085229311
FKBP1A,-0.232708435,9.485066408,-0.834719873,0.412830774,0.714424887,-6.085317648
UBXN4,-0.185600918,6.052727864,-0.765645099,0.452809896,0.737439932,-6.085550445
F10,0.182629838,6.934872534,0.525871985,0.606170393,0.821296313,-6.085709081
RPS27A,0.203359434,12.17144197,0.864973382,0.395969046,0.698444051,-6.086264979
SLC25A20,0.120360712,5.763078512,0.524574048,0.607052123,0.821296313,-6.086393287
RGN,-0.383662938,5.350446028,-0.676724687,0.507164063,0.771982541,-6.088053053
DDX1,-0.109064406,8.581610337,-0.862746097,0.397167459,0.69914895,-6.088161521
COPB2,-0.177525326,9.792142513,-0.862634295,0.397227677,0.69914895,-6.088256601
MTMR9,0.169669301,3.928009223,0.468958662,0.645823131,0.840815303,-6.088334725
CETN2,0.158246235,5.84352819,0.649924018,0.523930273,0.779467622,-6.088431359
LOC100050322,0.535275914,6.778683327,0.675258301,0.508073453,0.771982541,-6.089040155
TOLLIP,-0.156132233,6.596721606,-0.86099988,0.398108658,0.699637342,-6.089645232
AGO1,-0.18125344,7.861882661,-0.860861222,0.398183455,0.699637342,-6.089762925
SLC1A4,-0.192000567,7.751671615,-0.789413339,0.438675089,0.731794499,-6.090754868
TXNRD3,0.226576916,6.793712224,0.72038794,0.480036005,0.755955322,-6.091128317
HAT1,0.196025264,5.667447439,0.757739946,0.457423545,0.740198993,-6.09151649
PTPN6,-0.225814836,6.124079908,-0.719609339,0.480504452,0.756062459,-6.091685167
DNAJA2,0.112488985,7.669750395,0.85763863,0.399924379,0.701476115,-6.092493267
PPP4R1,0.111113671,5.121474188,0.251353379,0.805457376,0.919756542,-6.093963101
HP1BP3,0.162819515,11.69886518,0.854880659,0.401418172,0.703191857,-6.094822343
IMP3,0.144035338,5.811469042,0.60046804,0.556095534,0.796979464,-6.095576182
PSMD12,0.103466867,7.149808809,0.821944357,0.419910522,0.717499841,-6.095767068
RUFY1,0.126415134,5.437321163,0.599243293,0.556893089,0.796979464,-6.096311028
PSTPIP2,0.08214974,5.74475377,0.239350151,0.81455396,0.925437704,-6.096971032
SEC63,-0.106623783,5.722659295,-0.448580114,0.66012828,0.845386253,-6.097765379
GALK2,0.143876437,7.898130204,0.851084145,0.403480301,0.705891004,-6.098016955
TRIR,-0.245205849,6.982903009,-0.748102371,0.463086541,0.741781699,-6.098711007
NGLY1,0.155672024,6.812972802,0.70962194,0.486537207,0.759727262,-6.098777549
SEC14L2,0.148501874,7.228985349,0.747968777,0.463165335,0.741781699,-6.098810125
LAGE3,-0.253271001,6.22693832,-0.544370634,0.593672452,0.81657447,-6.098985085
NPLOC4,-0.147211905,6.593075989,-0.815510392,0.423504724,0.721463609,-6.100972276
G6PC1,-0.206784818,7.439463422,-0.495076393,0.627257843,0.832070448,-6.101502205
ABRAXAS2,0.153846681,5.98436548,0.775254596,0.446814115,0.735856283,-6.101718706
PRPF38A,-0.16391536,6.57433668,-0.693842461,0.49615816,0.766923574,-6.102269531
TIGD5,-0.205033434,5.110412499,-0.58883321,0.563696577,0.800074261,-6.102499034
UBE2I,-0.168631643,8.793330953,-0.844552262,0.40704398,0.710241526,-6.10348206
GAB1,-0.242565021,5.86891287,-0.812298738,0.42530603,0.723702299,-6.103556184
HBB,-0.607822014,14.57949393,-0.844176091,0.40724982,0.710241526,-6.103795593
PUS7,0.211383594,7.777533301,0.843555135,0.407589751,0.710241526,-6.104312862
SNRNP70,0.169461513,9.24710362,0.840682105,0.409164884,0.710974206,-6.106701506
S100A11,0.15592328,11.13575922,0.840551384,0.409236643,0.710974206,-6.106810006
GEMIN5,0.103201267,7.567451718,0.529840946,0.603478052,0.820309643,-6.106825929
ROCK2,-0.156970086,6.928390715,-0.840162245,0.409450308,0.710974206,-6.107132902
OCIAD2,0.142186664,7.244392821,0.58006078,0.569463501,0.804163756,-6.107632841
RBKS,0.130632825,6.498047121,0.80622386,0.428726276,0.727205636,-6.108417444
CFH,0.243073225,10.78145837,0.838046379,0.410613307,0.712215677,-6.108886124
CNN3,-0.163195277,8.215813436,-0.765825563,0.452285097,0.737439932,-6.10891628
CHADL,0.187059288,10.28304259,0.837989286,0.410644717,0.712215677,-6.108933374
DDB1,-0.127315155,8.146012687,-0.83703934,0.411167566,0.712706441,-6.109719106
SPCS2,-0.299611796,6.076008234,-0.682690593,0.503023247,0.771943217,-6.109908031
CTBP2,-0.214787945,9.335184951,-0.836537833,0.411443765,0.712769344,-6.110133581
DNAJC8,0.2450506,6.088788248,0.801953167,0.43114095,0.727205636,-6.11181439
LIG3,-0.216298003,6.345902728,-0.801820263,0.43121623,0.727205636,-6.11191983
BUB3,-0.099789776,8.256354832,-0.833226584,0.413270338,0.714424887,-6.112864334
SEPTIN7,-0.120856304,9.038558812,-0.832944811,0.413426007,0.714424887,-6.113096239
CLIC1,-0.112419239,10.36675522,-0.832324356,0.413768917,0.714424887,-6.113606627
PPM1B,-0.226087844,6.808392194,-0.797683463,0.433563476,0.728573012,-6.11519356
LOC100052533,-0.181410251,7.533919767,-0.796829638,0.434048923,0.728976456,-6.115867263
A0A9L0T229,0.266912086,8.975999644,0.829219635,0.415487512,0.715119024,-6.116155206
FN3KRP.1,0.15140743,9.032796834,0.828816099,0.415711216,0.715119024,-6.1164858
SLC38A3,-0.224428741,7.055392164,-0.563837528,0.580208801,0.809117106,-6.116931976
RAB8A,0.181748103,10.05994168,0.828165441,0.416072074,0.715119024,-6.117018528
BTF3L4,-0.287486661,8.003122296,-0.683268004,0.502666466,0.771794352,-6.117041024
PDIA4,-0.135031775,9.288561436,-0.827989103,0.416169906,0.715119024,-6.117162838
LOC100062210,-0.14591855,4.959941374,-0.603578054,0.553637023,0.796419464,-6.117424944
ETHE1,0.251560962,9.157411112,0.760922276,0.4551461,0.738420754,-6.118573886
UBL5,0.221462159,7.045331286,0.559352646,0.583197504,0.810041976,-6.119457939
FLNB,-0.202867968,8.857349166,-0.825029358,0.417814125,0.717114826,-6.119580681
LCMT1,0.137433592,6.861058748,0.677860188,0.506013599,0.771982541,-6.120707485
RASSF4,-0.102488003,6.35666731,-0.50178781,0.62263275,0.82995482,-6.121385091
LOC100051878,0.254265612,5.919874109,0.501506762,0.622826106,0.82995482,-6.121527076
ASPSCR1,-0.170875787,5.97195389,-0.697081542,0.493758341,0.764437744,-6.12186055
DMAC2L,0.184806648,7.030682332,0.71595124,0.482279944,0.758123658,-6.122081929
NUP153,-0.114442749,5.610763388,-0.391209238,0.701127619,0.871933928,-6.122120951
ASPN,0.258907989,10.08018828,0.821601843,0.419723293,0.717499841,-6.122370466
SART3,-0.127994918,6.515186648,-0.755553332,0.458291313,0.74079624,-6.122611775
NMT1,0.135894212,6.390328529,0.594833913,0.559340806,0.798943045,-6.122664849
PSMC6,-0.136301594,9.158587338,-0.821158829,0.419970456,0.717499841,-6.122730254
ATP13A1,-0.236657167,5.360643626,-0.570159771,0.576009023,0.806843031,-6.123178104
EEA1,0.15786037,6.226319903,0.746724166,0.463491913,0.741781699,-6.123242009
TIMP1,0.147482704,4.789679271,0.2930545,0.773766141,0.907452418,-6.123975922
RAD23A,0.205042557,7.541859024,0.78622473,0.440106354,0.731794499,-6.124178248
APIP,-0.199652725,6.593801526,-0.785801998,0.440348885,0.731794499,-6.124507363
P3H3,-0.177509287,5.701748281,-0.620152244,0.542911156,0.790680904,-6.124655708
GOSR1,0.170561538,5.520202216,0.566925653,0.578155449,0.807873362,-6.125022611
SEC61A2,0.08917006,7.271864588,0.286623742,0.778585556,0.909267958,-6.125874728
UBA3,-0.133004248,5.665989482,-0.710364707,0.485661872,0.759727262,-6.126043599
KRT73,0.32624664,9.577728168,0.783698569,0.441556889,0.731794499,-6.126142482
SLC25A13,-0.165381128,6.622803066,-0.587873797,0.563902896,0.800074261,-6.126783191
ISOC1,-0.144446315,9.717718179,-0.816147216,0.422772839,0.721043689,-6.126787637
RPA1,-0.09354107,7.845879938,-0.782700182,0.442130974,0.731794499,-6.126917139
VPS4A,-0.157747416,7.206193187,-0.749326173,0.46195561,0.741781699,-6.127261235
CCAR2,-0.129168032,6.055404478,-0.78214203,0.442452118,0.731918286,-6.127349807
ATIC,0.127198314,11.26181634,0.815329302,0.423231305,0.721411479,-6.127447596
LANCL1,-0.140867396,8.30559239,-0.813052167,0.424509342,0.722760604,-6.129281684
DNAJC2,0.189444889,6.00989162,0.810986675,0.425670673,0.723908167,-6.130941125
CRBN,-0.089959857,5.787200205,-0.537595669,0.597806272,0.818848518,-6.131435871
ACTG1,-0.171993665,13.6681073,-0.735539554,0.470130315,0.747774294,-6.131471214
CTBP1,-0.283771849,6.589912403,-0.809852614,0.426309143,0.72434604,-6.13185055
CARHSP1,0.269322374,7.599886255,0.702072137,0.49070734,0.762481766,-6.131869895
PSME1,0.135305767,8.107698275,0.809663341,0.42641576,0.72434604,-6.132002215
CFDP1,0.085075071,6.985857461,0.36289197,0.721733824,0.880604186,-6.132941537
F6SDJ1,0.148640385,6.351422016,0.605094733,0.55265085,0.796419464,-6.133883576
PIP4K2B,0.144499926,5.828899714,0.773062492,0.447696214,0.736070022,-6.134347113
UBTF,0.166914476,7.320592971,0.7728228,0.447835163,0.736070022,-6.134530789
GPT2,0.172583237,4.813587795,0.423624646,0.677464316,0.857550469,-6.134577865
UBE2V2,0.125399045,7.939572169,0.697912,0.493249883,0.764437744,-6.134768278
TCAF1,-0.10121261,6.060354702,-0.474528874,0.641517396,0.837784004,-6.134797255
RMDN2,0.106807419,5.418285941,0.422915598,0.67797102,0.857550469,-6.13488095
MON2,-0.147260374,5.596643478,-0.696532706,0.494094538,0.764559829,-6.135725622
ZBTB20,0.18740969,4.37860382,0.572098726,0.574314342,0.806374248,-6.13594479
CCT4,-0.112538682,8.723334005,-0.804207728,0.429496032,0.727205636,-6.136359426
CHD4,0.138921226,6.258366955,0.694440093,0.495377605,0.766146207,-6.137174626
DPYD,-0.192416492,7.378429741,-0.803087806,0.430130047,0.727205636,-6.137250429
ACTC1,-0.369711739,6.916822777,-0.769227141,0.449922712,0.737255409,-6.137279679
SORD,0.197207309,6.718824709,0.768844563,0.450145174,0.737255409,-6.137571446
VPS26A,-0.15744328,8.182673284,-0.802670807,0.430366269,0.727205636,-6.137581891
PRKAR1A,-0.107666952,7.440490927,-0.801829243,0.430843242,0.727205636,-6.138250334
HNRNPD,-0.1091911,10.63536076,-0.801696086,0.430918742,0.727205636,-6.138356039
MAK16,0.084909875,5.678048721,0.347025439,0.733379086,0.885382777,-6.138655603
EIF4G2,0.129405653,6.400319434,0.800145712,0.431798399,0.727534385,-6.139585555
PPIL1,-0.121611463,8.541892145,-0.798833035,0.432544057,0.728095407,-6.140624808
NADK2,-0.139636254,5.691279984,-0.764155846,0.452876982,0.737439932,-6.141136068
SF3B1,-0.142662469,7.384921364,-0.763893413,0.453030179,0.737439932,-6.141334974
IGF2,0.200279915,6.63926784,0.797688264,0.433194985,0.728573012,-6.141529813
PSMD11,-0.15538936,8.707553417,-0.797150205,0.43350114,0.728573012,-6.141954755
HSPB6,-0.198966736,7.681511646,-0.762569875,0.453803284,0.737439932,-6.142337137
ANK2,0.309589407,7.539096228,0.402166669,0.692868511,0.867311497,-6.143530239
EIF1B,-0.170872445,7.378999706,-0.717898961,0.480714233,0.756062459,-6.144210873
RPAP3,-0.168162807,6.255747229,-0.794173909,0.435197055,0.730079306,-6.144300445
GULP1,0.140772502,7.772729643,0.793654521,0.435493424,0.730164201,-6.144708937
EIF2B5,-0.176212725,5.931481448,-0.683443082,0.502151702,0.771794352,-6.144721127
LOC100052586,-0.118824693,6.899842049,-0.586840713,0.564581697,0.800483666,-6.144778532
ADD1,-0.082499526,6.206555291,-0.366924879,0.718785026,0.879114408,-6.144896371
RPN2,-0.177111753,7.696855446,-0.793144729,0.435784438,0.730240025,-6.145109635
RAB4B,-0.114452628,6.645980289,-0.45245395,0.656999932,0.844583391,-6.145125385
NOLC1,0.305366442,4.474884857,0.682734988,0.502589685,0.771794352,-6.145203111
SNX17,0.159637295,6.933362559,0.723363826,0.477420636,0.754878505,-6.146252674
TM9SF3,-0.211387533,7.603068623,-0.789325082,0.437968679,0.731794499,-6.14810415
RGS3,-0.121625293,7.64384399,-0.789213283,0.438032712,0.731794499,-6.148191592
LOC100061787,-0.153766603,6.89593155,-0.789184169,0.438049388,0.731794499,-6.148214361
PDS5B,-0.110561109,5.11444454,-0.677318775,0.505946999,0.771982541,-6.148874046
DIABLO,0.128888943,5.841411154,0.62284838,0.540771872,0.790680904,-6.148879373
NDUFV2,0.109651984,5.118504927,0.355282111,0.727310432,0.883417536,-6.149165452
ESYT1,-0.142111353,5.673182864,-0.676412253,0.506510158,0.771982541,-6.149485733
MELTF,-0.268732395,10.90172588,-0.787227939,0.439170767,0.731794499,-6.149742445
GNAI1,-0.196769251,7.916220621,-0.787074078,0.43925904,0.731794499,-6.14986248
PREX1,0.119436481,5.973560099,0.750934266,0.460634038,0.741781699,-6.151076542
SERPIND1,0.316517969,9.074342916,0.785245817,0.44030878,0.731794499,-6.151287095
GALM,-0.146230222,10.07137811,-0.782978899,0.441612514,0.731794499,-6.153049163
A0A9L0SF58,-0.216341466,6.856668902,-0.704978762,0.488553623,0.760740469,-6.15335496
CIRBP,-0.159621427,8.326110111,-0.782571595,0.441847009,0.731794499,-6.153365248
NUMB,-0.055101077,7.570965562,-0.167062224,0.86970275,0.949647727,-6.153563866
ETF1,-0.119371746,8.177447616,-0.782188533,0.442067617,0.731794499,-6.153662379
STAM,0.079223957,5.557371451,0.513872117,0.613939285,0.825610344,-6.153835074
PNPO,0.135754348,6.872927245,0.538669982,0.596698371,0.818773795,-6.154564522
LAMTOR2,-0.145214461,6.743425647,-0.745575204,0.463800683,0.741781699,-6.155058804
GTF2I,0.082425904,6.211188851,0.294593036,0.772330997,0.9069547,-6.155747947
POLR2E,-0.070472015,5.559030156,-0.291235723,0.774848133,0.907452418,-6.156748451
DDX27,0.174394726,5.626752473,0.507321682,0.61843049,0.82801126,-6.157202747
RBP4,0.165302297,7.618437066,0.742459091,0.465647925,0.742587218,-6.157361902
OSBP,-0.128940856,8.134950467,-0.7773125,0.444881623,0.733894115,-6.157432534
RWDD1,0.071078972,7.029190216,0.287674462,0.777521032,0.908614408,-6.157797344
CRABP1,-0.240324978,7.558795823,-0.568591804,0.576277654,0.806843031,-6.157855938
PTER,0.179904522,8.034065789,0.776607078,0.445289629,0.734159538,-6.157976117
CDK11,0.028790382,7.165042857,0.138755343,0.89161355,0.957845076,-6.157993096
XPO7,0.133685944,5.600778451,0.607662265,0.550589786,0.796398371,-6.158224684
BPNT2,-0.157210906,6.729952972,-0.740718833,0.466681457,0.743836163,-6.158644128
BRAF,0.135582398,6.772173979,0.605077329,0.552270361,0.796419464,-6.159793351
OSBPL1A,0.093173679,6.473801959,0.419120865,0.680685536,0.858733217,-6.159811853
COPS8,-0.187961545,7.692427176,-0.772748151,0.4475256,0.736070022,-6.160941447
SNX21,0.270245391,6.683175,0.410321338,0.686682158,0.863255745,-6.161326076
WASL,0.20264224,6.659913096,0.557693789,0.583907028,0.810648495,-6.161508997
RER1,0.106879046,8.07418268,0.409314212,0.687406988,0.863255745,-6.161742708
FOXO1,0.111017891,6.226276958,0.269744241,0.791022017,0.912912939,-6.162884368
EPB41,0.081804432,5.774602009,0.3146045,0.757383106,0.902340359,-6.163017185
TP53BP1,0.023229979,5.479256707,0.092231065,0.92781722,0.969160937,-6.1634955
SRPRB,-0.193352888,7.041810946,-0.7694023,0.449469777,0.737135804,-6.163501174
LONP1,-0.13090243,6.771006044,-0.76937384,0.449486336,0.737135804,-6.163522901
CHMP2A,0.209235352,7.301607292,0.769219873,0.449575926,0.737135804,-6.163640435
UQCRFS1,0.225148869,6.930628939,0.654249111,0.520388298,0.778904564,-6.164197077
DKC1,0.145761001,6.895532985,0.767683726,0.450470373,0.73738153,-6.164811864
PPA2,-0.139102401,5.810840715,-0.687104452,0.499519847,0.769747649,-6.165744243
GFPT1,-0.18310345,10.12336303,-0.766403629,0.45121655,0.737439932,-6.165786337
FECH,0.149987355,6.063576981,0.341005197,0.737524518,0.887119572,-6.166540746
A0A3Q2HY43,0.178741861,5.191991495,0.606301723,0.551473992,0.796419464,-6.166600627
MDH1,-0.133722091,12.82255255,-0.764610438,0.452263066,0.737439932,-6.167148807
FUNDC2,0.008861768,6.735477985,0.034009232,0.973348443,0.988993921,-6.167261341
LOC102148317,-0.203747444,8.783530964,-0.763779946,0.452748241,0.737439932,-6.16777879
LOC102150143,0.008253483,7.792094003,0.009573047,0.992496593,0.996850464,-6.16780717
NUDT16,0.160753228,8.880387614,0.762674718,0.453394403,0.737439932,-6.168616171
RSL1D1,0.229672886,7.160545919,0.761491182,0.454086962,0.737439932,-6.169511605
PPAT,-0.10225346,6.078947872,-0.461850909,0.650028712,0.844478467,-6.169542638
ITCH,0.111034934,6.618780412,0.72523397,0.475937571,0.753837315,-6.169927379
MTMR10,-0.159117257,6.772509401,-0.644587066,0.526503935,0.779898024,-6.170463729
CHMP2B,-0.111864744,6.553487088,-0.508085715,0.617548328,0.827949496,-6.17064946
PGLS,-0.115630568,9.696986156,-0.75935236,0.455340128,0.738420754,-6.171126434
RNF114,-0.155162205,7.269144227,-0.723134808,0.477200587,0.754878505,-6.171439497
FGG,-0.260328682,11.21642607,-0.758872663,0.455621474,0.738420754,-6.171488017
FLG2,0.117644219,7.277189149,0.235701051,0.816843329,0.925921988,-6.171650495
PDHA1,-0.149305151,8.263855889,-0.758521409,0.455827554,0.738420754,-6.171752646
SERPINA10,0.218850493,6.931121379,0.642546875,0.527800319,0.780038073,-6.171775543
ARG1,-0.103343024,6.430226132,-0.234831915,0.817505577,0.926319249,-6.171858965
FPGT,-0.188213699,6.246618029,-0.642353972,0.527922985,0.780038073,-6.171899371
SRSF3,-0.111659434,10.58348618,-0.75736403,0.456506979,0.739118385,-6.17262377
DCAF7,0.055816195,5.907640111,0.230090094,0.821121183,0.927585945,-6.172982874
CYRIA,-0.174348538,7.921264046,-0.536175889,0.598385583,0.818886949,-6.173332512
TRMT2A,0.070345607,6.054655144,0.280101291,0.783214686,0.910209731,-6.173464892
GFUS,0.167111895,8.873975422,0.754796702,0.458016264,0.740754665,-6.17455161
ALDH1L1,0.153831311,8.727210975,0.753779831,0.458614887,0.740866155,-6.17531347
GANAB,-0.152921064,7.094686043,-0.75340902,0.458833297,0.740866155,-6.175591047
SMC3,-0.136730064,7.246101039,-0.752192468,0.459550289,0.74139876,-6.176500804
PANK4,-0.054402651,5.641071477,-0.212007905,0.834946524,0.930937211,-6.177059756
SRA1,0.091674357,6.042157632,0.265272184,0.794400349,0.913834372,-6.17758677
PCYT2,0.190726545,5.763026547,0.58764292,0.563675804,0.800074261,-6.177760235
JCHAIN,0.220766017,9.469846098,0.677988138,0.505166455,0.771982541,-6.177913819
IGFALS,-0.117607145,7.387541728,-0.305309416,0.764055932,0.903025239,-6.178245861
GLG1,-0.172250548,7.772904933,-0.748718607,0.461601337,0.741781699,-6.179090916
PLEKHF2,-0.177614868,5.951062484,-0.572310253,0.573806738,0.806374248,-6.179119785
SOD2,0.246892093,11.3100642,0.748303298,0.461846909,0.741781699,-6.179399807
CHMP1B,-0.19023711,8.829557874,-0.748074309,0.461982344,0.741781699,-6.179570051
SRSF5,0.114224448,7.020286605,0.675341927,0.506812238,0.771982541,-6.179699814
WDR77,-0.122531418,8.215747455,-0.747498741,0.462322865,0.741781699,-6.179997742
HIP1R,0.063580341,5.731561448,0.36243128,0.721484865,0.880604186,-6.180024629
CA2,0.374961209,7.940330015,0.745418272,0.463554972,0.741781699,-6.18154108
SCYL1,-0.108333628,6.97461767,-0.672463598,0.508605811,0.771982541,-6.181634885
EIF2A,-0.116770641,7.970188704,-0.744845632,0.463894445,0.741781699,-6.181965158
SLC14A1,0.292676817,7.819208457,0.707988731,0.486371542,0.759727262,-6.182226038
OSGEP,0.126602736,6.267058311,0.604020991,0.552605546,0.796419464,-6.182263096
LUC7L2,-0.119781775,8.059418991,-0.744020233,0.46438402,0.742165101,-6.182575875
GNAO1,-0.10741439,7.281153371,-0.361408984,0.722509147,0.881188291,-6.182637394
RAB5B,-0.154169026,7.04079629,-0.743009679,0.464983834,0.74249258,-6.183322713
CPT2,-0.170667116,5.988242495,-0.74283299,0.465088755,0.74249258,-6.183453194
SUN1,-0.112872557,6.490398747,-0.669688256,0.510338586,0.773392337,-6.183493231
MYO1E,0.13362086,6.500396393,0.702434747,0.489759858,0.761421526,-6.18612681
SUCLG2,-0.137804971,6.013701124,-0.596617328,0.557442154,0.797381146,-6.186712044
PPP2CB,0.1562961,6.743458474,0.699922598,0.491296894,0.762613935,-6.187881549
PIP5K1A,-0.075946733,6.31413397,-0.272039931,0.789061134,0.912789539,-6.188004525
ITPRID2,0.063478626,5.497713913,0.220934329,0.828114188,0.929891219,-6.188585043
PARP1,0.165056271,9.23310985,0.735295755,0.469577542,0.747774294,-6.188991732
COLGALT1,0.150498213,7.671504479,0.73457007,0.470011066,0.747774294,-6.189522142
PTGR2,0.140394595,8.242843907,0.734322536,0.470158997,0.747774294,-6.189702953
ARPC3,-0.105267021,9.115613871,-0.733773177,0.470487402,0.747896239,-6.190104023
GOLGA3,-0.211007614,6.694304872,-0.69637603,0.493471539,0.764437744,-6.190348605
ZMPSTE24,-0.06689006,5.320568303,-0.212486393,0.834579933,0.930937211,-6.190454719
CORO1C,0.128185862,8.16065972,0.732965941,0.47097021,0.748263365,-6.190692844
SCCPDH,0.033101712,6.707180757,0.132564335,0.896294821,0.960639218,-6.191037191
MAP2K4,-0.135477546,5.857102621,-0.436243063,0.668136011,0.848693021,-6.191042029
PDHB,-0.173979904,7.536540091,-0.7318679,0.471627415,0.748907029,-6.191492794
CP,-0.196619229,8.604181556,-0.730813675,0.472258903,0.749509188,-6.192259746
HM13,0.156115442,6.84984221,0.646828468,0.524736142,0.779814566,-6.192545024
CLK2,-0.126349323,7.330077862,-0.547317595,0.590517786,0.815370373,-6.193162454
TMED5,0.022213397,6.510082376,0.114783433,0.910134807,0.966794966,-6.193285347
PHYKPL,-0.026037617,6.472822799,-0.111527204,0.912672733,0.966921728,-6.193662105
POLR2B,-0.093487184,5.674874364,-0.496774683,0.625346156,0.83202124,-6.193813741
ITIH3,-0.067816914,5.9144645,-0.106539979,0.916561703,0.966921728,-6.19421816
KPNA6,-0.082797249,6.331630287,-0.428742588,0.673480363,0.85435959,-6.19432272
PPP3CB,-0.147475131,7.738441231,-0.726614613,0.474779091,0.752704738,-6.195304114
PNKP,-0.118580563,6.301466822,-0.49798866,0.624193988,0.831232782,-6.19564466
CYB5A,0.109691773,6.141276023,0.492675047,0.628183782,0.832070448,-6.195857615
SGSH,-0.125894327,6.193824321,-0.424255355,0.67668631,0.85732837,-6.196258824
DBI,-0.23724006,9.304421793,-0.723668382,0.476552047,0.754308008,-6.197430173
CA1,-0.040786014,7.129607026,-0.050702856,0.960229399,0.984178309,-6.198708831
COASY,0.14166963,6.834752194,0.575263104,0.571515426,0.80548972,-6.199247419
MAMDC4,-0.182660064,8.963595866,-0.720759004,0.478306615,0.755796627,-6.199521547
EMC3,-0.00140561,5.575028595,-0.00537628,0.995781017,0.998132726,-6.200009424
NENF,-0.092744526,7.639277642,-0.484232026,0.634046531,0.834256972,-6.200014968
TES,0.229842715,6.097138426,0.720000817,0.478764474,0.755796627,-6.200065239
MLEC,-0.175569119,7.189704433,-0.719546218,0.479039123,0.755800898,-6.200390968
RABEP2,-0.12067506,6.483079082,-0.595646166,0.558078229,0.797523049,-6.200829752
MYL12B,0.153125385,9.122498652,0.718733505,0.479530357,0.755800898,-6.200972803
PPT1,-0.179856521,8.516161252,-0.717730155,0.480137224,0.755955322,-6.201690252
ZRANB2,-0.069825829,5.603090219,-0.380949611,0.707947382,0.874939771,-6.204012833
SSH3,-0.142776773,5.517172775,-0.590063818,0.561741816,0.800074261,-6.204146743
C7,0.231530456,7.89646377,0.676210495,0.505940579,0.771982541,-6.204148147
NPC2,-0.216150963,6.191399303,-0.526690776,0.604489658,0.820309643,-6.204294717
S1PR2,-0.17491083,8.241697646,-0.589134194,0.562353123,0.800074261,-6.204696192
A0A9L0SX36,-0.257978425,8.091034412,-0.713099257,0.482943957,0.758420064,-6.204989185
PTGR1,0.166414764,7.104782786,0.674760204,0.506844133,0.771982541,-6.20512563
ADD3,0.044003036,8.010771248,0.126867786,0.90072524,0.962609601,-6.205307819
PSMA2,0.105052485,8.253542479,0.712621063,0.483234326,0.758420064,-6.205328676
DHX9,0.125349221,5.864240584,0.47313072,0.641793202,0.837784004,-6.20537476
A0A9L0T8B6,0.027215761,6.643237647,0.120659202,0.905557771,0.964463307,-6.206094265
BAZ1B,0.149097393,6.844458902,0.625095708,0.538628225,0.789085038,-6.206361229
ANO6,0.085188109,6.242858093,0.287087441,0.777720107,0.908614408,-6.207132916
EIF2S3B,0.114667268,7.807218049,0.709528261,0.48511477,0.759727262,-6.207519131
IPO4,-0.022734489,5.861640171,-0.107126175,0.916104478,0.966921728,-6.207672035
INF2,-0.04228661,7.092894916,-0.187204159,0.853847516,0.939896618,-6.207835427
NIT2,0.127745252,8.047280185,0.708448498,0.485772267,0.759727262,-6.208281721
MBLAC1,-0.020178509,6.543278681,-0.099632629,0.921951576,0.967297141,-6.208465165
PAPSS2,-0.15397092,8.743021749,-0.707991037,0.486050982,0.759727262,-6.208604471
SMOC2,-0.348805735,8.119304186,-0.707904666,0.486103616,0.759727262,-6.208665385
FAM98A,-0.125727737,6.024485968,-0.630523479,0.53514021,0.786690531,-6.20893139
ESD,-0.149222186,10.61902656,-0.706434159,0.487000226,0.759727262,-6.209701392
RPLP1,-0.238358879,9.743149875,-0.667870592,0.511148828,0.773623622,-6.209741683
KRT10B,0.182537775,12.94957968,0.706106078,0.487200396,0.759727262,-6.209932252
PRKCA,-0.12117899,8.547479243,-0.70579292,0.487391505,0.759727262,-6.210152514
NCK2,-0.149711645,6.50314613,-0.667228671,0.511550945,0.773838013,-6.210169457
GYS1,-0.109666324,6.859857967,-0.513166512,0.613736728,0.825610344,-6.211368477
ALDH6A1,0.119477481,8.624523162,0.703378019,0.488866685,0.760829188,-6.211847922
ACOT9,0.046813812,5.724512357,0.164572418,0.87133615,0.949647727,-6.211893896
RASA1,-0.158047615,5.472145949,-0.457299746,0.652913703,0.844483299,-6.212808374
NAGK,-0.154638832,7.541242978,-0.701985024,0.489718782,0.761421526,-6.212823359
AHCTF1,0.109948967,6.04684186,0.263912789,0.795207029,0.913834372,-6.213635408
NDUFAB1,-0.183494214,7.948992076,-0.453164139,0.655832748,0.844583391,-6.214709616
RANBP3,-0.031330753,6.270835373,-0.138362735,0.891675515,0.957845076,-6.215943494
RIT1,-0.217312059,8.887586101,-0.409239376,0.687180891,0.863255745,-6.216365242
EIF3K,-0.129596884,7.680089619,-0.696602365,0.493019361,0.764437744,-6.216575142
MTMR12,-0.064003575,6.03552194,-0.251068082,0.804948742,0.919756542,-6.217005958
PUF60,-0.099070848,7.666815377,-0.695573459,0.493651717,0.764437744,-6.217289154
NUDCD2,0.039255461,6.500982772,0.123190943,0.903485965,0.964463307,-6.217968216
TIMM44,0.111055301,5.589531695,0.341852648,0.736640677,0.886774494,-6.218340833
EIF3M,-0.107987453,7.366046129,-0.653714777,0.52005724,0.778904564,-6.219083395
PLRG1,0.148324528,5.88158802,0.613884533,0.545871327,0.793110666,-6.219292567
ATP6V1H,-0.119866552,6.790570379,-0.65312529,0.520430059,0.778904564,-6.21946824
LOC100630489,-0.124458644,6.911597674,-0.338534175,0.739095364,0.888289776,-6.219486654
NQO2,0.137166094,6.228396271,0.613406635,0.546181226,0.793110666,-6.219586214
AGK,0.096673041,7.303184852,0.602300326,0.553409503,0.796419464,-6.220364297
LEMD3,0.159676846,4.979334069,0.510111633,0.61583477,0.826024877,-6.220516915
XYLB,-0.055223813,6.131923844,-0.225015316,0.824643106,0.928739449,-6.220957575
TUBB2B,-0.325127949,5.649895098,-0.437344685,0.667051018,0.848376958,-6.221826413
TARS3,-0.141029089,7.379371656,-0.60952151,0.548704051,0.795607485,-6.221965264
RPS5,0.152812867,10.18257676,0.688691947,0.497892911,0.768395565,-6.222038599
APEH,0.108782221,7.223589682,0.688490413,0.49801743,0.768395565,-6.222177009
PHLDB1,-0.163183685,8.06570681,-0.648409844,0.523417624,0.779095071,-6.222534694
KPNB1,-0.097332108,7.391688301,-0.687940468,0.498357309,0.768395565,-6.222554509
RIPOR1,0.018812327,6.573814301,0.07426941,0.941714155,0.975888389,-6.222899261
SNRNP200,-0.08994355,6.693664137,-0.607973005,0.549711298,0.79629072,-6.222909426
GGACT,0.179659534,6.141334255,0.597367528,0.556635953,0.796979464,-6.223328438
RRS1,-0.067662917,6.153784433,-0.22301674,0.826337101,0.92909937,-6.223786644
RAB2B,0.112188409,8.004391622,0.685489882,0.499873426,0.769893182,-6.224233149
SEH1L,0.016790616,5.631343208,0.048404403,0.961991406,0.985203884,-6.224519592
RPSA,-0.109557065,10.95250303,-0.684899868,0.500238843,0.770056789,-6.224636448
LYAR,0.113601853,6.430890495,0.486778131,0.631970871,0.83387657,-6.224655285
AGAP3,-0.011871055,3.896952938,-0.04423475,0.965263169,0.986476233,-6.224716873
QARS1,-0.089249428,7.551403858,-0.64351245,0.526530401,0.779898024,-6.225696847
SLC25A5,-0.14521147,9.288334108,-0.683303538,0.501228264,0.771180306,-6.225725935
CCDC134,0.065333285,4.930998485,0.209860983,0.836417994,0.931293223,-6.226692075
EIF3B,0.136290325,8.21184938,0.679924362,0.503326351,0.771982541,-6.228024159
CHST3,0.147738334,6.044057413,0.495214124,0.626114558,0.832070448,-6.22806089
DFFA,0.067833689,5.437013853,0.201814357,0.842598568,0.934142992,-6.228382611
STK10,-0.172112115,9.749203743,-0.67928661,0.503722877,0.771982541,-6.228456676
UBE4A,0.091486078,6.022509021,0.421991878,0.678016173,0.857550469,-6.228496649
PLBD2,0.126816853,7.302737105,0.678630345,0.504131097,0.771982541,-6.228901342
CMTM7,-0.074053944,5.836516702,-0.197781287,0.845700379,0.936378843,-6.229205196
CAV2,-0.176048883,8.407014866,-0.637522028,0.53035161,0.782106698,-6.229533376
TMEM109,-0.1860633,8.892253285,-0.637379654,0.530442611,0.782106698,-6.229624138
CD68,0.136560551,6.734901466,0.418822031,0.680289464,0.858733217,-6.229844753
GLRX,-0.105351796,7.067652451,-0.474583752,0.640480476,0.837784004,-6.230564378
TTR,-0.282635895,9.864100905,-0.675809297,0.505888008,0.771982541,-6.230808104
TNS2,-0.081749635,6.080241722,-0.542396841,0.593525185,0.81657447,-6.231239555
DES,-0.151334625,8.195108746,-0.674558843,0.506667871,0.771982541,-6.231650853
PSMB6,-0.125328002,9.290665187,-0.674336026,0.506806905,0.771982541,-6.231800864
TPP2,0.101373031,6.672275793,0.471879533,0.642374557,0.837784004,-6.23185496
DHX16,0.071510003,8.620313214,0.331293796,0.744461138,0.893091754,-6.231865827
POFUT1,0.134199423,7.464074572,0.633572626,0.532879093,0.78441382,-6.232043848
LOC100057176,0.137811181,7.617286816,0.418653877,0.680152868,0.858733217,-6.23228232
FIP1L1,-0.117162944,7.108270939,-0.514215746,0.612724286,0.82557998,-6.232640847
PSME2,0.128995788,6.640155726,0.672628012,0.507873384,0.771982541,-6.2329492
CLINT1,0.157436448,7.685193073,0.672441962,0.507989628,0.771982541,-6.233074117
COL18A1,0.126876232,9.621225859,0.672095533,0.508206118,0.771982541,-6.233306626
PSMA6,-0.1001965,9.324379281,-0.672094921,0.508206501,0.771982541,-6.233307037
PRKCD,-0.155070779,7.405676888,-0.537980175,0.596514513,0.818773795,-6.233637989
IRF2BP2,-0.053211145,5.739918765,-0.15960482,0.875068562,0.951272849,-6.233755502
PGM1,-0.142614696,12.04918779,-0.671318702,0.508691762,0.771982541,-6.233827585
PIN4,-0.14476073,6.882101591,-0.671201049,0.508765337,0.771982541,-6.233906435
NUP58,0.039993879,7.497999266,0.166098008,0.870154975,0.949647727,-6.235092222
DHX15,-0.118302185,8.781862314,-0.668323708,0.510566538,0.773392337,-6.235830671
HSPA2,-0.126580682,11.4872753,-0.66805377,0.5107357,0.773392337,-6.236010786
FKBP5,0.133206834,6.575484976,0.575185682,0.571265186,0.80548972,-6.236366344
ANKH,-0.16191284,7.582569234,-0.585057602,0.564730315,0.800483666,-6.236610367
PPP1CB,0.17419336,7.76795458,0.626099018,0.537679723,0.788270069,-6.236753374
SNRPA1,0.136657446,8.558495114,0.666025008,0.512008064,0.774135348,-6.23736223
SMNDC1,-0.136573688,5.652290822,-0.459876655,0.650811794,0.844478467,-6.237496365
A0A9L0SG57,-0.112292802,6.30454765,-0.475885667,0.639569494,0.837679378,-6.237523965
S100A8,-0.340092533,8.460933718,-0.354198757,0.727295413,0.883417536,-6.23763059
NHLRC3,0.117684355,6.948808192,0.458383222,0.651865001,0.844483299,-6.238188351
UAP1,-0.1736359,9.610332001,-0.664272978,0.513108289,0.774754018,-6.23852615
C2,0.283737779,8.332848905,0.663285467,0.513728996,0.775159394,-6.239180881
ANK3,-0.101539479,5.748243251,-0.471826239,0.64241191,0.837784004,-6.239464738
EMILIN2,0.122519127,7.057188282,0.306557208,0.76289387,0.903025239,-6.23988543
NOL7,0.060132205,6.45006825,0.271075001,0.789589066,0.912789539,-6.240383634
LOC100146514,0.092536889,9.229997689,0.660423296,0.515530385,0.777088165,-6.241073242
EPHX1,-0.199957126,7.955533937,-0.618438603,0.542624347,0.790680904,-6.241524687
MYOC,-0.190233224,9.027096039,-0.65851722,0.516731965,0.778094922,-6.242329101
COPZ1,-0.245035874,7.184941544,-0.658117772,0.516983971,0.778094922,-6.242591843
PRPF3,-0.035739361,7.541650033,-0.112693648,0.911671459,0.966921728,-6.242701352
DERA,0.177222884,6.717072911,0.574343933,0.571824176,0.805542735,-6.242841368
NUB1,-0.100923449,6.950628583,-0.65604359,0.518293631,0.778904564,-6.243953697
MTX2,0.038795493,5.564347096,0.099746751,0.921781147,0.967297141,-6.244107816
KRTCAP2,-0.180563615,6.354373191,-0.654826854,0.519062742,0.778904564,-6.244750649
ACTR1A,0.131917295,7.491852854,0.654419393,0.519320442,0.778904564,-6.245017214
MAGT1,0.015824055,7.304794787,0.082962359,0.934907758,0.971908851,-6.245676275
STOM,0.211523,9.640651607,0.653258712,0.520054906,0.778904564,-6.245775669
LOC102150222,-0.081470638,9.509741583,-0.652674291,0.520424936,0.778904564,-6.246157072
CRAT,0.08133927,5.736517397,0.440618064,0.6644505,0.847245681,-6.246250978
HPF1,0.085741869,6.457539298,0.377890835,0.709920378,0.875538996,-6.246355839
PLCG2,-0.123180561,8.639759352,-0.651876403,0.520930357,0.778904564,-6.246677256
CARMIL1,-0.096058975,6.21753256,-0.651739069,0.521017378,0.778904564,-6.24676673
FAF1,-0.086557796,5.426469997,-0.439455303,0.665277872,0.847291508,-6.246767815
NUTF2,-0.186372047,8.657576867,-0.651462306,0.521192773,0.778904564,-6.246946986
YES1,-0.125448386,8.483906779,-0.485731825,0.632424798,0.83387657,-6.246975823
CNOT1,0.020333964,4.718362138,0.061910533,0.951398802,0.980257002,-6.247236438
A0A3Q2H306,-0.02407611,8.045268726,-0.051981272,0.959185335,0.984178309,-6.247815015
NUDC,-0.109180969,7.741862939,-0.649887275,0.52219154,0.778904564,-6.247971404
RRAS,-0.127696317,9.02121528,-0.64967632,0.522325392,0.778904564,-6.248108429
PROC,0.206694983,5.724668248,0.649396246,0.522503129,0.778904564,-6.248290286
LOC100071074,-0.132890389,6.111987159,-0.278254266,0.784164714,0.910209731,-6.248306454
TOP2B,0.11068035,6.677878842,0.606563891,0.550336834,0.796398371,-6.248808802
ATE1,-0.11863035,6.960794353,-0.64848951,0.523078777,0.778980976,-6.248878525
ZNF512,-0.008576901,6.061099059,-0.021246632,0.983310918,0.994434776,-6.248966621
THAP11,-0.006390906,5.894925102,-0.020029941,0.984266481,0.994682843,-6.24899232
MRE11,0.205095303,5.828749463,0.48158856,0.635314452,0.834389335,-6.248994613
POGLUT1,-0.003026685,6.253967371,-0.017255246,0.986445755,0.995492642,-6.24904526
MT-CO2,0.003565219,5.915178725,0.011527008,0.990945104,0.996850464,-6.249129629
ATL3,-0.146413578,6.171084601,-0.605531324,0.551010193,0.796419464,-6.249435746
GDF5,0.17165876,6.047312983,0.448709992,0.658704903,0.844583391,-6.250206702
ACADVL,-0.107550418,6.105431594,-0.50607525,0.618324771,0.82801126,-6.250397362
IPO7,-0.092957114,6.84964512,-0.603922316,0.552060324,0.796419464,-6.250410629
POLR2C,-0.083672027,5.829485363,-0.366980765,0.717901862,0.878815999,-6.250475202
TKT,-0.115751821,12.93124574,-0.645910571,0.524717932,0.779814566,-6.250547266
RPS20,0.135645697,9.671886565,0.645544388,0.524950902,0.779814566,-6.250783691
NUP35,-0.151680621,5.006436761,-0.372208502,0.713847364,0.876246016,-6.250842521
NANS,0.127015497,8.284884551,0.644261289,0.525767672,0.779898024,-6.251611099
PSMD3,-0.116591897,7.249847283,-0.643335054,0.526357707,0.779898024,-6.252207398
MAGOH,0.152514935,7.580706085,0.642623612,0.526811158,0.779898024,-6.252664854
TARS1,-0.128674564,7.781825429,-0.642552976,0.526856191,0.779898024,-6.252710246
ARHGAP1,-0.102491231,8.771296918,-0.642159453,0.527107113,0.779898024,-6.252963044
SERPINF2,-0.235399264,8.191330792,-0.599589478,0.554893399,0.796419464,-6.253023389
HSD17B8,-0.099086969,7.085925222,-0.545402895,0.591211204,0.815370373,-6.253119975
CUL2,0.071038336,6.061870759,0.359368022,0.72349104,0.881661969,-6.253279188
METAP1,0.11043835,5.99869042,0.35809258,0.724429031,0.882081414,-6.253743305
A0A3Q2LSP0,-0.108723598,10.43855115,-0.640776535,0.52798942,0.780038073,-6.253850243
EXOSC4,-0.049572296,7.337299635,-0.305617403,0.763393757,0.903025239,-6.253886915
SLC29A1,-0.204288672,10.80238456,-0.640341866,0.528266905,0.780060127,-6.25412872
NUDT2,-0.144280059,7.901069109,-0.5972195,0.556446246,0.796979464,-6.25444482
DCXR,0.127212645,7.113261843,0.639546833,0.528774647,0.780421995,-6.254637598
RAB10,-0.116175269,6.899779663,-0.634420331,0.532054997,0.784094939,-6.257904285
EIF5,-0.101961126,8.755349594,-0.63378774,0.53246054,0.784303552,-6.258305624
ECI1,-0.144627489,7.80487,-0.63284777,0.533063447,0.78441382,-6.258901262
PPP2CA,-0.117082944,9.233397236,-0.631329868,0.534037822,0.785458599,-6.259861321
SARS1,0.106972836,7.629294886,0.586738147,0.563340848,0.800074261,-6.260665843
WDR82,-0.115932404,6.412833739,-0.586257792,0.563657877,0.800074261,-6.260948393
THSD4,-0.168188748,8.405599107,-0.629195265,0.535409693,0.786697427,-6.261207672
PLOD3,-0.075994284,6.710352373,-0.455146623,0.653895439,0.844483299,-6.261480095
DCPS,0.102150535,6.994034042,0.528772213,0.602496663,0.820309643,-6.262098768
KRAS,-0.112433902,9.964441043,-0.627747275,0.536341367,0.787676817,-6.262118453
NUDT4,0.066482394,5.820112668,0.174870224,0.863242148,0.947079919,-6.262239709
VPS45,-0.135215523,5.803670772,-0.583831475,0.565260623,0.800853272,-6.262372157
TSC22D2,-0.058436328,6.223729648,-0.276434981,0.785355519,0.910209731,-6.262513116
A0A3Q2L125,-0.20629073,6.021472237,-0.627013042,0.536814123,0.7879816,-6.262579508
LPAR1,-0.170662047,8.809718893,-0.625807308,0.537590953,0.788270069,-6.263335509
DARS1,0.110501664,10.62295916,0.625472752,0.537806607,0.788270069,-6.263545028
TUBB3,0.081031213,6.335963325,0.211740168,0.83482109,0.930937211,-6.26491253
A0A3Q2I2H1,0.064152858,6.509633151,0.157844039,0.876434689,0.951619048,-6.265129864
ALAD,0.144892775,9.865316157,0.62250558,0.539721266,0.790296639,-6.265398512
ATG7,-0.090206023,6.353494251,-0.578235962,0.568965742,0.804163756,-6.265633791
SOX5,-0.083143521,6.430980244,-0.445718799,0.660577542,0.845386253,-6.265764925
A0A9L0T8X5,-0.073650746,9.281642789,-0.15318716,0.88004972,0.953547672,-6.265869001
PAICS,-0.119699228,10.3847048,-0.621318644,0.540488191,0.790680904,-6.266137564
MYD88,0.030692303,5.671505523,0.146846239,0.884976405,0.955401489,-6.266839941
SYNE1,-0.030907521,5.946605848,-0.14351347,0.887567814,0.956808409,-6.267333853
DDX42,-0.11174819,7.085383877,-0.618888014,0.542060525,0.790680904,-6.267646754
DDX6,-0.120510321,8.639298336,-0.618133646,0.542549007,0.790680904,-6.268113982
SF3B3,-0.119743103,7.515069544,-0.618101326,0.542569941,0.790680904,-6.268133987
RPRD1B,-0.152111813,7.17521708,-0.617981809,0.542647356,0.790680904,-6.268207958
STK38L,-0.1551151,6.164176186,-0.617897052,0.54270226,0.790680904,-6.268260406
FBLN5,-0.224930934,9.037554863,-0.616682373,0.54348942,0.790747829,-6.269011298
UBXN6,-0.126859428,6.184314752,-0.385383368,0.704224287,0.873590963,-6.26932147
HMGCL,0.093364181,5.898901249,0.571780685,0.573255519,0.806142172,-6.269358752
RAB33B,0.083951404,6.979931493,0.383160968,0.705844025,0.874602685,-6.270186252
MOGS,-0.12700467,6.806243452,-0.570265748,0.574264624,0.806374248,-6.270227057
CZIB,-0.10846619,7.118489804,-0.569184479,0.574985411,0.806554134,-6.270845433
STXBP6,-0.148718996,7.27639753,-0.612826787,0.545992003,0.793110666,-6.271385287
ACBD3,-0.087910467,7.434732064,-0.611463536,0.546878317,0.793682422,-6.272221231
SEPTIN2,-0.097046815,9.182586999,-0.611108518,0.547109256,0.793682422,-6.272438632
VAC14,0.019109298,5.981126889,0.086913059,0.931753566,0.970112405,-6.273993398
CLASP2,0.105142861,6.565775347,0.608109526,0.549062147,0.79573836,-6.274270242
CTDP1,-0.019243201,5.140152693,-0.081056388,0.936341344,0.972315356,-6.274495924
NUP93,0.079853572,6.812901387,0.561237441,0.580296992,0.809117106,-6.275355374
COL1A2,-0.187431417,11.26447218,-0.606213465,0.550298718,0.796398371,-6.275423745
COMT,-0.056700922,6.474370722,-0.291555077,0.773952144,0.907452418,-6.2756945
ATXN10,-0.036833933,4.884222856,-0.150710113,0.881973712,0.954587941,-6.276201986
BAIAP2,-0.059569747,6.018243284,-0.219645272,0.828613112,0.929891219,-6.276838854
PCYT1B,-0.084682313,6.528030454,-0.4995071,0.62260461,0.82995482,-6.27724121
TRAP1,0.006021022,5.540059873,0.019963775,0.984304126,0.994682843,-6.277649245
ARHGAP17,-0.000432219,6.120102894,-0.001671275,0.998685922,0.999588512,-6.277851495
PSMA3,-0.084902937,9.096255175,-0.602141008,0.552959623,0.796419464,-6.277889513
FARSB,0.102532123,8.369385386,0.600463063,0.55405793,0.796419464,-6.278900785
LIMS1,0.116693653,8.629638417,0.599795065,0.554495488,0.796419464,-6.279302616
APOH,-0.236481456,10.0365666,-0.599774277,0.554509108,0.796419464,-6.279315114
PSMD8,-0.109031072,7.832027805,-0.5985391,0.555318669,0.796644986,-6.280056964
MAPRE2,-0.216363548,5.971773935,-0.552776709,0.585978802,0.812765183,-6.280089143
SENP8,-0.141599704,5.402264585,-0.272484791,0.788343072,0.912769785,-6.281165259
GMPS,0.094568668,7.321857655,0.491512092,0.628151815,0.832070448,-6.281231767
FETUB,-0.167160953,9.999422278,-0.596537726,0.556631719,0.796979464,-6.281255848
CFI,-0.170816973,10.7829062,-0.594783135,0.557784186,0.797486437,-6.2823037
PXDN,0.092916292,6.100326701,0.547787216,0.589342391,0.815370373,-6.282847997
RANBP2,0.062894965,5.662857777,0.348668017,0.731163719,0.884806023,-6.282976229
SORBS3,0.148756942,7.250322879,0.499875707,0.622349408,0.82995482,-6.283058893
ATG3,-0.071827928,6.141935492,-0.546949758,0.589907883,0.815370373,-6.283308671
SSRP1,-0.071380737,7.580344447,-0.546195038,0.590417735,0.815370373,-6.283723245
HPCAL1,0.134107796,6.689955922,0.343046143,0.735321571,0.886258254,-6.284948096
BAG5,0.112282926,5.75718529,0.48355222,0.633697114,0.834166648,-6.285142304
SERPINF1,-0.127543606,11.3308949,-0.589441412,0.561300391,0.800074261,-6.285475392
NECAP2,-0.049123969,7.011943073,-0.254973346,0.801627194,0.918283785,-6.285865692
CCDC97,0.087227141,6.073894109,0.430641783,0.671324191,0.852020478,-6.286041957
DCTN2,-0.130341227,7.883915828,-0.588161026,0.562144905,0.800074261,-6.286231511
CAPNS1,0.091235074,9.204246748,0.588090182,0.562191651,0.800074261,-6.286273301
ACSL3,0.108366445,6.318804307,0.493041845,0.627088663,0.832070448,-6.286477413
DUSP3,0.072652282,6.563131917,0.359278681,0.72333953,0.881661969,-6.286775331
NELFE,-0.11268367,6.483843563,-0.491971398,0.627832518,0.832070448,-6.287008723
STX5,0.111835365,7.125384461,0.586838992,0.563017575,0.800074261,-6.287010551
ADK,0.109882009,10.39300557,0.585784886,0.563713886,0.800074261,-6.28763049
SORBS1,-0.000364832,5.960614431,-0.001530518,0.998796595,0.999588512,-6.287808735
GON7,-0.107664813,6.702266716,-0.245202325,0.809066887,0.921678574,-6.288353776
ITGA1,0.027466394,6.477020992,0.157580794,0.876537162,0.951619048,-6.288761694
SNAPIN,0.099431556,5.433635258,0.352733664,0.728162127,0.883729445,-6.289138573
XRCC1,-0.125806835,8.547502761,-0.536137713,0.597232587,0.818773795,-6.289194643
GOLGA2,-0.053082073,5.242341269,-0.249661659,0.805522222,0.919756542,-6.289466904
ACAA2,-0.10520083,9.625316318,-0.581117383,0.566802405,0.802654884,-6.290362538
UBE2K,0.102741395,7.350350731,0.533342148,0.599133639,0.819070052,-6.290697908
EIF4G3,-0.095617493,6.424848163,-0.533208335,0.599224708,0.819070052,-6.290769671
LGALSL,-0.03365501,7.201847338,-0.14360868,0.88740117,0.956808409,-6.290906458
ADISSP,-0.086733365,6.324670418,-0.347226109,0.732229325,0.885050172,-6.291093997
PA2G4,0.07332908,9.351028936,0.579830266,0.567655619,0.803097545,-6.291112201
CCT6B,-0.117451327,7.24510305,-0.531563827,0.600344464,0.819468233,-6.291650185
ATP6V1C1,-0.10566433,6.041541777,-0.530017441,0.60139833,0.819988269,-6.292475745
CCDC124,-0.080678586,7.353725863,-0.528933657,0.602137463,0.820309643,-6.293052942
DDT,-0.142139469,11.76581993,-0.576254163,0.570029608,0.804540601,-6.293186581
DRG2,-0.087346635,7.544502697,-0.527458509,0.603144207,0.820309643,-6.293836719
BCAT2,0.021682473,7.514707832,0.121893272,0.904330829,0.964463307,-6.293845713
ILVBL,0.094642642,5.142795011,0.411953181,0.684745982,0.863122746,-6.294002995
SRP9,0.057380382,7.38512265,0.338244934,0.738879123,0.888289776,-6.294217546
ARF5,0.102657229,9.903479853,0.574310859,0.571321781,0.80548972,-6.294308604
PSMD6,-0.175052627,6.686666093,-0.525686007,0.604354955,0.820309643,-6.294775666
DYNLL1,-0.07435932,5.322731324,-0.312881178,0.757771523,0.902340359,-6.294987428
FBXO7,0.172975139,7.195838936,0.408296357,0.687384999,0.863255745,-6.295520154
PFKFB3,-0.025239633,5.941971576,-0.105422557,0.917203648,0.966921728,-6.295754959
HNRNPR,-0.089873123,10.63556678,-0.571767326,0.573015309,0.806142172,-6.295771623
GCHFR,-0.068455082,6.437384923,-0.213152934,0.833597455,0.930937211,-6.295836625
CLEC11A,0.189889631,11.23592233,0.571418712,0.57324762,0.806142172,-6.295971652
GOLPH3,-0.103619154,8.190706025,-0.571287541,0.573335042,0.806142172,-6.296046884
CDV3,0.093948264,5.44105579,0.331272724,0.744056074,0.893091754,-6.296586654
GART,-0.077880232,9.088159097,-0.569405039,0.574590432,0.806380809,-6.297124742
PRPF4B,-0.020412258,6.139664958,-0.091258991,0.928292304,0.969160937,-6.297175772
ROR2,-0.144995968,6.871588815,-0.470160758,0.643076222,0.837940469,-6.297588461
DVL1,0.0669628,4.300811345,0.203394792,0.841102646,0.93387405,-6.29790824
GRIPAP1,0.021316807,5.886883904,0.08247012,0.935180866,0.971908851,-6.297954633
AP3M1,-0.095265306,7.100802104,-0.566970595,0.57621595,0.806843031,-6.298513497
RTN4,0.136432307,6.401171911,0.365763559,0.718373341,0.879030971,-6.298559293
SSR4,-0.141188368,8.512029107,-0.566290542,0.576670446,0.807012668,-6.298900407
TAOK2,0.058791859,5.844233151,0.32410012,0.74939489,0.896031839,-6.298972965
HSPBP1,-0.032699028,5.678029811,-0.197768777,0.845436914,0.936378843,-6.299058717
SUPT16H,0.083703446,7.158457125,0.453942062,0.654517573,0.844483299,-6.299140718
GCN1,-0.08270159,6.116052603,-0.517007044,0.610300094,0.823808078,-6.299328687
RBM39,-0.102293122,8.010105674,-0.564883829,0.577611157,0.807873362,-6.299699312
PRMT1,0.068809614,7.459307685,0.516170185,0.610874812,0.824209385,-6.299763799
ACAD8,-0.014363864,6.530464231,-0.050774302,0.96006323,0.984178309,-6.300109284
SERPINC1,-0.169179824,10.59834225,-0.563945849,0.57823884,0.807873362,-6.300230939
LOC111772161,0.111935148,8.742365829,0.563745203,0.578373154,0.807873362,-6.300344549
HSPH1,-0.009019272,5.770063385,-0.039628904,0.968824174,0.98674716,-6.30062341
COTL1,-0.013131426,5.824665704,-0.030911575,0.975679415,0.990404787,-6.300937196
PRRC2C,0.002272472,6.189631072,0.008752046,0.993113007,0.996850464,-6.301385716
FLNC,-0.153151723,6.988421021,-0.561636388,0.579785756,0.809117106,-6.301536232
APOO,0.078035577,6.692068725,0.290388447,0.774657657,0.907452418,-6.301878548
MMAB,0.053449969,6.433532889,0.289666132,0.775201891,0.907456587,-6.302091409
ACIN1,0.121617972,7.39610224,0.560595923,0.580483353,0.809117106,-6.302122595
APOA1,-0.17532961,14.22361205,-0.560384333,0.580625268,0.809117106,-6.302241708
AP3D1,0.071983546,7.149980116,0.511320888,0.614210136,0.825610344,-6.302271579
FAM169A,-0.130024731,7.257756716,-0.511024656,0.614414161,0.825610344,-6.302424024
AHCYL1,-0.086491782,7.337446085,-0.559951269,0.580915781,0.809142422,-6.302485364
EIF3L,0.114007805,6.593976933,0.559387577,0.581294033,0.809289865,-6.302802241
IAH1,-0.138340788,7.258453505,-0.510063209,0.615076561,0.826024877,-6.302918205
CFB,-0.215374312,9.907727216,-0.558775947,0.581704592,0.809410002,-6.303145715
PSMC2,-0.07476577,9.665726033,-0.558402526,0.581955323,0.809410002,-6.303355237
ARL1,-0.126669261,7.863176612,-0.557966332,0.58224827,0.809410002,-6.303599809
REEP5,-0.092962694,7.700066753,-0.557636145,0.582470072,0.809410002,-6.303784819
AP3B1,-0.077786167,7.190308086,-0.554803725,0.584374469,0.810918518,-6.305367504
C1S,-0.068338551,6.91201986,-0.303035859,0.765147983,0.903025239,-6.305682291
SAP18,-0.146593849,7.295371202,-0.276002197,0.78551927,0.910209731,-6.306019058
NIFK,-0.086323646,6.587167211,-0.299558684,0.767758757,0.90500884,-6.306746928
ZKSCAN1,0.073546487,5.765293324,0.298843363,0.768296197,0.90507851,-6.306964435
ZC3H15,-0.033364954,6.225185879,-0.153471083,0.879730149,0.953547672,-6.30699398
CNDP2,-0.092381455,10.2102283,-0.551716866,0.58645345,0.812995555,-6.307083431
PSMB2,0.090540134,8.230994779,0.551362746,0.586692181,0.812995555,-6.307279684
MARS1,0.077101745,6.729383767,0.501127721,0.621248771,0.82995482,-6.307467559
GLB1,0.077936001,8.308777288,0.500337351,0.621796105,0.82995482,-6.307866182
C1QC,-0.154260546,10.07216334,-0.549715733,0.587803152,0.814155322,-6.308190846
DDX21,0.049618931,6.555576043,0.139385302,0.890689683,0.957741241,-6.309098999
GRHPR,0.082455993,6.710781659,0.373650729,0.712587184,0.876246016,-6.309233376
TOMM70,-0.08828514,7.17446392,-0.547708074,0.589158793,0.815370373,-6.309297935
FYTTD1,-0.069684251,8.388710982,-0.263943784,0.794658358,0.913834372,-6.30932886
NUP155,-0.078356658,5.336047458,-0.371698859,0.714017467,0.876246016,-6.30997033
IWS1,0.065179625,6.639816234,0.371652565,0.714051403,0.876246016,-6.309987763
PRNP,0.124084709,8.765371669,0.545150135,0.590888227,0.815370373,-6.310702752
PRPF8,0.065369119,5.903193887,0.440967635,0.663733548,0.847245681,-6.311013974
SNX12,-0.112064226,7.178597334,-0.544557597,0.591289199,0.815370373,-6.311027259
A0A9L0SEY9,-0.144937539,7.516890829,-0.544453513,0.591359648,0.815370373,-6.311084226
DCTN5,0.209902027,5.963632319,0.492940222,0.626929452,0.832070448,-6.311567117
F7BYD1,-0.09134995,9.007302143,-0.543504586,0.592002105,0.815787687,-6.3116031
EMP3,0.026330397,7.136674656,0.117125067,0.908054817,0.965925837,-6.312013586
DLG1,0.062407222,8.623080026,0.54198697,0.593030295,0.81657447,-6.312431101
AGL,-0.118046125,6.88535324,-0.541416482,0.593417027,0.81657447,-6.312741771
HIBCH,-0.019607147,6.055058077,-0.107214103,0.915802242,0.966921728,-6.313148759
WDR44,0.046744916,5.702358697,0.1027389,0.919303414,0.967297141,-6.313628509
FTL,-0.096081513,9.035101404,-0.539664071,0.594605753,0.817479728,-6.313694089
PSMB3,0.106061348,8.44779975,0.539234791,0.594897127,0.817502018,-6.313926916
ARGLU1,0.152529641,9.016941926,0.487527006,0.630698333,0.83387657,-6.314241309
DIS3,0.093493111,7.438653493,0.486762267,0.631231604,0.83387657,-6.31461677
PPP2R5A,0.041097941,6.888561211,0.271530475,0.788904748,0.912789539,-6.31488386
CPNE8,0.101392245,9.2034496,0.536554774,0.596717757,0.818773795,-6.315376379
defb3,0.135956841,8.007542013,0.535810917,0.597223564,0.818773795,-6.315777439
SNX9,-0.087696591,7.677182071,-0.535439596,0.597476132,0.818773795,-6.315977438
DHRS7,0.024973457,6.189904432,0.073650717,0.942098655,0.975932742,-6.316248773
C1QBP,0.107890893,6.558536759,0.353917059,0.727096788,0.883417536,-6.31650872
PSPH,-0.12083009,7.456686076,-0.534313518,0.598242394,0.818886949,-6.316583136
MME,-0.023625804,6.350969094,-0.055428551,0.956406198,0.982817412,-6.317450221
RAB12,-0.136161431,7.331728424,-0.532692258,0.599346447,0.819070052,-6.317453
LRRC59,0.076848799,9.313721346,0.531747228,0.599990451,0.819468233,-6.317958853
EIF5B,0.098771521,6.79548885,0.47977563,0.636113041,0.834389335,-6.318020277
MYH7,-0.04897922,5.701376467,-0.042197516,0.966804688,0.986731958,-6.318110083
ACSL1,-0.068375179,5.815912789,-0.349130756,0.730632202,0.884806023,-6.318214619
ERH,-0.106271125,8.652261149,-0.531050766,0.600465279,0.819468233,-6.318331093
ARF6,-0.075781217,9.421939426,-0.530536679,0.600815885,0.819570245,-6.318605553
NAA11,-0.002041391,4.857934866,-0.010163208,0.9920026,0.996850464,-6.318967025
SF1,-0.161158778,7.30901859,-0.527462059,0.602914822,0.820309643,-6.320241615
RASA3,-0.091594346,6.667802169,-0.47455639,0.639770704,0.837679378,-6.320531374
PIR,-0.052599731,6.609915862,-0.248597735,0.806333165,0.919975358,-6.320951986
GBA1,-0.112855381,7.183909268,-0.525277933,0.604407985,0.820309643,-6.321398194
EIF3J,0.087367925,7.515158892,0.52523805,0.604435267,0.820309643,-6.32141927
SRSF9,0.103541936,7.943437267,0.524534451,0.604916665,0.820309643,-6.321790827
PMM2,-0.090492901,8.622057338,-0.524489685,0.604947299,0.820309643,-6.321814451
LOC100065392,-0.138223432,7.551176752,-0.470624614,0.642532311,0.837784004,-6.322405279
TANGO2,0.075162217,6.705946404,0.399812664,0.693323731,0.867311497,-6.322486719
FABP4,-0.167717387,8.818833681,-0.522570464,0.60626138,0.821296313,-6.322825401
TKFC,0.097987648,7.570803671,0.521492269,0.607000211,0.821296313,-6.323391753
ECM1,-0.145097672,8.801034148,-0.521409247,0.60705712,0.821296313,-6.323435316
DHDH,0.098618907,9.634836299,0.520087484,0.60796348,0.822148156,-6.324127943
PRAF2,0.069481169,8.082997766,0.331477593,0.743724537,0.893091754,-6.324308001
VPS29,-0.118082003,7.751914756,-0.518755751,0.608877327,0.822919655,-6.32482406
APOA4,-0.203414362,8.605671217,-0.518448938,0.609087957,0.822919655,-6.324984189
ELOC,-0.084737412,7.060872556,-0.517575528,0.609687752,0.823355596,-6.325439524
NIPSNAP3A,0.066538362,5.973200412,0.19338482,0.848705264,0.937203054,-6.325749739
MYH14,0.063876559,6.877306274,0.406306239,0.688619873,0.863973666,-6.325857196
PON1,-0.111658716,7.1717954,-0.281633626,0.781111603,0.910209731,-6.326172455
PPFIBP1,-0.103501351,6.5494769,-0.390127599,0.700363032,0.871933928,-6.326356703
HK1,-0.089921582,8.479560134,-0.514816357,0.611584385,0.824792195,-6.326873037
RFTN2,-0.090459421,6.840191067,-0.513384241,0.612569906,0.82557998,-6.327614135
ARFRP1,0.090754591,7.414075797,0.27603974,0.785343619,0.910209731,-6.327756352
NHP2,-0.101351754,8.161699635,-0.512704066,0.613038237,0.825610344,-6.327965409
LOC100071548,0.127613209,7.145468336,0.512015346,0.613512622,0.825610344,-6.328320632
DTD1,0.156532302,6.045017345,0.316241365,0.755089018,0.901122523,-6.329315781
H1-5,0.192561107,11.43612343,0.509044136,0.615561146,0.826024877,-6.329847754
LOC111772162,-0.115400928,8.08926998,-0.508760098,0.615757146,0.826024877,-6.329993288
APOA2,0.259165459,8.261209058,0.505598082,0.617941062,0.82801126,-6.331608055
TAOK1,-0.057667211,5.281352051,-0.30621923,0.762595804,0.903025239,-6.332482662
HDGFL3,0.129123464,8.581481468,0.502715841,0.619934886,0.829651598,-6.333071374
EPN1,0.222099203,6.546484851,0.447480889,0.658894221,0.844583391,-6.333125886
LOC111767785,-0.059429049,6.87905803,-0.194549018,0.847806433,0.937065816,-6.333148654
ADPRS,-0.077154359,7.59137773,-0.501903321,0.620497496,0.82995482,-6.333482414
NT5DC1,0.064180275,6.656147333,0.145429729,0.885899843,0.956051011,-6.334028804
PTTG1IP,0.079081227,7.185045312,0.299113966,0.767932442,0.90500884,-6.334666655
DMGDH,-0.037251242,6.071397046,-0.140459669,0.88977184,0.957515743,-6.334753159
MTAP,-0.096032362,8.361436414,-0.499297641,0.622303334,0.82995482,-6.334796196
FARP1,-0.087748915,7.929928222,-0.498861967,0.62260551,0.82995482,-6.33501521
LARS1,0.095890363,7.463183758,0.498358225,0.622954981,0.82995482,-6.335268209
FCSK,-0.0210121,6.683639291,-0.134573031,0.894361582,0.959605727,-6.335578587
SMC1A,0.068631721,7.837047811,0.495018071,0.625274504,0.83202124,-6.336939438
RNPS1,-0.097116947,8.691068724,-0.438029542,0.665627189,0.847291508,-6.337351379
NUDT21,0.074539581,8.012757223,0.493893408,0.626056403,0.832070448,-6.337499683
TWF2,-0.09010971,6.609853187,-0.376059447,0.710637262,0.876059463,-6.337833005
FGB,-0.177849251,12.30483786,-0.491309751,0.627854335,0.832070448,-6.338781994
BHMT2,0.194789024,11.18281845,0.49115804,0.627959982,0.832070448,-6.338857087
STRN,-0.119766834,6.728305413,-0.434489535,0.668156505,0.848693021,-6.338911232
EIF3I,-0.107391196,8.054005959,-0.490369446,0.628509266,0.832130584,-6.339247049
SLC4A1,-0.06869734,7.107589344,-0.095288165,0.925081486,0.968284747,-6.340183732
UBE2M,-0.064983237,8.596047708,-0.487541528,0.630480816,0.83387657,-6.340640422
NSUN2,0.076940587,6.862528557,0.487282637,0.630661449,0.83387657,-6.340767589
CCDC22,0.058346846,6.263368497,0.350960798,0.729106948,0.883793041,-6.341052275
ITGA10,-0.028495628,6.648527101,-0.148603562,0.883428755,0.954771492,-6.34118583
ABCF3,-0.014588771,6.599443672,-0.08428836,0.933706939,0.971643893,-6.341191397
A0A3Q2HRV7,-0.082497062,11.41069499,-0.485707104,0.631761231,0.83387657,-6.341540062
EPRS1,-0.076717387,8.100520135,-0.485511638,0.631897735,0.83387657,-6.341635726
USP8,-0.015004573,6.007477081,-0.074069774,0.941727368,0.975888389,-6.342016969
LOC100054696,-0.066243291,7.352555631,-0.483795101,0.63309705,0.83387657,-6.342474212
PSIP1,0.091580651,8.100157807,0.483773427,0.6331122,0.83387657,-6.342484781
PSMD2,-0.098030633,6.45798872,-0.483771903,0.633113265,0.83387657,-6.342485524
RAB6A,0.068483946,8.243844428,0.483653435,0.633196076,0.83387657,-6.342543283
HCFC1,-0.062150841,7.074554177,-0.425086917,0.674894147,0.85578767,-6.342993955
FGFR3,-0.076480939,7.242105518,-0.213561634,0.833046273,0.930937211,-6.343300919
CUTA,-0.135778032,7.336111002,-0.424262994,0.675485887,0.856172598,-6.343347527
MATN3,-0.379905402,9.861365457,-0.481799445,0.634492676,0.834382986,-6.343445384
FAP,0.009507916,6.325171431,0.05167184,0.959328335,0.984178309,-6.34345399
LOC100051754,0.177257905,12.01091095,0.481497455,0.634703988,0.834382986,-6.343592003
PID1,-0.014260356,5.5833796,-0.046022339,0.963771635,0.986031684,-6.34373563
SIRT5,-0.094984063,6.117641293,-0.267461419,0.791846733,0.912912939,-6.343778147
SELENOO,-0.006923945,5.824746475,-0.041575138,0.967270195,0.98674716,-6.343934424
LOC100058329,-0.109840583,10.73193289,-0.479635345,0.636007666,0.834389335,-6.344494083
EIF3E,0.081470075,6.881194469,0.479585624,0.636042493,0.834389335,-6.344518123
GLYR1,0.09830502,7.848829284,0.479496435,0.636104967,0.834389335,-6.34456124
SCPEP1,-0.136844329,8.427787367,-0.478857566,0.636552552,0.834597367,-6.344869857
RBM14,-0.076788588,7.048835839,-0.477548821,0.637469888,0.835431424,-6.345500811
LCP1,-0.160244396,7.531110588,-0.417311387,0.680487023,0.858733217,-6.346303823
CS,-0.130811137,6.964296372,-0.415284388,0.681948137,0.859960915,-6.347156793
FAM120A,0.064366308,7.206586251,0.473899353,0.640031029,0.837679378,-6.347251301
ITSN2,0.023670188,5.981122504,0.097527584,0.923326584,0.967948844,-6.347599244
WARS1,0.088457528,8.511916361,0.47296398,0.640688198,0.837784004,-6.34769784
SRSF10,0.022062711,7.151859418,0.096287704,0.924298156,0.967955524,-6.347721882
INPP1,-0.041600705,6.822380049,-0.191860405,0.849781929,0.937203054,-6.34777638
THBS4,0.180831966,16.21052297,0.47138762,0.641796389,0.837784004,-6.348448423
CAPN1,0.059006441,8.114539341,0.470175842,0.642648854,0.837784004,-6.34902374
COLGALT2,0.063415413,7.896576508,0.344946107,0.733558737,0.885382777,-6.349198441
NOP58,-0.071023418,8.086380697,-0.469203909,0.643332955,0.837940469,-6.349484136
UFD1,-0.06306637,8.376641423,-0.408721637,0.686687469,0.863255745,-6.349890382
PPIG,-0.076012413,6.738124151,-0.342172029,0.735615232,0.886258254,-6.35016473
CSDE1,-0.052248303,7.129891348,-0.322815469,0.750020573,0.896343975,-6.350664544
GMFG,-0.019790411,4.955243081,-0.055034921,0.95668393,0.982817412,-6.350908203
AZGP1,-0.169747177,8.000856565,-0.404677662,0.689614438,0.864856267,-6.351553474
NMRAL1,0.105837092,8.460810501,0.464707908,0.646501684,0.84133005,-6.351601695
APMAP,0.087858887,7.400746938,0.46430173,0.646788292,0.841334508,-6.351792014
DCHS1,-0.002233178,5.714651197,-0.008970314,0.992936127,0.996850464,-6.352413503
CYP2U1,-0.076961592,8.868875866,-0.46271439,0.647908887,0.842423328,-6.352534215
PPID,0.097863378,7.242941332,0.315843501,0.755232497,0.901122523,-6.35292281
ARHGEF1,-0.072668388,8.729008945,-0.400853654,0.692386777,0.867234871,-6.353111121
CST3,0.107398416,8.916292492,0.459304547,0.65031897,0.844478467,-6.354120142
WDR13,0.086015956,7.22271299,0.398147628,0.694351266,0.868231318,-6.354204574
COMP,0.088296004,17.76039199,0.458436648,0.650933027,0.844478467,-6.354521966
HBS1L,0.092996985,6.742551551,0.458139675,0.651143199,0.844478467,-6.354659288
FBXO6,0.041588322,5.653669542,0.222374329,0.826272755,0.92909937,-6.355010484
ATP5F1C,0.105877233,8.550034197,0.456042283,0.652628399,0.844483299,-6.355626652
ARHGDIB,-0.08186063,5.785183672,-0.21813132,0.829532269,0.930366316,-6.355961655
PPP5C,0.079109332,7.073209295,0.455312495,0.65314552,0.844483299,-6.355962225
ANGPTL7,0.133816067,7.500128032,0.305435963,0.763034913,0.903025239,-6.356203015
ABCE1,-0.082802563,6.73277942,-0.454663912,0.653605248,0.844483299,-6.356260014
MTURN,0.199787294,6.938700313,0.324073919,0.749081107,0.896031839,-6.356279387
DEGS1,-0.061565885,6.166800663,-0.216510481,0.830778249,0.930906795,-6.356320192
NUMA1,-0.073781203,7.68836816,-0.454292039,0.653868902,0.844483299,-6.356430568
UBE2D3,0.075354412,9.22500403,0.323569262,0.749457799,0.896031839,-6.356445181
LOC100049798,-0.140777582,7.927567225,-0.454183759,0.65394568,0.844483299,-6.356480203
RERG,0.109589577,7.036863639,0.454144158,0.653973761,0.844483299,-6.356498353
TST,0.100660299,7.886489758,0.453929518,0.65412597,0.844483299,-6.3565967
STX12,0.076740136,6.578641263,0.392092173,0.698755279,0.871933928,-6.356625022
GMPPB,-0.076049138,9.541904102,-0.453105701,0.654710312,0.844483299,-6.356973747
ACYP2,-0.083578475,7.093426986,-0.452847062,0.654893814,0.844483299,-6.357091982
AP2M1,0.053174078,7.785097405,0.389415495,0.700705446,0.871933928,-6.357683273
CUL3,0.075275774,6.400461375,0.4512293,0.656042104,0.844583391,-6.357830031
PSMB5,-0.068795234,8.392659741,-0.450206731,0.656768372,0.844583391,-6.358295206
RPL12,-0.073835458,10.41305048,-0.449912866,0.65697715,0.844583391,-6.358428695
PTPA,-0.101448726,8.66373203,-0.44960727,0.657194293,0.844583391,-6.358567423
NAE1,0.063816354,7.111499643,0.386898162,0.702541445,0.872596419,-6.358672003
AIMP2,-0.076099787,7.817695417,-0.448925668,0.657678721,0.844583391,-6.358876508
STARD10,0.102973937,7.486312426,0.448923569,0.657680213,0.844583391,-6.358877459
GCSH,0.040614777,6.88037528,0.204088517,0.840342289,0.93387405,-6.358979609
PFDN4,-0.064948984,8.381425208,-0.385901211,0.703269079,0.873135158,-6.359061826
EPHX2,-0.0746114,7.876360222,-0.448132146,0.658242885,0.844583391,-6.359235765
DPT,-0.161012939,7.206131851,-0.447394404,0.658767578,0.844583391,-6.359569208
LOXL4,0.120883623,8.118798673,0.447136149,0.658951296,0.844583391,-6.359685807
MEF2D,-0.104705021,6.163079874,-0.38226836,0.705923002,0.874602685,-6.360473933
GBE1,-0.121668237,10.6772824,-0.445220467,0.660314756,0.845386253,-6.360548642
PGD,0.08770749,9.312704544,0.444657203,0.66071588,0.845386253,-6.360801647
MAP3K20,-0.059917162,7.634351242,-0.309228252,0.760188835,0.903025239,-6.361049638
ECHDC1,0.073360171,7.605801237,0.443778452,0.661341884,0.845432102,-6.361195734
FABP5,-0.119886501,6.926452618,-0.443571591,0.661489284,0.845432102,-6.361288392
HSP90AA1,-0.056963274,9.880513755,-0.443408651,0.661605398,0.845432102,-6.361361347
LAMA5,0.029721394,6.539008765,0.09970335,0.921570326,0.967297141,-6.361456981
CRYL1,-0.076490521,11.2576736,-0.442651926,0.662144767,0.845757568,-6.361699817
PRKAG1,-0.019990243,7.354399096,-0.094789626,0.92542316,0.968284747,-6.361943913
MAP2K1,-0.024014246,7.101475528,-0.094161029,0.925916179,0.968284747,-6.362004431
DEFB4B,-0.26213914,11.67787623,-0.377592712,0.709344356,0.875476983,-6.362271986
GMPR,-0.144958111,5.971296014,-0.439711112,0.664242656,0.847245681,-6.363009801
PSMA5,0.087584325,8.803386122,0.439424432,0.664447316,0.847245681,-6.363137043
LOC100067491,-0.099597762,8.094808209,-0.374908283,0.7113115,0.876246016,-6.363294434
DDX19A,-0.051820772,7.841070644,-0.374658489,0.711494653,0.876246016,-6.36338921
LXN,-0.071636221,9.480837963,-0.438119189,0.66537946,0.847291508,-6.363715341
TUBA4A,0.062783955,10.1122992,0.438034293,0.665440108,0.847291508,-6.363752896
FBL,0.076672453,9.534193113,0.437049431,0.666143843,0.84758602,-6.364188045
VASP,0.099903479,7.394836345,0.372495308,0.713081479,0.876246016,-6.364207346
POP1,-0.019075782,5.216820329,-0.065214038,0.948649642,0.980257002,-6.36435537
PSMG1,0.053824501,7.098267147,0.276991549,0.784489203,0.910209731,-6.364612083
LSM3,-0.115559689,9.2939216,-0.370978079,0.714195252,0.876246016,-6.364778386
LARP1,-0.016886733,6.628712596,-0.058120656,0.954228059,0.981992228,-6.36480125
OLFML1,0.183509428,9.095982189,0.435050632,0.667573051,0.848677593,-6.365068227
PHKB,0.066518546,6.578798085,0.2953759,0.770601466,0.905639618,-6.365300848
USP39,-0.063413278,5.663631917,-0.369108765,0.715568382,0.876681922,-6.365478777
ATP2B3,-0.01368801,6.943755543,-0.039167347,0.969144467,0.98674716,-6.365741088
MCTS1,-0.105830903,8.918766026,-0.368382233,0.716102331,0.876974454,-6.365750049
VPS35,-0.072491825,8.562035702,-0.429777484,0.671349693,0.852020478,-6.367371244
TARDBP,0.051921436,7.34057798,0.361913729,0.720862742,0.880604186,-6.368141989
SEC61G,-0.090643492,8.549710306,-0.263558341,0.794683844,0.913834372,-6.368299957
P02801,-0.144198463,8.833183901,-0.36143173,0.721217929,0.880604186,-6.368318548
IL1RAP,0.057815026,7.641654677,0.146937758,0.884649066,0.955395265,-6.369197724
ZFPL1,-0.096943425,7.391355111,-0.281462343,0.781104937,0.910209731,-6.36937637
TJP1,0.063361393,5.652997208,0.280704785,0.781678076,0.910209731,-6.369592673
ECPAS,-0.032459906,5.784098323,-0.142604545,0.888026287,0.956955422,-6.369837118
NELFA,-0.093170252,5.797625306,-0.356284212,0.725015153,0.882433437,-6.370189616
FBXL8,0.023906859,7.009476293,0.139871261,0.890157685,0.957515743,-6.370230609
PHKA1,0.06712769,6.727456595,0.355820843,0.725357329,0.88248838,-6.370356745
SOD3,0.127708809,13.11214371,0.421458441,0.677325813,0.857550469,-6.370948354
RPL29,-0.071868612,9.647271802,-0.275708516,0.785461235,0.910209731,-6.371004746
SDR39U1,0.10795135,6.529855801,0.352768604,0.727612719,0.883423534,-6.371452258
CDO1,-0.099554676,6.602164234,-0.273825066,0.786888795,0.911441173,-6.371530525
TMED2,-0.109409573,7.650623226,-0.350958782,0.728951244,0.883793041,-6.372097436
MTA1,-0.114650884,6.840416411,-0.417677611,0.680049038,0.858733217,-6.372551329
EIF5A2,-0.122095051,6.974892915,-0.417561581,0.680132682,0.858733217,-6.372600298
MRPS16,-0.070367542,5.871766022,-0.26660972,0.792364734,0.913155789,-6.373511627
SERPINA3,0.127984962,7.554294061,0.344552241,0.733696532,0.885382777,-6.374354917
SGK3,-0.047506167,6.564102532,-0.234710884,0.816701844,0.925921988,-6.375603955
MYH10,-0.076235532,7.149278464,-0.409663065,0.685836387,0.863255745,-6.375902251
CAMK1D,-0.018210901,6.075395004,-0.090636018,0.928681463,0.969160937,-6.376016423
HAPLN1,0.095242541,17.63230961,0.408844899,0.686428304,0.863255745,-6.376240733
B3GAT3,0.072269434,6.544755926,0.255795295,0.800592649,0.918283785,-6.376382526
EIF3F,-0.06871324,9.289349005,-0.407410499,0.687466541,0.863255745,-6.376832547
GRAMD1B,-0.093693488,9.468603679,-0.251648686,0.803753868,0.918796745,-6.377452
UBA1,-0.07595711,10.44323927,-0.405881938,0.688573624,0.863973666,-6.377460954
AKAP13,0.026799653,5.047243562,0.06349923,0.949997974,0.980257002,-6.378149649
UBA2,-0.064353566,7.655628804,-0.403333636,0.690420852,0.865502259,-6.378503412
CD5L,-0.019682381,7.356186491,-0.050368286,0.960327472,0.984178309,-6.378912318
MGST3,0.075827848,6.953038685,0.329894945,0.744593832,0.893091754,-6.379364971
EMD,-0.088650278,6.941313272,-0.401033783,0.692089673,0.867228351,-6.379438679
SART1,0.009565745,7.144647855,0.034603034,0.972738568,0.98871238,-6.37959567
IFIT5,-0.007662408,5.774197081,-0.027065573,0.978675099,0.992031293,-6.379832797
AHSA1,-0.003655743,10.15053388,-0.017614812,0.986120306,0.995492642,-6.380048216
UCHL5,-0.070443644,10.93164337,-0.399357318,0.693307157,0.867311497,-6.380117114
DCTN3,-0.069376894,7.734468733,-0.39712376,0.694930525,0.868590068,-6.381016641
VPS26C,0.045998927,5.959406022,0.236710815,0.815170135,0.925437704,-6.381160658
EFEMP1,0.151506118,7.689006855,0.395513694,0.696101661,0.869687988,-6.381661981
FKBP4,-0.052230202,7.730371308,-0.393604853,0.697491122,0.871057639,-6.382423726
BZW2,-0.054312093,6.123573628,-0.229075977,0.821021533,0.927585945,-6.382969039
NOP2,-0.085061773,6.55184454,-0.318928416,0.752783202,0.899283833,-6.382972478
RPS21,0.070136462,9.348640891,0.318272498,0.753273971,0.899508427,-6.383184418
PAPSS1,-0.077819702,9.416290884,-0.391206073,0.699238748,0.871933928,-6.383375832
EIF3C,-0.074423984,8.982799468,-0.390818187,0.699521502,0.871933928,-6.38352925
EMILIN1,0.097563021,11.08189983,0.39002414,0.700100469,0.871933928,-6.383842845
CGNL1,-0.055422686,6.79564836,-0.31525167,0.755535579,0.901122523,-6.384154928
MYBBP1A,0.079605525,6.7348593,0.388817611,0.700980547,0.871933928,-6.384318138
NFIX,0.086371326,8.176611707,0.388703426,0.701063858,0.871933928,-6.384363044
TCAF2,0.037989119,7.164376964,0.222978652,0.825702272,0.92909937,-6.384370884
AMDHD2,0.069468767,7.205917611,0.387503624,0.701939494,0.872349433,-6.38483411
SNRPA,0.088480534,7.986007385,0.387353658,0.702048972,0.872349433,-6.384892888
CBFB,-0.059477673,7.614200911,-0.312448984,0.757635876,0.902340359,-6.385047154
RPS6KA3,-0.08286395,6.109096206,-0.31049767,0.759099297,0.903025239,-6.385663685
COMMD5,-0.038176619,6.836058749,-0.216635234,0.830578991,0.930906795,-6.385789363
SCFD1,-0.055231006,7.753804525,-0.384757761,0.703945058,0.873590963,-6.385906781
DDX39A,-0.038039048,6.410119256,-0.184247125,0.855583544,0.940761921,-6.386356582
API5,-0.038595205,7.71180642,-0.307922691,0.761031859,0.903025239,-6.38647141
GAPDHS,0.067971272,8.19944747,0.307405951,0.761419873,0.903025239,-6.386632699
DRG1,-0.063471264,6.870049409,-0.307076548,0.761667251,0.903025239,-6.386735374
HSPA1A,-0.051959496,13.73097341,-0.382283051,0.705754457,0.874602685,-6.386867076
AK4,0.064256874,8.899108127,0.380668202,0.706936121,0.874939771,-6.38749041
QDPR,0.072211922,8.674814159,0.380343025,0.70717416,0.874939771,-6.387615614
ARPC2,0.053933577,8.237006171,0.379732787,0.707620955,0.874939771,-6.38785029
MDC1,-0.070374966,5.701902287,-0.3792389,0.70798264,0.874939771,-6.38803995
PLG,-0.137474814,9.936512857,-0.379192185,0.708016854,0.874939771,-6.388057876
APOB,-0.06242386,6.913991031,-0.174781799,0.862921785,0.947078176,-6.388085957
FKBP3,0.070024007,8.85423232,0.378864963,0.708256529,0.874939771,-6.388183385
PSMD4,-0.04872771,8.553047507,-0.377516916,0.709244238,0.875476983,-6.388699309
PITPNB,0.045164071,7.394075995,0.30051141,0.766603004,0.904159399,-6.388758978
ST13,-0.083796588,11.4995236,-0.377065071,0.709575421,0.875476983,-6.388871833
C1R,0.056516084,6.435721029,0.168472243,0.867820532,0.949647727,-6.38918825
HAGH,-0.07613294,7.352946106,-0.373941774,0.711866253,0.876246016,-6.390058792
TRAPPC3,0.038646462,7.502503855,0.19479271,0.847423583,0.936991241,-6.390361818
TNPO2,-0.041896417,6.423845311,-0.160438082,0.874066129,0.951227278,-6.390533342
RO60,-0.072405032,6.649304707,-0.372218114,0.713131689,0.876246016,-6.390709667
SUB1,0.072989013,9.794092632,0.371702691,0.713510254,0.876246016,-6.390903719
EIF2S1,-0.074051778,8.544420111,-0.370589955,0.714327786,0.876246016,-6.39132175
COLEC12,0.066486906,8.209903507,0.369446819,0.715168018,0.876681922,-6.391749913
KNG1,-0.163990955,9.264388877,-0.368994555,0.715500544,0.876681922,-6.391918948
TGFB1,0.064385668,7.046957387,0.287020196,0.776777502,0.908585023,-6.392781278
RARS1,-0.062824687,8.02903681,-0.36419448,0.719033326,0.879114408,-6.393700381
PSMD7,-0.063452221,8.496374968,-0.361894534,0.720728328,0.880604186,-6.394545782
MYO9B,-0.051001114,4.824540652,-0.172256209,0.864881989,0.947828989,-6.394572435
CTSA,0.024241934,7.199643519,0.12692569,0.900204204,0.962543202,-6.395436785
MARCO,-0.094435146,7.70271903,-0.277722881,0.783813176,0.910209731,-6.395446499
LNPEP,0.033577333,7.721895916,0.164076864,0.871236344,0.949647727,-6.395973118
PSMC3,-0.085880551,9.045463762,-0.35716871,0.724215728,0.882081414,-6.396266258
LOC111770931,-0.064866476,8.237662642,-0.354819977,0.725951243,0.882849424,-6.397113016
TRADD,-0.020969116,5.754523029,-0.11075732,0.912858339,0.966921728,-6.397394145
C11orf98,0.061219388,7.736557326,0.270292669,0.789449585,0.912789539,-6.397513843
ERI3,0.018250853,6.659331356,0.109243528,0.914044373,0.966921728,-6.39756379
LSM14A,0.035672387,6.096823775,0.153512973,0.879456349,0.953547672,-6.397681587
PAIP1,-0.016964921,6.748755373,-0.106870314,0.915904163,0.966921728,-6.397825053
ADAL,-0.087853771,6.773096445,-0.267790115,0.791350645,0.912912939,-6.398197607
UTRN,0.051039262,7.532123161,0.350948665,0.728815088,0.883793041,-6.398496632
LANCL2,0.046523717,7.340947613,0.264802987,0.793621548,0.913834372,-6.399005497
EIF4A1,0.060814286,8.473158551,0.348176253,0.730868496,0.884806023,-6.399478272
GOLIM4,0.093095445,6.207971459,0.348071421,0.730946181,0.884806023,-6.399515239
AFDN,-0.013371026,5.602751001,-0.089407831,0.92960328,0.969738161,-6.399571194
REM1,0.089641279,7.582561711,0.347416323,0.731431704,0.884806023,-6.399745999
PSMA7,-0.045669404,8.802220076,-0.34642469,0.732166866,0.885050172,-6.400094485
ECHDC2,-0.062920928,7.515187272,-0.258831633,0.798166742,0.916642207,-6.4005935
SAR1A,0.05486673,8.591722947,0.344651725,0.733481934,0.885382777,-6.400715097
LOC100066977,-0.065268963,6.392780036,-0.342086371,0.735386219,0.886258254,-6.401607499
INPPL1,0.038972243,5.851130823,0.254630899,0.801368598,0.918283785,-6.401689063
OCIAD1,0.101453679,5.773673887,0.253731681,0.802054461,0.918283785,-6.401921267
AGO3,0.040119918,6.351501489,0.253712876,0.802068806,0.918283785,-6.401926114
ACO1,-0.046219532,9.209539039,-0.340808324,0.736335573,0.886766513,-6.402049627
EMC2,-0.019154651,6.869017164,-0.119957409,0.905654782,0.964463307,-6.402355966
C4BPA,0.155895447,8.580318497,0.339216941,0.737518279,0.887119572,-6.402597861
SEC61A1,0.029480299,7.200646268,0.112869864,0.911203539,0.966921728,-6.403196767
SRSF11,0.006143111,5.365072946,0.027696246,0.978165396,0.991853035,-6.403253779
DLST,0.054431614,6.572180229,0.248147705,0.806317168,0.919975358,-6.403344924
SDF4,-0.005104479,5.973835105,-0.022441517,0.982307199,0.994355942,-6.403388058
ALDH1L2,-0.0096133,7.632948859,-0.021282771,0.983220601,0.994434776,-6.403413881
SNRPE,0.059383289,9.379996165,0.247220512,0.80702557,0.920058699,-6.403578266
SNX4,0.002065983,6.47558225,0.01003563,0.992087394,0.996850464,-6.403593414
SNRPB2,-0.055627912,6.935900602,-0.242805051,0.810401424,0.92284501,-6.404677568
SNRPC,-0.050079156,7.415203332,-0.241009474,0.811775321,0.923701447,-6.405118971
RAB6B,-0.048108393,9.409453827,-0.239385158,0.813018711,0.924762095,-6.405515466
PSMB1,0.046151303,9.040251633,0.330489926,0.744015854,0.893091754,-6.405559166
ARRB1,-0.01454013,6.040316362,-0.086582353,0.931822055,0.970112405,-6.405868697
ATP8B2,-0.047599564,7.1638665,-0.236141162,0.815503448,0.925462469,-6.406299342
C3,-0.113644794,11.36112779,-0.326654778,0.746877451,0.895469292,-6.406836358
RAB11A,-0.03929283,9.364092138,-0.325550883,0.747701814,0.896031839,-6.407201243
GNA12,-0.028219365,7.228848065,-0.232265211,0.818474832,0.926465214,-6.407221971
UROD,-0.059444576,8.085488585,-0.324730031,0.748315007,0.896031839,-6.407471777
MSI2,-0.051262973,7.027742255,-0.231158058,0.819324112,0.926465214,-6.407482728
SLC25A3,-0.081459912,7.905338033,-0.323741449,0.749053723,0.896031839,-6.407796693
RAN,-0.046128457,12.03317525,-0.323428427,0.74928768,0.896031839,-6.407899369
OGDH,-0.009596085,6.634333679,-0.05713593,0.954975966,0.982331535,-6.408025853
GORASP1,0.014953086,5.282931397,0.050416959,0.960265613,0.984178309,-6.408394248
FAHD1,0.008695321,7.049409054,0.045934781,0.963795358,0.986031684,-6.408614414
AFM,-0.072488579,8.346920276,-0.225997961,0.82328532,0.928476636,-6.408681678
SHOC2,0.036298094,6.068878446,0.225754664,0.82347221,0.928476636,-6.408737543
ARFGAP3,0.030440764,6.47648409,0.224702881,0.824280264,0.928739449,-6.408978361
DNAJC11,0.007473448,5.498292225,0.032367211,0.974484245,0.989809468,-6.409156031
WASHC1,0.001777983,6.361547073,0.007615663,0.993995375,0.997106633,-6.409660595
HNRNPLL,-0.001091247,6.143191465,-0.005355683,0.995777251,0.998132726,-6.409675541
RCC2,-0.035378153,6.583250535,-0.218830307,0.828795629,0.929891219,-6.410302383
ABHD14B,0.066343538,10.40979108,0.218830248,0.828795674,0.929891219,-6.410302396
ALOX12,0.08035088,8.48601091,0.313992604,0.75635158,0.901733766,-6.410948258
DNAJB2,0.041525925,5.801708841,0.215482738,0.831372262,0.930906795,-6.411041501
SDK2,-0.051973978,6.996039721,-0.21506579,0.831693325,0.930906795,-6.411132765
SYPL1,0.059996667,7.8800697,0.211941881,0.83409978,0.930937211,-6.411810949
PGAM5,0.033949272,6.282399909,0.210702796,0.835054752,0.930937211,-6.41207721
BOC,-0.052350769,7.196731844,-0.210045101,0.835561748,0.931004022,-6.412217908
RECQL,0.045822528,6.955094515,0.20981206,0.835741409,0.931004022,-6.412267656
ADH5,-0.072552999,11.98492321,-0.309801227,0.759496373,0.903025239,-6.412273868
NEK7,-0.05243231,6.712202239,-0.208050443,0.837099812,0.931469491,-6.412641936
ILK,-0.057380668,8.636078975,-0.305894421,0.762431476,0.903025239,-6.413493573
HADHB,0.057104494,10.24584984,0.305440759,0.76277254,0.903025239,-6.413634211
COPS3,-0.042523376,6.430839124,-0.202647402,0.841269381,0.93387405,-6.413770283
PRMT5,0.066584536,8.145475082,0.304401026,0.763554399,0.903025239,-6.413955755
XPO1,0.052050299,14.86453701,0.304049976,0.763818439,0.903025239,-6.414064073
IGHM,-0.127791504,9.765773143,-0.303352966,0.76434278,0.903025239,-6.414278773
PYGB,-0.072489818,12.99688395,-0.303236752,0.764430215,0.903025239,-6.414314523
SRI,-0.06278009,9.865524012,-0.303082956,0.764545931,0.903025239,-6.414361813
U2AF2,-0.072887032,7.967789475,-0.302724358,0.764815762,0.903025239,-6.414471984
ITIH1,0.114170487,9.508179721,0.30246807,0.765008626,0.903025239,-6.414550643
PDAP1,-0.056652181,8.650742166,-0.30224668,0.765175242,0.903025239,-6.414618538
RPS3,0.055466849,11.3764122,0.302031167,0.765337446,0.903025239,-6.414684584
SERPING1,-0.071444432,9.154507278,-0.191874775,0.849596807,0.937203054,-6.415931708
HEBP2,0.095824228,9.381605028,0.296177672,0.769747197,0.905639618,-6.416460557
ACADM,0.069496869,6.681802312,0.295594567,0.770186919,0.905639618,-6.416635585
SRSF1,-0.060756894,10.07118113,-0.295461886,0.770286985,0.905639618,-6.416675363
HRG,0.116278898,10.66880841,0.295356707,0.770366313,0.905639618,-6.416706884
BZW1,-0.038079282,7.182313949,-0.294071548,0.771335805,0.906144198,-6.417091127
HDAC2,-0.039816082,8.496930057,-0.184718553,0.85513869,0.940620899,-6.417302506
S100A16,0.065045599,8.115795155,0.292142672,0.772791617,0.907137058,-6.417664712
IGSF10,0.081112752,6.782468239,0.289422098,0.77484641,0.907452418,-6.418467353
CPXM2,-0.080952154,7.248506723,-0.289360579,0.774892893,0.907452418,-6.418485417
F2,0.109962302,9.876937723,0.28730662,0.776445348,0.908554207,-6.419086324
MAT2B,-0.057392856,8.283915347,-0.285660701,0.777690081,0.908614408,-6.419564787
C8A,0.089816749,7.574331272,0.28325208,0.779512707,0.909993026,-6.420260047
TMEM33,-0.046847903,6.774654372,-0.167374692,0.86860121,0.949647727,-6.420409278
WASF2,-0.058605998,6.946799059,-0.282355959,0.78019114,0.910209731,-6.420517225
ARL2,0.027035204,7.590859066,0.166528045,0.869259467,0.949647727,-6.420553122
VPS4B,-0.046356446,8.754494068,-0.281051889,0.781178741,0.910209731,-6.420890034
LARP7,0.06616704,7.831901098,0.280075021,0.781918792,0.910209731,-6.42116818
EPB41L1,-0.049872525,8.10113393,-0.279707672,0.78219714,0.910209731,-6.421272527
TSNAX,-0.043410836,8.292886565,-0.278522869,0.783095096,0.910209731,-6.421608149
SH3BGRL3,-0.081241148,9.38246404,-0.278259217,0.783294958,0.910209731,-6.421682642
DEFB1,0.044241499,8.962065427,0.15912343,0.875020539,0.951272849,-6.421780146
RAB22A,0.051298809,7.979738983,0.276900071,0.784325505,0.910209731,-6.422065547
ALDH7A1,0.046653355,10.43198759,0.276712719,0.784467593,0.910209731,-6.422118183
OSTF1,-0.071815648,6.705347334,-0.152102488,0.880489653,0.953676544,-6.422892172
SNX18,0.048355226,7.779152854,0.26849059,0.790710736,0.912912939,-6.424393293
PTGES3,0.049249317,9.792087569,0.26820233,0.790929877,0.912912939,-6.424471819
RPLP0,0.047836988,10.60899398,0.267888788,0.791168258,0.912912939,-6.424557137
ECHS1,0.049151024,7.618147353,0.267317614,0.791602567,0.912912939,-6.424712305
AP1B1,-0.025637763,7.77069909,-0.136032703,0.893030083,0.95886967,-6.425248951
TBC1D15,-0.029763485,7.654606346,-0.133701087,0.894852074,0.959785383,-6.425569105
CSE1L,0.034574348,7.372713019,0.263806981,0.794273488,0.913834372,-6.425658792
TBL2,0.059489479,7.304706992,0.262369368,0.795367981,0.913834372,-6.426042792
TMEM43,-0.062731179,9.179729903,-0.262308629,0.795414233,0.913834372,-6.42605897
CD14,0.040253383,7.836461499,0.12955528,0.898093184,0.961872693,-6.426124716
SUPT5H,0.022063182,6.077334014,0.126683785,0.900339131,0.962543202,-6.426499305
NCKAP1,0.046971929,7.342449484,0.257862321,0.798802092,0.917017394,-6.427233147
ERO1A,-0.02230865,6.037270672,-0.119826447,0.905706034,0.964463307,-6.427359935
SEC24C,0.024810705,6.267331734,0.117408887,0.907599252,0.965925837,-6.42765195
RAD23B,-0.043249604,8.461781526,-0.25542531,0.800660689,0.918283785,-6.427868245
MAT2A,0.023425576,7.722428696,0.114532451,0.909852551,0.966794966,-6.427991649
SHMT1,-0.052557371,7.195848032,-0.254893637,0.801066332,0.918283785,-6.428006005
SERPINB9,0.040679834,9.999063397,0.252194516,0.803126523,0.918796745,-6.428700964
LMAN2,-0.057645615,7.937470571,-0.252128118,0.803177222,0.918796745,-6.428717967
PROS1,-0.018768398,12.29964161,-0.107263155,0.915550478,0.966921728,-6.428812624
FOLR2,0.066298538,8.366176248,0.251422256,0.803716244,0.918796745,-6.428898448
EPS15,-0.021074169,6.402607848,-0.101512622,0.920061249,0.967297141,-6.429423989
EPM2AIP1,-0.017137559,7.027163729,-0.101148802,0.920346728,0.967297141,-6.429461537
BPNT1,0.013576209,7.46471726,0.099001032,0.922032237,0.967297141,-6.429680451
FUS,0.054787484,9.496175307,0.24748372,0.806725678,0.920058699,-6.429896254
LOC100058979,0.022546343,6.622033636,0.096660133,0.923869735,0.967948844,-6.429913704
ITIH2,-0.082493653,8.897168755,-0.246666466,0.807350524,0.920076106,-6.430101338
DENND10,0.012774783,6.377970177,0.094138854,0.925849309,0.968284747,-6.430158693
CHMP6,0.014721964,7.06310546,0.088959729,0.929917207,0.969738161,-6.430641646
RCN2,0.021675705,6.404540956,0.088397106,0.930359234,0.969858696,-6.430692466
AP1G1,0.013938146,6.661180792,0.080401965,0.936643066,0.972315356,-6.431379827
SCIN,0.05162245,11.97859379,0.241138112,0.811580757,0.923701447,-6.431470916
HABP2,0.027067491,6.736667923,0.078696245,0.937984249,0.973367518,-6.43151805
RANGAP1,0.01460847,6.634798831,0.075799818,0.940262095,0.975050151,-6.431745975
ALDOC,-0.056841799,9.840874833,-0.23750873,0.81436112,0.925437704,-6.432353255
VPS25,-0.037469515,8.385230556,-0.237372043,0.814465881,0.925437704,-6.432386225
S100B,0.070460876,8.21701167,0.236566123,0.815083634,0.925437704,-6.432580234
TBCA,-0.012811542,7.889397753,-0.061595112,0.951440341,0.980257002,-6.432740097
ASS1,0.068471685,10.26704589,0.234870486,0.81638377,0.925921988,-6.432986282
ITPA,0.010807902,7.183498145,0.056796417,0.955219052,0.982331535,-6.433029501
ALKBH5,-0.011746906,6.508689209,-0.055270863,0.956420572,0.982817412,-6.433116593
COQ8B,-0.009174327,7.455619344,-0.04278938,0.966254657,0.98650948,-6.433740102
CDH1,0.070786205,9.521708615,0.231544795,0.818935319,0.926465214,-6.433774231
SUCLG1,-0.016285986,5.711787477,-0.040383667,0.968150785,0.98674716,-6.433842037
FERMT2,-0.033884642,7.762499276,-0.231044622,0.819319241,0.926465214,-6.433891768
SNRNP40,-0.037355104,6.830305246,-0.230825291,0.819487609,0.926465214,-6.43394323
CYC1,-0.040206458,7.143591525,-0.230802099,0.819505413,0.926465214,-6.433948669
BANF1,0.007206617,9.910307492,0.026445141,0.979140239,0.992164273,-6.434316596
SYNE2,-0.00310078,6.255369215,-0.02105752,0.98338922,0.994434776,-6.434446984
TRNT1,-0.003064099,6.334488239,-0.017539099,0.986164324,0.995492642,-6.43451617
EFHD1,0.003399626,7.120324111,0.013363097,0.989458316,0.996850464,-6.434581918
RNPEP,-0.001891433,7.312354979,-0.012047168,0.990496352,0.996850464,-6.434598954
CYP20A1,-0.001351856,7.177597347,-0.007496539,0.994086114,0.997106633,-6.434644265
GSPT2,0.000662848,7.122911989,0.003034409,0.997606189,0.999588512,-6.434668206
ITIH4,0.000540739,8.091011969,0.001374571,0.998915615,0.999588512,-6.434671935
MAP2K2,-0.035394686,7.03705221,-0.227118799,0.822334217,0.92843253,-6.434805526
FN1,0.063501519,16.45914486,0.226908767,0.822495597,0.92843253,-6.434853973
SRSF6,0.104282839,7.315610795,0.226482632,0.822823048,0.928449402,-6.43495213
AMPD2,-0.067096958,7.55641092,-0.224405121,0.824419922,0.928739449,-6.435428039
IGFBP7,-0.060464464,5.487954201,-0.222389992,0.825969586,0.92909937,-6.435885487
TP53RK,0.053650097,7.589654586,0.221666291,0.8265263,0.92909937,-6.436048769
NARS1,-0.041589131,8.048713516,-0.220991925,0.827045145,0.929330986,-6.436200443
LMCD1,0.035640975,10.7752186,0.215520164,0.831257983,0.930906795,-6.437414102
CYTL1,-0.070869817,12.03089563,-0.21469447,0.831894157,0.930906795,-6.437594613
ADIPOQ,-0.103895772,8.819899252,-0.213980697,0.832444194,0.930937211,-6.4377501
EEFSEC,0.055645186,7.464506662,0.212793274,0.833359421,0.930937211,-6.438007624
HAPLN3,-0.138646624,9.46803418,-0.211147404,0.834628402,0.930937211,-6.438362213
DNM1L,-0.060126227,6.535175016,-0.208555206,0.836627941,0.931293223,-6.438915121
SMARCC2,0.052219183,6.498935585,0.20749101,0.837449154,0.931509337,-6.439140141
S100A1,-0.050518994,12.81184955,-0.205687974,0.838840943,0.932708249,-6.439518768
ANP32A,0.042387831,9.706121716,0.202651284,0.84118622,0.93387405,-6.440149013
NME2,0.028829716,11.49049344,0.202295536,0.841461068,0.93387405,-6.440222235
CWF19L1,0.03713822,7.348620846,0.20082003,0.84260125,0.934142992,-6.440524563
MTHFD1,-0.031899235,11.12514957,-0.200761279,0.842646657,0.934142992,-6.440536556
EIF4A2,0.033469541,10.72862392,0.19653043,0.845917986,0.936378843,-6.441390969
DLAT,-0.047980457,7.416637513,-0.196522389,0.845924206,0.936378843,-6.441392575
GSTM3,-0.033130057,10.064555,-0.195590481,0.846645149,0.936827836,-6.441578328
PHB1,0.035198916,9.003455294,0.194979181,0.847118139,0.936991241,-6.441699697
CDIPT,-0.033942597,7.48835345,-0.19304711,0.848613449,0.937203054,-6.442080807
APEX1,0.042473285,9.315465213,0.191495514,0.849814716,0.937203054,-6.442384128
RNMT,-0.037363874,6.700436254,-0.191484426,0.849823301,0.937203054,-6.442386287
TMA7,-0.055496261,7.633157126,-0.190924381,0.850256988,0.9373334,-6.442495164
CCT3,-0.026420878,9.452490998,-0.190218278,0.850803848,0.937588365,-6.442631983
GYG1,-0.067549766,7.830679625,-0.18817293,0.852388351,0.938986204,-6.443025451
LGALS3,0.047932098,10.03300852,0.1874916,0.85291631,0.939219554,-6.443155579
SLC25A24,0.034499188,7.334261326,0.185185325,0.85470395,0.940490902,-6.443592563
CCT7,-0.025629509,8.554119734,-0.179209975,0.859339238,0.944293947,-6.444699665
CAPN2,0.041340016,8.819137719,0.179091175,0.859431448,0.944293947,-6.444721309
COPS5,0.025797778,6.992911261,0.177810956,0.860425259,0.945036394,-6.444953642
SKP1,-0.044385222,8.561327339,-0.177208546,0.860892982,0.945200683,-6.445062392
RCC1,0.038142179,5.978597474,0.173183558,0.864019382,0.947582718,-6.445779556
DYNC1H1,0.030237404,7.263484174,0.172555771,0.86450722,0.947767878,-6.445889933
CLEC3B,0.048635285,10.69757454,0.171112459,0.865628991,0.948297837,-6.446142177
AGO2,-0.029973216,7.847861681,-0.168859159,0.867380879,0.949647727,-6.446531757
BHMT,0.054948396,10.73068087,0.168421929,0.867720895,0.949647727,-6.446606754
RAB1B,-0.03044225,10.30708093,-0.167486581,0.868448367,0.949647727,-6.446766541
SRRM1,-0.034766972,8.517667153,-0.164975601,0.870401878,0.949647727,-6.447191106
OLFML3,0.06341484,6.921193458,0.164734049,0.870589847,0.949647727,-6.447231611
NAXD,-0.037058922,7.28325989,-0.164366963,0.870875518,0.949647727,-6.447293054
TTC38,0.031542342,8.507855094,0.164205227,0.87100139,0.949647727,-6.447320081
MAPK3,0.027820725,7.963046328,0.162349467,0.87244588,0.950305009,-6.447628297
IGFBP6,-0.038613066,8.54861103,-0.162178539,0.872578951,0.950305009,-6.44765651
BRD3,-0.038492463,6.213402386,-0.161562645,0.873058466,0.950478821,-6.447757923
A0A3Q2LJM7,-0.091366147,9.486881237,-0.159855164,0.874388116,0.951229254,-6.448037061
SRPRA,-0.02624982,7.13188773,-0.158409108,0.875514485,0.951409486,-6.448271147
PTMA,0.051564938,6.911171255,0.156928254,0.876668238,0.951619048,-6.448508667
AIFM1,-0.027852758,8.002577842,-0.155085807,0.878104102,0.952829543,-6.448801077
MACROH2A1,0.025700378,11.03070561,0.153820467,0.879090461,0.953547672,-6.448999899
GOT2,-0.02928538,9.248453262,-0.151510429,0.880891698,0.953764299,-6.449358683
NIF3L1,0.034106462,6.742164443,0.149516561,0.882446933,0.954752308,-6.449664003
DCTN1,-0.025002558,7.370244442,-0.148799283,0.883006535,0.954771492,-6.449772853
RAB2A,-0.028895839,9.677563303,-0.148654402,0.883119575,0.954771492,-6.449794776
LOC100050599,-0.022000159,10.80348551,-0.147720239,0.883848494,0.954877773,-6.449935618
CAD,-0.037622713,8.465534187,-0.144330766,0.886494147,0.956344993,-6.450439201
NDRG2,-0.024587331,7.620197428,-0.139964569,0.889904166,0.957515743,-6.451070703
MPST,-0.026632127,8.523725614,-0.139792943,0.890038251,0.957515743,-6.451095131
CYFIP1,0.026941251,7.991913723,0.139729739,0.890087632,0.957515743,-6.451104119
HNRNPA1,-0.026862773,9.571586966,-0.137597918,0.891753443,0.957845076,-6.45140491
L3HYPDH,0.03475093,6.979061273,0.135135152,0.89367849,0.959219217,-6.451746648
ACP1,-0.025833759,8.785830916,-0.132996191,0.895350975,0.959973925,-6.452038455
KARS1,-0.022114823,8.38054469,-0.130212264,0.897528508,0.961614568,-6.452411289
TTLL12,-0.024702248,11.77343629,-0.128949715,0.898516322,0.961979096,-6.452577779
PRKAA1,-0.021949458,7.688761061,-0.12811697,0.89916795,0.962329964,-6.452686705
LOC111772300,0.027903777,8.650189207,0.127518565,0.899636252,0.962484445,-6.452764543
THYN1,0.018810924,9.095656257,0.122501404,0.903564038,0.964463307,-6.45340284
FBXO2,0.027794255,8.630943914,0.122328458,0.903699478,0.964463307,-6.453424387
EIF3A,0.019935934,8.126660491,0.12169253,0.90419752,0.964463307,-6.453503352
PPIC,-0.025915357,6.698835212,-0.121036271,0.904711527,0.964463307,-6.453584412
SSB,-0.029109108,7.434406275,-0.120950937,0.904778368,0.964463307,-6.45359492
LOC100068317,0.034411787,7.570987847,0.11686702,0.907978028,0.965925837,-6.454089163
TXNL1,-0.02174793,8.533394232,-0.115637548,0.908941607,0.96652309,-6.454234636
CTSZ,-0.026368812,9.003833597,-0.114065966,0.910173517,0.966794966,-6.45441835
PKM,0.016000096,15.22714052,0.112319919,0.911542455,0.966921728,-6.454619513
USP7,-0.026440357,7.820567658,-0.110685906,0.912823809,0.966921728,-6.454804962
HEBP1,-0.01863156,6.746449302,-0.110196017,0.913208016,0.966921728,-6.454860032
CRISPLD1,-0.026389903,8.704884794,-0.109822471,0.913500992,0.966921728,-6.454901859
INHCA,-0.041240168,7.150929994,-0.106066863,0.916447248,0.966921728,-6.455314506
RANBP1,-0.02637658,8.449944425,-0.105345399,0.917013375,0.966921728,-6.455392134
PGM3,-0.0209462,7.154737394,-0.105182401,0.917141284,0.966921728,-6.455409599
SND1,0.019085468,10.35517465,0.10513116,0.917181495,0.966921728,-6.455415084
RAC1,0.017003787,10.46756507,0.105044587,0.917249433,0.966921728,-6.455424345
DECR1,0.020291165,8.201939299,0.104892805,0.917368544,0.966921728,-6.455440563
RALB,-0.022232726,8.392418132,-0.104385012,0.917767052,0.966921728,-6.455494649
TNS3,-0.021245862,7.493507518,-0.104370704,0.917778281,0.966921728,-6.45549617
FLNA,-0.029002805,7.653551866,-0.103685136,0.918316339,0.967145637,-6.455568766
HSD17B11,-0.020937824,7.290015212,-0.102532482,0.919221072,0.967297141,-6.455689745
WBP11,-0.029215706,7.353292925,-0.10014165,0.921098022,0.967297141,-6.455936372
LTBP1,0.028956123,6.043287323,0.099986156,0.921220111,0.967297141,-6.455952211
FH,-0.014930861,8.570836196,-0.098939999,0.922041569,0.967297141,-6.456058134
GALNT2,-0.016930556,5.62929994,-0.097337004,0.923300438,0.967948844,-6.456218277
ACAN,-0.021637022,16.83454209,-0.096489636,0.923965979,0.967948844,-6.456301875
LOC100059239,0.029861398,11.63054864,0.093408304,0.926386595,0.96843581,-6.45659971
CD109,-0.01906839,8.709937303,-0.09155325,0.92784423,0.969160937,-6.456774359
IST1,0.012801286,7.638571904,0.09044997,0.928711271,0.969160937,-6.45687657
CTH,0.018350214,11.10540651,0.087925446,0.930695572,0.969869009,-6.45710579
PSMA4,-0.012835409,8.652619777,-0.086382309,0.931908719,0.970112405,-6.45724271
RPS15A,0.018514768,9.308084725,0.083511845,0.9341658,0.97178102,-6.457490956
TOMM34,-0.016967184,8.715734452,-0.081848559,0.935473922,0.971908851,-6.457630966
WDR5,0.019126099,7.130383945,0.081691809,0.935597211,0.971908851,-6.457644015
PRPF31,-0.015115576,7.116078948,-0.076666843,0.939550351,0.974652268,-6.4580491
PRELP,-0.008135345,18.70372989,-0.072128417,0.9431221,0.976313276,-6.458392879
EMILIN3,-0.029181268,7.987749615,-0.072126987,0.943123225,0.976313276,-6.458392984
NOP56,0.011481358,7.134318321,0.068116025,0.946280877,0.979240852,-6.458679353
C1QA,0.016411023,8.69440306,0.067403402,0.946841989,0.979480345,-6.458728519
TOR1AIP1,-0.016442424,7.796250777,-0.066823755,0.947298418,0.979528967,-6.458768129
TRA2B,0.010834636,7.581008383,0.066506317,0.947548385,0.979528967,-6.458789677
LDHB,-0.01366412,13.12515019,-0.064596118,0.949052686,0.980257002,-6.458917173
CTCF,-0.02139105,6.985983184,-0.06401537,0.94951007,0.980257002,-6.458955199
HSPB1,0.016367977,13.2543196,0.06340808,0.949988377,0.980257002,-6.458994596
EIF3H,-0.011919483,7.526458858,-0.06306161,0.950261268,0.980257002,-6.459016904
RAC3,-0.012617005,11.15226744,-0.061384173,0.95158256,0.980257002,-6.459123182
NAP1L4,-0.016221664,8.019174951,-0.061186367,0.951738378,0.980257002,-6.459135526
SLTM,-0.013024324,6.657525025,-0.061004035,0.95188201,0.980257002,-6.459146869
A0A3Q2HSD4,-0.014615356,6.989145641,-0.059657433,0.952942836,0.981009413,-6.459229592
RAB14,-0.007051883,8.286808464,-0.051183466,0.959620422,0.984178309,-6.459707802
PSMD13,0.008088976,8.011041342,0.049129131,0.961239736,0.984773536,-6.459812725
SNED1,-0.01285135,7.075704469,-0.046435779,0.963363008,0.986031684,-6.459943776
HNRNPUL1,-0.008789221,7.676875621,-0.043998175,0.965284903,0.986476233,-6.460056016
PRPF19,-0.005626318,7.602779059,-0.043987887,0.965293015,0.986476233,-6.460056477
HMGN1,-0.010166503,6.209109347,-0.043651791,0.965558023,0.986476233,-6.460071474
PPME1,0.007983019,6.598606595,0.04285208,0.966188601,0.98650948,-6.460106697
CSAD,-0.007954405,9.560014255,-0.040853892,0.967764286,0.98674716,-6.46019186
SPCS3,-0.010660574,7.030693926,-0.040778472,0.967823761,0.98674716,-6.460194995
UBQLN1,0.013943974,6.427657627,0.039236013,0.969040174,0.98674716,-6.460257836
PSMD1,0.005634896,7.522270374,0.038139302,0.969905108,0.987183308,-6.460301043
QNG1,-0.005337047,7.736999561,-0.0375554,0.970365624,0.987313791,-6.460323548
CCDC93,-0.005321408,7.03615116,-0.03571057,0.971820688,0.988455757,-6.460392369
PLEKHA5,0.005599732,6.719410515,0.034675841,0.97263685,0.98871238,-6.460429453
WDR1,-0.005737967,9.909232055,-0.030745734,0.975737063,0.990404787,-6.46056037
SEMA3C,0.007645806,10.30457604,0.029354931,0.976834275,0.991167561,-6.460602932
ME1,0.005878398,10.24972676,0.028947426,0.977155768,0.991167561,-6.460615029
CDC5L,-0.005317749,7.153712855,-0.024071166,0.981003077,0.99371297,-6.460746671
BAG1,-0.004017632,5.890369581,-0.022859019,0.981959522,0.994342788,-6.460775637
CAND1,0.002559849,8.571715069,0.018036563,0.985764946,0.995492642,-6.460876059
UBE2Z,-0.002396782,6.740729228,-0.013433329,0.989397704,0.996850464,-6.460949823
SFXN3,0.002585511,7.237387579,0.012791144,0.989904521,0.996850464,-6.460958398
LOC111772179,-0.002125624,7.154309616,-0.012433128,0.990187071,0.996850464,-6.460962997
MDP1,0.002699376,7.803548888,0.012097138,0.99045224,0.996850464,-6.460967193
KRT82,0.003004881,10.81668292,0.011985074,0.990540683,0.996850464,-6.460968568
NACA,0.001936438,8.458772382,0.00969143,0.992350894,0.996850464,-6.460993884
PSMB4,-0.001212669,8.726223374,-0.008696784,0.993135911,0.996850464,-6.461003197
NAMPT,-0.002297784,8.457961077,-0.008666684,0.993159668,0.996850464,-6.461003463
REXO2,0.000402662,7.341749619,0.001596834,0.998739655,0.999588512,-6.461040412
SURF4,0.000201032,8.77176833,0.000804455,0.999365062,0.999701548,-6.461041381
SET,-2.13E-05,9.096316856,-0.000111725,0.999911818,0.999911818,-6.461041704
