"","logFC","AveExpr","t","P.Value","adj.P.Val","B"
"SIRT5",-2.62690691305023,6.11043939257778,-4.66748218543406,0.00019136354987357,0.201638346403042,0.474760885411404
"A0A3Q2L5E0",2.45652848582623,9.73706444184855,4.45933060647187,0.000240252316377227,0.201638346403042,0.452299132848331
"ETFB",-1.36376610529042,6.77193008713109,-4.39573308329175,0.000251971755739592,0.201638346403042,0.436634717302934
"PIN4",-1.41814156422692,6.88196607338241,-4.30617144670902,0.000312147822422488,0.201638346403042,0.261353003292632
"GRPEL1",-2.54833408357717,5.1994842150672,-4.42874111041129,0.000420731844953187,0.201638346403042,-0.185397017708167
"CCN1",1.67971341418011,8.18947396275784,4.02706232457193,0.000608537675381046,0.201638346403042,-0.287003403451133
"KRT16",2.38315214119768,6.51848132351004,4.00512116862785,0.000641301281046726,0.201638346403042,-0.330187288879526
"SEPTIN5",-1.36479254546741,6.32537759854912,-4.09689693443345,0.000613485152055907,0.201638346403042,-0.335390570111175
"PRDX3",-1.30465012846107,7.92440600328813,-4.03825867481352,0.000642755907115173,0.201638346403042,-0.344358864859484
"STOML2",-1.51992407223536,5.54200681516813,-3.91302135328068,0.000799090601558049,0.201638346403042,-0.511476061775999
"KRT42",1.64946186205058,7.76675018771312,3.89686158950336,0.000830511001952645,0.201638346403042,-0.543282373334915
"NDUFB10",-1.40757258034042,7.1811608716381,-3.88778037033058,0.000848703484839258,0.201638346403042,-0.561155359861331
"SERPINH1",-1.39757637770455,8.82244879970301,-3.87207306168784,0.000881108740584723,0.201638346403042,-0.592067122795198
"TUFM",-1.14866793568442,6.75890515521245,-3.79600082279679,0.00105626830927317,0.224457015720548,-0.741717186265071
"KRT6A",1.7287215440317,12.9185304551073,3.73297057527179,0.00122720496853384,0.243395652092546,-0.865598280981563
"ACO2",-1.21401679917696,9.15500423903859,-3.68572353717267,0.00137302013571875,0.255295931485205,-0.958363407579022
"OXCT1",-1.15892755712154,8.14046241157816,-3.50544487645206,0.0021039547277726,0.368192077360205,-1.3112070897357
"DSP",1.51589855231592,7.66846820771758,3.38725391920836,0.00277855964420266,0.418580127564576,-1.54117537977773
"APOA2",2.93536230062163,8.26244714880055,3.37022126086472,0.00289180354066078,0.418580127564576,-1.57420309566624
"RGN",-3.08441435077578,5.36891196387654,-3.46755978767277,0.00317111402354199,0.418580127564576,-1.66246678659236
"ATP5PO",-1.47509206846799,8.44795022551285,-3.32217804080732,0.00323608165848243,0.418580127564576,-1.66718856473951
"DHRS2",-1.82195933660651,4.39724060505068,-3.55899392730985,0.00314098527002566,0.418580127564576,-1.69767720896757
"ACAA2",-1.00403281561584,9.62525695034296,-3.29162747027162,0.00347548332387799,0.419982028395429,-1.72617557444133
"ATP6V0D1",-1.18145837213538,6.76439790559549,-3.30349594312224,0.0035459752724665,0.419982028395429,-1.7397090237041
"BMP2",-3.32544890104575,5.10273662544231,-3.69836450141123,0.00267500619901314,0.418580127564576,-1.77812626169923
"ARL6",1.48177013990626,6.678659441736,3.42453229221606,0.00376023078233215,0.419982028395429,-1.79733314474487
"CDO1",-1.88027987554594,6.59843288248958,-3.29433467747335,0.00381160160224423,0.419982028395429,-1.80077237630859
"HADHA",-0.967369001960259,9.45300455463269,-3.23311777718918,0.00398308600319072,0.423202887839014,-1.8388107286236
"PYCR2",-1.67495439986208,5.8653083957112,-3.17060007404872,0.00460505654672328,0.449343671865624,-1.95863096054059
"PGRMC1",-1.24405087351827,7.72643569314687,-3.18461835981085,0.00465461896675209,0.449343671865624,-1.96475161122398
"SDHB",-1.13469958688308,9.31036183504591,-3.15312478177355,0.00479514149230509,0.449343671865624,-1.99201820930735
"IGFALS",2.04299109605472,7.3886286825884,3.27873840674893,0.00548499011157974,0.449343671865624,-2.11067918600626
"ETFA",-1.23988862747929,7.75605239937879,-3.0788631753755,0.00569117565540871,0.449343671865624,-2.13334170904627
"PACSIN3",-0.753882921074941,7.88650839806135,-3.07778299796343,0.00570533449768208,0.449343671865624,-2.13539038867244
"ACAT1",-1.08717095842927,8.28842757582392,-3.07476586259048,0.00574506327876344,0.449343671865624,-2.14111163439095
"DDX17",-1.07140038058612,9.30537980073387,-3.0734068065244,0.00576304612151116,0.449343671865624,-2.14368821729614
"POLDIP3",-1.62319433495447,5.50940220830147,-3.19845756984347,0.00597836811143577,0.449343671865624,-2.19908938877302
"FEN1",1.43843368736302,5.90604743115155,3.1884287885491,0.00656477045138649,0.449343671865624,-2.25074405721229
"M6PR",-1.4306826832226,4.84735102579816,-3.09071592145203,0.0066315532982898,0.449343671865624,-2.25163970551493
"WASF2",1.08603818552563,6.94655800561917,3.00569927494558,0.00673106199900164,0.449343671865624,-2.27162287972138
"MDH2",-1.15977346274527,10.5930688143414,-3.0034278461894,0.00676611255325308,0.449343671865624,-2.27589971397525
"KRT71",1.28285262507834,7.30403796985679,2.99989206842759,0.00682102326516199,0.449343671865624,-2.2825551584488
"PAOX",-2.26340333869653,4.94667917768352,-3.11433250089502,0.00710125671533752,0.449343671865624,-2.28702539176758
"TXNDC12",-1.09349405128197,7.53881157957611,-3.00829091137223,0.00694227078461362,0.449343671865624,-2.28912978465193
"RPL12",-0.87107389899177,10.4127071235234,-2.98216117717661,0.00710291565057555,0.449343671865624,-2.31589295972315
"SLC49A3",-1.16972685000573,8.25598840310947,-3.00375010537617,0.00729771339556578,0.449343671865624,-2.32273661400866
"GCSH",-1.00869221716039,6.87932915734812,-2.99346798207963,0.00779173207563428,0.449343671865624,-2.37070094924728
"CTDP1",-1.22694136910507,5.1389771607275,-3.05014877711178,0.00809580747985876,0.449343671865624,-2.40315517468476
"GON7",2.15160600389097,6.70228925178453,3.00785230322682,0.00833702763836567,0.449343671865624,-2.41240623502673
"SEPTIN7",-0.741070166560978,9.03869983969971,-2.92757054862714,0.00804288575179756,0.449343671865624,-2.41813135547053
"IGSF10",-1.3745079704066,6.77962429183407,-2.91545091295294,0.00826720091711317,0.449343671865624,-2.44074366879093
"SEPTIN11",-0.904102630911281,7.19095043395549,-2.90750715082258,0.00841746794798799,0.449343671865624,-2.45554742119045
"ARG1",2.12324502816506,6.42795227616093,3.08539320243426,0.00868053867597852,0.449343671865624,-2.45646271952809
"PDHB",-1.24087902907311,7.5357388033902,-2.90660121186768,0.00843477034993406,0.449343671865624,-2.45723481920972
"RPE",-1.43265748404765,6.6510715059821,-2.94257097043678,0.00870183107898872,0.449343671865624,-2.4587641953973
"ETFDH",-1.31662009229388,5.85644462789921,-3.01658377226257,0.00866930664970674,0.449343671865624,-2.46154174739663
"GCNT4",1.77874235397814,6.25012414236061,3.03866830614728,0.00884025093186564,0.449343671865624,-2.46708184518239
"TPT1",-1.06683475424231,8.82145154382757,-2.91352618539109,0.00890624661558241,0.449343671865624,-2.48394233202049
"FKBP2",-1.04673907969413,9.45605439135059,-2.87590760377606,0.00904152787128854,0.449343671865624,-2.51429618887372
"ACADM",-1.21609700540977,6.68128772970718,-2.87104965653642,0.00914130991948605,0.449343671865624,-2.52330783749007
"ALDH2",-0.955747971504333,9.72506024953467,-2.86756976374081,0.00921343327186658,0.449343671865624,-2.52975981011969
"GRIPAP1",-1.27311111684787,5.89146060503601,-2.89895124896807,0.0104584311956739,0.493847714855635,-2.59568391862915
"PTMS",-1.80419945458511,7.91656200277151,-2.83163411904581,0.0103054426743919,0.493847714855635,-2.60970600521765
"CRP",-1.36783756587852,8.35488351247473,-2.83309977793229,0.0106239508405918,0.493847714855635,-2.62589918754771
"ITM2B",1.80404297730788,4.82396561120824,2.85948210767591,0.0113503152703973,0.500990011420572,-2.65616072371389
"KRT80",1.98130445611067,7.4882677965356,2.80350488545978,0.0109681219092536,0.494396404242871,-2.66010085141669
"CCDC80",1.35784908673561,13.2594443917312,2.79690271121274,0.0108011918320169,0.494362241542313,-2.66015972876157
"SERPINA5",1.47224014964739,7.55385205090081,2.76692565882832,0.0118909205523478,0.500990011420572,-2.72746896029371
"NUDT4",-2.00069186843334,5.81303886458525,-2.83138118563517,0.0126265945257885,0.500990011420572,-2.73969685077169
"CHCHD2",-1.80485652964543,5.76051806770881,-2.82553629443877,0.0127766473810776,0.500990011420572,-2.74292460634061
"ATP5F1B",-0.967388035593175,10.227795446299,-2.73867814481358,0.0123020147768657,0.500990011420572,-2.76666391276684
"SEPTIN6",-0.911442861088558,6.43910430817481,-2.73790945210646,0.0123230948475456,0.500990011420572,-2.76806407636704
"HIBADH",-0.970984078464544,7.81720590168734,-2.73747555935693,0.0123350087410986,0.500990011420572,-2.76885433663398
"SH3GLB2",-1.09180958036145,6.51488904827252,-2.77090923515178,0.013076029723009,0.500990011420572,-2.77463085085551
"RNASEK",-0.927828407892282,6.4511703056996,-2.74077495253257,0.0129878128670723,0.500990011420572,-2.78823526666438
"TES",-1.56726629860663,6.10004876795051,-2.7225975382923,0.012750208219181,0.500990011420572,-2.79592149219848
"PRRC2C",1.24923586911273,6.19080996502872,2.76635681128449,0.01375696264862,0.500990011420572,-2.80765642395216
"FABP4",-1.57760014069063,8.81791096669405,-2.71572037487062,0.0129465766055469,0.500990011420572,-2.80841268171
"CMPK2",-1.37530206137862,5.72864703163674,-2.73079199269384,0.0137179728080456,0.500990011420572,-2.82138706571845
"CYCS.1",-1.07827901869652,8.95911492257009,-2.70770341256153,0.013543587469988,0.500990011420572,-2.83306817568743
"IDH3A",-0.839383080094697,7.36727663926735,-2.69884575813689,0.0138088003147855,0.500990011420572,-2.84878753895446
"ENDOD1",-1.14726689188397,6.00776697636381,-2.84200113756278,0.0148304271416789,0.525244294601129,-2.85791649882309
"RBMX",-0.906061378780523,9.64038091787923,-2.687381172166,0.0137864096533295,0.500990011420572,-2.85974864833102
"CAPG",-1.38138368055249,7.97709224526012,-2.67682885055607,0.0141121043484203,0.505825426946391,-2.87880662624272
"NDUFS1",-1.2180558524099,6.52037807768822,-2.76910355756811,0.0159350016182703,0.541542973987701,-2.9148851257947
"LMAN1",-1.17411677384853,7.2511802989621,-2.64564025264718,0.0164342315605254,0.541542973987701,-2.96425680383103
"PPA2",-0.908876732332346,5.81232760843732,-2.63460866124103,0.0163261539269337,0.541542973987701,-2.97213845363709
"SUSD5",1.12050678275574,6.14783367650803,2.62190794757675,0.0159279367783173,0.541542973987701,-2.9774775543136
"SLC12A4",-0.831061959363477,6.7426237535484,-2.61655049016367,0.0169695250906015,0.541542973987701,-3.00314834862689
"LOC100066977",-0.917494518855971,6.39230045842263,-2.6030333476592,0.0166012961249692,0.541542973987701,-3.01118107709645
"ARL3",-0.648434523671969,9.62003092495554,-2.60176515953893,0.0166474868406909,0.541542973987701,-3.01344174165471
"APRT",-0.831037421552794,11.9589634916192,-2.59985026503761,0.0167174615046255,0.541542973987701,-3.01685428834145
"RBM25",-0.96555527105968,6.14797589557149,-2.60714467873792,0.0178238290239544,0.54285953186184,-3.02853226273054
"PLOD1",1.2589576644435,8.52421413721204,2.59259479053708,0.0169851116817779,0.541542973987701,-3.02977410319048
"DOK1",-0.835270397081358,6.60110604614342,-2.59541807895226,0.0172929689172543,0.541542973987701,-3.03292177753281
"A0A9L0SF58",1.36439425170086,6.85967319633645,2.59710559449895,0.0176891167468747,0.54285953186184,-3.03348585300469
"KRT2",1.33811019553198,12.863182692154,2.58446904986949,0.0172896472177983,0.541542973987701,-3.04422430348524
"ACSS3",-1.38740028364839,5.9938473865748,-2.61528063235376,0.0187421469157317,0.54285953186184,-3.04761881117606
"BMP6",1.4348550999755,7.09320568031758,2.56621014774702,0.0179927716550633,0.54285953186184,-3.07661937536428
"HNRNPLL",-0.962314116067112,6.14063823169195,-2.57169548428957,0.0186730208631966,0.54285953186184,-3.08160577102361
"MVB12A",-0.754468919261547,7.62933929070067,-2.56196724793633,0.0181599603454022,0.54285953186184,-3.08413211649945
"TIMP3",1.6426307620679,13.6365075142927,2.54124890632814,0.0189974938994214,0.54285953186184,-3.12073471678259
"GTPBP1",1.43263071768781,4.94175126132216,2.64212400921936,0.0214760100820957,0.54285953186184,-3.12371886875927
"PGK2",1.84329562537155,8.61201076279448,2.53554058796618,0.0192345346017385,0.54285953186184,-3.13079515013065
"A0A9L0SWR6",-0.850635402712843,9.23373203829794,-2.53393183870109,0.0193018374373065,0.54285953186184,-3.13362852221205
"CHCHD3",-0.925217619970162,7.23880093420514,-2.53245299421786,0.0193639001372883,0.54285953186184,-3.13623235815496
"PRPF19",-0.591814570433391,7.60363642570051,-2.52753107987523,0.019571806720253,0.54285953186184,-3.14489333900903
"FAHD2A",-0.692813122293334,7.80408333480039,-2.52626769642578,0.0200685532435986,0.54285953186184,-3.1508149353512
"NDP",-1.65186350707827,6.74428087704019,-2.51981831747468,0.0203477304849239,0.54285953186184,-3.16441503929455
"STK19",0.893579868237586,6.46035397203568,2.53854152929434,0.0218968550666961,0.54285953186184,-3.16556091828506
"CAVIN3",-0.702537670839671,10.1815293160934,-2.51282365426191,0.0202055799041732,0.54285953186184,-3.17072617895525
"LOC100053876",-1.67250851242294,5.15601548381469,-2.60416167276895,0.0230346506999552,0.543459231029581,-3.17410564618961
"FAHD1",-0.904031471270562,7.04900783911627,-2.5134715962678,0.0211257011568005,0.54285953186184,-3.17477301579193
"ITGA5",-1.14095391088396,7.57875001284398,-2.51168374490466,0.0207050513438222,0.54285953186184,-3.17594235328703
"GLIPR2",-1.29158097543316,5.87230091203851,-2.50821321958284,0.0213615413876767,0.54285953186184,-3.18359197947944
"DLD",-1.2669217927231,6.96952749609757,-2.50551451316264,0.0214835382057995,0.54285953186184,-3.18811500010001
"PDLIM4",-1.29030132228585,6.95846764366959,-2.49695418337098,0.0218748593951746,0.54285953186184,-3.20633847062225
"LETM1",-1.57929436485147,5.98445850587408,-2.55077115844598,0.0230725839675202,0.543459231029581,-3.21722535760474
"TP53RK",1.08516223135106,7.59025952218898,2.48367209216575,0.0215188767170759,0.54285953186184,-3.2217160004423
"A0A3Q2HRV7",-0.784685311182137,11.4106555718517,-2.48358412764328,0.0215229575020363,0.54285953186184,-3.22186942670947
"ATP5F1A",-0.845499191397126,10.438502800619,-2.48160949076975,0.0216147536393208,0.54285953186184,-3.22531286055836
"KRT79",1.42661305842163,9.93333239370205,2.47675438623386,0.0218420111035443,0.54285953186184,-3.23377367322452
"JUP",1.18372036013329,6.8982235304842,2.45994993777108,0.0226459071399101,0.543459231029581,-3.26299548408151
"ITGB5",-0.783953713557537,8.4224981903823,-2.45922675100708,0.0226811142069566,0.543459231029581,-3.26425086004916
"VIM",-0.86797550764451,15.9837243066554,-2.45561820908082,0.0228575526836114,0.543459231029581,-3.27051218187472
"SEC61G",-1.54326018784301,8.54851026606898,-2.45333348055317,0.0239749427739765,0.543459231029581,-3.27723234154019
"LOC111767785",-1.39601114100549,6.87727056232438,-2.46098196194315,0.0248438505613523,0.543459231029581,-3.27973143651891
"DDX1",-0.575410768769939,8.58145705861241,-2.44242342614975,0.0235136427021163,0.543459231029581,-3.29336809456217
"NUDT16",0.923668901683032,8.88064813570989,2.44223258572411,0.0235232592066613,0.543459231029581,-3.29369821699692
"ECHS1",-0.838135007732379,7.61784783115994,-2.43952156218748,0.0236602641187124,0.543459231029581,-3.29838644779721
"FAM98A",-0.885194761035221,6.02658458074783,-2.43818886956497,0.0247472014707002,0.543459231029581,-3.30026442207801
"EIF2D",-1.0118473653967,6.11781359892167,-2.44063115814089,0.0246211100462166,0.543459231029581,-3.30061909083667
"FABP3",-1.33797735890607,8.44424744645731,-2.4348965252921,0.0238957100030373,0.543459231029581,-3.30637860438247
"AHCTF1",1.83053319990379,6.04296975425015,2.46845275311117,0.0270539313937918,0.562835285989724,-3.30704219176375
"PEBP1",-0.679135187163485,13.9556217808206,-2.43274806198974,0.0240058206500826,0.543459231029581,-3.31008860376365
"A0A9L0SG57",-1.06768007084281,6.30592176108385,-2.43458897162762,0.0262145462709583,0.557059108257864,-3.32179433261682
"ITIH2",1.50602812300422,8.89734465845135,2.42200897760304,0.0245633111389909,0.543459231029581,-3.32860827993596
"REELD1",-0.863327916376812,6.74901592227291,-2.41733566085467,0.0248096484145875,0.543459231029581,-3.33665452954683
"RTCA",1.42815869768931,10.3650955189779,2.41852105219012,0.0257848396354546,0.555868825474475,-3.33986492904075
"ENPP2",1.22990739611499,8.28524361402122,2.4005012308014,0.0257161457874199,0.555868825474475,-3.36557344610989
"PRAF2",-0.966107479977615,8.08105883703216,-2.39905749778337,0.0274731469418292,0.563673187254771,-3.36604637176463
"COL12A1",-1.40672405045109,10.5629371211012,-2.39515313276319,0.0260104958515073,0.556699461570031,-3.37473897021799
"PRRC1",-1.00097339264433,6.75553840122769,-2.38572585020412,0.027043216882444,0.562835285989724,-3.39011675254378
"A0A3Q2IDT4",-1.26170502461745,9.36266038760065,-2.3865846097127,0.0269944666671039,0.562835285989724,-3.39176892478205
"NDUFAB1",1.74039888102133,7.94972910297603,2.38903694385223,0.0295479490097632,0.585404761893842,-3.40231811051319
"SEPTIN9",-0.686527799070214,6.94985834000144,-2.37181550192127,0.0273318441083906,0.563673187254771,-3.41461094132111
"JAK1",-0.999673271297033,5.80481434858133,-2.36987412824399,0.0306939921555637,0.589823622270318,-3.42899485097722
"SF3B5",-1.13020398631041,6.64437426730714,-2.35946331906596,0.0313340027675361,0.589823622270318,-3.44490478734939
"AMBP",1.59856856979014,12.8867631619607,2.35286905533707,0.028449935277042,0.579716146912329,-3.44683045588908
"BPHL",-0.77535150422226,6.7577516088991,-2.35104917887799,0.029081353862708,0.584574511767273,-3.44813453898939
"MORC2",1.21054871493327,6.56264699551238,2.39514877615649,0.0338002100213269,0.601848848829863,-3.44900153310376
"DAZAP1",-0.931045047028715,6.43757448442967,-2.349551656279,0.0304011577791611,0.589823622270318,-3.44900359752394
"FKBP3",-0.738456400523408,8.85411065638131,-2.34666089690451,0.028825389647805,0.583370980967483,-3.45735811635354
"SHMT1",-0.902729416401066,7.19677808366445,-2.33428237143705,0.029587694355782,0.585404761893842,-3.47830519441445
"ILVBL",-0.978421390042838,5.14663893637166,-2.32822978803118,0.0317497009119301,0.589823622270318,-3.4852156958119
"PGLS",-0.671249226485004,9.69803290474379,-2.33015457594051,0.0298459996598104,0.585404761893842,-3.4852771386031
"VDAC2",-0.834276951302333,9.62784946043007,-2.32914079909249,0.029909755901803,0.585404761893842,-3.48698842037687
"STEAP3",-1.12150309572597,7.12827976950101,-2.32293848850976,0.0314303048128852,0.589823622270318,-3.48897337923855
"IL1RAP",1.67214977556119,7.64077970931844,2.30929731742062,0.0329935138510945,0.601848848829863,-3.50865473312259
"TAGLN2",-1.13989564518663,9.466084673828,-2.3030695635144,0.0315930861897777,0.589823622270318,-3.53085919442787
"RPLP2",-1.25160191306392,9.02998317904953,-2.30279305860729,0.0316113971232383,0.589823622270318,-3.53132304099147
"BUB3",-0.521612755615898,8.25645891326756,-2.29864073087509,0.0318875517144764,0.589823622270318,-3.5382850611579
"H2BC26",1.99946016197478,10.3876399399117,2.29208061244402,0.0334847424479341,0.601848848829863,-3.53874793726814
"EPHX2",0.69571422897562,7.87619928047975,2.29690110645176,0.0320039046927996,0.589823622270318,-3.54119977115774
"SNX6",-1.39388076091575,5.76002869981587,-2.29519898623673,0.0321181266580812,0.589823622270318,-3.54405047544556
"PPP1R8",-0.786148960526043,5.08114547842493,-2.283360564237,0.0364066747733566,0.606402772766089,-3.56034834214891
"C1QBP",-1.32020931920714,6.56094341160317,-2.27866800044489,0.0351018647607856,0.606170742603342,-3.56379137012113
"MRPL12",-1.6164723964803,6.17029294291734,-2.33325144349498,0.039620843160306,0.609913530361074,-3.56513200796655
"COLEC12",-0.778111731501916,8.20994883473326,-2.27416322903993,0.0335609816712956,0.601848848829863,-3.57918509573641
"A0A3Q2HSD4",-1.03813253149427,6.98856436061259,-2.26823223616913,0.0339784031808286,0.601848848829863,-3.58905890052234
"A0A5F5PN84",-1.13974903987813,9.124026306522,-2.26570719459372,0.0341575545069221,0.601848848829863,-3.59325819196596
"MAP4K4",-1.37162000488922,6.01927358475501,-2.2595841078885,0.0364778326377128,0.606402772766089,-3.59927358220552
"G6PC1",1.65575198794212,7.44356071355019,2.2591979109711,0.0403347564881515,0.609913530361074,-3.60252938934813
"PLEKHO2",-1.10250774990904,6.19165249078196,-2.25993311825515,0.0345704806074937,0.601848848829863,-3.60285101910765
"CPT2",-0.988366046238242,5.988891773519,-2.25980678292467,0.0345795662130584,0.601848848829863,-3.60306075498316
"ARSA",-1.01323323982695,8.86950896633126,-2.25961080052825,0.0345936649243383,0.601848848829863,-3.60338610262254
"MANF",-0.874097271739457,8.43242288144451,-2.2505727890995,0.0352495927631523,0.606170742603342,-3.61837280873912
"ELOB",-1.2931306799134,6.98691157053502,-2.24486324348289,0.0362385207188027,0.606402772766089,-3.62304847984324
"LOXL4",1.09310887348323,8.11863890471724,2.24271120207029,0.0358293740694435,0.606402772766089,-3.63138133002399
"BGN",-0.612787409255132,18.0140744465397,-2.23978733893819,0.0360472198792529,0.606402772766089,-3.63621287939468
"SCARA3",-0.744078007259623,6.3548899291238,-2.22679617909175,0.0389587152736611,0.609913530361074,-3.64247402313781
"HNRNPA0",-0.700547879233753,6.39692573555589,-2.23394575327761,0.036486082798363,0.606402772766089,-3.64585515141852
"ARPC5",-0.878704956150353,9.52980784092749,-2.22738686368737,0.0369846467515541,0.609913530361074,-3.65666439410734
"RCC1",-0.925699500071136,5.97846204307238,-2.21948140137543,0.0375938290408778,0.609913530361074,-3.66966876288424
"NUP35",1.70763650130732,5.00322317644025,2.19844813979702,0.0420438504878173,0.609913530361074,-3.67248111425716
"ZDHHC18",-1.31835784925031,7.3562026671504,-2.20781560695959,0.0432338018822898,0.609913530361074,-3.67809930189133
"GALK1",-0.679711286494225,7.97121720770853,-2.20907353579806,0.0384097967308466,0.609913530361074,-3.68674918269921
"JPT2",-0.983948971392082,6.13518776159623,-2.19747722252548,0.0413077479298201,0.609913530361074,-3.68792546913854
"PSMA1",-0.675963511017429,9.43360888162944,-2.2072212427546,0.0385566954630978,0.609913530361074,-3.68978415988875
"NAP1L1",-0.828087056736701,8.88463039208907,-2.20014415223287,0.0391226790399413,0.609913530361074,-3.70136643799825
"NXN",0.87396322652036,6.48959993712859,2.19136181856585,0.0410828372336674,0.609913530361074,-3.70535736447343
"CREB1",-0.673494721739095,6.02108284859008,-2.19760070937133,0.0393279291363221,0.609913530361074,-3.70552375652097
"SVIL",-1.49354923547574,5.42979038931487,-2.17743935506099,0.045812029759295,0.624566422875722,-3.70731767104618
"LOC100065392",1.22096989640227,7.55139992673571,2.19169425165254,0.0403997386893768,0.609913530361074,-3.70898755474436
"RGS3",0.626786769530348,7.64388332184544,2.19222948632349,0.0397645980633968,0.609913530361074,-3.71429399765923
"LOC111772162",-0.927896967719612,8.08907401923589,-2.19159968862663,0.039816087131884,0.609913530361074,-3.71532152864196
"TNFRSF11B",1.24089907852639,11.0660032794466,2.19151905973343,0.0398226833185331,0.609913530361074,-3.71545306435836
"CHST12",1.12822481848542,7.29741823134717,2.18290736159247,0.0411280080440514,0.609913530361074,-3.71560204509114
"PPIB",-0.655671058687399,12.3553619951333,-2.19116631931936,0.0398515524229952,0.609913530361074,-3.71602848214497
"THBS2",2.60681901776627,8.78629423037853,2.18222524498147,0.0480231218186425,0.630987883403877,-3.71881075701509
"UQCRC2",-0.809809766611742,6.59946788771297,-2.18326088455372,0.0410984781010994,0.609913530361074,-3.72251329943076
"GNL3",0.90499925662363,7.37972004728954,2.1756410682168,0.0439694845588787,0.609913530361074,-3.72399791278218
"NDNF",1.51219704828902,10.1150035735802,2.18235522496028,0.040578876404767,0.609913530361074,-3.7303843390667
"LARP1",-1.20627259509667,6.62754239604088,-2.16864808618813,0.0437436823322766,0.609913530361074,-3.73231620196115
"SHMT2",-0.722083447758572,7.40967284217687,-2.17870929620353,0.040883347543108,0.609913530361074,-3.73631475722101
"FKBP10",-0.978607787386247,7.70353208053182,-2.17443335389369,0.041841656001603,0.609913530361074,-3.73663971569804
"HSPA8",-0.809259185462891,13.4403881818563,-2.17420125265436,0.0412626823670582,0.609913530361074,-3.74363945875785
"CDH1",1.23121588738006,9.52188138586374,2.17328367158369,0.0413402837043502,0.609913530361074,-3.74512926234529
"CUTC",-0.603783242593918,6.99437554145496,-2.1677300287158,0.0424141502572992,0.609913530361074,-3.74734517391644
"AMACR",0.922434995244152,6.81710017859898,2.1463457108645,0.0475146874392982,0.630987883403877,-3.75402838420372
"COL10A1",3.64007248009014,14.76469361363,2.1648493693311,0.0420598161454825,0.609913530361074,-3.75880606199609
"NNT",-0.856995776294712,7.86331024718151,-2.14509197326894,0.046675879607401,0.628509223014212,-3.76236768796942
"SERPINC1",1.22530273950086,10.598367114311,2.15556261896018,0.0428651958598025,0.609913530361074,-3.77382888914336
"PPIA",-0.934276547195637,12.8005525292525,-2.1553636107495,0.042882606509391,0.609913530361074,-3.77415039933193
"LMNB2",-0.701629836692646,10.0172234893683,-2.15289295617046,0.0430992911286795,0.609913530361074,-3.77814043161751
"STARD5",-1.38355665334432,5.66718384293423,-2.14348625531201,0.0459764862553893,0.624566422875722,-3.78020005100459
"FGF1",0.886674302756195,8.55886875880661,2.14944396894229,0.0434034376958652,0.609913530361074,-3.78370590177605
"ATP6V1G1",-0.744119685782299,7.70632004363476,-2.14808015631102,0.0435242399099792,0.609913530361074,-3.78590516071395
"ANXA4",-0.709839296970442,11.483445607474,-2.14501927859219,0.0437964718763975,0.609913530361074,-3.7908380529024
"F2",1.54877728043384,9.87651933773205,2.14187434124285,0.0440777845471028,0.609913530361074,-3.79590205168822
"KRT82",1.02253458817946,10.8163307124477,2.12648744906701,0.0454778365665412,0.624566422875722,-3.82061404575859
"NCALD",-0.646507263961872,7.51968242146523,-2.12527048535407,0.0455902648014983,0.624566422875722,-3.82256397815202
"ERGIC1",-0.989039711881761,7.28729091021321,-2.12012215549435,0.0466892565667701,0.628509223014212,-3.82282988172086
"LNPK",-0.669135693332308,6.69559079454635,-2.11063423501999,0.0482780771383756,0.630987883403877,-3.83150471102221
"CTHRC1",-1.62197959766051,5.67961625458729,-2.10116102334179,0.0499681032987247,0.640754772903905,-3.84490457251544
"AAK1",-0.926065417630396,5.23081152288237,-2.07270648938371,0.0547026282053064,0.645032282746892,-3.85381338898248
"PPP1R3D",1.1344354694706,6.74926048244806,2.10341746078639,0.047652312737308,0.630987883403877,-3.85746405205911
"APP",2.05930878970085,6.51935435313336,2.08483130613604,0.0524666230004694,0.645032282746892,-3.85988175046465
"PDAP1",-0.756204833184178,8.6501787142848,-2.10006207310732,0.0479762676355117,0.630987883403877,-3.86280333475546
"KRT10B",1.03502364829732,12.9507265719683,2.09974194036135,0.0480072791514913,0.630987883403877,-3.86331247669222
"CSNK1A1",-0.843933502833404,6.31396633860002,-2.06630982136284,0.0565054721609701,0.645273937831037,-3.86682722923866
"LYZ",-1.35235659576263,13.4592641010764,-2.09613369968741,0.048358062997003,0.630987883403877,-3.86904777945408
"UBE2I",-0.764359840745969,8.79307368812059,-2.09379212787756,0.0485869377090785,0.631205850150692,-3.87276648695892
"SNRPB2",0.904378422872583,6.93583653988783,2.08278983674104,0.0503105105541415,0.642376690551807,-3.87304890537953
"PKM",-0.562878152163565,15.2274132687872,-2.08967738243971,0.0489914929041154,0.632906222357799,-3.87929505351998
"ECH1",-0.703856216018917,6.91175368759175,-2.08814116532082,0.0491433066771938,0.632906222357799,-3.88173044008892
"COPZ2",-0.752768545645962,7.30013379233161,-2.07671728928529,0.0516287001896277,0.644479701670448,-3.88370717410779
"CACYBP",-0.813680324158504,6.94737342042758,-2.05975508790539,0.0533820130662521,0.645032282746892,-3.90205535938049
"HNRNPC",-0.775121515350305,10.7321765219278,-2.07390714937546,0.0505702056889606,0.642933170618196,-3.90424342636469
"GTPBP4",1.15527560120933,6.91627543258487,2.03915034140017,0.0622858053772464,0.645855707988214,-3.90865692531028
"ASPSCR1",-0.987208128404742,5.97018182505796,-2.05175842077928,0.0550238660747466,0.645032282746892,-3.90907195961393
"CORO1B",-0.795370353613386,7.9898065453971,-2.07024990856754,0.0509427881390711,0.644479701670448,-3.91001249570377
"APOO",-1.05671023073057,6.6928635755944,-2.04776438011385,0.0563462845670387,0.645273937831037,-3.91447270916622
"LARS1",0.75860167717815,7.46425783671431,2.06532727112773,0.0514481738041298,0.644479701670448,-3.9177676938761
"CFL1",-0.728449688117076,11.0113599221274,-2.0647968506415,0.0515028973939159,0.644479701670448,-3.91860264320601
"FAM171B",-0.725018512846268,9.46673201872541,-2.06216684331088,0.0517750079661301,0.644479701670448,-3.92274064240276
"TWF1",-0.737958924028725,7.72420131092856,-2.04351820342749,0.0551104660372356,0.645032282746892,-3.92662923769122
"PHGDH",0.644315787628256,7.57945222747381,2.0585929914585,0.0521468388688503,0.645032282746892,-3.92835841225279
"HABP2",1.37753027423568,6.73302959334762,2.04566931284426,0.0541603438428017,0.645032282746892,-3.93031464825758
"CPXM2",1.09032688752307,7.24835059372527,2.05490011062159,0.0525335672390449,0.645032282746892,-3.93415691037267
"BPNT2",-0.804579840504608,6.7290940373136,-2.04619482406799,0.054104044576056,0.645032282746892,-3.93808225160446
"SLC25A11",-0.761232518971685,6.75240500955068,-2.03542898816408,0.0559902456318555,0.645273937831037,-3.93882928704734
"DHRS11",-0.864250036090991,8.52482945316794,-2.04762899446176,0.0533025381921305,0.645032282746892,-3.94555489257667
"CST6",1.33902654187706,5.01420264882671,2.01895051981957,0.0617236131399033,0.645802512663271,-3.94705411436246
"TCP1",-0.669184355814563,13.410430052044,-2.04604888623239,0.0534709730219568,0.645032282746892,-3.94802847981475
"GLB1",-0.608989480336558,8.30926123638755,-2.03483126182543,0.0553332335208938,0.645032282746892,-3.95557914199404
"MFAP5",-1.33099103240476,7.7679500331624,-2.00763215332718,0.0618667953307671,0.645802512663271,-3.96400957013975
"CAPZA1",-0.609237166726408,9.26250226116263,-2.03574810492398,0.0545807300584851,0.645032282746892,-3.9641245051347
"CMAS",0.714615526218492,8.93094268677814,2.03397874957205,0.0547734115406283,0.645032282746892,-3.96688416174657
"MXRA5",-1.39074541719377,6.30590375705267,-1.99591879268532,0.0712763235727581,0.683622574626306,-3.96761195543504
"AP1B1",-0.729683278068702,7.77121730499998,-2.02492716289528,0.0564249097794624,0.645273937831037,-3.9707801744508
"SPP1",-1.63047843417211,8.55751968266943,-2.03099947712394,0.0550992264261633,0.645032282746892,-3.97152750330136
"HS3ST3B1",1.18884201457194,8.83065101177248,2.02904479527216,0.0553139314354581,0.645032282746892,-3.97457163683105
"HNRNPR",-0.61394486683212,10.6352273838176,-2.02730828427299,0.0555052989523376,0.645032282746892,-3.97727444764687
"CUL1",0.897753083512489,6.19100279568885,1.96841680853745,0.0725375667895275,0.689454508622506,-3.98016827341595
"ATP6V1D",0.762417862065504,7.53440589995153,2.01698918780438,0.0573137517652369,0.645299225692582,-3.98757319714472
"MAP3K20",0.689141733955354,7.63494440343512,2.01048248884915,0.058783463653014,0.645316621283087,-3.98841397938296
"TXN",-0.959332456801271,12.2933199174677,-2.01731436211472,0.0566181901783934,0.645273937831037,-3.99280109754076
"PLEKHF1",0.882597310351154,7.24832863638903,2.01545446605718,0.0568274862896577,0.645273937831037,-3.99568527415167
"LOXL1",1.00544779266302,5.6886415553844,1.98012648873883,0.067677723043898,0.673382026941795,-3.99602340784072
"ANP32A",-0.812693286069862,9.70586912703874,-2.01252769979934,0.057158236122581,0.645299225692582,-4.00022044012691
"DEFB4B",-2.52697269441573,11.6785968909127,-2.00501216844982,0.0586785726050811,0.645316621283087,-4.00120758705797
"MPP7",1.06764029924351,5.65196650015732,2.00630553375131,0.0585298034011078,0.645316621283087,-4.00392101150234
"RPL5",0.864348582203857,10.5127287691217,2.00969108329137,0.0574804352297594,0.645299225692582,-4.00461190900085
"VPS45",-0.896979993645267,5.80454492562211,-2.00156448600344,0.0590767934415925,0.645693301726511,-4.00645623558056
"STT3B",0.64460863544837,8.66884345445765,1.98768713615385,0.0614443827117462,0.645802512663271,-4.01024430341886
"THRAP3",-0.653127086861566,7.51470475818148,-2.00451943544827,0.0580720291757163,0.645316621283087,-4.01260815226589
"VASP",-1.03469753953593,7.39511235121826,-1.9966475248226,0.0596488963342524,0.645693301726511,-4.01393193295012
"SAFB",-0.932180728267627,7.03061150913503,-2.00341797285047,0.0581987259223036,0.645316621283087,-4.01430949944498
"FLNB",-0.942544099049297,8.85753527179574,-2.00058489629774,0.0585257348698067,0.645316621283087,-4.01868279279966
"NUCB2",-0.912167405411115,7.22011586239078,-1.9804943737906,0.0623060800647454,0.645855707988214,-4.02091498744324
"CBFB",0.698635835565684,7.61346297334668,1.98827672014822,0.06063424348523,0.645802512663271,-4.02663238198988
"PTRHD1",-1.06533424722507,7.30505297255098,-1.98778910934466,0.0606920860792983,0.645802512663271,-4.02737117055411
"PROC",1.23214366691818,5.72256122449475,1.99343643420107,0.0593581312737347,0.645693301726511,-4.02969991481709
"PAK2",-0.510034446884466,7.13109605026466,-1.99064577239786,0.0596859354537111,0.645693301726511,-4.03399397264115
"IDH2",-0.742443451323587,7.93267227689888,-1.98754206025581,0.06005240204157,0.645802512663271,-4.03876518035789
"ZC3HAV1",1.09832409767623,7.51556424607503,1.90580382286346,0.0737185139526541,0.694764769271501,-4.04094796494069
"METAP1",1.15845564858835,5.99492700661648,1.95202644917471,0.0686510501716272,0.673926868055314,-4.04220841380519
"SEMA3C",0.992099893955226,10.3042809492484,1.98338428148161,0.0605464600743584,0.645802512663271,-4.04514923855677
"CTSD",-0.733774950912802,10.3027673959635,-1.98052502824944,0.0608883102360247,0.645802512663271,-4.04953446679855
"COL11A2",-0.824727766237978,11.5345183567685,-1.97413930124984,0.0616579788833174,0.645802512663271,-4.05931345294706
"VAPA",-0.861631575274131,6.789032554255,-1.97384451361922,0.0616937171040675,0.645802512663271,-4.05976439115509
"MAP1B",-0.931928629400722,6.493102613228,-1.95910817563229,0.0635038439606304,0.655985888134984,-4.08225080115928
"UBL5",1.4437307437238,7.04414529125497,1.90768036516408,0.0757506580832801,0.694764769271501,-4.08696226187042
"UBXN7",-0.821701618035487,6.28521049893146,-1.88660821075769,0.0817292516533315,0.704766735271482,-4.09345331748127
"CST3",0.885134777215252,8.91678084411894,1.95152642258274,0.0644533492350069,0.663478214000905,-4.09377704858492
"SERPINB12",1.08059766924582,7.55469939714385,1.90592661778044,0.0773854635993391,0.698806811873655,-4.09493449717097
"LOC100061787",-0.733219620108072,6.89512580982487,-1.94976931211364,0.0646751872471471,0.663478214000905,-4.09644413724744
"MTURN",2.1856415223276,6.94107204620065,1.93562379724442,0.0679292348527147,0.673631578956087,-4.0999213867461
"LOC106783161",1.05180788533496,7.36020348186487,1.90349164003552,0.0763308441681802,0.694764769271501,-4.10559604839188
"HNRNPH3",-0.712752598002499,7.75012687854544,-1.94178950916507,0.0656911706986871,0.670048598420006,-4.10853668722778
"CHMP1B",-0.955933532527666,8.82902467906877,-1.94120521079738,0.0657661145339972,0.670048598420006,-4.10942084796402
"ASPH",-0.773561955204137,9.17103328765105,-1.93601894497187,0.0664346384498414,0.672481183950301,-4.11726102063008
"NUCKS1",-1.14553076646281,7.22412931417844,-1.93584654440624,0.0664569640609709,0.672481183950301,-4.1175214040677
"HSPB6",-0.9760380358895,7.6813038640002,-1.9253019592199,0.0685235368328143,0.673926868055314,-4.12109276146097
"HSPD1",-0.881942492083149,8.72431812427271,-1.93083733438838,0.067108548292088,0.673382026941795,-4.12508032200068
"FAM120A",0.503133331292241,7.20676739908974,1.92798427234303,0.0674821813780546,0.673382026941795,-4.12937981137599
"CTSB",-0.890540830514457,8.97183760844333,-1.92796131351627,0.0674851954630346,0.673382026941795,-4.1294143926436
"TMA7",-1.08336685739286,7.63223990809473,-1.92671341622442,0.0676492008984943,0.673382026941795,-4.13129360208
"ATP13A1",-1.52578116042001,5.35907864947615,-1.88141596773444,0.0794549933067228,0.703711205609865,-4.13534075904922
"PDIA3",-0.711616627913676,10.7830835464865,-1.92159574197376,0.0683254758366764,0.673926868055314,-4.13899186623332
"MAN2B1",-0.598983669934006,7.32519238792232,-1.91118572056302,0.0704119782086663,0.680045674301272,-4.14199828817136
"LEMD3",-1.12461160828921,4.9904756158079,-1.88790034473097,0.0762194403058078,0.694764769271501,-4.14357849934389
"FBLN5",1.36164966860496,9.03812910987971,1.91690455616402,0.0689506198409389,0.673926868055314,-4.14603662827373
"CPNE8",0.692950551848761,9.20349534808999,1.91585133410614,0.0690916621031498,0.673926868055314,-4.14761667804638
"PPP1R12A",-0.918709640041459,5.67920899703186,-1.88250513247526,0.0760255598442222,0.694764769271501,-4.15495750804352
"CDS2",0.860639716950125,5.8614615119008,1.85789019160528,0.0816725581446196,0.704766735271482,-4.1567211168266
"C1QA",0.903335373087059,8.69425177472974,1.90845085832135,0.070089880893677,0.680045674301272,-4.15870257638661
"S100A16",-0.815962260800654,8.11564759399808,-1.90567894464189,0.0704670266584034,0.680045674301272,-4.16284751680887
"PTBP1",-0.604764040088148,9.49751870837149,-1.90446091283167,0.0706333154148212,0.680045674301272,-4.16466760764693
"TMSB10",-1.2931051292023,6.9148806275378,-1.88140693324625,0.0761824154754162,0.694764769271501,-4.16883326201713
"MDK",-1.41936446482366,5.58694507850002,-1.82410242866292,0.0911807553433975,0.709739383913732,-4.17053375942747
"GSN",-0.706525054760649,12.9271888058111,-1.89841083577838,0.0714644103222794,0.683622574626306,-4.17369660608151
"TMOD1",-1.38272324023683,4.83405542526487,-1.8457138396239,0.084750296172279,0.70614170188249,-4.18303725339027
"MATN4",-0.856269726528062,12.3289140843046,-1.89102852527055,0.0724901416596276,0.689454508622506,-4.18468764786201
"TXNDC17",-0.981904643235908,9.77115551766638,-1.88897861551955,0.0727772482181451,0.689529660665546,-4.18773450956549
"USP47",0.695035385216366,5.64771437481674,1.81380349322721,0.0911783650116097,0.709739383913732,-4.19780086498345
"SNRPD3",-0.719327053627321,9.93328863275307,-1.8793332881118,0.0741415856624446,0.694764769271501,-4.20204077792012
"CNPY2",-1.07145980904977,8.4800441586129,-1.87862605136005,0.0742425012126922,0.694764769271501,-4.20308782516068
"GPD2",-0.867902843411888,5.73310652668457,-1.80432149366811,0.0962991906349618,0.716770092255841,-4.20363848093795
"FASTKD2",-0.616603253306559,8.79966351697488,-1.82803413369942,0.0874872223035126,0.706388658951336,-4.20646520455278
"TPM1",-0.734356350618665,9.15218025765661,-1.8612728861976,0.078242330778181,0.703235450347699,-4.20803086406311
"CHD4",-0.696817421140166,6.25805385468276,-1.84646022988039,0.0813254929367388,0.704766735271482,-4.20974947953542
"XYLT1",1.08620872940964,8.71930772424655,1.87406292871851,0.0748965104822751,0.694764769271501,-4.20983699644735
"SSB",0.870283568981678,7.43471133698123,1.87305290275587,0.0750419524851296,0.694764769271501,-4.2113293886623
"CYTL1",-1.20183196226796,12.0313583883556,-1.87214638363378,0.0751727001810789,0.694764769271501,-4.21266837617446
"H6PD",0.984291386554326,5.60116796827607,1.83661233040935,0.0838056460756203,0.70614170188249,-4.21474167613313
"CYP2U1",-0.60903893734807,8.86941253574711,-1.86782530462237,0.0757986757734872,0.694764769271501,-4.21904483311646
"ACSL1",-0.724839437923428,5.81331032073907,-1.83487863085994,0.0830961574136253,0.70614170188249,-4.22180439605313
"COPE",-0.692426282897545,12.4131377984478,-1.86393774811778,0.0763657410258087,0.694764769271501,-4.22477298439455
"RAB35",1.43026245343678,6.02240265184402,1.85224611112341,0.0788013944908681,0.703711205609865,-4.22819045133882
"OSGEP",0.742839827785925,6.26737004258575,1.82866077945194,0.0840606845577498,0.70614170188249,-4.23045123934598
"SRSF9",-0.710395190581486,7.94376564427202,-1.85897561181609,0.0770949382140975,0.698806811873655,-4.23207265578063
"SH3GL1",-0.652281561386546,8.37940257899139,-1.85613769656609,0.0775147051826239,0.698806811873655,-4.23624146366621
"CCDC97",0.765309209211403,6.07545172164897,1.80471042065027,0.0878682930036535,0.706388658951336,-4.23708143158009
"XYLB",-0.849554404605491,6.13425079300623,-1.77921216720097,0.0954569277936688,0.716202269650661,-4.24226878442478
"GCHFR",1.13854322914538,6.43910577106362,1.79230495853915,0.0919995259913553,0.709739383913732,-4.24370686445343
"ATP2A2",-0.629481567344671,6.50507959769618,-1.84119930191024,0.0804677705905002,0.704766735271482,-4.24414489216461
"PKD1",1.14224508632789,6.38055071175362,1.76209234859673,0.101516141072864,0.724237747004276,-4.24950239010458
"HSPA9",-0.69011623917337,8.47370755177057,-1.84595524596618,0.0790373011625461,0.703711205609865,-4.25116323734937
"SNRNP40",-0.570473309331011,6.83036829595655,-1.8438561298874,0.0793544083517394,0.703711205609865,-4.25423235978217
"CBR4",-1.17640066628351,6.83395873851565,-1.79155825824364,0.0933831568924469,0.710355336991171,-4.25438879409702
"TPM4",-0.71000415823274,9.00414221633458,-1.84204143461119,0.0796294423126071,0.703711205609865,-4.25688369408491
"GAPDH",-0.530916695051291,14.7903731800393,-1.84148123765232,0.0797145130388317,0.703711205609865,-4.25770179881429
"BMP1",0.812003745100936,7.13804238987301,1.81051197832595,0.0869323684188935,0.70614170188249,-4.25980515500977
"EIF4A3",0.576610050167579,8.24033596525421,1.83745223461603,0.0803286882843091,0.704766735271482,-4.26358065459191
"ACAA1",-0.795637768049604,6.20979352946244,-1.8197376033171,0.0845838106162214,0.70614170188249,-4.26722640438369
"MBNL1",-0.747789468553283,8.09960034139977,-1.83478139435363,0.0807380953615626,0.704766735271482,-4.2674728738055
"SCUBE1",1.21560053575355,8.00421141947359,1.83194921691153,0.0811742169150799,0.704766735271482,-4.2715959384307
"FAM32A",1.05958002567802,5.41400118420306,1.76011944531098,0.0987439207415174,0.717719325293036,-4.27431014674481
"RSU1",-0.506529495974625,9.60729612147592,-1.8297129720537,0.0815200190872904,0.704766735271482,-4.2748483373372
"DPYSL2",-0.610449394568883,11.237741798826,-1.82664372620795,0.0819967187294826,0.705029590231823,-4.27930777755644
"FURIN",0.958635558751624,9.74636691719122,1.81035617398243,0.0860768556081313,0.70614170188249,-4.28047432041445
"SDK2",-0.855484765400811,6.99475015757432,-1.81436014849235,0.0846451757381828,0.70614170188249,-4.28263874071776
"TRADD",-0.667872201560377,5.75416992207535,-1.80459579833346,0.0870049641770465,0.70614170188249,-4.28364974738027
"VDAC1",-0.668391563629586,9.05424516951613,-1.82219533970903,0.0826919213123326,0.70614170188249,-4.28576181909271
"FKBP4",-0.473083115689218,7.72978478649267,-1.82151747369633,0.0827983080828152,0.70614170188249,-4.28674435747055
"STC2",1.31664486474837,8.11731919664726,1.7837958917205,0.0923063813660075,0.709739383913732,-4.28675097115109
"SAT2",1.01858644512364,6.62658967164131,1.7354747252032,0.106264007034391,0.724237747004276,-4.29225477177341
"WDR82",0.696495151750024,6.41425186363963,1.80572991677196,0.0860279732673584,0.70614170188249,-4.29493486519792
"CCT6A",-0.449542738526379,8.52305448551699,-1.81446744216721,0.0839118340104715,0.70614170188249,-4.29694801449533
"PPP1R12B",-1.38945621796695,5.95009275971618,-1.71366189061556,0.11225848171273,0.724444648796902,-4.30167908760634
"AK1",-0.572947588000275,10.7545441515638,-1.80924729237507,0.0847446915647227,0.70614170188249,-4.3044854854222
"CSTA",1.28984431239822,6.40183411959299,1.67736891107692,0.117316718065878,0.728637236421687,-4.30598959043143
"LOC100053468",0.837256549251865,12.5391638381561,1.80759288471469,0.0850101388320217,0.70614170188249,-4.30687115307767
"RAB7A",-0.444375999618776,9.88651680949486,-1.80753799586406,0.0850189580103401,0.70614170188249,-4.30695027707098
"LOC100057176",-1.17938816095356,7.61910354782449,-1.74566929356989,0.0989031061106304,0.717719325293036,-4.30819576172563
"CEMIP",1.37682550970955,8.3522243748244,1.79022273185143,0.0893588620443149,0.709739383913732,-4.30875095324577
"SUMF1",-0.985245301598334,6.61503883398671,-1.70608873121541,0.113692854365227,0.724621521570098,-4.31045518982343
"TMOD3",-0.635416200931552,6.71303194971905,-1.78425715264434,0.0903520063521097,0.709739383913732,-4.31208241516787
"NPLOC4",0.633402582406855,6.59177895312152,1.79288773452026,0.0881219729483054,0.706388658951336,-4.31315770569419
"FARSA",0.71464395631501,7.41371522889893,1.80209882908413,0.085896830467894,0.70614170188249,-4.31478267446625
"SNRPC",-0.735743406011159,7.41600266358689,-1.79163696828132,0.0883282625646712,0.706388658951336,-4.31492774630318
"RPS15A",0.766191220718045,9.30743048000346,1.80099265347368,0.0860763233078181,0.70614170188249,-4.31637354556895
"PGP",-0.580949752697061,7.30748881522861,-1.7879837454694,0.0889331905700242,0.709319683500864,-4.32009278785645
"LOC100068317",1.01515245423856,7.57174479471968,1.79695903803536,0.0867335900783571,0.70614170188249,-4.32216877999349
"LMCD1",-0.575848129245182,10.7750439947687,-1.79538903010369,0.0869905909016134,0.70614170188249,-4.32442200027397
"IDH1",-0.512405223479585,10.0609267318736,-1.794657336104,0.087110589778445,0.70614170188249,-4.32547162950919
"DAG1",-0.856267046750441,6.48537370616977,-1.75889353399273,0.0955738827063235,0.716202269650661,-4.32616270976021
"PCCB",-1.6461485822129,6.60674790872266,-1.69921727136331,0.111363579708156,0.724406823224322,-4.32796359295436
"DCPS",-0.553896245512805,6.99468687054643,-1.77142685244164,0.0925205214519028,0.709739383913732,-4.32990684523031
"PFKFB3",0.823003948584366,5.94292053680923,1.7288194913364,0.10307289071715,0.724237747004276,-4.33266635721491
"FBLN7",-0.90732029061755,9.36881985400041,-1.78858662970976,0.0881117299180823,0.706388658951336,-4.33416857560736
"NUP58",-0.834579960257109,7.49825054597459,-1.70748954750226,0.109784689313971,0.724237747004276,-4.33521650024259
"FAM180A",-0.723715006920136,7.0610417064242,-1.7515938912418,0.0968543116258312,0.716770092255841,-4.33603506482123
"LAMP2",-0.909586276883375,7.66420969474204,-1.77559253136937,0.0910118387249025,0.709739383913732,-4.33755762475948
"ACTG1",-0.806379111373252,13.6686015747426,-1.7685754064262,0.0930085448946123,0.709739383913732,-4.3389157265764
"NRADD",1.86860161406043,6.04872057780299,1.67406581108498,0.122256168441052,0.733335608685365,-4.34207238251317
"LOC100050685",1.21110247465904,12.3956056113427,1.78047805379096,0.0894644471199159,0.709739383913732,-4.34575260140271
"ALB",1.33789321494681,15.8662562271959,1.77751965763695,0.0899624290411439,0.709739383913732,-4.34996975387581
"FLOT1",-0.747947158374115,6.37625968360856,-1.7401544166752,0.0988908284502142,0.717719325293036,-4.35145116159678
"GLS",-0.490900762410505,6.57330669469108,-1.74003334389387,0.0989125792840823,0.717719325293036,-4.35161396040784
"TBL1XR1",1.16412499647071,4.37835573274641,1.7136710681096,0.105880911053576,0.724237747004276,-4.35213975725277
"GSR",-0.430716466929436,7.91765619281092,-1.77279547654596,0.090762602530617,0.709739383913732,-4.3566937186983
"SEC24B",1.04828806333211,5.65001069020686,1.62474983590069,0.130151820295451,0.733335608685365,-4.36021519461612
"LMNA",-0.773307169325071,12.5767494916576,-1.76802238676741,0.0915772860129953,0.709739383913732,-4.36347441335064
"ITPA",-0.656448455989758,7.18426871424742,-1.75629238943312,0.0943331583598104,0.714099608448946,-4.36459215661323
"DDX27",1.14164911758122,5.62142988663918,1.70434258651898,0.108922463095584,0.724237747004276,-4.36663063641397
"TGM2",-0.59336747984172,9.15767828708225,-1.76561861788788,0.0919899482271082,0.709739383913732,-4.36688431552829
"RUVBL2",-0.404197612286784,8.11472040276764,-1.76251302237969,0.0925254658809554,0.709739383913732,-4.37128492141611
"DST",-0.916417201939603,5.65722839851567,-1.6554137997399,0.121748752140864,0.733335608685365,-4.37169571376798
"ANKMY2",-0.769381139334048,5.73606188605016,-1.61351748726595,0.132581725526332,0.733335608685365,-4.37211314171493
"PUS7",0.844572590794057,7.77925550199442,1.7610518865589,0.0927783459772646,0.709739383913732,-4.37335343327976
"CAV2",-0.943681499117439,8.4067272050844,-1.74960343650207,0.0955083961236166,0.716202269650661,-4.37391350478289
"HSPA1A",-0.471074244649647,13.7312066772068,-1.75953522233149,0.0930414654542371,0.709739383913732,-4.37549926392221
"CACNA2D1",-1.01148860424418,6.92373956162107,-1.5848503073874,0.136996629070358,0.733335608685365,-4.3755300250533
"UNK",1.91263459252759,8.99177836120387,1.66377205283992,0.120044509439436,0.733335608685365,-4.37809225043546
"CWF19L1",0.6338235514521,7.34982206990731,1.75632929308782,0.0935997620506013,0.710355336991171,-4.38003079030933
"LOC100058979",0.780052326602143,6.62006463401419,1.74040219892114,0.0971456326254356,0.717116395366287,-4.38669504455601
"ATP2B4",-0.876268516042827,8.07707421413063,-1.74945801817287,0.0948060722884586,0.715858033142549,-4.38972334339455
"TNFRSF6B",-1.14176285577946,5.31403579112179,-1.68110944331901,0.111009214330739,0.724237747004276,-4.39511271851084
"PDHA1",-0.678696804336729,8.26453845635839,-1.74358491621178,0.0958477089594509,0.716449583302428,-4.39798633251194
"HMGN2",-1.09953645065178,10.0925960277466,-1.73970186947036,0.0965417767481797,0.716770092255841,-4.40343852977187
"APOA1",1.06702959743483,14.2225987042902,1.73878958654263,0.0967054650626582,0.716770092255841,-4.40471820282605
"MMP19",1.09801810425022,6.70569749926375,1.70268388234407,0.10582298056341,0.724237747004276,-4.40604690959981
"ARHGAP17",-0.854838528851427,6.11970853501063,-1.66694825116058,0.116248190720904,0.725077675187769,-4.40675102756645
"CRIP2",-1.18546667729121,7.23006987427439,-1.73502639877472,0.0973832012531024,0.717116395366287,-4.40999178301733
"HAT1",0.876897340576605,5.6629330242472,1.6709887945881,0.11200912224645,0.724406823224322,-4.41371354354667
"RPL15",0.710921962211429,10.3682504679699,1.73017820510747,0.0982623403049152,0.717719325293036,-4.41677372334398
"TRIR",-1.11670703900014,6.98428316563986,-1.68427855898036,0.10937853567535,0.724237747004276,-4.41686455042494
"APOC3",1.21215931763426,7.54751205373637,1.69969300936439,0.105493099953428,0.724237747004276,-4.41780071210097
"PTGR1",-0.834213285004321,7.10547302495676,-1.71687414225184,0.101442275908387,0.724237747004276,-4.4191616172883
"SRSF6",1.5682296030824,7.31205487780878,1.72730537300008,0.0987864809313153,0.717719325293036,-4.42078595603454
"YIF1B",-0.958590317935768,5.82315025175512,-1.68609240241217,0.109023641507391,0.724237747004276,-4.42338020087142
"LSM12",-0.850776198502934,6.68167952159169,-1.63326786853522,0.124675902267907,0.733335608685365,-4.42513258994216
"UROD",0.61327295392607,8.08492060738316,1.72390668333685,0.0994096514868598,0.719571078280798,-4.42552639216881
"GGT1",-0.5722190336513,7.28000796971166,-1.72146641557961,0.0998591610840037,0.721070398604153,-4.42892587549005
"CYB5R1",1.10040216604843,5.61198770716472,1.60412278362939,0.132676226644805,0.733335608685365,-4.43066320807197
"SLC29A1",-1.08467017047935,10.8032688251859,-1.71957983870828,0.100207868322146,0.721836339608681,-4.43155163654853
"LARP6",0.708485580737109,6.40731964531263,1.66263420907656,0.114700393082714,0.724621521570098,-4.43408912454622
"PLEC",-0.532649096381927,9.92131313010781,-1.71732545019954,0.100625925036318,0.72309692507982,-4.43468658846658
"CCN5",1.00968521428735,8.29432489653394,1.67994419303127,0.110230605253528,0.724237747004276,-4.436111174425
"RCN3",-0.712641774056616,9.67221358906406,-1.71330521088507,0.101375142370087,0.724237747004276,-4.44026973329118
"A0A5F5PY83",1.66910868916519,7.51222118591226,1.59170142324322,0.137414562677097,0.733335608685365,-4.44043203713527
"TMED10",-0.757859769744244,8.18820420136992,-1.70966632509571,0.102057392355037,0.724237747004276,-4.4453150804286
"YTHDF3",-0.747272958003109,5.56012347252444,-1.62107271013682,0.125814564249219,0.733335608685365,-4.4467015162545
"SF1",-1.03796035328906,7.30973237155532,-1.70858464586573,0.102260949037977,0.724237747004276,-4.44681333540616
"ALYREF",-0.665584542852669,7.94356409617304,-1.70441357727556,0.103049131291178,0.724237747004276,-4.45258430505302
"ADAMTSL5",1.27161805026383,7.55922396610096,1.6913973391236,0.106277390625661,0.724237747004276,-4.45396221277286
"MAMDC4",-0.841743701441675,8.96359655096975,-1.70062371000108,0.103769765783906,0.724237747004276,-4.45781894676787
"DDX46",-0.589848505176929,6.46365875417313,-1.68703476601736,0.10712476598969,0.724237747004276,-4.45988395612145
"NPTN",-0.86572077693135,7.3006132398736,-1.69891027525357,0.104096978443786,0.724237747004276,-4.46018278838868
"DDX5",-0.637614799852801,10.2368964128026,-1.69795494352061,0.104279798388601,0.724237747004276,-4.46150000176892
"GLOD4",-0.456197098448283,10.3235694034055,-1.69501308995861,0.104844493520026,0.724237747004276,-4.46555283674517
"EBP",-1.1082007425585,5.95980763785742,-1.63725914225976,0.11994120972137,0.733335608685365,-4.46641259189431
"DNAJB11",-0.864627746836501,6.22240533134728,-1.6939843469811,0.105042576315959,0.724237747004276,-4.46696886913615
"ARMC10",-0.629942559810562,5.29078817605625,-1.65463796893553,0.115319692406027,0.724621521570098,-4.46923955759139
"USO1",-0.459257479902048,6.65910255977808,-1.69225132040002,0.105376988005094,0.724237747004276,-4.46935290413912
"PSMD6",1.08377053381044,6.68684946537222,1.67085093428915,0.110318742546332,0.724237747004276,-4.47050669752944
"DECR1",-0.648483050356327,8.20207664011211,-1.68969084109523,0.105872725801458,0.724237747004276,-4.47287195452091
"MAPRE3",-0.727203224154474,6.90780252853636,-1.60156658226046,0.128795356634834,0.733335608685365,-4.4750457454331
"HSD17B11",-0.662852137686055,7.28912645999146,-1.68711763401544,0.106372924658713,0.724237747004276,-4.47640456514605
"S100A8",-3.06997412925754,8.46145785986304,-1.61379945147323,0.126104444230933,0.733335608685365,-4.47772226059875
"SPR",0.731274167848447,8.48399291630786,1.6859813869197,0.10659443528963,0.724237747004276,-4.47796319845833
"ALKBH5",0.697672480141768,6.50815268224039,1.67302640800271,0.109884743103735,0.724237747004276,-4.47882427802926
"TPI1",-0.744370378322016,13.1210657560129,-1.68494088673579,0.10679762387777,0.724237747004276,-4.47938981651465
"RANBP1",-0.801446975568792,8.44910569773326,-1.68351035120073,0.107077515682523,0.724237747004276,-4.48135015255396
"PLG",1.20464322946919,9.93582080721281,1.68173922884507,0.107424908219589,0.724237747004276,-4.48377551832614
"HSPA5",-0.675077656155985,11.3178670873794,-1.67990120554757,0.107786434484158,0.724237747004276,-4.48629051458157
"PDCD5",-0.795502426885747,8.15710429577154,-1.67764746770295,0.108231138168524,0.724237747004276,-4.48937157959981
"PSPH",0.691994544727885,7.45713706486831,1.67433507193914,0.108887559667424,0.724237747004276,-4.4938944009761
"F6V4F0",-1.13569608479674,8.44362438109996,-1.64454008976331,0.11649987520664,0.725077675187769,-4.49604750963389
"CPVL",-1.62041610211571,6.9374352020429,-1.62943802405724,0.120585176275033,0.733335608685365,-4.49707271918301
"EIF5B",0.683824276454246,6.79634606688527,1.65061293758394,0.114426385476749,0.724621521570098,-4.49751183850132
"TRA2B",-0.541330225614464,7.58125351684632,-1.67105686129894,0.109540528066761,0.724237747004276,-4.49836405993291
"TPPP3",-1.41742808831524,8.57415096433563,-1.6710166514197,0.109548557809411,0.724237747004276,-4.49841884377987
"F8A1",-1.40959653493496,3.76036205713188,-1.51068885229531,0.153089762390425,0.747120230828744,-4.5008605088592
"GPNMB",1.33355547816625,8.6559859612257,1.64806780532682,0.114952021930567,0.724621521570098,-4.50089104456203
"HYOU1",-0.746995017155712,6.41074584118748,-1.64774056065879,0.115019754582767,0.724621521570098,-4.50132525550079
"KANK2",-0.995731210803579,5.48351947781957,-1.56336995962759,0.140266100767704,0.737812635789024,-4.50150494436994
"ITIH1",1.24715054185772,9.50785135375114,1.66810916054138,0.110130495122744,0.724237747004276,-4.50237756877194
"DNAJB1",-0.514933253926706,8.77740000356849,-1.66736938224902,0.110278979801689,0.724237747004276,-4.50338400942772
"SEC14L2",-0.65390088782127,7.22827226552568,-1.62298793287689,0.121965278184858,0.733335608685365,-4.50535041433952
"AGT",1.45727475092097,9.9364557591587,1.66514103781058,0.11072726725796,0.724237747004276,-4.50641359526153
"ACY1",-0.659330037419248,8.45904979272978,-1.6641242480654,0.110932332178956,0.724237747004276,-4.50779499494543
"PON1",1.19784640954006,7.17188390075583,1.61755360990861,0.123138412433486,0.733335608685365,-4.51230646760141
"SAFB2",-0.606455044218245,8.24588477095361,-1.66052438629233,0.111660933722605,0.724406823224322,-4.51268071032921
"FKBP7",-0.695095578340423,7.00364064546483,-1.62714476615321,0.120167771136192,0.733335608685365,-4.51357023353824
"STRAP",-0.522799612873436,7.26950784887064,-1.65979793532793,0.111808455218006,0.724406823224322,-4.51366569622608
"NMT1",0.688841439941956,6.38968954028438,1.59378765382704,0.130531817540093,0.733335608685365,-4.51402932048921
"IMPACT",0.774804099241715,5.44211712461158,1.58145199578451,0.134613018289584,0.733335608685365,-4.51876089621238
"PLCG2",0.608181682907892,8.6391247620776,1.65424663442848,0.112941218203065,0.724621521570098,-4.52118208486547
"PAPSS2",0.709984843911552,8.74347147519355,1.65398735288234,0.112994361779636,0.724621521570098,-4.52153269199098
"MATN1",-1.32097666099119,6.90223616123103,-1.59589521475832,0.12892181488234,0.733335608685365,-4.52268420981881
"HSD17B8",-0.586940380157587,7.08585126719482,-1.6244215262308,0.120750733918173,0.733335608685365,-4.52771508132905
"TONSL",-1.41132265295844,8.82075961359758,-1.56659191336337,0.1367596717577,0.733335608685365,-4.52778521209556
"APOD",1.1891262310671,10.0083288098086,1.64878922728666,0.114064260082256,0.724621521570098,-4.52855311404543
"ST13",-0.731191898283526,11.5003753197669,-1.64660618233465,0.114516126332736,0.724621521570098,-4.53149656406788
"EMILIN3",-1.32879525409378,7.9876942768609,-1.64435339314494,0.114984011648693,0.724621521570098,-4.53453100749144
"PRPF3",0.983317552094293,7.54426660338243,1.53982741317617,0.145879311251303,0.73985399123222,-4.53475635392937
"SRSF1",-0.673689756589436,10.0717260439349,-1.64356253848696,0.115148647449074,0.724621521570098,-4.53559553239048
"ARHGDIB",1.18580732690543,5.78382005984806,1.6024170151691,0.126456498795756,0.733335608685365,-4.53648228203532
"RFLNA",-0.860651357259228,6.43606292752888,-1.64210637837264,0.115452302932513,0.724621521570098,-4.53755458895329
"SBSPON",-0.88164636290765,4.89791919072768,-1.59091075280652,0.130041533611339,0.733335608685365,-4.53789082258869
"CXorf38",0.616738091105123,6.65687691408212,1.60602790202381,0.124751136777413,0.733335608685365,-4.5408814847431
"YTHDC1",0.669061037488943,6.70369990779685,1.54811227888933,0.141133371310696,0.73985399123222,-4.54261053727013
"IGF2",-0.817502689664621,6.63834291674392,-1.63723562838562,0.116472918561264,0.725077675187769,-4.54409807488122
"COL2A1",-1.41733079438444,15.9646636194507,-1.63717629555561,0.116485397857486,0.725077675187769,-4.54417769459189
"ELP1",0.718053237660411,5.76345389701446,1.48362916047491,0.165959243899156,0.763446439273743,-4.54824200405206
"SGSH",-0.892786261861167,6.19306722856722,-1.55670489315369,0.140370403985408,0.737812635789024,-4.5484884919607
"DCHS1",0.783835013350113,5.71570447042232,1.58125197654767,0.132234714071854,0.733335608685365,-4.54994779038478
"PPP1R1B",-1.27338588024808,6.24351591107005,-1.54607962508006,0.142905689221837,0.73985399123222,-4.55351838031302
"CRK",-0.66277603417075,7.06415317229085,-1.62986968254721,0.118030807084919,0.731059174390827,-4.55396606126965
"LXN",-0.532747231045418,9.48093223345782,-1.62908338577774,0.118198138783861,0.731059174390827,-4.55501747695595
"LOC100068926",-2.12324397075828,8.77017075206335,-1.51821487922022,0.14973887659196,0.743537571646188,-4.56827314489161
"QRICH1",-1.052827974,4.33364590978975,-1.38089182055855,0.192466953795445,0.783980725529609,-4.57126045067087
"CNDP2",-0.53433073100101,10.2105588577123,-1.61558384533982,0.12110222254196,0.733335608685365,-4.57300928604633
"TNS2",-0.474430270120668,6.0820400217237,-1.56944403282584,0.133946339628907,0.733335608685365,-4.57315838085382
"CNMD",-0.937807359776205,12.2337519130173,-1.61398439836429,0.121450237534206,0.733335608685365,-4.57513352183322
"ANGPTL7",1.35256389196507,7.50021661292585,1.59034858254504,0.128248799234004,0.733335608685365,-4.57744318448451
"MOXD1",0.976723540029558,6.26545755237759,1.56476771678968,0.135038143611145,0.733335608685365,-4.57900253284711
"FRG1",0.929330421769074,6.8765261166667,1.57974208239617,0.13066124373922,0.733335608685365,-4.57988149698142
"NUB1",0.490409292988887,6.95060164654548,1.60850782966819,0.12264821245819,0.733335608685365,-4.58239497082037
"RAD21",-0.591056853873867,6.98827549365028,-1.56136989026121,0.135836122469933,0.733335608685365,-4.58324096101631
"CSRP1",-0.568218893319957,10.2040005737965,-1.60771871428112,0.122821641304483,0.733335608685365,-4.58343973318859
"ECI1",-0.736492423076047,7.80417998866661,-1.60710215765048,0.122957288736089,0.733335608685365,-4.58425576409918
"MACROH2A1",0.512380388071944,11.0311901708342,1.60551558832279,0.123306923730394,0.733335608685365,-4.58635454822826
"ERP29",-0.748966988343243,10.1322033727797,-1.60517967007966,0.123381057293339,0.733335608685365,-4.58679871478731
"TIGD5",-1.06132638305349,5.10770648489777,-1.51734255626893,0.149957157306794,0.743537571646188,-4.58732075751569
"PRKAR2A",-0.608045684700332,6.56349344780144,-1.60225685775073,0.124027666748685,0.733335608685365,-4.59066042538187
"HDGF",-0.663029804443908,8.20015574027382,-1.59630008205774,0.125354254876116,0.733335608685365,-4.59851420350667
"IRF2BPL",0.839975591976456,5.64418435938517,1.39363593180676,0.18867960276387,0.783980725529609,-4.59859902794246
"SYNCRIP",-0.524284951916266,7.41806246318311,-1.59547682386235,0.125538525919032,0.733335608685365,-4.59959789355447
"KNG1",1.41200571647608,9.26456842252609,1.59205396523134,0.126307097660591,0.733335608685365,-4.6040990000619
"VPS4B",-0.51455045514279,8.75473395505708,-1.59149372790173,0.12643326730707,0.733335608685365,-4.60483502089805
"GORASP1",-0.909652097673992,5.28013706132438,-1.55565514903192,0.136281212928628,0.733335608685365,-4.60497288104983
"SELENOO",-0.521887168628279,5.82608396319272,-1.52460450132754,0.145733975035942,0.73985399123222,-4.60570634198353
"GCLM",0.82910821300632,6.75171748569321,1.37753339196896,0.195702942911729,0.783980725529609,-4.60622063977507
"TUBB4B",-0.471235770138029,12.3813251510275,-1.59015305751939,0.126735623590915,0.733335608685365,-4.60659554921763
"EIF4B",-0.805165437095432,5.25431204005644,-1.55393990408004,0.136688992020905,0.733335608685365,-4.60712865057567
"LPP",-0.697218746920102,7.65212595233815,-1.58873823770922,0.127055356831811,0.733335608685365,-4.60845222534379
"JCHAIN",1.03004121094732,9.46912338332903,1.55207353882467,0.137133852875111,0.733335608685365,-4.60947234121246
"WASL",1.11660477820943,6.65590331140354,1.51298966920339,0.149770754036763,0.743537571646188,-4.61170667402491
"AHNAK",-0.741557138767047,11.7159321787292,-1.58592560967998,0.127692978194926,0.733335608685365,-4.61213951956629
"NOP16",-0.960508330127379,5.99984772859354,-1.5291686213984,0.144605243417061,0.73985399123222,-4.6140604149249
"PAMR1",-0.836694776978991,6.29045687004225,-1.45541021262819,0.169257812077093,0.765976327562545,-4.61496836175386
"LOC100061656",1.03884246650449,7.19527259890198,1.56083652540399,0.135055557859749,0.733335608685365,-4.61516892084833
"BTF3L4",1.29324699426359,8.00207469008639,1.52779705920174,0.144943668571493,0.73985399123222,-4.61572789816489
"PSMA6",-0.472556529038214,9.32459174636167,-1.58252974912097,0.128466372074004,0.733335608685365,-4.61658479013735
"C13H7orf50",0.794067457987322,6.0441105444322,1.49050276000532,0.156804956464551,0.748787713454316,-4.61849549172119
"NARS1",0.593116920821959,8.04880665422683,1.580841871421,0.128852229793604,0.733335608685365,-4.61879156483277
"PPIH",-0.546805284018214,7.88974114170939,-1.57762128981611,0.12959115066809,0.733335608685365,-4.62299725211644
"EEF1A1",-0.538292960245648,13.314325511598,-1.57668322127734,0.129807040763888,0.733335608685365,-4.62422102423178
"CPOX",-0.646282031258123,6.65559881464038,-1.36546617869036,0.195250838694445,0.783980725529609,-4.62534753489391
"GAS6",0.660460690716339,7.65844536886355,1.56143407436925,0.134098256776243,0.733335608685365,-4.62554249643935
"PDGFD",1.49803874194196,7.77570836400787,1.53084155586431,0.143184208550433,0.73985399123222,-4.62611881261372
"COL18A1",0.59121996537507,9.62082661433221,1.57378143617933,0.13047676313756,0.733335608685365,-4.62800307319649
"NRAS",-0.639052792512219,8.81832322790673,-1.57289451222455,0.130682034992202,0.733335608685365,-4.62915798521411
"PLRG1",0.733021130301157,5.88059056639544,1.54887595546019,0.137898821740194,0.733335608685365,-4.6303087949422
"SULF2",0.667842410305621,7.44682977851123,1.49679172066978,0.153900673703141,0.748787713454316,-4.63085686922276
"CAPZB",-0.412671311285249,10.7147322838079,-1.57048803017602,0.131240350686408,0.733335608685365,-4.63228908788278
"ARIH1",0.864368527205524,5.99082549589098,1.42443902451619,0.176211704659836,0.773112404139719,-4.63295179218976
"AP1G1",0.528066827386109,6.66078471880025,1.55471133538292,0.135689216744408,0.733335608685365,-4.63413931358466
"SLTM",-0.666259275899948,6.65712235815159,-1.56814605406747,0.13178560345203,0.733335608685365,-4.63533273758459
"RAB11FIP5",-0.502454220839977,6.99451710444359,-1.56732258369178,0.131977768477407,0.733335608685365,-4.63640209919181
"MAOB",-0.69533567518729,5.78365868425385,-1.43610810955252,0.171484679021191,0.767830566746391,-4.63769774948277
"EEF1D",-0.628989327899295,9.27547790924016,-1.5660358786657,0.132278499999722,0.733335608685365,-4.63807215726896
"VPS35L",0.588788129446454,6.09563871225117,1.44782137858669,0.169673411718897,0.765976327562545,-4.63850891954288
"A0A9L0RWE3",-0.972606081311923,7.82022331382652,-1.56550786723187,0.132402072607912,0.733335608685365,-4.63875717697254
"GLB1L",-0.56922815522489,6.70146675262079,-1.51974244226906,0.145936504839251,0.73985399123222,-4.63974958365539
"ABCC1",-0.761690884956301,6.63586448454903,-1.54684826730145,0.137569909336711,0.733335608685365,-4.64415865254235
"DIABLO",-0.638924234503848,5.84151200862484,-1.49056756530751,0.154385056206698,0.748787713454316,-4.64638863806226
"SERPINF2",1.20142380971138,8.19087104502319,1.54454129350331,0.138125779008345,0.733335608685365,-4.64709093892739
"EFEMP2",0.810775704236404,9.88594223963351,1.5578100460291,0.13421453599329,0.733335608685365,-4.64872386748481
"BHMT",-1.01445545058691,10.731092067766,-1.55420542555569,0.135070296479332,0.733335608685365,-4.65337793822832
"PHYKPL",-0.674195158977833,6.47385469807078,-1.41874138622827,0.179483894385697,0.773112404139719,-4.65452540167705
"RPS3A",0.630667306695092,10.6897453601417,1.55311781876133,0.135329387685184,0.733335608685365,-4.65478056170123
"HUWE1",-0.887709075392983,6.89176973397506,-1.5528850815944,0.135384884104994,0.733335608685365,-4.65508061114302
"NAMPT",0.797925725307696,8.45885085246799,1.55109657044981,0.135811985830934,0.733335608685365,-4.65738523990647
"LOC100630020",1.38815907773037,9.28201544602955,1.55006210403838,0.136059528369655,0.733335608685365,-4.65871729215571
"DYNC1LI2",-0.736230109370479,6.7252628792067,-1.54838725155318,0.136461103936498,0.733335608685365,-4.6608724982535
"ACP5",-0.748722908082033,6.26724816335336,-1.34543310531842,0.201466549801551,0.783980725529609,-4.66464970121663
"UPP1",0.864192552360253,6.36724249517362,1.49874484214044,0.151263481416117,0.744380978291243,-4.66533496867447
"PPP4C",-0.806337024769623,6.79184893003776,-1.41669077328224,0.178423779545233,0.773112404139719,-4.66584309703277
"ALDH9A1",0.51622178730367,9.4762416574659,1.54432809026027,0.137438430367894,0.733335608685365,-4.66608838201744
"RNASE4",-0.818158765620485,12.6556688874058,-1.54429501369591,0.137446417945138,0.733335608685365,-4.66613084085313
"AGRN",0.697923780934886,8.05261728880137,1.54404935574951,0.137505753284629,0.733335608685365,-4.66644615846626
"OLFML3",-1.16539867974459,6.92055792440058,-1.54392511125638,0.13753577091804,0.733335608685365,-4.66660561942838
"COL5A2",-0.969212842546242,8.8991353851882,-1.54244912329846,0.137892786227998,0.733335608685365,-4.66849921015942
"TUBAL3",1.50620353532803,6.87834838953315,1.30925426098013,0.217112106939931,0.78796396790204,-4.66981979450769
"DOHH",0.671763776968338,6.07780859226314,1.482291148867,0.156551788522207,0.748787713454316,-4.67043235359354
"NACA",-0.615584183410238,8.45864245110358,-1.5409123006626,0.138265330059456,0.733335608685365,-4.67046935990928
"CMBL",0.814856450245568,9.05904062634646,1.54082654237304,0.138286143352097,0.733335608685365,-4.67057925413125
"CD2AP",-0.633837668869712,6.60641815086575,-1.52912324849449,0.141888768361937,0.73985399123222,-4.67292091775844
"ACTB",-0.44651166925075,14.3244609678604,-1.53861200444926,0.138824502556731,0.734880596274512,-4.67341541608552
"NUP85",-1.07712206332567,5.00166225555104,-1.30812291167701,0.215314309871919,0.78689292287142,-4.67622162710532
"PYCR3",-0.491121218950191,9.4230884056068,-1.53590999690789,0.139483710005387,0.735963586740343,-4.67687160437416
"CAMK2D",0.513589253016711,7.25112138223574,1.53574579634098,0.139523853082875,0.735963586740343,-4.67708148474677
"ARAP1",0.825451148237788,5.74762617710714,1.42543133538274,0.175930051349514,0.773112404139719,-4.68115354561443
"IBA57",-0.842253097113164,5.59745672327455,-1.39484651513783,0.183361474511641,0.775881191959997,-4.68237681628478
"GOLGA4",-0.724209049736429,5.10071692492773,-1.33350477276306,0.203642193397986,0.783980725529609,-4.68281326324456
"IMMT",-0.729951777341162,8.14181440464718,-1.52692280365101,0.141694921304864,0.73985399123222,-4.68833339407411
"TUBB2B",-2.04728684393202,5.67648305208067,-1.4547887998762,0.165053029933315,0.762473236104988,-4.68892170594462
"LOC100053583",-0.576720465030763,6.46658468826589,-1.49226188696785,0.15204037998234,0.744380978291243,-4.68908245188016
"LASP1",-0.613284892689262,9.31490616722379,-1.52408565092402,0.142398944595072,0.73985399123222,-4.69194089793135
"LOC100060815",-1.14941458408055,8.27044447390933,-1.50839132082466,0.14708184284001,0.73985399123222,-4.69260202330821
"SUPT16H",0.548118394393818,7.15952682502856,1.49395962141399,0.151599557973433,0.744380978291243,-4.69277521018574
"LOC111771821",0.714722102187324,10.9863879756065,1.52235310245541,0.142830281281998,0.73985399123222,-4.69414130616699
"SEC13",-0.666481368806513,7.65919638027273,-1.52233425256758,0.142834980072646,0.73985399123222,-4.69416523559526
"RAD23A",0.75878956856781,7.54268160380763,1.50412530500772,0.148169604527025,0.739998593933112,-4.69791807938013
"SOD1",-0.880463431142753,13.1269025109821,-1.51899564851596,0.143669216672431,0.73985399123222,-4.69839986500187
"F6SDJ1",-0.720302525485816,6.34918132184937,-1.4384068987385,0.169579763753673,0.765976327562545,-4.69864455052158
"WARS1",0.558107485406132,8.51229990410268,1.51851226636464,0.143790333673529,0.73985399123222,-4.69901237865462
"UBAC1",-0.905186636526092,5.72444862197996,-1.27615884656328,0.2281618927414,0.78796396790204,-4.69987983043995
"HSPH1",-0.643656506156351,5.7751854087069,-1.42316763845359,0.173881836927895,0.772882199058184,-4.70286178016562
"RPS2",0.672303426054943,10.2244891472019,1.51433532374207,0.144840415967381,0.73985399123222,-4.70429882479564
"FUBP1",-0.497291899699297,8.0351925876663,-1.51332139500314,0.145096265577633,0.73985399123222,-4.70558036556445
"LOC100063059",-1.48613471812138,7.51390808668921,-1.38349863803871,0.188160515325228,0.783980725529609,-4.70840809074262
"ESYT1",-0.614791880792912,5.67455569669874,-1.45799702669984,0.16205919539907,0.757326218316081,-4.70891703187319
"U2AF1",0.754301764143111,7.88952708082082,1.50912165989123,0.14615996112851,0.73985399123222,-4.71088142129698
"GALM",-0.566858085755245,10.071661922555,-1.50885320869743,0.146228170651584,0.73985399123222,-4.71121987852754
"LRPAP1",-0.683854417646959,6.91223299800049,-1.50874679696346,0.146255215545515,0.73985399123222,-4.71135402702188
"CLTA",-0.875972581740479,7.16078039926466,-1.50807685349026,0.146425578170809,0.73985399123222,-4.7121984247781
"TNFAIP8",0.865506264332968,5.26903807386912,1.28528257738774,0.219534430237262,0.78796396790204,-4.71361647204743
"GC",1.11412490896897,9.23534765554803,1.50673150112508,0.146768185008381,0.73985399123222,-4.71389322297179
"SH3BGRL",-0.608227278337669,9.49839082860869,-1.5059909985902,0.14695704143643,0.73985399123222,-4.71482556090809
"CHMP5",-0.576688449834507,7.40760049399922,-1.4708579473164,0.157688867316616,0.749780900952041,-4.71508199015232
"CLINT1",-0.710911108725837,7.68423956028902,-1.5051860316412,0.147162564772705,0.73985399123222,-4.71583865660503
"HSP90AB1",-0.507871302058553,11.1247244996723,-1.50494274434153,0.147224726994781,0.73985399123222,-4.71614476377697
"PRRC2A",-0.717079587074197,6.14378750650621,-1.48897432664691,0.152086396866326,0.744380978291243,-4.71670419090966
"DCTN2",-0.673056098598224,7.88409698689227,-1.50294911861371,0.147734928733333,0.739998593933112,-4.71865170934063
"DLST",-0.659993715840892,6.57255224727362,-1.47659856018148,0.155348337819894,0.748787713454316,-4.71950557585868
"CCT2",-0.4268088898276,7.26811858237397,-1.50213433888808,0.147943861016034,0.739998593933112,-4.71967552966611
"F12",1.36872815641432,7.69423311600001,1.50094818079596,0.148248457809793,0.739998593933112,-4.72116523179434
"BPIFA2",1.48907011737975,7.93472513489938,1.49636469443229,0.14943029467638,0.743537571646188,-4.72691298158577
"UBLCP1",0.991893600199825,7.09364007969424,1.36440820145583,0.193954986647793,0.783980725529609,-4.72871760017056
"PARP1",0.667120000558702,9.23310180967297,1.49156461089229,0.150676233899461,0.744380978291243,-4.7329175472488
"STK3",0.50876065334927,7.20345611617875,1.40789913712481,0.178281324833767,0.773112404139719,-4.73327669178527
"TMEM199",-0.661903056183547,6.02078072387451,-1.32716825445254,0.205676029581402,0.783980725529609,-4.73424114813216
"IHH",1.33095586128037,8.25756231323705,1.26185824975309,0.227603333458609,0.78796396790204,-4.73552723509267
"DBNL",-0.591915407412803,7.6683849775407,-1.48941349862046,0.151237339021471,0.744380978291243,-4.73560351469154
"BCLAF1",-0.870765591273334,5.64359439143309,-1.40490296460067,0.179155213900328,0.773112404139719,-4.73664815024909
"GOLGA3",-0.900109704964089,6.69350108618865,-1.47259485126194,0.156415773430559,0.748787713454316,-4.73684728598087
"LRRC57",-0.559192771237417,8.21001683551266,-1.48697426429503,0.151875663357788,0.744380978291243,-4.73864555191085
"CTSK",-0.773447050632782,7.06916330180806,-1.48600868668359,0.152128952874311,0.744380978291243,-4.73984866592373
"SF3A2",-0.793595984824018,6.00952148763438,-1.45987385509544,0.160653596378464,0.756241217129638,-4.74019445696129
"SEC24C",-0.62626157167159,6.26577947982589,-1.4675510465052,0.157769023191925,0.749780900952041,-4.74301503938369
"HSPA2",-0.553255619000123,11.4868470903504,-1.48197408681289,0.15319103892623,0.747120230828744,-4.74486913101189
"RPS16",0.589637013199554,12.0564665659975,1.47632240632437,0.154688973854686,0.748787713454316,-4.75188369975157
"FAH",0.583024440652582,9.72170357333167,1.47609360865789,0.154749865379781,0.748787713454316,-4.75216722548218
"STXBP2",-0.999467356626991,6.34889389930533,-1.3981920728574,0.180020955247049,0.773112404139719,-4.75335029660742
"RRAGA",0.928930303667691,6.5497775101298,1.36992188100101,0.190855789595672,0.783980725529609,-4.75363166708985
"FASN",-0.537526028164967,6.83678013431684,-1.47407038907168,0.155289169008052,0.748787713454316,-4.75467288427293
"C1QB",0.666917984855813,10.4901977022453,1.47244882396913,0.155722512598359,0.748787713454316,-4.7566791511703
"PAICS",0.523188599319875,10.385292889112,1.4723929564867,0.155737460025748,0.748787713454316,-4.75674824157826
"CCAR2",-0.481760220386877,6.05542418226866,-1.45591344086989,0.160927809808136,0.756335283063515,-4.7571827142516
"CEBPB",-0.854756604382415,6.64208456090568,-1.23080433213254,0.240183919554839,0.790462078328492,-4.75720602931718
"ACOT9",-0.785920742844951,5.72560559843751,-1.33013222127041,0.204722653178669,0.783980725529609,-4.75748060811324
"LAMP1",-0.754769968942377,8.10000562863086,-1.47050761281213,0.156242571446202,0.748787713454316,-4.75907859889821
"LOC100051778",0.728593773602759,8.83904359194205,1.46853286050158,0.156773064921197,0.748787713454316,-4.7615169332974
"HDLBP",-0.483400226139459,8.85985736351848,-1.46616831278616,0.157410197965865,0.749780900952041,-4.76443315323761
"DAB2",-0.902569642680826,6.57584376663569,-1.40120179439115,0.179134292633915,0.773112404139719,-4.76485290943216
"TNXB",-1.10194316962723,9.97292601761452,-1.46324930704623,0.158199631520602,0.750628235683879,-4.76802805107865
"MRRF",1.33125809452394,6.63425863799455,1.29308791760584,0.22030031226613,0.78796396790204,-4.76823124059893
"GFUS",0.619349218284115,8.87381878684199,1.46182821678478,0.158585121849661,0.751259136150863,-4.76977613507417
"ZNF512",1.04661342686499,6.06831244838394,1.34336043605533,0.200511127746908,0.783980725529609,-4.76993227902115
"SAR1B",0.59544541652686,7.63028793855295,1.37451526586447,0.188216711320215,0.783980725529609,-4.77053723390155
"NDUFV2",-0.865715758116063,5.12875323686271,-1.21422484100785,0.246242269715507,0.790462078328492,-4.7720916521482
"CAPZA2",-0.507915946312965,9.98907706616328,-1.45751042198655,0.159761063293557,0.755626650712771,-4.77507917799821
"NANS.1",-0.501523446443648,10.9893784282362,-1.45646296270611,0.160047399830146,0.755779388086801,-4.7763637702113
"PRPF40A",0.95194051721869,7.06731236217045,1.39000713294244,0.182450215035209,0.77541341389964,-4.7775715484157
"SPTBN1",-0.486174773826297,5.91439753508205,-1.45499658088862,0.16044895310172,0.756241217129638,-4.7781608900605
"SCRN2",-0.634012969043399,8.16927678636792,-1.45166359465953,0.161364693855585,0.757192372587326,-4.78224026068712
"AP2A2",-0.42332323208269,7.05804076118292,-1.43487923963286,0.16676740130519,0.764118950851903,-4.78256464183581
"RHOT2",-0.651297199094528,5.88299343275579,-1.26197349727541,0.230915156949884,0.78796396790204,-4.78333049602716
"ILK",0.507393412792154,8.63632347358745,1.45045728631673,0.161697169565761,0.757326218316081,-4.78371487132257
"ACYP2",-0.491073881836429,7.0946161860261,-1.44879253991427,0.162156907921796,0.757326218316081,-4.78574827922571
"GNS",-0.675520496243872,6.71706207040607,-1.43143011252101,0.167741128962677,0.765383218809762,-4.7866988601074
"UAP1",0.760616708355818,9.61094088530583,1.44742271008433,0.162535994643492,0.757906871574276,-4.78742006408986
"ARMC6",0.937098790265167,5.24155205717538,1.32633748976314,0.205943890961782,0.783980725529609,-4.78786667465054
"SAR1A",0.454459417759191,8.59222870208558,1.44394682114141,0.163501130534948,0.761173704959507,-4.79165648746441
"RBM4B",-0.496501305562393,6.58590598851108,-1.42648495836752,0.169145212609963,0.765976327562545,-4.79261250877935
"EHD1",-0.433444773502301,7.56933955160711,-1.44305934733981,0.163748292831625,0.761173704959507,-4.79273683961052
"PPP2R5E",-0.78574559496958,6.2725302934664,-1.26477155889294,0.229944075419754,0.78796396790204,-4.79591734151758
"AGO2",0.508110077996227,7.84826944902577,1.44016971848029,0.164555150031964,0.762473236104988,-4.79625080550136
"PDLIM5",-0.643967505414858,7.6914506036377,-1.43934389166215,0.164786330763763,0.762473236104988,-4.79725402686317
"PLOD2",0.836438331725538,9.70971855044446,1.43859564780346,0.164996019425594,0.762473236104988,-4.79816260235211
"MRGPRF",-0.861501008574983,7.97182258058523,-1.42125293416577,0.170641060002869,0.766853706206246,-4.7988515358935
"GLUD1",-0.505947324353935,9.10902986764532,-1.43519311772187,0.165952266391808,0.763446439273743,-4.80228944776015
"PEPD",-0.503828401493998,9.73322994806222,-1.43490458177554,0.166033561751298,0.763446439273743,-4.80263904604332
"WDR1",-0.537774734229579,9.90912205011033,-1.43290238019809,0.166598569672131,0.764118950851903,-4.80506341861541
"SCYL2",0.563563573572161,5.36210435862846,1.27177651847105,0.225716337575503,0.78796396790204,-4.80593688914729
"NPM1",-0.565205829044209,8.4681439440191,-1.43165851880998,0.16695035900966,0.764118950851903,-4.80656818602369
"CCDC25",-0.898158974079924,6.04429718909921,-1.39780136498499,0.178271696068114,0.773112404139719,-4.80766103786791
"TRPC4",0.929668126832983,8.15210995986987,1.37608356883931,0.185666762007946,0.779067160752665,-4.809366305357
"PRKAR1A",-0.386539940656594,7.44096572964395,-1.42915671723117,0.167659732393655,0.765383218809762,-4.80959157878091
"SLC1A5",-0.751048164818692,7.42591601476085,-1.40938735585685,0.174072972200425,0.772882199058184,-4.81293329426626
"FIS1",-0.654888888275635,7.79882902596373,-1.42550506046692,0.168699497172908,0.765976327562545,-4.81399693636781
"CTSZ",-0.654203880969218,9.00405501736149,-1.42450587359036,0.168984905948963,0.765976327562545,-4.81520077765194
"SET",-0.548326534097702,9.09574250582446,-1.42397348780324,0.16913713574495,0.765976327562545,-4.81584193020104
"ATP5PB",-0.507413449247071,7.16333838902969,-1.39259446092473,0.179817724394966,0.773112404139719,-4.81991498405024
"HMGB3",-1.27835403396856,7.4185788732066,-1.4195257722918,0.170413224748921,0.766853706206246,-4.82119078529772
"HAPLN1",0.655704274326305,17.633022448709,1.41910461340554,0.170534458920043,0.766853706206246,-4.82169657623082
"P02801",-1.12840696233321,8.83266335166667,-1.40737775758203,0.174659671721565,0.773112404139719,-4.82197770398581
"EFHD1",-0.70820491847087,7.11926442970418,-1.40122577043054,0.176465614983178,0.773112404139719,-4.82256458545749
"NT5E",-0.813103310574997,11.2397629136995,-1.41745270198789,0.171010644751379,0.767355457217724,-4.82367927338884
"PRPS2",0.698761765199905,7.19088565326712,1.38721767032651,0.180633629211424,0.773112404139719,-4.82605804977179
"SNU13",-0.575409358026276,8.19182203192971,-1.41446044642858,0.17187592150431,0.767830566746391,-4.82726597359805
"MOB1B",-0.481398059886259,7.37668037640694,-1.38075390972489,0.183373472391346,0.775881191959997,-4.82740259688504
"ARSB",-0.861439170681567,6.55692902609822,-1.35982702679394,0.190665809911618,0.783980725529609,-4.827738456489
"RBBP4",-0.52388281767836,8.18253656829817,-1.41403268593128,0.17199990446505,0.767830566746391,-4.8277782143536
"RPL8",0.598202264023561,8.91100132739557,1.41351894318712,0.172148903536082,0.767830566746391,-4.82839325324779
"AKT2",-0.494360339881508,5.54880082410131,-1.37913400264954,0.18386428246447,0.775881191959997,-4.82926850697175
"TOR1AIP1",-0.693177699007365,7.7953020246556,-1.41008026043279,0.173148881042456,0.771134612427103,-4.8325053085859
"BAIAP2",0.72439158753938,6.02180141769236,1.30313786477864,0.210958294790809,0.783980725529609,-4.83386117558987
"PCOLCE",-0.612973274223079,13.1892666989318,-1.40607100089961,0.174320657333795,0.772882199058184,-4.83728946060603
"NT5DC1",1.15841043491656,6.66713086087842,1.33601594507221,0.199144005932359,0.783980725529609,-4.83780437594727
"SCRIB",0.571143309981586,6.78161938730713,1.36068060173012,0.189529848352521,0.783980725529609,-4.83828200855998
"NUDT9",-0.693044429216318,7.58992365312454,-1.38660534225148,0.180817603664104,0.773112404139719,-4.83970579600544
"CD5L",1.04154464723467,7.35618773560932,1.33363645753101,0.19894505344616,0.783980725529609,-4.84045325177686
"TPM2",-0.736195561989684,5.62959383583126,-1.34585420478985,0.195047981794543,0.783980725529609,-4.84339199302787
"SF3A1",-0.651921056322873,5.88679906511219,-1.40082404336082,0.175863756469751,0.773112404139719,-4.84353388668567
"RAP1GDS1",0.686819361137002,5.79535160871156,1.36281790024938,0.188866617280318,0.783980725529609,-4.84796507958132
"RIT1",-1.33002100049189,8.88934036960688,-1.28920243679303,0.215643161701573,0.78689292287142,-4.84849450539273
"COMMD6",-0.825658987157721,6.46467094839896,-1.31066105192874,0.207393129867116,0.783980725529609,-4.8498517084671
"CS",-0.843961379115407,6.96340958294784,-1.37540930812913,0.184207920354979,0.776230259286206,-4.85273448127522
"VTN",0.761901068795793,12.6277343213781,1.39037352388314,0.178969724710603,0.773112404139719,-4.85591471988082
"MT-CO2",-0.801311473840208,5.91311925885956,-1.23997751147607,0.235350690067509,0.790462078328492,-4.85596009893939
"ATP5F1E",-0.898912107394044,8.55174375298419,-1.16672796965214,0.267968861291076,0.797712272383939,-4.85625582800665
"QTRT1",0.507227511607288,6.96074857803647,1.32894938827779,0.200456368478385,0.783980725529609,-4.8565121062379
"A1BG",1.21202829816865,11.0723521340094,1.3898627198222,0.179122654125569,0.773112404139719,-4.85651794575855
"ADO",-0.759291428273144,6.06744405817508,-1.15195560898878,0.267357144043338,0.797712272383939,-4.8577404263878
"CA2",1.41204719986703,7.94060034346782,1.38818940812845,0.179624356172888,0.773112404139719,-4.8584927551281
"TMEM106B",0.61251053518778,6.11659094617036,1.3153611624826,0.205843869791641,0.783980725529609,-4.86035363838723
"SF3B3",-0.54410793720031,7.51444514229538,-1.38611141498551,0.180248950726732,0.773112404139719,-4.86094246963563
"RBX1",-1.56206705183421,7.71112868232137,-1.37389949089133,0.184668965968783,0.776551568178193,-4.86124516626296
"PRNP",-0.632594479071525,8.76566933530431,-1.38476594522346,0.180654288539529,0.773112404139719,-4.86252703163563
"ANGPTL4",0.552307902339727,7.14657165558362,1.38460938926646,0.180701499887689,0.773112404139719,-4.86271132654112
"HNRNPA2B1",-0.493160618477608,11.6235865080957,-1.38411326183938,0.180851178043743,0.773112404139719,-4.86329524698131
"C1QTNF12",0.955229665090014,9.01405809002879,1.38299992870161,0.181187422171915,0.773112404139719,-4.86460497182867
"EIF6",-0.521004610289403,7.39699237860917,-1.34806905824656,0.193481182557752,0.783980725529609,-4.86471253469843
"SFPQ",-0.557785154987527,7.98125164080549,-1.38256312909494,0.181319478382681,0.773112404139719,-4.86511858846594
"NIBAN1",0.456559018331936,7.56551981671617,1.38179148875558,0.181552953109884,0.773112404139719,-4.86602560923128
"HADHB",-0.520056609379758,10.2457439393993,-1.38165140246309,0.181595364579488,0.773112404139719,-4.86619022873761
"GNB1",-0.565661524666355,11.3132971481285,-1.38160603676266,0.181609100846812,0.773112404139719,-4.86624353638776
"ARHGAP1",0.434712976548972,8.77206985233397,1.38147450740033,0.181648931258374,0.773112404139719,-4.86639808389001
"MYH14",-0.432151717779362,6.8772621496836,-1.33241689720113,0.198475732030391,0.783980725529609,-4.87005952827606
"DES",-0.627346413775197,8.19501934011843,-1.37487915676014,0.183655096912332,0.775881191959997,-4.87413226612282
"NUP93",-0.390250344570213,6.81292366561175,-1.35646196744612,0.190060594083824,0.783980725529609,-4.87458884350303
"TRAP1",-0.719694610447077,5.54761341606436,-1.23340283845725,0.236391710240076,0.790462078328492,-4.87476257503784
"NUMA1",-0.449775267875616,7.68841003524839,-1.37428079902043,0.183837972252028,0.775881191959997,-4.87483244965827
"AACS",1.03347826909101,7.22903094658045,1.3017639018078,0.210351054413583,0.783980725529609,-4.87504665016631
"NPNT",-0.874444402187179,7.86192015031728,-1.2170563551697,0.243686970958513,0.790462078328492,-4.87839150546877
"MVP",-0.724961814107816,6.70914272299607,-1.37112059383627,0.18480622193955,0.776551568178193,-4.87852631598317
"PLXNB2",0.753055923749238,5.58462026640062,1.06361765909496,0.310272856977608,0.818681685438484,-4.87979354719398
"MOB2",0.611325231356978,6.69852818863884,1.24974627026187,0.230527743127747,0.78796396790204,-4.879811897351
"GNAQ",-0.694959065068364,7.57888628802813,-1.36276555023308,0.187385605239596,0.783980725529609,-4.88825877141245
"EML2",-0.638768000673339,6.94395783215502,-1.30201251998878,0.209318807470047,0.783980725529609,-4.89167036474488
"PGFS",-1.61125277149238,8.24872810994552,-1.30139099779199,0.209526873026917,0.783980725529609,-4.89234557046845
"PLCB3",0.79259104368983,5.54681643287894,1.28553075722132,0.215833487416161,0.78689292287142,-4.89242912896107
"ABCF1",0.881437373201522,6.82230781063325,1.35753901009483,0.189013592566228,0.783980725529609,-4.89432218408233
"TTR",1.14379893684474,9.8634210717419,1.35638942642153,0.189373166576776,0.783980725529609,-4.89565327520127
"ROR2",-0.824987512003701,6.87117726494558,-1.30745240301978,0.206651847318911,0.783980725529609,-4.89767939514943
"GCN1",-0.428617344351835,6.11591975132721,-1.33606954368113,0.196523310893519,0.783980725529609,-4.89783479465613
"ACTL6A",0.429940534610646,6.52477117473453,1.31771010167234,0.203260896044463,0.783980725529609,-4.89872299086522
"NPEPPS",0.484652775559873,9.44270007238724,1.35225375047417,0.190671222071266,0.783980725529609,-4.90043427534963
"PSMD5",0.48154766043189,9.46496963482845,1.35183780455642,0.19080216201047,0.783980725529609,-4.90091446108937
"ZNF330",0.521231204773217,6.32381594377046,1.30971877338394,0.205898844578636,0.783980725529609,-4.90130539719683
"PPP2R5A",0.409823362631968,6.88661183538397,1.22826812816074,0.236070521928475,0.790462078328492,-4.90210025525563
"CHPF2",0.563275520087066,7.47927172398495,1.24946369795113,0.229453766534979,0.78796396790204,-4.90396960644357
"TM9SF2",-0.561413891983335,7.0865771358749,-1.28923185276143,0.213630112054249,0.78674634194331,-4.90550265551836
"EQMCE1",1.03600012982254,5.91444384453038,1.16073758463936,0.265145104440019,0.797712272383939,-4.90553262751992
"COL6A2",-0.527558642289025,17.1845374135167,-1.34736907167568,0.192213402551187,0.783980725529609,-4.90606569503331
"GUSB",-0.411887092410536,7.48729067634328,-1.34736480465631,0.192214754012976,0.783980725529609,-4.90607060704199
"PGRMC2",-0.596859234841249,7.32339577504039,-1.32872292197797,0.198893602965377,0.783980725529609,-4.90613902981905
"MNDA",1.06439691972491,6.87841063614049,1.27129000077045,0.220734825687156,0.78796396790204,-4.9075347122486
"LNX1",1.73898653036885,8.0529581402014,1.29770202628407,0.209916066034089,0.783980725529609,-4.90835155214172
"VAPB",-0.486000920972799,7.35960925981836,-1.34411035807361,0.193247694665937,0.783980725529609,-4.90981325618566
"FKBP9",-0.787134869111655,8.37534559386038,-1.34409539594465,0.193252453629971,0.783980725529609,-4.90983044558745
"UBE2V1",-0.395078278141688,9.37444034667424,-1.34372275637556,0.193371007878761,0.783980725529609,-4.91025850569791
"C1QC",0.762652739778588,10.0724798687388,1.3426001375429,0.193728512233172,0.783980725529609,-4.91154749417796
"VAC14",0.545808945195222,5.98242787872264,1.21808875441919,0.241991240601491,0.790462078328492,-4.91155629436207
"MTPN",-0.620731923513042,7.11345206953348,-1.32362991933383,0.200549952135974,0.783980725529609,-4.91187389672673
"LYAR",0.595047050892536,6.42855985743958,1.26602624070027,0.22256836072097,0.78796396790204,-4.91308399003778
"PNKP",-0.618884860877324,6.30070399087824,-1.22634665353779,0.236774186881851,0.790462078328492,-4.91328416863457
"XRCC1",-0.628658682513664,8.54744956189114,-1.3278276214248,0.199183991183768,0.783980725529609,-4.91403111635176
"EEF1B2",-0.528404654368938,9.43062524315398,-1.34021013872349,0.194491354274134,0.783980725529609,-4.91428872819906
"PUF60",-0.381768626819721,7.66756331758265,-1.33843343230253,0.195059975350089,0.783980725529609,-4.91632393028572
"FAF1",-0.46338756380172,5.43408380807363,-1.24727009491312,0.229198400338535,0.78796396790204,-4.91665624549697
"EMILIN2",1.01712050381515,7.05687762245557,1.18952709107276,0.252708645046498,0.790462078328492,-4.91764704909354
"LOC100062210",-0.584398987738159,4.96351904058473,-1.21228889204597,0.242988580575738,0.790462078328492,-4.917706513888
"CNN3",-0.555181035095469,8.21631055583507,-1.29895551130648,0.209494180132679,0.783980725529609,-4.91941913295647
"CRYL1",-0.466972180597673,11.2582543505172,-1.33383549732268,0.196537579124185,0.783980725529609,-4.92158047991145
"TUBB3",0.948602213435304,6.3346091434,1.21600421211844,0.242761338064416,0.790462078328492,-4.92290974914078
"GET3",-0.383921493832139,7.5363961023919,-1.33174075682522,0.197213659086317,0.783980725529609,-4.92397031953281
"CCDC124",-0.412108228661496,7.35395299063086,-1.29948072311766,0.208551583892016,0.783980725529609,-4.92542684938375
"SLC25A5",-0.562493165661877,9.28823845540101,-1.32901689277787,0.198095518442879,0.783980725529609,-4.9270732666516
"JAM3",0.708955192664672,6.665698037822,1.1643930046821,0.265172501322995,0.797712272383939,-4.92805703984518
"DIP2B",-0.360777784458682,6.41466229342078,-1.32738952820273,0.198623857091177,0.783980725529609,-4.92892460526472
"STK26",-0.427507617135714,9.34576797266021,-1.3267902779547,0.198818687227752,0.783980725529609,-4.92960585734544
"GOLGB1",-0.49860076478203,6.3263733972459,-1.30550890560277,0.20653121946823,0.783980725529609,-4.93213196857385
"PSTPIP2",-0.76055592381171,5.74436269820468,-1.07854526758228,0.303852070032669,0.818681685438484,-4.93258215806794
"SORT1",-0.477429233036121,7.81920627472534,-1.30459989638385,0.206834894116047,0.783980725529609,-4.93314212517245
"RPLP0",0.431897775958309,10.608895211695,1.32250534508127,0.200216186503829,0.783980725529609,-4.93446971892892
"CHTOP",-0.552051802641952,6.58769514719361,-1.32186688138497,0.200425073626732,0.783980725529609,-4.93519332815647
"PPFIBP1",0.690558533286818,6.54993699605537,1.28433542124332,0.214456268740713,0.78674634194331,-4.93538465055322
"AGO1",0.551315729832719,7.8626442344622,1.3212505383467,0.200626885311329,0.783980725529609,-4.93589159192023
"PIP4K2C",0.739268610531967,6.19779259127657,1.12622591597474,0.2789917670328,0.806894160383489,-4.936975831101
"NPC2",-1.05723299048238,6.18547743812946,-1.24262898241283,0.23086239638888,0.78796396790204,-4.93752570155207
"P4HA1",-0.43147068781093,7.88168178761918,-1.31950363421746,0.201199745465512,0.783980725529609,-4.93786921689864
"VAMP2",0.659699156967871,6.06467481672112,1.17789393344136,0.256051403302745,0.796538601557521,-4.93788407776654
"TARDBP",-0.367794983579151,7.34013099323174,-1.28807436454583,0.212416596906806,0.785994248504661,-4.93795414790065
"AMPD2",0.765146115458768,7.55726925119281,1.31929038215447,0.201269764516041,0.783980725529609,-4.93811048540464
"SSR4",-0.670233844547553,8.51218238472537,-1.31774249609371,0.201778567915587,0.783980725529609,-4.93986075846383
"TSN",0.465799230108665,8.58433960796653,1.3176437310492,0.201811066936322,0.783980725529609,-4.93997237922189
"CAPN7",-0.468596854446377,6.27568780392181,-1.24009101139138,0.231776294303562,0.78894104754359,-4.94015479863103
"LOC111772179",-0.457683575508319,7.15423131927486,-1.31728299198642,0.201929804299329,0.783980725529609,-4.94038001474087
"SPON1",0.584770754297215,6.41281954180694,1.25568435082125,0.225277235891625,0.78796396790204,-4.94128358525949
"PDK4",-0.800328304283664,5.99334171149558,-0.999524509457278,0.337253303166676,0.835573101427079,-4.94214772333109
"B4GALT4",0.47413014166298,7.18634715016988,1.0664661778732,0.309039795070043,0.818681685438484,-4.94268155088072
"AP3D1",0.356288669061186,7.15030297370447,1.29561679009912,0.209854679599841,0.783980725529609,-4.94309357151128
"TNMD",-0.635684055475375,7.39054882917719,-1.29516837984078,0.210006314087583,0.783980725529609,-4.94358882993606
"GOT1.1",0.793572121633805,7.55666795058649,1.30138303814585,0.207912358471713,0.783980725529609,-4.94366336057588
"ATG3",-0.34590326769075,6.14188392645656,-1.2940365518955,0.210389432809707,0.783980725529609,-4.94483827640622
"PSMD12",-0.327178782104231,7.1492636489771,-1.29248018142902,0.210917145801411,0.783980725529609,-4.94655490798077
"IQGAP1",0.399569340256856,10.9606496036073,1.31071718601218,0.204100496434266,0.783980725529609,-4.94778317831213
"TLN1",-0.467616958193761,10.1044093637567,-1.30966539433554,0.204449910839545,0.783980725529609,-4.94896625033243
"MCTS1",-0.696532205494179,8.9183061778738,-1.29586628379608,0.2097703477111,0.783980725529609,-4.9497831528888
"ERC1",-0.46917424184295,6.39605456077796,-1.27071037867832,0.219162602235897,0.78796396790204,-4.95013000734321
"MMP2",0.724735006482505,6.97272018490632,1.30725379058519,0.205252828184931,0.783980725529609,-4.95167587720748
"SMNDC1",0.742749177928306,5.65131471802532,1.21238220232493,0.241936733234663,0.790462078328492,-4.95228146046563
"BUD31",0.649286099178375,7.5728359163473,1.30448998422227,0.206176028044606,0.783980725529609,-4.95477611781619
"RPL10",0.748213993688301,9.39073269333029,1.30431245393545,0.20623543923385,0.783980725529609,-4.95497507179649
"PEA15",-0.535330264088677,6.57207495641186,-1.0847553295497,0.297722175580676,0.818598403283283,-4.95509161293847
"CCN6",0.530421459994151,9.86804852222856,1.30324293875887,0.206593638755388,0.783980725529609,-4.95617317464852
"UBXN1",-0.639843273712347,6.4691937677014,-1.2235214035905,0.237811757434807,0.790462078328492,-4.95721194712132
"RPL18A",0.574824574194284,10.6071625824947,1.30224935131382,0.20692684262894,0.783980725529609,-4.95728548697689
"DNAJA2",-0.348349436291186,7.669660050519,-1.30104966975171,0.20732971837421,0.783980725529609,-4.95862757723827
"GPLD1",1.60084072646825,6.8071782584928,1.11494803395002,0.282406108787602,0.810181459636564,-4.95899781321297
"CGNL1",-0.461506913498563,6.79553179029983,-1.28115106022378,0.214789558867572,0.78674634194331,-4.95899901406396
"CAST",0.929413642440279,6.72211321093465,1.28054017101973,0.214999924705852,0.78674634194331,-4.95966744295059
"ABCE1",0.472863733887504,6.73274274775858,1.29908225261127,0.207991735124384,0.783980725529609,-4.96082630399316
"TIMP2",0.543636442368895,8.47978800746535,1.29867306695685,0.208129628420429,0.783980725529609,-4.96128324893762
"UBR4",-0.675779177605114,5.99625650536095,-1.21892318047917,0.238598485223822,0.790462078328492,-4.962249729038
"SOD3",-0.791698677363307,13.1134137970736,-1.29643160794256,0.208886249234069,0.783980725529609,-4.96378419432147
"C4BPA",1.21152458916951,8.58107801593677,1.29591870572432,0.20905968327527,0.783980725529609,-4.96435596638091
"MDP1",-0.586182063911032,7.80327280683575,-1.29581003759765,0.209096442947488,0.783980725529609,-4.96447708294902
"COL3A1",-0.73947050089993,13.3980236242374,-1.29536586658931,0.209246746953166,0.783980725529609,-4.96497204761852
"SH3KBP1",-0.509714680685797,7.49316587397026,-1.29336185222404,0.209925933567061,0.783980725529609,-4.96720347033417
"DNPEP",0.53896436289611,8.88416007112616,1.29238233175447,0.210258527997181,0.783980725529609,-4.96829309268136
"CLTC",-0.583006399243938,9.57391262150603,-1.29174694118394,0.210474492338904,0.783980725529609,-4.96899953454673
"GTF2F1",-0.907105723204258,6.08887292474146,-1.21150241394765,0.242264853817732,0.790462078328492,-4.96946742802085
"CSAD",0.4977183880311,9.56021097996725,1.28963989484104,0.21119189307478,0.783980725529609,-4.97134011780406
"SMU1",-0.575856107311924,6.64766224658405,-1.26960801083959,0.218791588526802,0.78796396790204,-4.97158447745926
"LOC100058329",-0.583832789380431,10.7317939900511,-1.28918978039607,0.211345392226806,0.783980725529609,-4.97183970682869
"BRCC3",0.713464590846109,6.69821049655086,0.958580823176105,0.355245620143902,0.83750470618746,-4.97369857174581
"PTMA",-0.868941772030661,6.90784895601987,-1.28691992412668,0.212120782658548,0.785877121306577,-4.9743568314807
"CAPN6",0.580326617556646,7.41548605740894,1.18795573381624,0.251173855896105,0.790462078328492,-4.97673184229725
"ARCN1",-0.35441039766233,9.50857501872359,-1.28375940722079,0.213204094864472,0.78674634194331,-4.97785545374846
"SEPTIN10",-0.381972293338426,7.05489988708876,-1.28244667886171,0.213655308243604,0.78674634194331,-4.97930649593812
"COL8A1",0.882178406772756,6.88970300184132,1.18831640709242,0.25103553738935,0.790462078328492,-4.98174348237014
"ACTN1",-0.556335767824709,10.1648952210526,-1.27995499168511,0.214513787447764,0.78674634194331,-4.98205729231478
"RTCB",-0.3912481908198,8.02071776453803,-1.27963120165808,0.214625540759728,0.78674634194331,-4.98241442362374
"RPS3",0.473221090618569,11.3769249379047,1.27863404536346,0.214969983360217,0.78674634194331,-4.983513782732
"A0A9L0T8X5",1.11520004270098,9.27855900157433,1.11772582809752,0.281254961896925,0.808438175500822,-4.98512653467244
"NUP54",1.18725342120983,6.4773092405049,1.10036797189191,0.288505994549233,0.813296862244504,-4.98812574881182
"ANK3",0.531255197263099,5.74370134272285,1.19090952504337,0.250042779791601,0.790462078328492,-4.99023468868154
"TOMM70",-0.41046501874413,7.17522607949515,-1.27246323895467,0.217111042895728,0.78796396790204,-4.99030105121232
"HIP1",-0.551295323249294,7.62412748511197,-1.25223068810889,0.224924751098188,0.78796396790204,-4.99035184513673
"TBCA",-0.535450372093654,7.88924184843607,-1.25126874780477,0.225268083775769,0.78796396790204,-4.99138441432467
"ADAMTSL3",-0.865976179771676,5.20996186292663,-1.09573824648367,0.291672030487666,0.815137243562469,-4.99159434010284
"AGA",-0.523477948255532,7.70667470450856,-1.23165161691265,0.233098121123173,0.790462078328492,-4.99167901415036
"CLN5",0.699797858971636,6.48368448121768,1.09398007507957,0.292416200196647,0.815137243562469,-4.99316461412205
"EIF3J",-0.428613979567064,7.51519447876454,-1.26977596557106,0.218048562368623,0.78796396790204,-4.99324815496814
"HIP1R",-0.402108245751004,5.73840867645753,-1.09398157124668,0.291208520326016,0.815137243562469,-4.99384947037475
"CLEC11A",-0.831600087395185,11.2363367356939,-1.26764760438289,0.218793304171411,0.78796396790204,-4.99557858543814
"TSG101",-0.371504747208537,7.36955091634355,-1.26694963987802,0.219037957419191,0.78796396790204,-4.99634209900235
"CP",0.693368897478372,8.60434012560904,1.26692890943993,0.21904522715414,0.78796396790204,-4.99636477091728
"GTF2I",-0.632781747438532,6.21205868169218,-1.03480999808976,0.31960992704659,0.823237690877581,-4.99735302919944
"CILP2",-0.552836079627607,15.2830089062377,-1.26570005556095,0.219476492803007,0.78796396790204,-4.99770815304612
"LOC100052586",0.473451560233163,6.89835193772074,1.1546412473278,0.265181039230457,0.797712272383939,-4.99836877437498
"CTPS2",0.42484364458649,7.9457404246554,1.26327217781209,0.220330476468812,0.78796396790204,-5.0003590785655
"SNCA",-1.4679190412099,6.91700001165559,-0.994788298688051,0.341199081885833,0.83750470618746,-5.00077411438589
"COL9A1",-0.80488695431993,13.4250948098026,-1.26226362450938,0.220685976454557,0.78796396790204,-5.00145902593358
"EIF4G3",0.449607267239913,6.42511115862102,1.24165628194462,0.228721083894422,0.78796396790204,-5.00166611046886
"CREB5",0.586401805810204,6.45570106742537,0.982124065382153,0.341604829115527,0.83750470618746,-5.00184557938996
"VCAN",0.626520456277698,7.12799229519448,1.24101174472968,0.22895405866254,0.78796396790204,-5.002353140201
"RPS27L",0.748060360082076,9.7882352459189,1.26118164439726,0.22106784859298,0.78796396790204,-5.00263823039874
"AIFM1",-0.455041756386701,8.00221985268622,-1.26045239250197,0.221325515918145,0.78796396790204,-5.00343253015857
"BOLA1",-0.402448133370271,6.93612730854551,-1.1882155851949,0.250181633851852,0.790462078328492,-5.00490674608638
"PROS1",0.432998312458882,12.2997848806499,1.23720699528852,0.230333030594301,0.78796396790204,-5.00640261758706
"PPIC",-0.547647236158055,6.6987776851626,-1.25764819263772,0.222318477454568,0.78796396790204,-5.00648324793807
"GOLIM4",-0.68839278092568,6.2076106508689,-1.25718615127472,0.222482413177895,0.78796396790204,-5.00698535715144
"DSTN",-0.396516031684912,9.67184546825943,-1.25633349604564,0.222785185289459,0.78796396790204,-5.00791154494575
"C8B",1.05370347968251,8.48941230033382,1.25600597516592,0.222901569788573,0.78796396790204,-5.00826717000341
"SMAD3",-0.547274393958219,7.48149335282092,-1.23541225051596,0.230985709719587,0.78796396790204,-5.00830917394602
"RECQL",-0.533133741327443,6.95323757048112,-1.23499499299575,0.231137652548834,0.78796396790204,-5.00875209276387
"PGK1.1",-0.394106384323073,15.0451502328772,-1.25353338928015,0.223781709269908,0.78796396790204,-5.01094939766677
"STOM",-0.829274788337872,9.64119331678804,-1.25234361173366,0.224206170199797,0.78796396790204,-5.01223846042913
"ADPRS",-0.391997632805115,7.5911957005521,-1.25234275169006,0.224206477249093,0.78796396790204,-5.01223939186787
"HSP90B1",-0.508858264389933,12.1959388679461,-1.25049777768274,0.224865904814841,0.78796396790204,-5.01423627825532
"SYNPO",-0.58337896682072,7.31991409493758,-1.07039330259405,0.301352843792669,0.818681685438484,-5.01475053127148
"RPL13A",0.585992264265935,11.934052905875,1.24996074403473,0.225058129479141,0.78796396790204,-5.0148170625725
"SSBP1",-0.668878520175633,5.19872280618439,-0.879340852375744,0.398001944978536,0.852057774193103,-5.01513200642439
"PTPRA",-0.665986119382168,7.33956541926702,-1.19611469436818,0.247162028189809,0.790462078328492,-5.01525014837938
"KCTD12",-0.489333936403054,8.87059735422286,-1.24918997133187,0.225334238157278,0.78796396790204,-5.01565025919283
"LRRC17",0.529142418302134,7.45425328459278,1.24907003623223,0.225377225011365,0.78796396790204,-5.0157798685907
"PCOLCE2",0.562973189385185,12.4419750071233,1.24848437629326,0.225587226077657,0.78796396790204,-5.0164126182244
"DEFA8",-0.792033394222788,8.12471537298529,-1.13517925928624,0.273009511432002,0.799412693415556,-5.01698953186553
"PRKD1",-0.477566633197719,6.55242748823979,-1.17612343588311,0.254858137299679,0.793929799441408,-5.01701687204162
"CDH13",-0.856100713336106,7.89226680523664,-1.2478260401761,0.22582346560505,0.78796396790204,-5.01712358769813
"UAP1L1",-0.436877190614112,9.33618628199675,-1.24745220311026,0.225957698831377,0.78796396790204,-5.01752717138961
"NADK2",0.443103094497451,5.69159164527367,1.2238369647488,0.235229200966802,0.790462078328492,-5.02054956852637
"MFAP4",0.817213500215595,8.18191798497855,1.2103398375334,0.24098306618744,0.790462078328492,-5.02055880312964
"PKN2",-0.370880284094001,7.09322907766776,-1.22352802811239,0.235343265551552,0.790462078328492,-5.02087492487261
"TST",-0.55364909048445,7.88605850741158,-1.24375404464111,0.227288884293493,0.78796396790204,-5.02151407860514
"SFXN3",-0.498768749082862,7.23698854701591,-1.24356784425277,0.227356067037918,0.78796396790204,-5.02171455218093
"PPID",-0.766871613666169,7.24323980998226,-1.20261279029651,0.243891538652486,0.790462078328492,-5.02186762414306
"ILF3",-0.439622929334277,9.80651465897454,-1.24334983279511,0.227434746790343,0.78796396790204,-5.02194924297807
"APIP",-0.6238982731588,6.59100732217882,-1.22228921729681,0.235801078487002,0.790462078328492,-5.02217888073412
"A0A5F5PTR6",0.813651261799756,7.38735062933178,1.08392155197819,0.294453314926491,0.817692219673781,-5.02531805026256
"PAPLN",-0.492789093065441,6.26886497212559,-1.17192079750998,0.256498816904909,0.796538601557521,-5.02722257710874
"PEF1",0.39258962071346,8.19323631535904,1.23814972670623,0.229317625624406,0.78796396790204,-5.02753684948187
"CTSA",-0.456824184989379,7.20061946881417,-1.19626953957858,0.246298993558912,0.790462078328492,-5.02838153791979
"ANXA2",-0.359849273724218,13.6685161225987,-1.23721575011312,0.229657061142757,0.78796396790204,-5.02853831912107
"UBE2G1",-0.587978144566707,5.9061131670992,-1.10561046050951,0.286301499147488,0.813296862244504,-5.02879201716671
"RELA",-0.435673733173044,7.17706168931754,-1.23547296118867,0.230291468501341,0.78796396790204,-5.0304053335778
"POLR2C",0.532499970036597,5.82378493670941,1.11966222828758,0.279374269944916,0.806894160383489,-5.03164772267462
"CD63",-0.941964660438261,6.86581406001515,-1.21300599944313,0.239253367877635,0.790462078328492,-5.0319147300107
"UPF1",-0.370475478039627,7.32738872289247,-1.2340392614533,0.230814362842454,0.78796396790204,-5.03193955127076
"SRSF11",0.539918271647005,5.36095717499258,1.19258920738695,0.24770401562795,0.790462078328492,-5.03214758346694
"ECHDC1",-0.408935946512059,7.60664171499828,-1.23357126335777,0.230985245368998,0.78796396790204,-5.03244003348214
"COL6A3",-0.396689588380791,16.7733030879348,-1.23291677274291,0.231224384530582,0.78796396790204,-5.03313968225503
"PRKAG1",0.498862009084263,7.35540741171693,1.15827607086256,0.261880456289481,0.797435370994071,-5.0347007604866
"VEGFB",-0.507564691705589,6.62477702015212,-1.08817634590813,0.292627420546123,0.815137243562469,-5.03557119582499
"GRAMD1B",0.849433881274765,9.46758674981151,1.19570313869605,0.246514831946446,0.790462078328492,-5.0356613577891
"COL4A1",-0.739053564503857,7.13021138534912,-1.1447257343921,0.268174954061171,0.797712272383939,-5.03573606897895
"GPT2",-0.877614273364064,4.81898574489547,-0.923656117103632,0.371300196351179,0.84580251465908,-5.03608859546368
"APPL2",0.585129414788532,5.90882799583837,0.910047292547121,0.379348823777105,0.847024354662101,-5.03618570814036
"CXCL14",0.854016841138936,9.38878209760927,1.229458212113,0.232491213582324,0.790462078328492,-5.03683163280636
"MOGS",-0.545491955829683,6.80510657653267,-1.20809491251558,0.241095179514588,0.790462078328492,-5.03703985292333
"BABAM2",0.608291103619692,3.21181969781204,0.971254991104539,0.350575938940823,0.83750470618746,-5.03707916645505
"EEF1A2",1.80872254470184,6.95111421945569,1.06711514494827,0.303963475138316,0.818681685438484,-5.0389201778975
"ALDH3A2",-0.535080036602538,7.03337637588118,-1.19234614089706,0.247073923280717,0.790462078328492,-5.03943964279437
"NONO",-0.418500217261633,8.7271229538377,-1.22649879210034,0.23357940137445,0.790462078328492,-5.03998375454209
"LGALS4",0.614515292453223,7.79436721568085,1.22400445885335,0.234499579225722,0.790462078328492,-5.04263548241602
"CARMIL1",-0.370143553479544,6.21729739522441,-1.22399195143932,0.234504200232341,0.790462078328492,-5.04264876747313
"NIFK",0.676615738301049,6.58661643622258,1.13713952329819,0.271245398924821,0.798723615626391,-5.04306653274033
"TAGLN",-0.934137587397556,9.83078104704202,-1.11912217873591,0.27864277506189,0.806894160383489,-5.04340591642285
"COMMD9",-0.473728696724266,6.76862376778318,-1.14868447886795,0.265713864634613,0.797712272383939,-5.04411036316504
"OLFML1",-1.05181145692204,9.0962992091,-1.22137458509315,0.23547273864566,0.790462078328492,-5.04542632227051
"FBXO7",1.00777770203748,7.19565971498192,1.1649654883272,0.259231578973841,0.796817203825866,-5.04662125560436
"MAP1S",0.476824763362542,6.36719666769772,1.02126469216573,0.324440834562666,0.829219486962141,-5.04782466300406
"PCYT1B",-0.410242669128056,6.52505497543211,-1.16375344038383,0.258922751894701,0.796817203825866,-5.04823428935037
"EDIL3",-0.598967485980624,10.2556504801754,-1.21823374639799,0.236638988670704,0.790462078328492,-5.04875269476482
"TF",0.806519702705435,13.7937731156205,1.21732383916345,0.236977670566088,0.790462078328492,-5.04971498646573
"TRIM25",-0.553527241785407,5.56987322497429,-1.16171486733136,0.259730053789128,0.796817203825866,-5.05026416934996
"SRSF7",0.383448968673224,9.75549063081903,1.21643337009519,0.237309472884146,0.790462078328492,-5.05065612680281
"CPQ",0.457806075598812,7.82525784849124,1.21530603887786,0.237730038455497,0.790462078328492,-5.05184676439316
"SERPIND1",0.997767384603483,9.0747306688644,1.21527304317036,0.237742356432537,0.790462078328492,-5.05188159880914
"NSUN2",0.386122175102818,6.86287689732328,1.21477968790072,0.23792659377593,0.790462078328492,-5.05240235032483
"CLIC5",-0.677772115973115,6.48210424975589,-1.14400025987151,0.267601144293808,0.797712272383939,-5.05476466582609
"A0A3Q2I2H1",-0.911800616624152,6.50782102396065,-1.03937873958915,0.315082258293749,0.819464342137577,-5.05479853024586
"ZKSCAN1",-0.57073490130446,5.76624892759602,-1.06705158846482,0.300859426504786,0.818681685438484,-5.05516150567311
"TFG",-0.368422022061165,8.53722686257471,-1.21160738500241,0.239113834210488,0.790462078328492,-5.05574649754087
"MACROD1",0.41744142097136,6.94363901788697,1.04865497341755,0.309910011485348,0.818681685438484,-5.05655767295187
"PTGES3",-0.448838902159145,9.79241089858965,-1.20976351950509,0.239805961179919,0.790462078328492,-5.05768681103146
"CHST6",-0.736391861764674,7.48072509205595,-1.09785889006392,0.286727401967224,0.813296862244504,-5.05838320818535
"ROCK1",0.453589264253964,11.7243361648483,0.994466950901245,0.335757450163137,0.835182620598104,-5.05852775472827
"ENO3",-0.660257747150383,14.9474747793114,-1.15296159876891,0.263217863711228,0.797712272383939,-5.05894567857755
"PURB",-0.405525157107909,7.0112669225988,-1.20753930722446,0.240642872306624,0.790462078328492,-5.060024003184
"ALDOA",-0.493556603211307,12.0813331380268,-1.2073135483629,0.240727942497787,0.790462078328492,-5.06026102387637
"TMEM263",-0.44009770411878,7.27778388670072,-1.20636113222315,0.241087080946726,0.790462078328492,-5.06126053317947
"HNRNPM",-0.404541025792684,10.1969048047811,-1.20559116128968,0.241377718378563,0.790462078328492,-5.06206808255987
"LOC100059239",0.785074107024711,11.630856160507,1.20401332783725,0.24197412235916,0.790462078328492,-5.06372154304287
"F6PYR5",0.896287926538823,5.59075689209683,1.18827118354055,0.248638966799156,0.790462078328492,-5.0647767707318
"LYG1",-0.815336880155698,5.9324059488383,-1.16691799439895,0.257673269905774,0.796817203825866,-5.06490952942904
"OXSR1",0.4991318635685,7.22513270918636,1.20225687997013,0.242639347885048,0.790462078328492,-5.06555999758868
"PPM1B",-0.689925507799755,6.80700610402145,-1.1802082465748,0.251757615906231,0.790462078328492,-5.06580647727973
"NGLY1",0.507809068461908,6.81415375977647,1.06575019369495,0.301430746533932,0.818681685438484,-5.06624940453219
"A0A9L0T8B6",0.470227148071015,6.64302492330968,0.837173600070874,0.417608154215347,0.854934279656272,-5.06639369886874
"ATP5F1C",-0.567081667429816,8.54915938225232,-1.20004004686169,0.243480904405678,0.790462078328492,-5.06787704899345
"PSMB6",-0.45575315842866,9.29096621175594,-1.19871726295011,0.243984107846292,0.790462078328492,-5.06925788666921
"SURF4",0.610867901256151,8.77154901432476,1.19849130482993,0.244070143408562,0.790462078328492,-5.06949363094449
"CNNM4",0.709465996460989,7.07425125446534,1.1217011949364,0.277574819192833,0.806894160383489,-5.06972467589092
"COL1A2",-0.756601835774643,11.2649004725145,-1.19774204175671,0.244355595497206,0.790462078328492,-5.07027507153473
"MTHFS",-0.373552788719524,7.39888603577247,-1.19574147291156,0.245118998063817,0.790462078328492,-5.07235950156845
"CRABP1",-0.935237723236541,7.56123236832066,-1.05881759793332,0.304487465932765,0.818681685438484,-5.07244427016925
"MME",0.97575907617498,6.34701422162004,1.04496461745593,0.311560805465958,0.818681685438484,-5.07410751752223
"NFATC2IP",0.489464732692436,6.96812003937789,1.10321504901714,0.285297215225016,0.812453579042473,-5.07534469082009
"RPS27A",0.528630014270492,12.1718546683939,1.1915619060344,0.24671967925605,0.790462078328492,-5.0767046159791
"MPP1",-0.429019334081902,6.47623814991507,-1.11470106155216,0.279632900623656,0.806894160383489,-5.07691459642712
"PODNL1",-0.606241917356826,7.86918259495936,-1.19119022024019,0.246862406125687,0.790462078328492,-5.07709039100299
"VCL",-0.373353851236324,9.10032003707103,-1.19113762603621,0.246882607241826,0.790462078328492,-5.07714497050606
"LYPLA2",-0.508572894723812,7.11608959004881,-1.19068442676576,0.247056729806512,0.790462078328492,-5.07761519110514
"STX4",-0.383941520789255,7.63098146787506,-1.19016998133076,0.24725449538195,0.790462078328492,-5.07814877179717
"ZYX",-0.525638173137863,6.18437389280408,-1.18992314666413,0.247349426945533,0.790462078328492,-5.07840471733962
"ACTN4",-0.490870276192241,9.70056009225037,-1.18786467050495,0.248142174267878,0.790462078328492,-5.08053739611571
"MAMDC2",-0.789589798507193,8.94675772249695,-1.18718892052389,0.248402830112706,0.790462078328492,-5.08123681276813
"HNRNPL",-0.417099202064701,8.44517248593528,-1.18686942689877,0.248526139323813,0.790462078328492,-5.08156737676925
"SCRG1",0.533525337260201,7.7091394540883,1.18597760581801,0.24887058245302,0.790462078328492,-5.08248969419567
"RHEB",-0.384803648095364,7.66882408756666,-1.16273533832189,0.258616499977396,0.796817203825866,-5.08353814637462
"MFGE8",-0.509783777473126,16.6623310096544,-1.18290166823923,0.250061331591439,0.790462078328492,-5.08566623684788
"NSFL1C",-0.491376403293494,7.76681802190585,-1.18245552981715,0.250234393428685,0.790462078328492,-5.08612637738029
"YBX3",0.474978527661018,7.39445554329081,1.18172638974692,0.250517427713636,0.790462078328492,-5.08687807978178
"DPYSL3",-0.580663828301087,8.94592530115012,-1.18056434016537,0.250969002220905,0.790462078328492,-5.08807526197872
"UFD1",-0.355066574972668,8.37761927134177,-1.15766086085139,0.260634351997798,0.797435370994071,-5.08864525318371
"DNAJB4",-0.571906929837873,7.36486590703079,-1.17895753710421,0.251594412046715,0.790462078328492,-5.08972897200869
"OSBPL1A",-0.45728673549317,6.47666462995788,-0.811271022751285,0.430777273292314,0.854934279656272,-5.08973673878588
"GFPT2",0.460664869455894,9.41773331801719,1.17873603380596,0.251680718298369,0.790462078328492,-5.0899567893386
"DPP3",-0.519433148352372,6.11187225394222,-1.15633174500044,0.261164803710095,0.797435370994071,-5.08997974260613
"ELF2",-0.828291961996603,4.05223029827617,-0.952922286205352,0.35799902938249,0.83750470618746,-5.09013457697354
"PABPC4",-0.402508178112578,8.05139963962928,-1.17765903345628,0.252100674932097,0.790462078328492,-5.09106396400797
"GLT8D2",-0.413232365395852,7.82524072418593,-1.15463169371386,0.261844466655355,0.797435370994071,-5.09168474542241
"G6PD",-0.362783340018115,7.74405134831609,-1.17674156742735,0.252458837200352,0.790462078328492,-5.09200644629396
"SERPINA3",0.879988828583913,7.55447493029215,1.1534971859389,0.262298762442886,0.797712272383939,-5.0928213568474
"AP3B1",-0.335986260595004,7.19088298406322,-1.17588530920153,0.252793448071775,0.790462078328492,-5.09288548028251
"PSMA4",-0.353036170408594,8.65170789427814,-1.17549044680416,0.252947865065118,0.790462078328492,-5.09329065972818
"LIN7C",-0.448177711135921,7.69313029538712,-1.17268919230216,0.254045362467413,0.793058712844234,-5.09616173404564
"LAMTOR2",-0.445747977748418,6.74340949258636,-1.15010570633212,0.263660320446759,0.797712272383939,-5.0962133893429
"ARL1",0.537888184330878,7.86187320046203,1.17112363783166,0.254660274053585,0.793929799441408,-5.0977637328569
"TACC2",0.497759949726198,5.55614338025,1.05936054257706,0.304247263950279,0.818681685438484,-5.0985629349325
"C11orf68",-0.354360291820367,7.7644914680753,-0.955079168388009,0.355727585842911,0.83750470618746,-5.10186970589752
"MTA1",0.654332630300567,6.84125833549583,1.16658229077598,0.256450285172251,0.796538601557521,-5.10240033457419
"VPS4A",-0.485550038468922,7.20530898432679,-1.12885744871592,0.273002566336153,0.799412693415556,-5.10264943573787
"IDH3G",-0.442133623214253,7.11587791908949,-0.952490386258652,0.356993022244132,0.83750470618746,-5.10392095381399
"ELP3",0.477758982018885,6.42345221935476,0.854088633631538,0.411253384395892,0.854934279656272,-5.10518783041702
"PGAM5",-0.375606619523335,6.28394861581728,-1.14105913708756,0.267317846127695,0.797712272383939,-5.10521931436451
"TMEM109",-0.638648843251315,8.89221740223311,-1.14809197876609,0.264471239360824,0.797712272383939,-5.10554500009742
"FERMT2",0.341317412726549,7.7635473188661,1.16347717160709,0.257679578388162,0.796817203825866,-5.10556161600967
"LRRC59",-0.339662674409954,9.3136376261303,-1.16342117404164,0.257701787579494,0.796817203825866,-5.10561855948268
"LANCL1",0.400682470015636,8.30584909246233,1.16193030358085,0.258293605397105,0.796817203825866,-5.10713374129574
"LOC100050760",-0.730662489005405,7.62780951550632,-1.13860910224478,0.26831482732111,0.797712272383939,-5.10764777819293
"TUBA1A",-0.406247086811653,12.8016460694755,-1.16095250880317,0.258682300443412,0.796817203825866,-5.10812656744126
"DNAJA3",-0.510917753190765,5.48289045363453,-0.987851008998944,0.337920628545312,0.835573101427079,-5.10834155101401
"MAN1A1",0.563928555094132,6.54199259970849,1.04741661352502,0.310463255748449,0.818681685438484,-5.10865197988705
"SNX27",0.482707508868456,6.92593197204558,1.08713123025914,0.29131449926411,0.815137243562469,-5.10911371808088
"CCT5",-0.329963302493237,8.22879565154512,-1.15966055565436,0.259196546921558,0.796817203825866,-5.10943727134988
"ABCF2",0.430585080364247,6.75279899516897,1.03382922133464,0.316580433359805,0.821121873797228,-5.10965588938473
"RGCC",0.654349793207174,5.55378285227114,1.06534101514402,0.301610540959896,0.818681685438484,-5.11039855184206
"PDGFRB",0.4463236108918,6.16869401424276,0.801656318454361,0.436138080927491,0.855313639261229,-5.11081671357455
"HNRNPK",-0.411314398407499,11.1161069559234,-1.15822518503547,0.259768769238789,0.796817203825866,-5.11089199160868
"PSMC2",-0.317834342759891,9.66557683059984,-1.1581404368573,0.259802584104568,0.796817203825866,-5.110977833435
"STARD13",0.44059553545801,6.32496428469763,1.13469578741157,0.26991295158159,0.797712272383939,-5.11151728146239
"G3BP1",-0.421912571471088,7.24360213891374,-1.13384198642568,0.270262559879079,0.797712272383939,-5.11235999287109
"QARS1",-0.315017519992476,7.55085004827745,-1.13379041521875,0.270283687584205,0.797712272383939,-5.11241087667463
"PGM3",0.467898124505633,7.15416869852882,1.15468466346117,0.261184236788156,0.797435370994071,-5.11447356425728
"AASS",-0.798620800037544,7.4232391436844,-0.997008710205629,0.334562171529675,0.835182620598104,-5.11459474033279
"AK4",-0.398314670757611,8.89976986903931,-1.15433401952653,0.261324731699561,0.797435370994071,-5.11482775631002
"S100A11",-0.423855233826654,11.1357264239495,-1.15298451863496,0.261865968340447,0.797435370994071,-5.11619004189893
"LOC100064378",1.22431460304874,8.10299212125454,1.07897130220117,0.294839326036154,0.817692219673781,-5.11671704179341
"ABHD10",0.361064750003262,6.25620479529671,0.964570823004288,0.350043702687884,0.83750470618746,-5.11731807560041
"PDK3",-0.671326262056226,6.67704302716082,-0.916629485311547,0.376015267687237,0.847024354662101,-5.118213166351
"GALK2",0.397066837755021,7.89871877574145,1.15082116148936,0.262735346371182,0.797712272383939,-5.11837100849458
"RPN1",-0.569045131960812,8.23690178384398,-1.14450720191278,0.265284925702176,0.797712272383939,-5.12471601586637
"RNH1",-0.475066020888914,7.62615021225394,-1.14370242322805,0.265611204903691,0.797712272383939,-5.12552257164896
"TSPO",0.960810023526573,9.25500293908201,0.792985294882052,0.441009173080808,0.857662227417305,-5.12579691468271
"GNAO1",0.580726990843229,7.28263807061917,0.935749859752188,0.365251949345754,0.840220747229675,-5.12582597682423
"GMPPA",0.465028195436766,7.70750683718998,1.14234862762462,0.266160739025503,0.797712272383939,-5.12687824342716
"RPL32",0.567471121973826,11.0123333794325,1.14105831030128,0.266685286775802,0.797712272383939,-5.12816904869167
"A0A9L0T229",0.661181004142921,8.97526366474146,1.14095305075797,0.26672811116336,0.797712272383939,-5.12827429203625
"TMEM231",0.66071136517629,5.02270100717583,0.992122981152863,0.33686239999477,0.835573101427079,-5.12888868413458
"RPL7",0.451564013237296,11.2885861561595,1.14003332021822,0.267102515408998,0.797712272383939,-5.12919352153535
"OXR1",0.473832102085918,6.41123366085649,1.1393796118153,0.267368862846247,0.797712272383939,-5.12984648149799
"ATP1B1",-0.512420018430501,9.53143954892894,-1.13931247848126,0.267396226787531,0.797712272383939,-5.12991351950844
"ATP6V0A1",0.690806635607325,6.41919849394974,0.978159276985913,0.343498290306736,0.83750470618746,-5.13032430151179
"IMPDH2",-0.433479890328014,5.77963966260076,-1.09247416134666,0.28827658408833,0.813296862244504,-5.13078871834223
"MYO6",0.458637762452222,6.63872882196839,0.978042675920089,0.342601393473927,0.83750470618746,-5.13114502372943
"AFM",0.709050082536734,8.34788451105495,1.11350459557336,0.278689134553508,0.806894160383489,-5.13227062397479
"GOLPH3L",0.445792375670168,6.24498308570616,1.08354147149112,0.292120129761918,0.815137243562469,-5.13243624240383
"STAM2",-0.440279344327051,6.20066805645652,-0.81400744079792,0.432892979476678,0.854934279656272,-5.13247507021983
"SNX4",-0.462539797176718,6.47595223844541,-1.08929225134216,0.289641448305344,0.815137243562469,-5.13380166379777
"RPL26",0.556586634220183,9.26179515091926,1.13519345936048,0.269079115392651,0.797712272383939,-5.13402010803732
"ARF6",-0.326666369047265,9.42204893263056,-1.13503158524955,0.269145410463533,0.797712272383939,-5.13418122897916
"RPS24",0.624508252799664,9.65492504125687,1.13472880958298,0.269269443635572,0.797712272383939,-5.13448254212914
"THUMPD3",0.344998153726597,7.06653492232636,1.11006401889445,0.28013353611934,0.807105323693924,-5.13560804108242
"ENO1",-0.315469696583379,15.6662138598284,-1.13323744628338,0.269881000191451,0.797712272383939,-5.13596567889472
"RPS11",0.483885512140559,9.80567337904507,1.1325478833659,0.270164111347393,0.797712272383939,-5.13665086311896
"DCK",-0.526641362208247,6.11732096139488,-1.01532773681573,0.324174591081995,0.829219486962141,-5.13753778694978
"DDOST",-0.607537172395195,9.1324027581089,-1.12977735306773,0.271303799006239,0.798723615626391,-5.13940013335987
"DBI",-0.762066181704122,9.30419574414411,-1.1294667470859,0.271431790049843,0.798723615626391,-5.13970798958222
"CASP6",0.653927750338307,5.62479402103945,1.0824440573461,0.29259487791407,0.815137243562469,-5.14026031561901
"LOC102148317",-0.618359140521205,8.78327831026918,-1.12764107489448,0.272184989330167,0.799412693415556,-5.14151600572827
"FAM185A",0.675264818430616,7.37187857950257,1.12668884652684,0.272578449004454,0.799412693415556,-5.1424580117497
"HOOK3",0.295019446318911,6.93687528102419,1.12622577046856,0.272769942288107,0.799412693415556,-5.14291586542668
"PRDX1",-0.485590770800211,13.0410156109705,-1.12263585865656,0.274257807959258,0.802278248455058,-5.14645971224239
"CSNK2A1",0.695335769414546,8.48898721120138,1.06026912087262,0.302307972211804,0.818681685438484,-5.14740248121649
"KYAT3",0.41082675054788,7.82638279658812,1.12069756081522,0.275063618103081,0.803845052904386,-5.14836902632263
"TAOK1",0.392162207815604,5.27967241784406,1.03661057668603,0.313635756665108,0.819464342137577,-5.14908258647059
"NHERF2",-0.382820022482999,5.52572199165465,-0.969029568586901,0.346107935199143,0.83750470618746,-5.14950728646511
"PLS3",-0.384970386943923,12.0808067859598,-1.11879046084897,0.275858148881876,0.805375851740511,-5.1502447923561
"LOC111772362",0.868064763429633,8.32431547497405,0.814410694705147,0.431261905310729,0.854934279656272,-5.15129797229354
"NAA15",0.443440517103791,6.38207495337063,1.0554121246058,0.304466057271158,0.818681685438484,-5.15185993889105
"PGK1",-1.08352831211515,7.23848904216115,-0.998587344110035,0.331988849022246,0.833474114633909,-5.15197821950216
"A0A3Q2HCA2",-0.544716675011461,9.76038723688348,-1.11633043955419,0.276885514426925,0.806894160383489,-5.15266026580327
"TOR1A",-0.411649501271907,6.69045283366277,-1.05308823968349,0.306224744384659,0.818681685438484,-5.15347080598808
"COMMD3",-0.340877034597977,5.60223140556109,-1.05338114201194,0.305371742942182,0.818681685438484,-5.15371854128967
"GSK3A",0.36027995102428,5.98496307667851,0.996276812202234,0.333077724867636,0.834798847077689,-5.15395485403044
"UBA6",0.345464014647986,7.95604361374013,1.1146344653484,0.277595421996681,0.806894160383489,-5.15432281694679
"LOC100060547",-0.585097336005156,7.77926160197972,-0.9308676796087,0.365746769151389,0.840229064266705,-5.15443045421365
"GAA",-0.398954180172448,7.52810652555057,-1.11425666074963,0.27775374586307,0.806894160383489,-5.15469287451805
"PLIN3",-0.460740200548715,8.64862179958802,-1.11353977868708,0.278054345767384,0.806894160383489,-5.15539475452807
"EIF3B",0.451193500572568,8.21275064202981,1.11276740534192,0.278378479790577,0.806894160383489,-5.15615052164831
"APTX",0.770943629142976,4.98350133060972,0.914614446719256,0.374852964239739,0.847024354662101,-5.15681884803541
"ZFPL1",0.758494329194947,7.38805129689243,1.04872507299529,0.307455327747665,0.818681685438484,-5.15796758841095
"GULP1",-0.390350427178414,7.77296400433457,-1.11047823407867,0.279340772700507,0.806894160383489,-5.1583877753066
"PPP1CB",0.620793291780538,7.76762165993956,1.08508174496383,0.290785735336927,0.815137243562469,-5.15957090045482
"KHSRP",-0.425747547942285,8.27086874858631,-1.10832372474814,0.2802486720591,0.807105323693924,-5.16048973070286
"CCT8",-0.319044440235313,8.87320002594386,-1.10711824661693,0.280757591617446,0.807789008763929,-5.16166424185908
"RARRES2",1.18267310303528,8.01860669479712,0.950759021657878,0.356785582992362,0.83750470618746,-5.16306727342786
"NAPA",-0.317435511196024,8.94170002073972,-1.10423492708567,0.281977578864598,0.809732912280096,-5.16446894243852
"H1-3",0.743542021494861,12.503141954514,1.04033169016219,0.311951041472769,0.818681685438484,-5.16506264489658
"EIF2S3B",0.362853349764021,7.80706385067899,1.10202917684064,0.282913474071194,0.810855091870716,-5.16661021277218
"UXS1",0.558564673611237,6.96707055477996,1.04647953500975,0.308463829834386,0.818681685438484,-5.16672684291412
"TARS3",-0.467448977122755,7.37694108398779,-1.03793222037128,0.312324156065085,0.818681685438484,-5.16775343007272
"MAPK9",0.391842949371398,6.44675255796955,0.979985470498333,0.340826571047776,0.83750470618746,-5.16777809992459
"CTTN",-0.487410387004742,7.8136595924076,-1.1007475325402,0.283458309101181,0.811634715665074,-5.16785266340737
"DEFA23",0.771798417577277,8.34061429435314,0.898384774995538,0.383165279224739,0.848152310783928,-5.16925586648906
"INPPL1",-0.338221773956397,5.84936045655255,-1.07333274755286,0.295895616676519,0.817692219673781,-5.1706753468346
"GNAI3",-0.481057688766166,6.88282202941346,-1.0973758448279,0.284895273830704,0.812453579042473,-5.17111517236775
"RPS20",-0.472335890253045,9.67167118422691,-1.09638758160727,0.285317457305206,0.812453579042473,-5.17206976653546
"MAGOH",0.526764138100344,7.58115427803601,1.09636204838018,0.285328371042931,0.812453579042473,-5.17209441984711
"PLTP",0.952832358314516,7.53871283093265,1.0717976005954,0.296568035303533,0.817692219673781,-5.17211843627857
"A0A9L0SEY9",-0.578619265917596,7.51727392139231,-1.09623636043806,0.285382098599979,0.812453579042473,-5.1722157690209
"AHSG",0.738869711182667,11.3495379392203,1.09623459384293,0.285382853814919,0.812453579042473,-5.17221747454565
"SIK3",-0.556857060633917,4.194265317392,-0.875629681404025,0.395027761816435,0.852057774193103,-5.17237585408292
"RTF1",-0.510211046384508,5.39405353526319,-0.947545817450245,0.356628539757543,0.83750470618746,-5.17238361789676
"GGA2",0.339207125083525,5.27854862518915,0.460756425858399,0.653940746048661,0.928495736953561,-5.17322386266018
"A2M",0.897069321045732,10.4551546744935,1.09482714391408,0.285984995677625,0.813296862244504,-5.17357550110365
"CLEC3B",-0.637256815307147,10.6968716742066,-1.09297371944442,0.286779340374403,0.813296862244504,-5.17536149899072
"B4GALNT3",-0.444837389035408,7.2520125401582,-0.991037452963146,0.335556159953367,0.835182620598104,-5.17609472474198
"CD9",0.527640447485266,9.08090913526716,1.0910058119031,0.28762449811143,0.813296862244504,-5.17725489859361
"GREM2",0.558572899681672,7.62732035117677,0.708296744257434,0.490378371074007,0.87989155093154,-5.17738715495971
"LGALS3",0.568465569221577,10.033702268151,1.08967249194434,0.288198142748655,0.813296862244504,-5.17853602895272
"RAB33B",0.408249187554131,6.97941629632586,0.987998663241844,0.336999551312332,0.835573101427079,-5.17869340960198
"MFRP",0.542723076031704,11.3028862612855,1.08912563144453,0.288433661943384,0.813296862244504,-5.17906108473189
"SEC61A2",-0.446606194121428,7.27232929914766,-0.801603201535826,0.438354882662554,0.857662227417305,-5.17917258794514
"PFDN5",-0.457418781697527,6.37925927479364,-1.06395794398003,0.30001908145447,0.818681685438484,-5.17945965210859
"LAP3",0.509632863060591,9.88656173463807,1.08868038546478,0.288625521055099,0.813296862244504,-5.17948840607876
"TOP1",0.505009169762176,8.91498231462189,1.08853958045616,0.28868621395973,0.813296862244504,-5.17962351053501
"SRP72",0.339461487982077,6.87274438728288,1.08489280218547,0.290261344055649,0.815137243562469,-5.18311728015439
"BHMT2",-0.880278942856247,11.1829851760298,-1.08471745842821,0.290337235215533,0.815137243562469,-5.1832850064382
"DUT",-0.382803333855892,6.80253584080137,-0.847517950092504,0.409197869269404,0.854934279656272,-5.18449200203109
"LCMT1",-0.399133386086155,6.85912679839181,-0.966401683151519,0.347383133832294,0.83750470618746,-5.18497005010813
"SPP2",-0.765139891125387,10.4454258051809,-1.082843319257,0.291149282781148,0.815137243562469,-5.18507623303578
"GPC6",-0.538179944454867,6.77748799507171,-1.05541861006246,0.30381081399951,0.818681685438484,-5.18740204433629
"NUP155",-0.432114099406814,5.34422473772894,-0.99272788915049,0.333993663726238,0.835182620598104,-5.18763039631834
"AOX1",-0.373306733407615,5.29414473882215,-0.954817908884775,0.353865205185825,0.83750470618746,-5.18807422213557
"RANBP2",0.361850629388805,5.66845143190499,0.955010880632596,0.352948227402014,0.83750470618746,-5.18857980591811
"NRBP1",0.44915296485577,6.34143947919505,1.05342733408013,0.304699909907995,0.818681685438484,-5.18924600435904
"A0A5F5PJ00",-0.995405570150701,7.89793330999742,-1.07746222968927,0.293489959547079,0.816156500624074,-5.1902040611208
"SNW1",0.733268228435102,6.08342929279772,0.952975655791374,0.35394899803084,0.83750470618746,-5.19025409257128
"MPST",0.396974527723746,8.52391144772845,1.07734293890008,0.293542001905129,0.816156500624074,-5.19031748180049
"MAK16",0.4181314672154,5.67930666680038,0.81697776294309,0.428648155277076,0.854934279656272,-5.19044275539524
"TIAM2",-0.675903393514697,5.5326104782732,-0.618769187614518,0.546750085926727,0.896750005986061,-5.19337497127462
"RAD50",-0.373990419221386,5.50454020679081,-0.983949080684637,0.338175061170399,0.835573101427079,-5.19516566812343
"ALDH6A1",-0.36997197361653,8.62427843326254,-1.07208718916595,0.29584149367362,0.817692219673781,-5.19530358299948
"COL9A3",-0.693469752787737,8.58924531527622,-1.07205889890467,0.295853906114341,0.817692219673781,-5.19533036345967
"PSMD2",-0.416385610708483,6.45751580089028,-1.07160408799653,0.296053507153351,0.817692219673781,-5.19576081608569
"PPT1",-0.543400277674393,8.51617859885509,-1.07144366721023,0.296123933437981,0.817692219673781,-5.19591260666812
"CMTM7",-0.682506620498525,5.83988551874112,-0.841229638793243,0.41434724007007,0.854934279656272,-5.19654590892858
"KIF5B",-0.310881132979756,7.14439139496342,-1.07075529857579,0.296426270474571,0.817692219673781,-5.19656371464384
"FMOD",0.344806956198478,18.07175474944,1.06971375263451,0.296884146862181,0.817805867513878,-5.19754817867083
"DDT",-0.532692830372288,11.7662049252414,-1.0683410681435,0.297488370410177,0.818598403283283,-5.1988443376336
"RAB28",0.542420445795764,6.90113597009884,0.739920497844804,0.473564139888745,0.876677692917574,-5.19940142621969
"THOC2",-0.515738507000481,5.4617334589752,-0.857371377788134,0.404721253201879,0.853327943497937,-5.19980658086372
"ENSA",-0.39246318196808,7.12876614883799,-1.00703009008513,0.326567089184195,0.830373581472632,-5.20207319969329
"DEFB1",0.589032091886788,8.9624014982625,1.03902346927298,0.311186522270776,0.818681685438484,-5.2024925936178
"BAX",-0.424318820951708,5.9485528608811,-0.936472598536006,0.362941998155075,0.83937217203298,-5.2030476376409
"SLC25A13",-0.523257834665623,6.62576623897155,-0.867119003228331,0.398686784528296,0.852057774193103,-5.20312037174969
"F7BYD1",-0.358897924403737,9.00695480648962,-1.06302031263393,0.299838771276918,0.818681685438484,-5.20385453218704
"ERP44",-0.481222309069748,7.57344930323193,-1.06255259116475,0.300046016965041,0.818681685438484,-5.20429389356242
"NUCB1",-0.40595720351588,9.15723942935223,-1.06244490363481,0.300093747424366,0.818681685438484,-5.20439502722337
"MTX2",-0.645686578478063,5.56248262762417,-0.817024277298558,0.427589842447534,0.854934279656272,-5.20445997524508
"NAGA",-0.444122060941443,7.79465714386155,-1.06230539359886,0.300155590680387,0.818681685438484,-5.20452603315604
"YES1",-0.52485145942563,8.48315010751581,-0.972710542965504,0.343581078300108,0.83750470618746,-5.20472577165517
"IL17B",-0.908383864425828,6.75292114583726,-0.863250642568894,0.401582898785673,0.852057774193103,-5.20526169442167
"A0A3Q2HY43",0.538136873492916,5.20876254535979,0.941025327741336,0.359864670651064,0.83750470618746,-5.20588609531579
"COMT",-0.378175222001961,6.47488310840973,-0.932794177572292,0.364781057623837,0.839956382686466,-5.20601916973779
"AP2B1",-0.317574853481446,7.98622024499706,-1.05868395159236,0.301764125167906,0.818681685438484,-5.20792138334387
"PLA2G2A",1.27555446844054,8.40466376299684,1.04125951877158,0.310173160783334,0.818681685438484,-5.20799998819336
"HMGA1",-0.627238618622077,7.7096162067357,-0.599393117745658,0.560048188751213,0.897267051376712,-5.20843442549991
"RASA1",-0.606586290734842,5.47004414935427,-0.914523296115636,0.374010129017275,0.847024354662101,-5.20914278326041
"FLII",0.389421037286054,5.93390882031468,0.966488424842473,0.347340989919756,0.83750470618746,-5.20937415368814
"ATP6V1E1",-0.346813227822919,7.01468770092376,-1.05509593047466,0.303363875390409,0.818681685438484,-5.21127524922568
"NUDCD2",-0.54919865884676,6.50032860578575,-0.806936458231171,0.433188799423909,0.854934279656272,-5.21140120545821
"CSNK2A2",-0.40672119219669,6.069368680626,-1.01207010200602,0.324213467149189,0.829219486962141,-5.21165798121003
"PSMC5",-0.354245268347487,8.50045131129422,-1.05466935808406,0.303554467791038,0.818681685438484,-5.21167331085969
"HDGFL2",-0.546022274252359,6.17133907395695,-1.05434884134548,0.303697730706333,0.818681685438484,-5.21197231118563
"PYGB",-0.5013022323778,12.9969473735555,-1.05412435848427,0.303798097582743,0.818681685438484,-5.2121816763515
"ECHDC2",-0.504365474043476,7.51581992556529,-1.0364902797185,0.312337382511825,0.818681685438484,-5.21236859847947
"PSMA7",-0.287167280906839,8.80258653208222,-1.0531922981685,0.30421507698497,0.818681685438484,-5.21305054384165
"NOLC1",-0.915395426401437,4.46464534686859,-0.961113768121233,0.349221887150642,0.83750470618746,-5.21448842570824
"SNX21",1.16176909804176,6.68300911825156,0.836673830337585,0.415897809698124,0.854934279656272,-5.21474110957081
"A0A3Q2L125",-0.704444987151417,6.02549210613758,-1.050965535824,0.305212922060693,0.818681685438484,-5.21512356832013
"ANGPTL2",0.640011210369645,8.7306404171208,1.05080436860972,0.305285233757914,0.818681685438484,-5.21527345702679
"ITSN2",-0.453985978019598,5.98485872037215,-0.940966992270293,0.359893713123934,0.83750470618746,-5.21801618881833
"DENR",0.567449567822162,5.9084385427799,1.02184219016031,0.319051357663632,0.822792776782293,-5.21808197383389
"PSMC3",-0.519941427465063,9.04482060707309,-1.04713182108264,0.306936318353999,0.818681685438484,-5.21868345788287
"TPR",-0.509229671025704,6.27102009384879,-0.980043885592478,0.339373047754711,0.836482864184146,-5.21871216667975
"TARS1",0.430895972737781,7.78307855211555,1.0465273598711,0.307208675766894,0.818681685438484,-5.21924368880165
"SCUBE2",0.385191261867402,5.24904910291229,0.585718155379658,0.567380895819712,0.898654018882424,-5.21943962535147
"VPS25",-0.327550745918484,8.38531115682439,-1.04596248197795,0.307463352888029,0.818681685438484,-5.21976697260579
"A0A9L0SDG9",0.840067987491288,9.48320400507643,1.01724310666429,0.321180186353848,0.824902524201346,-5.22221574043626
"PCYT2",0.578957145860651,5.76621775367193,0.950898944528041,0.354972181546499,0.83750470618746,-5.22239695901422
"SMARCA5",0.423724633769699,6.51976063400563,0.790224648396656,0.442567250091604,0.857662227417305,-5.22272999662371
"TM9SF3",-0.565398182449946,7.60412529393719,-1.04251868578991,0.309019242849038,0.818681685438484,-5.22295174756672
"EXOSC2",0.722334841049892,5.30971536560738,0.860274886238335,0.402336558263839,0.852057774193103,-5.22345656429176
"DDX6",0.412943138404953,8.63928480829011,1.04065758154107,0.309862400379292,0.818681685438484,-5.22466897683204
"COLGALT1",0.423381327213265,7.67213458333956,1.04062428061294,0.309877501911055,0.818681685438484,-5.22469967849341
"RAB21",0.336934346435559,7.60268456418827,1.04041608930114,0.309971925744303,0.818681685438484,-5.22489159981834
"SRP9",-0.319705521245204,7.38504277645982,-0.873452675772517,0.394580220848193,0.852057774193103,-5.22490139422059
"TRAF2",0.722318280932824,8.14339408301802,1.04018865741171,0.310075099308703,0.818681685438484,-5.2251012189736
"RAB5C",-0.438416459415774,7.10890911785873,-1.0399439372398,0.310186142796723,0.818681685438484,-5.22532672675586
"ZNF385B",0.75508470611505,5.52912255060154,0.931925133366039,0.363700559870089,0.83937217203298,-5.22598165840685
"DARS1",0.374687883710859,10.6231336290174,1.03915141824124,0.310545947096146,0.818681685438484,-5.22605670242205
"CD109",0.443403403440884,8.71044823349035,1.03768614445209,0.311211960554466,0.818681685438484,-5.22740503435837
"CFD",-0.387205909595517,11.7524035510978,-1.03693390933096,0.311554267600163,0.818681685438484,-5.22809657539721
"ISYNA1",0.630071859189204,5.95247906868191,0.83142463850488,0.41876401375162,0.854934279656272,-5.22833124188285
"CTBP1",-0.740051285244938,6.59011170608719,-1.03575652679918,0.31209057376513,0.818681685438484,-5.22917806289725
"ARFGEF2",0.312668735672246,5.84465749759234,0.816136551480056,0.427184502047534,0.854934279656272,-5.22923626292694
"PRDX6",0.431269446190896,13.6606650393188,1.03552798466802,0.312194751929715,0.818681685438484,-5.22938786378624
"CLTB",-0.449198056053779,7.63268741221652,-1.0330325543993,0.313333863061769,0.819464342137577,-5.23167597178934
"SORD",-0.53313281808639,6.71947598405443,-1.00588376231605,0.326480931097259,0.830373581472632,-5.23235458827259
"TPD52L2",-0.409037527029953,8.71859724536752,-1.03215163304757,0.313736685008766,0.819464342137577,-5.23248252872804
"ABHD14B",0.609520298517171,10.409851187504,0.988160013152395,0.334873197482734,0.835182620598104,-5.23317882561897
"TBCB",-0.612636748971591,7.48684450293061,-1.03123582225253,0.314155848308874,0.819464342137577,-5.23332037852333
"COPS7A",0.753750322041168,5.30417407014034,0.861142420231964,0.401872715001874,0.852057774193103,-5.23346024241781
"ATP6V1C1",0.415081797330788,6.03650244993948,1.00427647621501,0.327235872742793,0.831363553723151,-5.23378097835234
"IPO5",0.417891535438961,6.96787481533892,1.03033183075562,0.314569989259413,0.819464342137577,-5.234146763794
"TM9SF4",0.588655234610327,7.23458337529373,0.860883471870199,0.401274298975707,0.852057774193103,-5.23429416666929
"MTDH",-0.362174107221919,8.52409270621609,-1.03008712283019,0.314682162221025,0.819464342137577,-5.23437035260894
"STIP1",-0.365075652579158,8.60373663985981,-1.02999537006048,0.314724228528121,0.819464342137577,-5.2344541745805
"GLRX",-0.424800293492303,7.06804245953397,-0.897584033229675,0.381936093153999,0.847024354662101,-5.23460114974827
"SYPL1",-0.590114230939524,7.87965743237126,-1.00286919045669,0.327897875277773,0.831625045994351,-5.2350282052857
"SNX5",-0.276740012011911,9.05135582690885,-1.02914339286728,0.31511502769929,0.819464342137577,-5.23523219123889
"LOC100146514",-0.294987471070215,9.23082149694907,-1.02743205512,0.315901045888589,0.82079092709044,-5.23679322868609
"ANOS1",-0.774894881001918,5.0121607316605,-0.782029662428729,0.447212950130915,0.861900551071283,-5.23743326291443
"MRC2",-0.374411501343351,8.58281473158604,-1.02641146401396,0.316370460605282,0.821121873797228,-5.23772307987111
"NDRG2",-0.358307696069923,7.61928126125208,-1.02477874611111,0.317122440003747,0.821811201229223,-5.23920891603725
"MORF4L1",0.393300869025026,6.45861713186317,0.76507320992805,0.45692274325918,0.864123679186021,-5.23937684606914
"BANF1",-0.555382357114745,9.91004374486858,-1.00639167739538,0.326242617041767,0.830373581472632,-5.23952743588704
"TRUB1",-0.250808536970367,6.28897939514752,-0.479543210056286,0.640166149089262,0.925410249533797,-5.23994530999441
"PSMD14",-0.279461604320079,8.08198751430946,-1.02384048702658,0.317555141564378,0.822043688957382,-5.24006181086359
"GPX3",0.471635526239771,9.62638454478378,1.02337121383038,0.317771714262491,0.822043688957382,-5.24048812671055
"USP7",0.486016038371537,7.82114811903322,1.0227878083169,0.318041104534436,0.822043688957382,-5.24101788338718
"PANK4",0.360762830903367,5.63575139384422,0.739595386422068,0.472680210734656,0.876677692917574,-5.24144212192669
"CCS",-0.797465707194101,5.17291807004794,-0.704639388581303,0.493456154208735,0.881346228678985,-5.24157012252448
"PRDX4",-0.513338330452961,9.38334304280364,-1.02190317736836,0.318449893204959,0.822385791913847,-5.24182064975045
"RPL9",0.393589817497422,10.6903333335917,1.02036702594328,0.31916062669135,0.822792776782293,-5.24321316726879
"LOC100067916",-0.373294723769573,5.98807107741377,-0.471012106722764,0.646071869861442,0.928304503182769,-5.24326069463609
"ATXN2",-0.234351963064707,5.74426780153602,-0.44428448858902,0.665442760201471,0.932848173183756,-5.24388876033438
"DNAJB7",0.344136396082094,6.62922235938762,0.908836898933884,0.376133498775511,0.847024354662101,-5.24390044196009
"BMPER",0.49814999855732,7.88664219990997,1.01774770644077,0.320375077769949,0.824494685437369,-5.24558324852105
"PTBP3",-0.656700309751738,6.5205266568444,-0.661220075895905,0.520954159406547,0.892280304038195,-5.24570954031529
"ELOA",0.686403790554528,7.04741534785721,0.947301573720284,0.356023130285906,0.83750470618746,-5.24583168312699
"FN3KRP.1",0.366235747236514,9.03290954371274,1.01627699276678,0.321058394936963,0.824902524201346,-5.2469116262722
"FOXO1",0.637199551987683,6.22415540945512,0.730301315669758,0.478151036117817,0.877668719426212,-5.24726000539614
"EMILIN1",-0.525893655918849,11.0816942173634,-1.01561696382357,0.321365386739281,0.824902524201346,-5.24750721799606
"IARS2",-0.241394398829205,6.14769279886091,-0.60932541868955,0.551420838641965,0.896868248332833,-5.24899044683702
"NGEF",0.310034041838405,8.39386731462756,1.01292242977965,0.322620797671439,0.827411097476319,-5.24993509248661
"CCDC134",-0.475016122957732,4.94254056413579,-0.762439945413622,0.458442354195107,0.864123679186021,-5.25037148841047
"PC",-0.38360710646263,4.81086836984979,-0.467110200224959,0.648147360640596,0.928304503182769,-5.25127175477351
"LOC100053416",0.614440742092009,9.761007545541,0.966826251966712,0.345171703267202,0.83750470618746,-5.25156314036755
"VIT",0.439991837516294,15.0613099525033,1.0110845429963,0.32347905379769,0.828897661540161,-5.25158777862283
"POP1",-0.53851165250279,5.2191263066707,-0.915079317403901,0.372239728977978,0.84599938404086,-5.25220991216366
"FBXO6",0.360634106379056,5.64688977346193,0.89899673782202,0.38051686196441,0.847024354662101,-5.25226405467868
"CETN2",-0.383437280753862,5.84466370327755,-0.622144548536435,0.542606185570916,0.895365162762161,-5.25396743915237
"SRA1",-0.533092631289791,6.05075283837786,-0.718921179944937,0.484902272131504,0.877941407837225,-5.25429272659265
"TCAF2",-0.340588980991205,7.16455613899994,-0.937344443728388,0.360338159300823,0.83750470618746,-5.25462714876959
"LYPLA1",-0.33520495616881,8.52324961943256,-1.00649588066451,0.325628828611901,0.830373581472632,-5.25570229341723
"PSMB3",0.398648871569508,8.44838456270103,1.00630985912691,0.325716188892606,0.830373581472632,-5.25586873897469
"SUMO2",-0.381781840711911,9.29627636535192,-0.951566435944153,0.353259563316989,0.83750470618746,-5.25677813214714
"ARHGDIA",-0.312898818749139,10.9397031427857,-1.00518580624269,0.326244419529855,0.830373581472632,-5.25687391429493
"PHKA1",-0.384037339700926,6.72768193027976,-0.986732119346501,0.335555769591661,0.835182620598104,-5.25688097844242
"FTO",0.325387447839424,6.40120050080702,0.531966813373996,0.603082957873056,0.910004888732707,-5.25715354091304
"C2H1orf50",0.407569085610978,6.38591400747518,0.82665192961393,0.421381140810265,0.854934279656272,-5.2579129338758
"SURF2",-0.608960958791439,7.17368160673928,-0.787135027356931,0.44431513513434,0.859574360117251,-5.25836860437914
"RPL4",0.44037826915275,12.4987808988403,1.0019788049766,0.327754779448971,0.831625045994351,-5.25973620237244
"ZNF830",0.324489320943257,5.35421551783324,0.465118675012833,0.649535407622858,0.928304503182769,-5.26136380568637
"GAB1",-0.607674401029156,5.86292195543282,-0.972237897516789,0.342538950943151,0.83750470618746,-5.26178731401319
"PTPRG",0.428473882263829,6.87732790441973,0.902305250944851,0.378804131733837,0.847024354662101,-5.26238249639427
"PRMT1",-0.267530473187328,7.45976981249851,-0.97151870806798,0.342888036694463,0.83750470618746,-5.26240663535919
"NIF3L1",0.468074613842331,6.74189355004509,0.998856125898958,0.329230097454622,0.832738573002473,-5.26251533175285
"SORBS1",-0.410284990186494,5.96271597115228,-0.820028375046636,0.425030669531461,0.854934279656272,-5.26264225420399
"MAT2A",0.391322327853936,7.72378694723617,0.970774618630041,0.343249466095267,0.83750470618746,-5.2630469651494
"DCTN3",-0.350355210098537,7.73451841484631,-0.997765103480031,0.329746640376014,0.832738573002473,-5.26348448357737
"GORASP2",-0.357964468640478,7.63098827299219,-0.997743704080214,0.329756777516329,0.832738573002473,-5.26350348307135
"P4HB",-0.455753554406219,10.248736491716,-0.997654348753434,0.329799108495331,0.832738573002473,-5.26358281339118
"UBQLN1",-0.710715078208738,6.43159891399335,-0.997283518597693,0.329974825024959,0.832738573002473,-5.26391197084209
"SPTAN1",-0.448498501039512,7.30530487978135,-0.996597084389831,0.330300260948195,0.832738573002473,-5.26452097525768
"RUVBL1",-0.258613526331901,8.26235114651969,-0.996211434308926,0.330483193964185,0.832738573002473,-5.26486295847264
"TMX4",-0.345722444912913,7.05435671924684,-0.411088699875157,0.688247652453646,0.93740595147824,-5.2649377436402
"GANAB",0.407386936760197,7.09477016469208,0.995742640226442,0.330705661009186,0.832738573002473,-5.26527851096295
"TKT",-0.368779039642575,12.9312649877654,-0.995425683612691,0.330856132197957,0.832738573002473,-5.26555937063787
"GRB2",-0.449950194540426,6.68509644104605,-0.994090486454616,0.331490521893342,0.833474114633909,-5.26674162383145
"MYDGF",-0.474854363242565,8.44621978775064,-0.993454504254639,0.331792991319291,0.833474114633909,-5.26730425335548
"CDV3",0.524284720649649,5.44340433414356,0.861760094720396,0.400805030010003,0.852057774193103,-5.26801314856269
"USP8",0.361124642627066,6.00979242695999,0.877465700802103,0.392458563002409,0.852057774193103,-5.26839562320992
"ATP5PD",-0.440529278240444,8.49295430726663,-0.991298597305064,0.33281975138678,0.834798847077689,-5.26920909048103
"RIPOR1",-0.373639991363797,6.5754699217996,-0.717739531598493,0.484714467574647,0.877941407837225,-5.26937663730414
"LOC100630171",1.12495725306065,7.84179494723338,0.810365907026029,0.430391000048046,0.854934279656272,-5.26947985391378
"LOC100053137",0.760920220026997,5.88256291573718,0.892629618267902,0.383827453809572,0.848986375526748,-5.27000176049327
"LECT2",-0.496663863206803,11.5526298175343,-0.989341010274099,0.333753965092626,0.835182620598104,-5.27093547404893
"MMAB",-0.307012564073662,6.43547731461798,-0.848172870004893,0.408118827479261,0.854934279656272,-5.27214607907841
"PHIP",-0.431045099393565,5.34621210428013,-0.710710977990164,0.488926533344883,0.87800295005111,-5.2736818468958
"LONP1",-0.344806661827684,6.76942192126301,-0.985731131571508,0.335481451132485,0.835182620598104,-5.27411093674989
"FBXO2",0.462957018082425,8.63078153486193,0.985548991696855,0.335568776479977,0.835182620598104,-5.27427088037728
"COLGALT2",0.346572921643534,7.89639744120499,0.938221919380585,0.359898653529442,0.83750470618746,-5.27514423963235
"S100A2",-0.655543285193424,5.64981808201108,-0.606132394969004,0.555709814704815,0.897267051376712,-5.27528223586522
"CAB39",-0.353208349239583,6.66494989919124,-0.955779447557354,0.350588952929137,0.83750470618746,-5.27585691660796
"EIF4A2",0.331220625103397,10.7279685347035,0.982705626292251,0.336934038173144,0.835573101427079,-5.27676428546804
"FGFR3",-0.658646562941144,7.24321177034949,-0.883775025263003,0.388463113850687,0.852057774193103,-5.27690937078259
"C7",0.666160301048255,7.89557339317551,0.954021791613696,0.351456215128814,0.83750470618746,-5.27734665573302
"UBE2K",-0.382247446413687,7.35033769163199,-0.953776010961999,0.35157760465419,0.83750470618746,-5.27755477512048
"AGL",-0.428039145609699,6.88445070756537,-0.981726714173116,0.337404954986179,0.835573101427079,-5.27762120916163
"SORBS2",-0.480634198462776,7.80468330368838,-0.95363163523563,0.351648924247855,0.83750470618746,-5.27767700540632
"EEFSEC",0.527381874851081,7.46517302467051,0.980047551754498,0.338213791383769,0.835573101427079,-5.2790893250791
"ARB2A",-0.297928249184824,6.92159176644162,-0.889328014582639,0.385551637281591,0.849485434844442,-5.27916515178217
"TMPO",-0.338828978222124,9.0399693201744,-0.979573841951634,0.338442214191472,0.835573101427079,-5.27950308601012
"STBD1",0.342844476325215,6.29784469689214,0.805333993828409,0.431740806115178,0.854934279656272,-5.27987824844762
"SLC5A3",0.392221401431361,7.23295304390005,0.5556688435637,0.589549704467505,0.906536935904451,-5.28008616564718
"COL15A1",-0.491409824597556,9.69996660822194,-0.978800566703438,0.338815315627676,0.835800633492816,-5.28017811367736
"EXOSC3",0.498717105816464,8.24612253355545,0.779256014319234,0.447195143326319,0.861900551071283,-5.28077978694446
"NPEPL1",-0.280293986667041,6.55090095461621,-0.55781342762046,0.584687930230009,0.905768419862579,-5.28188727941145
"AGFG1",-0.341420390509745,5.28960283012345,-0.59256316631728,0.564463779387811,0.897504186224026,-5.28220053138956
"TBC1D15",0.437853272018548,7.65396767762866,0.92985531554817,0.363528633351784,0.83937217203298,-5.28256520270737
"COPG1",-0.392337919739022,8.78432101013242,-0.974665264248083,0.340815382720781,0.83750470618746,-5.28377983505203
"CSDE1",-0.277621675602813,7.13119538210529,-0.917774878643093,0.370234588733501,0.844021380446105,-5.28468329948039
"TIMM50",-0.181539466421402,6.57872926207556,-0.346580014561226,0.734903239590757,0.946264662245577,-5.28508491153445
"ABI1",0.341472260231604,7.23229334289835,0.972760538523612,0.341739339487179,0.83750470618746,-5.28543415598236
"CTNND1",-0.383684527767081,6.1253185622219,-0.944015453180162,0.356421388548057,0.83750470618746,-5.28578052941648
"TRAPPC3",0.36008823514327,7.50254196063227,0.898423416626423,0.380198493058316,0.847024354662101,-5.28610679498902
"GDF10",0.383887243925015,6.83878453294151,0.971644777407194,0.342281377978849,0.83750470618746,-5.28640187429588
"CD14",0.609658709336395,7.83506597766375,0.924639579286984,0.366170408528841,0.840553214022608,-5.28685074130074
"RAB23",-0.362536646279698,7.08447336237541,-0.914697747064295,0.371807164530873,0.84599938404086,-5.28717912801209
"PPP1R11",-0.391109987775226,5.53780204075203,-0.868706490051958,0.396436644405554,0.852057774193103,-5.28852099109051
"PPAT",-0.350129005611081,6.08060400745953,-0.725617543005307,0.479234650951205,0.877668719426212,-5.28921724013527
"RRM1",0.372162329596683,5.59212220092378,0.577124948613313,0.57451390721756,0.900874203515297,-5.28989397009402
"CSGALNACT1",0.448076589340474,7.60159516231391,0.967371627400696,0.344362732726608,0.83750470618746,-5.29009875442232
"FBP1",0.534673752344771,6.68170829339216,0.787604198136799,0.441765441855776,0.857662227417305,-5.2921667424986
"HNRNPUL2",0.467455697650916,10.054427945401,0.964633066135664,0.345701170430969,0.83750470618746,-5.29246024108169
"C1QTNF8",0.456520021851887,9.86989817938255,0.963844764162186,0.346087101513488,0.83750470618746,-5.29313887716057
"CTSV",-0.39747248573082,5.48442676912547,-0.819081327294644,0.424067608382457,0.854934279656272,-5.29334882774515
"RTRAF",-0.376195471921321,6.91438426610492,-0.934882029058803,0.360994771402701,0.838375835224851,-5.29340839522699
"SNX17",0.40499292488877,6.93240719336233,0.888284906835701,0.385489192676235,0.849485434844442,-5.29410806654656
"DPH6",0.408220510544285,5.08394963771104,0.634249439218902,0.536137346430141,0.892280304038195,-5.29519027140512
"A0A9L0SX36",0.712111796438578,8.09068907987433,0.959810960952901,0.348066547196243,0.83750470618746,-5.29660364152028
"ERLIN2",-0.353809075085211,7.04884957236852,-0.959647521868822,0.348146911565514,0.83750470618746,-5.29674374696268
"COMMD10",-0.408998365224695,5.82675213195981,-0.958959697319335,0.348485259321852,0.83750470618746,-5.2973331360106
"USP5",-0.359312770030438,7.16800994557737,-0.958490395352709,0.348716242234483,0.83750470618746,-5.29773505558011
"EXOSC10",-0.273979767824566,4.94999611094523,-0.428382983083287,0.675379139688197,0.932848173183756,-5.2980707036112
"RPS7",0.408447208128635,10.8901659903059,0.957965272253207,0.348974823073187,0.83750470618746,-5.29818456993159
"RAB13",-0.273444829154434,7.77031247646366,-0.957933886988631,0.348990281924635,0.83750470618746,-5.29821142917811
"QNG1",-0.253397424230314,7.73723872892068,-0.957494130175854,0.349206933757828,0.83750470618746,-5.29858768542237
"TBL2",0.440951523014961,7.30524573546231,0.957314261033004,0.349295574990055,0.83750470618746,-5.29874153642685
"TPP1",0.454597640391471,8.42170590683107,0.909001285492191,0.374168283781318,0.847024354662101,-5.29956862464438
"CD2BP2",0.218373820580658,5.73425564543966,0.372049203095335,0.716337700924923,0.94134967014499,-5.29973375174646
"NME4",-0.42015058502272,5.71088979904635,-0.808890751133678,0.429747199027371,0.854934279656272,-5.3006162476892
"BAZ1B",0.442557260329931,6.84328778878446,0.888450367742905,0.385402459757125,0.849485434844442,-5.30099156625802
"CHMP1A",0.495716357071007,7.48926280214881,0.879314376378144,0.390210730082461,0.852057774193103,-5.30111862249145
"GTF2B",0.311693602343285,5.90762986270585,0.59677047321863,0.560181086787118,0.897267051376712,-5.30195074380504
"GPHN",-0.305543433084313,7.41581505168038,-0.895883941770563,0.381519153070001,0.847024354662101,-5.30227344771639
"DDX21",0.604890416377066,6.54859018829702,0.805273460223397,0.432459205684825,0.854934279656272,-5.30255071668176
"PID1",0.541454592803377,5.58414336497835,0.830321475553463,0.417858825253907,0.854934279656272,-5.30374251792004
"GDF15",0.645090294521736,6.21948408405501,0.903467364738168,0.377026158597898,0.847024354662101,-5.30402176190091
"PITPNB",0.286146933452569,7.39430359854146,0.920586986909806,0.368231928572324,0.844021380446105,-5.30521193992263
"NUP98",-0.169949391554497,6.86000080194455,-0.352700013933395,0.730425586337588,0.946264662245577,-5.30559923170175
"COL1A1",-0.68298702454559,12.4914441444839,-0.949189286388498,0.353315618984456,0.83750470618746,-5.30566386310276
"GSS",-0.33356538306426,8.45117100343372,-0.948983868490324,0.353417660088531,0.83750470618746,-5.30583818068494
"ARFIP1",0.364025078475576,6.97827983901264,0.900571005251435,0.379084006063949,0.847024354662101,-5.3058452449246
"STX12",-0.372282903253922,6.57954769462529,-0.919305990437652,0.368885175427152,0.844021380446105,-5.30626160110747
"LMAN2",-0.436232416091574,7.93786099572827,-0.948427783449987,0.353693994964768,0.83750470618746,-5.30630990227702
"A0A3Q2I1J3",0.301120091261528,5.67666534138191,0.714147842368278,0.486093627554952,0.877941407837225,-5.30653992989642
"FGF2",0.403880721230497,10.6334893500084,0.947825602931872,0.353993401188755,0.83750470618746,-5.30682044279931
"GLG1",-0.447318925273955,7.77296415955913,-0.947567543164324,0.354121761958778,0.83750470618746,-5.30703914074198
"APOE",-0.398602548821763,9.22436532738161,-0.947464044713667,0.354173251687646,0.83750470618746,-5.3071268373772
"HSPA4",-0.322723911530432,8.15294433723282,-0.947463656858089,0.354173444652526,0.83750470618746,-5.30712716599984
"PLD3",-0.326330475771844,7.73861512656899,-0.899070387803572,0.379307186118376,0.847024354662101,-5.30754231412042
"RAB11A",-0.236281504975188,9.36357563441429,-0.946149053579543,0.354827891926092,0.83750470618746,-5.30824030156765
"RPL29",-0.486434664822073,9.6467205821941,-0.897435684674853,0.380711804357721,0.847024354662101,-5.30835040095036
"ATP8B2",-0.383203504704305,7.16510365775342,-0.916743931408324,0.370194029225222,0.844021380446105,-5.30835698834725
"RPS26",0.512520538980928,9.91112680011814,0.945469802160829,0.355166363479282,0.83750470618746,-5.30881490458363
"GAPVD1",0.303871721961296,6.25744151836236,0.841742758733916,0.410969969108742,0.854934279656272,-5.30884495173589
"TJP1",0.417357356160886,5.65173391520663,0.868077002677937,0.396178751897988,0.852057774193103,-5.30980910664541
"RPL36",0.365968370145509,11.1401375446246,0.943663978440737,0.356067269531113,0.83750470618746,-5.31034068998153
"SEPTIN2",-0.31086607220408,9.18276713631318,-0.943451819598321,0.3561732146691,0.83750470618746,-5.31051977407733
"NSF",-0.272356802259022,7.520711994182,-0.94329180721685,0.356253133682199,0.83750470618746,-5.31065481691016
"H3-3A",0.388320003933227,14.7685707902205,0.942777444548386,0.356510116911065,0.83750470618746,-5.3110887733455
"VCP",-0.377830801451463,10.3885465429598,-0.942548447023824,0.356624567779814,0.83750470618746,-5.31128190421884
"LEMD2",-0.298853814469385,7.61057163709619,-0.913129019813563,0.372046018215562,0.84599938404086,-5.31130440020891
"KPNA6",-0.297136154304004,6.33135673694357,-0.689126740208503,0.501257886956818,0.886299247240313,-5.31156410996396
"BCAP31",0.542646043325788,8.02638948188835,0.439739887811607,0.666832767990527,0.932848173183756,-5.31199137867619
"CAMK2A",0.269207255976993,8.80652755970375,0.773968211850328,0.450227969836532,0.861924549648197,-5.31235223636164
"DNTTIP1",0.406938219204278,5.82072365233622,0.661145859651802,0.519243856546692,0.892280304038195,-5.31246918928135
"PRPF4",0.162991109661722,6.62192763121564,0.304633089209463,0.765463831151122,0.950178377715034,-5.31247596168151
"SMG8",-0.21904248328105,6.14101103476792,-0.30438762087837,0.765646638006113,0.950178377715034,-5.31253817163552
"RRS1",0.401107223451212,6.15424000053193,0.659975034752339,0.519972851974311,0.892280304038195,-5.31313920840066
"NAPG",-0.373574817075689,7.10106866723627,-0.910442331914503,0.373426458759318,0.847024354662101,-5.31348811551574
"ERI3",0.296178293789073,6.66083284441339,0.881321032608099,0.389151263484219,0.852057774193103,-5.31376136334492
"PRKCA",-0.335151705215593,8.5475323071705,-0.939269865959766,0.358265895298884,0.83750470618746,-5.31404229621601
"DDR2",0.413299588553854,7.21965124922453,0.788446009137787,0.441286207733001,0.857662227417305,-5.31494482960385
"ANG",-0.853782900861245,10.2027121968828,-0.938194766210821,0.35880522125823,0.83750470618746,-5.31494556665394
"EIF5",-0.311486851407902,8.75488073906198,-0.937612374798696,0.359097607606035,0.83750470618746,-5.31543448312309
"LOC111772161",0.383796545745525,8.7425481084298,0.936719790636523,0.359546036145632,0.83750470618746,-5.31618326909738
"PCYOX1",-0.351577220276791,7.13804229195801,-0.936176630377164,0.359819100967746,0.83750470618746,-5.31663860650787
"BMP3",0.881513369303021,7.56765463875413,0.935659770822729,0.36007907323675,0.83750470618746,-5.31707167229764
"AHCY",0.274660250692725,10.2325743417885,0.935526309947616,0.360146222513304,0.83750470618746,-5.3171834609677
"RBM39",-0.349125191477261,8.01032375440844,-0.935332953015748,0.360243522747514,0.83750470618746,-5.31734539362434
"FCHO2",0.0781281955199509,5.77980821508029,0.134402400127965,0.895509748220749,0.977071615544553,-5.3181112899975
"RBFOX2",-0.0750739648423513,5.5516575812152,-0.122291132035324,0.904871998135728,0.9796752230593,-5.31941115851438
"S100A4",-0.62496483859039,11.5120585285363,-0.932575815841525,0.361632882821143,0.83920267269337,-5.31965112287693
"HSD17B4",-0.30066799756905,6.79593288970894,-0.902627780405553,0.377461006693553,0.847024354662101,-5.31980635979393
"SKIC3",-0.0908196422866972,4.79525378079745,-0.115727008812178,0.909952606030318,0.98089394540695,-5.32006458243039
"SEC11A",0.657628504057488,7.30327088496221,0.83453243112641,0.414913817448593,0.854934279656272,-5.32085213561144
"NCF1",0.333277412629888,6.1874773828058,0.538385217276985,0.599401693657945,0.909021666931459,-5.3213059235886
"AMDHD2",-0.343953782855522,7.20589622999857,-0.929752869285633,0.363059133316884,0.83937217203298,-5.32200545586848
"TIMP1",-0.58948170739254,4.7858093339939,-0.55332526001956,0.590192495871349,0.906536935904451,-5.32214521121508
"MAP2K6",-0.311886910047711,6.43454615369094,-0.670761445676602,0.512562156471238,0.88918329749062,-5.32240594316711
"GGH",-0.292336758456727,7.98689560380702,-0.928757922918991,0.36356271365301,0.83937217203298,-5.32283368773887
"STAT3",-0.246685492993562,6.08997090564228,-0.898802203594451,0.379446607607578,0.847024354662101,-5.32288130248122
"PCBP2",-0.334424310494467,10.4575764296994,-0.928497862967148,0.363694417152362,0.83937217203298,-5.32305003832231
"C3",0.669013169355648,11.361034697783,0.928408147538071,0.363739859623982,0.83937217203298,-5.32312466207587
"MFAP2",-0.572552657651876,8.65785611415569,-0.898304600877767,0.379705387237885,0.847024354662101,-5.3232803916419
"VPS35",0.319075324760408,8.56191200874903,0.927798161835613,0.364048929298003,0.83937217203298,-5.32363186323811
"WBP11",-0.545522567432866,7.35398888918009,-0.9274109758817,0.364245201376329,0.83937217203298,-5.32395364927701
"BLOC1S1",-0.0536873135565258,6.64612493823696,-0.0630296075638216,0.950872631196808,0.989287154719263,-5.32400666942716
"JUNB",0.0218407574206633,6.56020912335365,0.0287076575907421,0.977611492535993,0.993402824894243,-5.32532522319407
"UBTF",0.401105705669857,7.32004055704713,0.875951096806159,0.391450718813784,0.852057774193103,-5.32579481871341
"RASSF4",0.277928787638259,6.35769317554395,0.637459555753768,0.534105045609883,0.892280304038195,-5.3258086932861
"CRYZ",-0.365745659363054,10.7160544038228,-0.925016228294189,0.365460721652168,0.840220747229675,-5.32594117345377
"BCL2L13",0.167533178289919,5.02180249738498,0.145786356859475,0.886508256824998,0.976456797587781,-5.32614421192702
"EPB41",0.334556332735623,5.77495981826541,0.590379623130596,0.565050534721883,0.897504186224026,-5.32664091741311
"SRRM2",-0.351964395245555,5.91454291466894,-0.89377620174911,0.382065759287508,0.847024354662101,-5.3269029921596
"TAX1BP3",-0.214692131920492,6.87356163182232,-0.304892238982983,0.765270851219309,0.950178377715034,-5.32914545103001
"RABGGTB",0.710340518899815,5.5661678724247,0.632375978707689,0.536655671943235,0.892280304038195,-5.3292059638711
"RTN1",0.0816400812605395,5.79103564592229,0.111314314018359,0.913205730323617,0.981455854571736,-5.329845254168
"FZD7",0.5822337638468,7.00692867758647,0.701430311174794,0.493766843772085,0.881346228678985,-5.33033343505838
"CA5B",-0.172573801104232,6.4026379024378,-0.326299526802386,0.749387021641583,0.948684187764363,-5.33040446697433
"OGDH",-0.30138950637884,6.63465419085015,-0.840248426642102,0.41121283947023,0.854934279656272,-5.33088963700353
"S100A13",-0.327090477908482,11.6041509790753,-0.918127348322377,0.368972491050238,0.844021380446105,-5.33163242986558
"FTH1",-0.501737384247032,11.3973393387487,-0.916642282723082,0.369732479249487,0.844021380446105,-5.33285422266799
"CAND1",0.266656351541724,8.57249134748201,0.916581696460984,0.369763506649882,0.844021380446105,-5.33290402977765
"RPS8",0.422025323883001,12.8638495562319,0.916400736534965,0.369856190073299,0.844021380446105,-5.3330527764459
"RBM14",-0.30413289399264,7.04887787016775,-0.916234160255616,0.369941520217418,0.844021380446105,-5.33318967619992
"PFDN4",-0.311766645515872,8.38195714852902,-0.885440291085656,0.386436017273272,0.849702255275673,-5.33352770664207
"MTMR9",-0.446729174848051,3.97559964284554,-0.576747274028947,0.573954090920211,0.900874203515297,-5.33353590901232
"COASY",0.416433058221771,6.83472493078419,0.806885374429998,0.430259764922779,0.854934279656272,-5.33424853650752
"GFER",0.184483778651716,5.9974448927314,0.130658985859208,0.898208070592576,0.978275511617431,-5.33425830313498
"CLK2",0.369539477675265,7.3312426547984,0.758192485710107,0.458712302468875,0.864123679186021,-5.33552768682354
"ECMX",-0.37994304062109,6.64864856533252,-0.804596777392063,0.431545938890055,0.854934279656272,-5.33588187414959
"ADAP2",0.301106421456571,5.88844519309581,0.473834975042727,0.644114901495099,0.926168115972895,-5.33642661502571
"GDF5",-0.611922693534437,6.04284595966777,-0.710741910388318,0.486875867283867,0.877941407837225,-5.33682305307376
"RAP2B",-0.348647080684734,7.19256552189051,-0.879699841847039,0.389464578918576,0.852057774193103,-5.33805669454619
"TMX1",-0.356227484197233,7.36684353853898,-0.690278341654987,0.499330015812358,0.886299247240313,-5.33824998464072
"H2AZ2",0.727147938424199,11.3124103450556,0.889133920224958,0.384495524117526,0.849485434844442,-5.33844413345785
"DHFR",-0.0569954258175382,6.82469424354227,-0.0804724922840676,0.937086179984201,0.98789205721226,-5.33871797309783
"TNN",0.795164642725646,7.01740508445194,0.908750195329294,0.373788779603507,0.847024354662101,-5.33931682559216
"ABI3BP",0.515096925335845,7.79182664334183,0.908731730946302,0.373798304268853,0.847024354662101,-5.33933188554173
"ACSF2",-0.515217991851733,6.37415764305101,-0.685963077856985,0.503194767698883,0.886299247240313,-5.3397342681322
"AP2S1",-0.34420960862958,7.9011642511173,-0.907095973737647,0.374642732332184,0.847024354662101,-5.34066493187205
"CUTA",-0.581086700233629,7.33610060007579,-0.855503363827824,0.40240039419876,0.852057774193103,-5.34157437186875
"ZBTB20",0.488940315608117,4.39280738951791,0.728069003512681,0.477085547436352,0.877520939710981,-5.34265077904363
"RPL7A",0.398210266687804,12.0249064126014,0.902515814388154,0.377013875347038,0.847024354662101,-5.34438578066971
"MSN",0.255316149015705,9.73607752845712,0.901062826254839,0.377768155420986,0.847024354662101,-5.34556255607132
"ACTC1",0.872745225450572,6.9090783155545,0.869639165812277,0.394809795068355,0.852057774193103,-5.34592897337361
"ZFYVE21",-0.301309979921017,6.87364043434917,-0.899561190733562,0.378548736800363,0.847024354662101,-5.34677690302256
"ZRANB2",-0.259615190746394,5.60774646784498,-0.673343585479769,0.510963977617719,0.88918329749062,-5.34725980280599
"EEA1",-0.369605947087372,6.2281871890099,-0.836664996777779,0.413175039707199,0.854934279656272,-5.34791362217528
"TUBA4A",-0.265296592531322,10.1127356116746,-0.897112371017286,0.37982396729131,0.847024354662101,-5.34875323384524
"IMP3",0.320944188440481,5.80762852524656,0.689294307467864,0.50115541922197,0.886299247240313,-5.34886084517131
"GOLM1",-0.364194851640527,6.46878850024414,-0.845863414544007,0.407630494656978,0.854934279656272,-5.34889448678027
"C2",0.794389909971602,8.33376103898039,0.896357269162111,0.380217759776773,0.847024354662101,-5.34936164443122
"PPP1CC",0.370671108558692,6.08861321947736,0.494706937313584,0.62847420572877,0.919680650291731,-5.34975476553549
"TAPBPL",0.0713207563568631,5.75874007190461,0.0556231190878159,0.956487172267308,0.990769366551768,-5.34996277321722
"METAP2",-0.353844922324682,6.90600965281035,-0.895269943870485,0.380785282413328,0.847024354662101,-5.35023691194204
"ARHGEF1",-0.3247736306218,8.7296312342435,-0.863724429819633,0.397974470801074,0.852057774193103,-5.3505183018679
"RWDD1",0.0191921731881393,7.03208310292597,0.0308247947084933,0.975877117846166,0.993402824894243,-5.35086246305159
"PFDN1",-0.437989142755614,7.99397341615039,-0.894450073799603,0.381213577312084,0.847024354662101,-5.35089623994291
"RPL23",0.397201986082897,10.0882560703342,0.894267071974182,0.381309219586521,0.847024354662101,-5.35104333169013
"L3HYPDH",0.468389467441609,6.97894449976009,0.894027118949695,0.381434650211875,0.847024354662101,-5.35123615732277
"NCLN",-0.00241763362245991,6.6296078750799,-0.00400815533395977,0.996862770073861,0.998700116505435,-5.35125454175663
"SMCHD1",-0.363306403645085,5.77727047958166,-0.841105894069736,0.410744198388714,0.854934279656272,-5.35199775445019
"GAR1",-0.430228106833459,7.68460702227442,-0.892781363544454,0.382086280321526,0.847024354662101,-5.35223647901263
"HPCAL1",0.610614712231961,6.6893175592433,0.731915556787579,0.474184185082895,0.876677692917574,-5.35279968540402
"CTCF",-0.612428368794059,6.98489075523419,-0.891440861454979,0.382788288054488,0.847948739361208,-5.35331144903436
"A0A3Q2HAH3",-0.085514515070665,6.35374584260724,-0.101858802645451,0.920549560763022,0.981455854571736,-5.35359960485208
"SF3B1",-0.325333537752682,7.3853919948355,-0.859104555123942,0.400457745600853,0.852057774193103,-5.35408288674241
"CCL16",-0.756649953700505,12.0216715695243,-0.858727330844939,0.400660952927226,0.852057774193103,-5.35437316689419
"AHSA1",0.343073506282605,10.1511251534045,0.7781869143425,0.44656234286222,0.861900551071283,-5.35442008830377
"RNASE6",0.631179974313113,6.02174044258505,0.5327282328871,0.60320224598113,0.910004888732707,-5.35476060788137
"TANGO2",0.321608895125665,6.70738388361079,0.827118539990324,0.41843162872832,0.854934279656272,-5.3550028839946
"GEMIN5",0.238954892061673,7.5694875409305,0.580595768533464,0.570734390279041,0.899722058887417,-5.35596834541904
"MYO1F",0.398710112163046,7.070964398304,0.756309869702706,0.45924274433003,0.864123679186021,-5.35615688194266
"PPA1",-0.351161813360215,7.45251317130142,-0.775256866868341,0.448248029275198,0.861900551071283,-5.35644152920111
"DNPH1",0.413804181696342,7.10833781270545,0.774857658716028,0.448478001028015,0.861900551071283,-5.35671639595823
"GMPPB",0.303137766931472,9.54131991090327,0.88667586237639,0.385290528876314,0.849485434844442,-5.35712055495158
"CUL2",-0.297293138241118,6.06152986843473,-0.704536402292632,0.491221040212901,0.87989155093154,-5.35751944093196
"DDX39A",-0.351102341944893,6.41019770830323,-0.823344897959685,0.420521201604715,0.854934279656272,-5.35778452986378
"MARK2",0.269074761536382,5.9061374865293,0.60724515981665,0.552764126446348,0.896868248332833,-5.35778554739991
"UBE2R2",0.00803769748098617,6.82541454542621,0.0155834824335083,0.987786426111769,0.996495292533914,-5.35789301764717
"RANBP3",-0.00756699195681296,6.27493421095183,-0.0131922388121253,0.989660439262056,0.996605250909104,-5.35792186205898
"PUM2",0.2464295118588,5.62518260353769,0.356876777015304,0.727929605350687,0.946264662245577,-5.3579267210651
"UBA5",0.242763464858638,7.17285019211907,0.885419495817629,0.385952066421669,0.849485434844442,-5.35812175682608
"WNT11",0.438865759489836,6.9279710423629,0.885230078641106,0.386051868204936,0.849485434844442,-5.3582725905632
"PIP5K1A",-0.335195949677212,6.31585760086546,-0.552973175094777,0.588996887160266,0.906536935904451,-5.35988474921891
"ITGA1",-0.250249943738497,6.47636935725366,-0.670844971132932,0.511881790561662,0.88918329749062,-5.36049249014789
"FARSB",0.296417165227208,8.36954258523957,0.882193406422936,0.38765416388045,0.851327366340097,-5.36068665072531
"SRM",-0.303748968411972,9.56512901315848,-0.882016916019918,0.387747422316246,0.851327366340097,-5.36082672029042
"OCIAD1",0.704098868406029,5.75914839603675,0.850010093670876,0.40537541077867,0.853741505422795,-5.36104849654765
"PRPF6",-0.244510588396022,6.74631441757346,-0.849517985444748,0.405642613111789,0.853741505422795,-5.36142346194537
"IRF3",-0.385091843106302,5.47239421163434,-0.746580534256002,0.46551112482925,0.869055194185284,-5.36211316214677
"POLR2G",0.332420603625208,5.64493118557352,0.598560156219492,0.558391359283787,0.897267051376712,-5.36236570565912
"HK1",-0.308557663481646,8.4791886490621,-0.879800452472,0.388919861571893,0.852057774193103,-5.36258359352562
"CMPK1",-0.330111708159576,8.80054312033724,-0.877172942069594,0.390312726862579,0.852057774193103,-5.36466100634221
"ARF4",0.307207251393638,8.56632757005271,0.876487142062344,0.39067680976874,0.852057774193103,-5.36520228441694
"FKBP1A",-0.487183018379285,9.48518331261903,-0.85441643920088,0.402987924537884,0.852088895167168,-5.36558717248074
"SNRPD1",0.436665430865747,7.7686163720046,0.875401140620179,0.391253807329947,0.852057774193103,-5.36605862926519
"PIN1",-0.318169456390618,5.88825661574902,-0.843051176313293,0.409164442614024,0.854934279656272,-5.36633227320949
"ATP2B3",-0.549887262133682,6.94519847968138,-0.760192617027567,0.456976358932931,0.864123679186021,-5.36672261774634
"GOLT1B",0.435724041856053,5.90912898166134,0.660430336554919,0.517822084633803,0.890474394095702,-5.36709786959103
"LOC100071074",0.675511069891976,6.10482028357232,0.658564127456118,0.520150210943849,0.892280304038195,-5.36711953115627
"CFI",0.492053010994745,10.7823631090964,0.873804979253625,0.392102861936379,0.852057774193103,-5.36731547389089
"A0A3Q2H306",-0.594229782002226,8.04538176251553,-0.606760259799527,0.553715970849054,0.896868248332833,-5.36791754391859
"RPL13",0.377147911081938,11.9879186001478,0.871849361713428,0.393144756881994,0.852057774193103,-5.3688524766277
"ARPC3",0.257039255935649,9.1155517647274,0.871652648944432,0.393249659114703,0.852057774193103,-5.36900690568945
"C7H11orf58",-0.409395013685177,5.93769451240301,-0.756177146522744,0.459320336330152,0.864123679186021,-5.36943145704525
"SORBS3",-0.482934301010166,7.24962380233771,-0.786941345305601,0.441017110529001,0.857662227417305,-5.36950037745788
"PPP6C",0.235569220067979,5.59464451898769,0.634596454256857,0.53524498331713,0.892280304038195,-5.36954947391943
"FXR1",0.693424917670497,7.82313420107473,0.870602580294548,0.393809943354202,0.852057774193103,-5.36983071659325
"SEC23A",-0.376211043273592,8.2342986915978,-0.870594235849633,0.393814397767826,0.852057774193103,-5.36983725939539
"DHRS7",-0.461187836014395,6.18326810640727,-0.61473030720155,0.547370803340174,0.896750005986061,-5.37006030745408
"FBL",0.313305862870912,9.53462624921275,0.870060598707836,0.394099330749838,0.852057774193103,-5.37025555915984
"PGM1",0.379998557373654,12.0489916007774,0.869717052279908,0.394282836508532,0.852057774193103,-5.3705247281267
"TCEA3",0.193391257874438,6.42190631052835,0.440708629882871,0.667251848939687,0.932848173183756,-5.37075042710474
"GOLGA5",0.0798546102132981,4.57405407856435,0.102286559165344,0.919978796245032,0.981455854571736,-5.37104511976049
"LOC100052533",-0.396039072587401,7.53392396110447,-0.836380051952047,0.412817999296548,0.854934279656272,-5.37135986452999
"ACTR10",0.322987036583988,5.33932604706749,0.702529311791786,0.491851982924084,0.87989155093154,-5.37144307262678
"RTKN",-0.356785302890936,6.32587379343915,-0.601687809043124,0.55580704585618,0.897267051376712,-5.37166897415595
"NIPSNAP1",0.18856208886401,6.26494213507487,0.308039206328227,0.763801651681989,0.950178377715034,-5.37202079028425
"ECPAS",0.340431435295605,5.7880468294931,0.752259779650149,0.461614074655507,0.866636934990667,-5.37206124987448
"DDRGK1",-0.415241840369059,5.81323863382566,-0.579170620927293,0.571064201992603,0.899722058887417,-5.37236554012279
"HSP90AA1",-0.224152942111435,9.88085224974622,-0.86712836447846,0.395667370269658,0.852057774193103,-5.37254981202199
"LGALSL",-0.313014845301007,7.20111448313766,-0.628597759665849,0.538477663553249,0.892280304038195,-5.37341625750876
"RSL1D1",0.52488098651208,7.16091049311384,0.865885575898048,0.396333181439642,0.852057774193103,-5.37352004288506
"MYLK",-0.171333328597884,5.75425654570183,-0.371139456163921,0.716997688229007,0.94134967014499,-5.37397830275486
"LOC111772300",-0.388206263759885,8.6496908610675,-0.864804914734366,0.396912723922842,0.852057774193103,-5.37436265804756
"PALS2",-0.286563133171126,8.99991834481506,-0.864775474630024,0.396928519882749,0.852057774193103,-5.37438559954082
"PPIG",0.367945914026673,6.73847215934488,0.779604050088279,0.445221966323878,0.86008788948931,-5.37463116648607
"HEXB",-0.31820372738655,8.41482924245383,-0.863614316475997,0.397551858662942,0.852057774193103,-5.37528986810934
"ATXN10",0.332790315705121,4.89461106014824,0.644024455598836,0.529278311890177,0.892280304038195,-5.37548703496637
"HNRNPF",-0.380221034981595,7.53007250074832,-0.8630929473915,0.397831948478356,0.852057774193103,-5.3756955265743
"KYAT1",0.299626314202736,6.90673127108963,0.8301853320071,0.416229216594408,0.854934279656272,-5.37599534156267
"MGMT",-0.278954099268251,5.22369942147633,-0.56958606095403,0.577383940045401,0.902636480102505,-5.3771931806067
"CHST3",0.453612191800291,6.04458028100435,0.723311365762239,0.479317589142136,0.877668719426212,-5.377313158096
"PAFAH1B2",-0.303592657641801,10.7478705366513,-0.860321322568044,0.399323061228841,0.852057774193103,-5.37784822669187
"PICALM",0.584372655720613,6.15548998027728,0.860191620119547,0.399392928394403,0.852057774193103,-5.37794880883566
"EMC2",0.254869381160873,6.86807245690534,0.774795329313657,0.447991098800065,0.861900551071283,-5.37796952845976
"PIR",-0.304773881047324,6.60952149864076,-0.640455472848053,0.530410187307701,0.892280304038195,-5.37853718660055
"SPI2",0.650142820609668,12.2549920047115,0.858894714849137,0.400091969596382,0.852057774193103,-5.37895376674712
"GSTZ1",-0.328438070389516,6.79751976792193,-0.689371536294267,0.500459504894303,0.886299247240313,-5.37902478623379
"QKI",-0.325604296989486,7.22711502106165,-0.858495591329178,0.400307258704622,0.852057774193103,-5.37926276109827
"TRMT2A",0.237259259793484,6.05469807534708,0.419006432081159,0.682046500497885,0.935494854302078,-5.37930966058922
"CHMP2A",0.483393731987664,7.30094735748302,0.858227631648994,0.400451839315292,0.852057774193103,-5.37947013620887
"GNPNAT1",-0.325666098522186,7.0045181940466,-0.857734949028578,0.400717759503291,0.852057774193103,-5.37985126908465
"NUTF2",0.511041700028402,8.65739402542125,0.857517383182128,0.400835224560035,0.852057774193103,-5.38001951076297
"DKC1",0.314237348288321,6.89681534083334,0.857508955917635,0.400839774935081,0.852057774193103,-5.38002602669529
"GNAZ",-0.232159894429103,6.09832564212902,-0.275206451652919,0.788253632027997,0.955050851775427,-5.38035531917608
"G3BP2",-0.219576110356979,6.30205781017936,-0.561795801355622,0.582547206364029,0.905474367258614,-5.38106060088069
"OSBPL11",0.280867015938729,7.8780724104644,0.633730946486717,0.535794603224431,0.892280304038195,-5.3813049023947
"RPS6",0.364109181787647,13.0824215658048,0.855410077416732,0.401974118978496,0.852057774193103,-5.38164702762234
"DNM1",-0.277084867915775,7.35450156348289,-0.855063108194923,0.40216183813938,0.852057774193103,-5.38191464403786
"APEX1",0.370539467455517,9.31513533787907,0.854977846806392,0.402207975347018,0.852057774193103,-5.38198039053654
"SULF1",0.120954242284104,7.85076339611422,0.190391721935242,0.851553204190444,0.971384502479513,-5.38232851390171
"SEC24D",-0.312959173560013,7.95113090955525,-0.85380953178229,0.402840524685709,0.852088895167168,-5.38288068677943
"RCC2",-0.276088006816977,6.58376777425814,-0.831554775547088,0.415473573367044,0.854934279656272,-5.38291675350949
"RPL19",0.386181875531994,10.6057718151153,0.852359215181043,0.403626644558126,0.852833286619619,-5.38399670627657
"DHRS13",0.27521350851167,6.40290851368698,0.712796201290134,0.485635796915517,0.877941407837225,-5.38403475169751
"AP2A1",-0.263807583851613,8.6367244285342,-0.851793785665012,0.403933392963276,0.852875687768449,-5.38443132870389
"TCAF1",-0.255902910118522,6.05884528665143,-0.574475360717036,0.574754961538991,0.900874203515297,-5.384727551379
"COTL1",0.580043280035792,5.80998472971486,0.607749778870476,0.551877356389811,0.896868248332833,-5.38476754441601
"PSMA2",-0.259377837054347,8.25320131442915,-0.850698115134038,0.404528225745111,0.853327943497937,-5.38527276541518
"PRUNE1",-0.134775116212058,7.30390668544612,-0.251917147583616,0.805745526903998,0.958650022281972,-5.38570745370893
"HPF1",0.297459430965169,6.45413113762469,0.58404137462145,0.567331009089584,0.898654018882424,-5.38622007306228
"GATM",-0.302935477132333,6.50037946419245,-0.459919603636723,0.653165450876261,0.928495736953561,-5.38633858478384
"POLE3",0.327976215123944,7.39767415974117,0.761668262080394,0.455604036691166,0.864123679186021,-5.38698473128208
"RPS9",0.384873649947324,11.2337262559299,0.848398837563714,0.405778315518599,0.853741505422795,-5.38703526875498
"EDF1",-0.33504997905838,6.25481631120614,-0.395497637932844,0.698432277017079,0.938306925889577,-5.38796788879862
"NOP2",0.445015154937995,6.55340810445111,0.82470985246919,0.419259238244759,0.854934279656272,-5.38802075101569
"CHADL",0.392586996986938,10.2830851853533,0.846535311193312,0.406793306619086,0.854934279656272,-5.38846050566637
"ITIH5",-0.321312891997309,6.92948636516791,-0.72662669763393,0.476793394128158,0.877520939710981,-5.38895457068868
"LSM14A",0.342633929525997,6.09645039421281,0.790358233988889,0.439067378014778,0.857662227417305,-5.38908760761189
"COL6A5",-0.0864833292628134,5.50493506527029,-0.105422509510179,0.917535040661797,0.981455854571736,-5.38918901717395
"ACP2",0.507539618023867,5.48164218542295,0.488210483578066,0.632952991337254,0.92215237474453,-5.3893635937585
"BIN1",0.2738148601976,6.66100670657867,0.725980945574827,0.477179590621992,0.877520939710981,-5.38937308199709
"RUFY1",0.249551687007264,5.44720254426807,0.54468165808424,0.593972992980869,0.906536935904451,-5.38937850730106
"GOLGA2",0.276483912653066,5.24625125282866,0.620366121955483,0.543239468289843,0.895863313837186,-5.38970660859188
"RPS6KA3",0.455879947640251,6.10410145524166,0.811263740124092,0.426759091122238,0.854934279656272,-5.38995644466924
"H2AC19",-0.472542566109836,17.0261856652556,-0.844174961540906,0.408081228404436,0.854934279656272,-5.39026154612971
"HIBCH",-0.212420744154773,6.05475108323627,-0.596684115279717,0.559061948907347,0.897267051376712,-5.39064511037352
"RAB12",0.447719209960801,7.33241578894546,0.842494845247794,0.408999567554016,0.854934279656272,-5.39154070064446
"POLR2A",0.358480854129861,5.50017336413918,0.80849420248306,0.428314257606987,0.854934279656272,-5.39197484899921
"HINT2",-0.412777750814605,7.38247061495751,-0.731350104813426,0.473974181327432,0.876677692917574,-5.3927105157518
"NFKB2",-0.243926668239723,7.13684180381943,-0.807095231583811,0.429101163357485,0.854934279656272,-5.39299196267605
"FECH",-0.442261616730823,6.0661702973256,-0.502260875158031,0.623285404925072,0.917503255641806,-5.39313627966494
"EPB41L2",0.325693440176139,8.01874537089367,0.839012396688548,0.410907245399881,0.854934279656272,-5.39418452987078
"NUP153",-0.233496780705775,5.60336090115629,-0.348250187071233,0.733222673067969,0.946264662245577,-5.39420275523649
"ATP5MF",0.346813958847724,9.26864872256258,0.58877341017134,0.564769043114942,0.897504186224026,-5.39430373276698
"XPNPEP1",0.342019809882118,9.44722118445448,0.838198899637415,0.411353692792832,0.854934279656272,-5.39480066188831
"NCK2",-0.379638012646828,6.50258982839383,-0.804285207500474,0.430684502143587,0.854934279656272,-5.39503002507433
"CALU",-0.375209377641766,8.38002413740183,-0.837465381390854,0.411756512463366,0.854934279656272,-5.39535574333926
"EIF1AX",0.480330460250499,9.00383034782478,0.836325751726318,0.412382850483457,0.854934279656272,-5.39621724988263
"ANXA7",0.270597684321671,10.7449310911771,0.836245159533828,0.412427166706523,0.854934279656272,-5.39627813255906
"PSMB4",-0.241729689259894,8.72632036042987,-0.835823858403039,0.412658882045794,0.854934279656272,-5.39659631217987
"DENND10",-0.226114120242547,6.37630288889867,-0.801828011329532,0.432072022553075,0.854934279656272,-5.39680676820427
"LUC7L",0.313208511132167,6.48908354039047,0.801559354139199,0.432223895764085,0.854934279656272,-5.39700072137626
"STRN",-0.439030965283363,6.72719044036423,-0.801508402977828,0.432252702456218,0.854934279656272,-5.39703749800658
"MAFF",-0.411108512957112,4.4315047313505,-0.54934380581413,0.591418535425795,0.906536935904451,-5.39721028888939
"SCARA5",-0.24796711600266,6.69800568226946,-0.431329117895938,0.673290075093408,0.932848173183756,-5.39752025826234
"NME2",-0.243478957785662,11.4908094729001,-0.834555020167221,0.413357242037544,0.854934279656272,-5.39755367841986
"RPL3",0.402245764914901,8.7712891709167,0.834477094549439,0.413400156226786,0.854934279656272,-5.39761243097566
"FSCN1",0.0801180593446133,6.86114476834974,0.133435333469345,0.895621611963024,0.977071615544553,-5.39791722806133
"RTN4",0.55627503643183,6.4007882887606,0.711617108838838,0.485817867872237,0.877941407837225,-5.39859214621638
"MMP14",-0.328055609509476,8.23464363598321,-0.799228034410097,0.433543198964038,0.854934279656272,-5.39868124355738
"PRDX5",-0.352557611953385,11.6088888557518,-0.832995369077009,0.414216691314866,0.854934279656272,-5.39872861830637
"ALDH16A1",-0.328467381183944,6.2713297989066,-0.743930508262177,0.466014953839375,0.869055194185284,-5.39893775087223
"CA1",-0.743398957257088,7.13225059788203,-0.42701354989364,0.676351141044996,0.933137788199748,-5.39914785834875
"APOA4",0.678425123419298,8.60677952100263,0.831821819134831,0.414864125749671,0.854934279656272,-5.39961134831033
"THBS4",-0.642536077142813,16.2103155710236,-0.831323812282585,0.415139064411796,0.854934279656272,-5.39998559350064
"TMED2",-0.499917877069062,7.6493506091304,-0.796754675715881,0.434945619559775,0.855313639261229,-5.40045917114287
"SETD7",-0.374424986629533,7.26136419320372,-0.830402135642617,0.415648206467921,0.854934279656272,-5.40067767110843
"SLK",-0.26905158680823,7.40310538581546,-0.82945413382267,0.416172303285487,0.854934279656272,-5.4013887715175
"LARP7",0.40671683073385,7.83256531716777,0.829109454662427,0.416362960655852,0.854934279656272,-5.40164712970808
"MYG1",0.306955671229462,6.53493833734623,0.574445267186877,0.574175404018199,0.900874203515297,-5.40168348895489
"COPS6",0.526612734143472,8.2311901669377,0.794910033324481,0.435993384355961,0.855313639261229,-5.40178181604575
"SCD5",-0.490562166049792,6.78088627935029,-0.738258160618458,0.469374169786268,0.872197473525389,-5.4027045637679
"KIF21A",-0.281374173062599,5.59437620233364,-0.770922737915603,0.45022882358094,0.861924549648197,-5.40272516502657
"RPS13",0.351819949756722,11.5579332362477,0.827651498010753,0.417170032676576,0.854934279656272,-5.40273885330266
"ESD",-0.364396645084807,10.6198056513306,-0.827460010613759,0.417276106625806,0.854934279656272,-5.40288210705793
"LOC102149234",-0.262662103563105,8.15996911191893,-0.827433143909513,0.417290990731439,0.854934279656272,-5.40290220385868
"ME1",0.324995538123796,10.2502039278544,0.826726416453398,0.417682637014524,0.854934279656272,-5.40343063135211
"EIF5A",0.422230693907466,8.19115761476586,0.590874006351759,0.563396905501792,0.897267051376712,-5.4045768372476
"RAB1A",0.320130535448655,7.60881032313625,0.824796553544594,0.418753289560211,0.854934279656272,-5.40487147042163
"CCAR1",-0.293253447115053,6.8270638873594,-0.82448002566404,0.41892905866138,0.854934279656272,-5.40510749163382
"TNC",-0.691993657411535,12.947141494416,-0.823796607632142,0.419308721982042,0.854934279656272,-5.40561679953288
"APOB",0.563163471361175,6.91330908546558,0.7550294439573,0.45948395020163,0.864123679186021,-5.40609900155326
"DUSP3",-0.284348197618708,6.56297885827261,-0.67695812721078,0.507534929640983,0.888172122994237,-5.40625069245061
"ZMPSTE24",0.234429455585935,5.33432166737688,0.336189196423261,0.742088524019794,0.946264662245577,-5.40661206663338
"ABR",-0.239749668570414,7.28881761288897,-0.821652074722731,0.420501495710951,0.854934279656272,-5.40721243109965
"OSTC",-0.415818034308879,8.21996968159861,-0.729985205964728,0.474299338897139,0.876677692917574,-5.40814987858673
"ATP2B1",-0.42923294325031,9.01527621309548,-0.819687440371216,0.421596085176481,0.854934279656272,-5.40867081113096
"SOX9",0.2654721368902,7.65348089260837,0.70632170043991,0.489025508650316,0.87800295005111,-5.40880986033324
"B4GALT7",0.150421274183386,5.80194604772705,0.240582587268868,0.81393627855241,0.960134983621499,-5.40882226108228
"GNB4",-0.280368867001491,6.52864384254991,-0.639368179856432,0.531100230825464,0.892280304038195,-5.40908408281476
"GRN",-0.521047329722568,8.51552836575066,-0.784280600818226,0.44206140393343,0.857662227417305,-5.40934762660461
"A0A3Q2HLK6",0.403095863620429,8.9833675352811,0.818443203381576,0.422290233962622,0.854934279656272,-5.40959274684384
"PSMC4",-0.399940621652585,8.74481049523644,-0.818342521607853,0.422346434836365,0.854934279656272,-5.40966729143706
"NUDT5",-0.262802464626148,9.17172599602667,-0.817923819527545,0.422580206043821,0.854934279656272,-5.40997720602371
"LRRC40",0.237201620328021,7.57304969436639,0.783076676941897,0.442751954087059,0.857662227417305,-5.41019856266124
"TWF2",-0.371983157095497,6.61027097130307,-0.726402909625645,0.476441486933122,0.877520939710981,-5.4104898996682
"KRT89",-0.310328005080247,7.43253097287452,-0.394385613731306,0.69968505084745,0.938306925889577,-5.41093970838467
"AQP1",0.107680389685461,6.84248349463575,0.0755776240495195,0.941110896294874,0.98861983269505,-5.41098042742339
"CLASP1",0.154982669649119,5.73045597134385,0.286633663452376,0.77890655427556,0.953444361910287,-5.41127699629686
"AARS1",0.290113978605303,7.39042359455531,0.815985595766808,0.423663420923269,0.854934279656272,-5.41140991366099
"HNRNPU",-0.263770847532841,10.7644373711802,-0.815984273221758,0.423664160648369,0.854934279656272,-5.41141089018628
"CORO1C",-0.293053770902573,8.16123693658665,-0.815906745800526,0.423707524655308,0.854934279656272,-5.4114681313966
"ACAN",0.381082690730195,16.8348315815415,0.815127652185857,0.424143455689288,0.854934279656272,-5.4120430820924
"PHF2",-0.0315413575629101,5.80602482666196,-0.0394292631320918,0.969254017289993,0.993402824894243,-5.41280587733431
"RMDN2",-0.236446586713121,5.41757169413872,-0.453706655338694,0.656988341773908,0.929450349645203,-5.41358360905201
"FCSK",0.209127675350326,6.68510755393723,0.631397383168039,0.536173967720982,0.892280304038195,-5.41359644190443
"PXN",0.300907878737385,5.06040636662742,0.385905024720452,0.705803499793861,0.938980265337057,-5.41385556474729
"MOB4",0.411131525725448,6.84355427208523,0.607379427558113,0.552117008175057,0.896868248332833,-5.41405013350417
"EFNB1",0.100825164566907,6.46118877038264,0.214129405371254,0.834038432048412,0.969880437852233,-5.41409391681616
"NIT2",-0.302290428588585,8.04760015445937,-0.812206536481412,0.425780428779068,0.854934279656272,-5.41419423001491
"PTK7",-0.204142052074754,7.13287024289577,-0.272501555978201,0.789513366476805,0.955057726114101,-5.41473316797031
"TNS3",-0.341513535698927,7.4934190014409,-0.811247039498668,0.426318986171171,0.854934279656272,-5.41489924504689
"DHX16",-0.257047892322054,8.62144701416539,-0.570786799986926,0.576590225924833,0.901869569992838,-5.41495315625012
"H1-12",0.590599049063459,8.70912630241083,0.786830199162096,0.440601189943326,0.857662227417305,-5.41555704966125
"NAP1L4",-0.440226366127411,8.01875292595422,-0.809982014156185,0.427029685033069,0.854934279656272,-5.41582756693842
"RAB8B",0.376774478134619,6.66785171623116,0.63798109181091,0.531981257522894,0.892280304038195,-5.41619151945685
"YWHAZ",-0.281490526496669,11.5837945108055,-0.80936058424888,0.427379079224222,0.854934279656272,-5.41628309994782
"MYO1E",0.293292721669525,6.49966866664246,0.773431841323887,0.448307990320797,0.861900551071283,-5.41697146183597
"CCDC8",-0.198635195633262,6.34213695449294,-0.444376910179451,0.663557194300019,0.932490624961057,-5.41728296577458
"POLR2E",0.197546289239416,5.55565417630414,0.374851913828587,0.713809930566142,0.94050253513236,-5.41756326639454
"RHOC",-0.258571670605505,10.7397091959396,-0.807179252722008,0.428606929427051,0.854934279656272,-5.41787952091552
"PDIA4",-0.274901542144365,9.28890484428383,-0.806906691755381,0.428760505891954,0.854934279656272,-5.41807871375983
"TIAL1",-0.286278822730634,6.77894420982444,-0.541157118036791,0.595849565437859,0.906536935904451,-5.41858294359436
"PSMG3",0.239477948308448,7.39096556506261,0.805931885826969,0.429310048282442,0.854934279656272,-5.41879060696366
"GDI1",-0.282388277394493,9.80743469333089,-0.80562376097954,0.429483843555623,0.854934279656272,-5.41901546106109
"PPCS",-0.247014203265302,7.02899414743195,-0.504256472067046,0.6209497009717,0.917491195405981,-5.4190736922503
"CLIC4",-0.258858291128141,9.91765034125988,-0.805540770934811,0.429530660899676,0.854934279656272,-5.41907600932228
"EHD4",-0.255906156900935,8.4755964038678,-0.804900173269194,0.429892149598883,0.854934279656272,-5.41954318356921
"TBC1D13",0.211930215580366,6.02305132040658,0.477168500434634,0.640115263634864,0.925410249533797,-5.41978315814288
"PXYLP1",0.420389755464487,7.84857677707724,0.804328342519242,0.430214993242084,0.854934279656272,-5.41995991442926
"NQO2",0.340860100188203,6.22876834381813,0.711663123405858,0.485315636395679,0.877941407837225,-5.42000429571023
"NTPCR",0.299565503903889,6.09395457755883,0.436950058078513,0.668368159136466,0.932848173183756,-5.42050782737273
"GCLC",0.350284523908827,4.95808701472004,0.364382963091495,0.721425893386991,0.943836267726421,-5.42097812243578
"DRAP1",0.537085174525662,8.09866617400541,0.744281491806436,0.465357508067508,0.869055194185284,-5.42133646362027
"PHB1",-0.296231239450903,9.00402705120909,-0.800834153843656,0.432191016924847,0.854934279656272,-5.42250035115443
"GNA12",0.192868351343696,7.22978214059679,0.765431879673614,0.452948663739,0.864123679186021,-5.42252970077961
"ITGB1",-0.303200412452575,8.17924046625414,-0.80030759520485,0.432489283099234,0.854934279656272,-5.42288228776257
"PMM2",-0.28497311911081,8.6220317614259,-0.799983037069867,0.432673190894335,0.854934279656272,-5.42311758740976
"HMGN1",-0.386540844799724,6.2117841817518,-0.799360401369079,0.433026137425686,0.854934279656272,-5.4235687390236
"RER1",-0.245066069669479,8.07619300966032,-0.428870770200638,0.674108609159484,0.932848173183756,-5.42358931268311
"TMEM43",-0.369526023750958,9.17945070244529,-0.799152209456812,0.433144192699399,0.854934279656272,-5.4237195182323
"SF3A3",-0.304826137270065,7.5417384192111,-0.798268264177451,0.43364565647103,0.854934279656272,-5.42435929073544
"BTD",0.152027695713104,6.74335925364377,0.269210802275998,0.791691566759173,0.955102356491703,-5.42455057719647
"INF2",0.191697917966513,7.09516800257655,0.397217984353452,0.697192145580923,0.938306925889577,-5.4248001890016
"THUMPD1",0.285242885742161,7.43258883512665,0.797466531477867,0.434100792149988,0.855264805725969,-5.42493898791624
"CAMK1D",-0.275090152838766,6.07547970429447,-0.645623339367781,0.526664073645847,0.892280304038195,-5.42523207494219
"TSPEAR",0.0674536769149302,6.59975487683902,0.13762968059995,0.892813512353487,0.977045563846843,-5.42590993027839
"CCN2",0.481455361277787,10.7168432085556,0.795930776087502,0.434973451647275,0.855313639261229,-5.42604790340764
"RPS14",0.410802820391467,10.0470732952791,0.795432604694108,0.435256759858633,0.855313639261229,-5.42640718627312
"SLC25A20",-0.183390931577841,5.7685326027042,-0.392117730184034,0.700871323882298,0.938306925889577,-5.42657706139005
"MAP2K3",-0.0907947369904986,5.21104603536205,-0.128833845854344,0.899621419781646,0.978564432852064,-5.42694057004748
"CSK",0.478244442410666,7.72174489781781,0.794594054371132,0.435733898166526,0.855313639261229,-5.42701147646759
"EIF4G2",-0.267403920295143,6.40113624316408,-0.794537395188912,0.435766149122438,0.855313639261229,-5.42705228565704
"TOMM22",0.454854938049041,6.10550947720033,0.344042271392987,0.736311405260503,0.946264662245577,-5.42734278581116
"RBP4",-0.340215611264679,7.61853292212806,-0.757525899692892,0.457563388325564,0.864123679186021,-5.42796944974032
"HDAC1",0.270406976000154,6.18692668627845,0.582081877396869,0.567727246648057,0.898654018882424,-5.42826761615663
"RDX",-0.222285146601567,11.077868483852,-0.791486921089125,0.437504687604242,0.857428488552451,-5.4292453928323
"SPCS2",-0.576556225631548,6.07027796515278,-0.602729195277141,0.554640047189808,0.897267051376712,-5.42938138643415
"ITGB6",-0.503261172499918,8.35018936191433,-0.696046407884925,0.494822413484919,0.882256090644186,-5.42988422699693
"NCSTN",-0.299076181221796,8.62626563931826,-0.660637170239486,0.517206703624145,0.88993056291604,-5.42991162021439
"RBM33",-0.0521754264390631,5.34352396931944,-0.0919439364438887,0.92825837341058,0.984176296204626,-5.43052384242221
"COL9A2",-0.702149361215431,11.4636866707363,-0.789588150330434,0.438589001784229,0.857662227417305,-5.43060650818235
"LOC111772174",0.42677059473375,7.09218633842782,0.789048798540394,0.438897306542121,0.857662227417305,-5.43099257917712
"CLSTN1",0.0410373659139858,6.30661047171563,0.078414785439793,0.93878941278937,0.98861983269505,-5.43153839789564
"RAB6B",0.297656720232763,9.4087300951615,0.728526068923272,0.474732021274021,0.876677692917574,-5.43179543081618
"ASL",-0.28892154332328,7.74946514636748,-0.78790973973989,0.439548855093763,0.857662227417305,-5.4318071121525
"DIS3",0.292595499740611,7.4387373804007,0.75044446038141,0.461720854440406,0.866636934990667,-5.43279688792173
"MMP3",0.678309660325559,8.20688428464519,0.786162993154394,0.440549161007178,0.857662227417305,-5.43305405785662
"CAVIN1",-0.263145299761157,11.8336515978045,-0.78599128107753,0.440647570555549,0.857662227417305,-5.43317649761208
"COPB2",-0.329583690262364,9.79191215964013,-0.785944942521557,0.440674129864375,0.857662227417305,-5.43320953515081
"GRHPR",0.307999206976578,6.71024342412092,0.654312236754534,0.521179185684092,0.892280304038195,-5.43364399066419
"TIMM44",-0.358862418630444,5.58283477846336,-0.506707996856045,0.619721416524994,0.917491195405981,-5.43422011456459
"COX5A",-0.215075331689507,7.74950939727475,-0.605220051357744,0.553022238014012,0.896868248332833,-5.43439466540762
"SON",-0.216437271936289,5.42248415874601,-0.466864577827024,0.64777405366581,0.928304503182769,-5.43442290405169
"SREK1",-0.277271101675824,7.0355399789033,-0.664346202972413,0.514885116990379,0.88918329749062,-5.43462540386446
"LRG1",0.462655352354426,8.32803097350814,0.747592179455432,0.463401805620345,0.868148848690508,-5.43472926978248
"GMFG",-0.460684337296334,4.96243703904652,-0.604026241865609,0.553797301575601,0.896868248332833,-5.4350407591382
"GMFB",-0.376386404121777,6.86368468139213,-0.78248380421477,0.442660690017186,0.857662227417305,-5.43567202957665
"ZC3H15",0.234382562758086,6.2276136998138,0.478585115758389,0.63870400513328,0.92538489337959,-5.43570305963274
"PDE12",-0.348565016814852,7.01638329361069,-0.782218535890329,0.442813170189237,0.857662227417305,-5.43586033970876
"MTMR10",0.30796037556994,6.77243644596973,0.684782033429787,0.502199757243798,0.886299247240313,-5.43644985042759
"SKP1",0.406032629967388,8.56073052486003,0.779144174286962,0.444582707900422,0.859574360117251,-5.43803841747322
"NMRAL1",0.355878179085695,8.46075745809361,0.778997555117993,0.44466720679679,0.859574360117251,-5.43814209111084
"EIF2B4",0.231664981109431,6.35882782150504,0.741639612349914,0.466921666417054,0.869601591195544,-5.43873977779003
"LMNB1",0.34850309369138,6.41594723546792,0.645070652397522,0.527014037906607,0.892280304038195,-5.43903628560623
"AFDN",-0.217785188551277,5.60587975559114,-0.702218989372515,0.491052006866654,0.87989155093154,-5.44076441338647
"PCBP1",-0.219039660780081,10.4795454249414,-0.772587776864502,0.448370858408566,0.861900551071283,-5.442656517855
"DFFA",0.190511369447024,5.4432128638792,0.247975667046607,0.807750768660479,0.958650022281972,-5.443158563606
"CFH",-0.464947271726594,10.7806531131631,-0.771219981329822,0.449163614779594,0.861924549648197,-5.44361532804876
"THOP1",-0.311391806712178,8.90507274143628,-0.770865870315629,0.449368991809918,0.861924549648197,-5.4438632961633
"BLMH",0.368967944236337,7.56682844876535,0.770318714966928,0.449686442862321,0.861924549648197,-5.44424623431571
"F10",0.237097775161048,6.93387848486951,0.336586277241802,0.741417266779539,0.946264662245577,-5.44447032625364
"SRP14",0.338223574883346,7.60807853082768,0.76986074887443,0.449952252513416,0.861924549648197,-5.44456655518895
"QDPR",-0.304454453443836,8.67482537340384,-0.766660434333632,0.451812422336609,0.864123679186021,-5.44679999606504
"ARL2",-0.224937582732898,7.59171521178327,-0.728966954706359,0.474468183072575,0.876677692917574,-5.44717741245793
"COG3",0.145585472736004,5.64499672894618,0.270027593896743,0.791374757656072,0.955102356491703,-5.44747133446977
"CLPP",0.1287731427651,5.37304404984998,0.13498159869925,0.89486219525515,0.977071615544553,-5.448243878422
"SLC25A3",-0.371561495295479,7.90444127456365,-0.764450676100001,0.453099553644448,0.864123679186021,-5.44833704332371
"WDR11",0.175844780145263,4.50650993934058,0.265961666723447,0.794436820287213,0.955868178301721,-5.44843853642063
"LOC100051878",-0.467773422723205,5.91796912069155,-0.431688274886469,0.672537147791795,0.932848173183756,-5.44852192999479
"SERPINA10",0.450035150376919,6.93135737216278,0.640488708480743,0.529920301175571,0.892280304038195,-5.44863124962763
"TERF2",0.311451854055446,6.92987689699253,0.726629954791374,0.47586769611959,0.877520939710981,-5.44871845930989
"KRAS",0.280760395734081,9.96416876175643,0.763535888668537,0.453633044736156,0.864123679186021,-5.44897212380923
"UBE2Z",0.270458977148601,6.74038810312402,0.763497093773609,0.453655677769797,0.864123679186021,-5.44899904091011
"MAPK1",0.329492881835051,7.3743963329719,0.564343586441408,0.579886312783717,0.903954261962836,-5.44942104872245
"ITPRID2",-0.162016795598939,5.50590792172061,-0.259325348212392,0.79944225287719,0.956920991343328,-5.4499860537193
"SP3",-0.113764655297087,3.82509607608748,-0.117119054167565,0.908701448231352,0.98070700222452,-5.45024410804208
"CHRD",0.232900283917291,5.64827619093144,0.349764417299154,0.731717433881627,0.946264662245577,-5.45056993989555
"DCTN4",0.240537711664222,8.36543651186805,0.761207708019523,0.454992520454748,0.864123679186021,-5.4505852104389
"OSBPL8",0.0524409768516647,4.60004068256944,0.109670487951542,0.914481863232712,0.981455854571736,-5.450994676104
"PSPC1",0.336160837374377,6.75283761451666,0.75971835277707,0.455863477176342,0.864123679186021,-5.45161468454623
"TGFBR3",0.307084048329915,4.87851897694563,0.422506576540386,0.679067779705156,0.934235162061189,-5.45202599250973
"XRN2",-0.182919276088864,4.38125039425308,-0.248213523422931,0.807843901129715,0.958650022281972,-5.45249068493266
"SARS1",0.274063546750699,7.62970314370417,0.720751302479615,0.479398880358855,0.877668719426212,-5.4525742820947
"EBNA1BP2",-0.54437761712954,6.47683263100125,-0.758281596709483,0.456704627280948,0.864123679186021,-5.45260600347675
"PURA",-0.230888861381852,8.44041634476272,-0.758173828946782,0.456767757715424,0.864123679186021,-5.45268028884154
"PGD",0.294377322801132,9.31291380684457,0.758028687484449,0.456852790003072,0.864123679186021,-5.45278032055961
"AARSD1",-0.308699766323087,8.70384595746115,-0.757646912203537,0.457076501657013,0.864123679186021,-5.45304335462152
"PARVA",0.283852895028402,7.16695945416404,0.757199991321663,0.45733847100286,0.864123679186021,-5.45335111401694
"PRKAA1",0.269493682511376,7.68940561182436,0.756814561521619,0.457564469049241,0.864123679186021,-5.45361639207297
"CAB39L",-0.221502595022536,8.497988027028,-0.756814182471732,0.457564691339501,0.864123679186021,-5.45361665289739
"HNRNPD",-0.215270824408733,10.6356759463457,-0.756415454858008,0.45779855742949,0.864123679186021,-5.45389094947465
"TRPT1",-0.247403842767741,6.22827798409972,-0.488024122593002,0.632584538630673,0.9220671251476,-5.45408254296073
"A0A3Q2LJM7",0.901103413475886,9.48814911158725,0.756118063711255,0.457973033385812,0.864123679186021,-5.45409544510138
"RPL28",0.394687783307067,9.99150589951386,0.755665860560761,0.458238412442613,0.864123679186021,-5.45440624933725
"VNN1",0.252728423944072,6.59643290547639,0.335726419755303,0.742051778593918,0.946264662245577,-5.45484800047324
"MGST3",-0.338107184933965,6.9519819538299,-0.717122913798508,0.481586039887363,0.877941407837225,-5.45493939998872
"CNPY4",-0.0391765057608131,6.56025348327012,-0.0560707425450824,0.956137398957386,0.990769366551768,-5.45495215488815
"STARD10",0.35829387508234,7.48734064241139,0.754788984367595,0.458753277872953,0.864123679186021,-5.4550084372648
"HS3ST1",0.442489582398199,9.62493494840747,0.753500464677472,0.459510474108331,0.864123679186021,-5.45589212376516
"TOM1",0.365623448004744,7.59871162889021,0.714863673540355,0.482950836984967,0.877941407837225,-5.45640636276234
"EMP3",0.205135905088537,7.13536485378184,0.411857888930741,0.685904884111385,0.93740595147824,-5.45656850202568
"MYBBP1A",0.304841088904542,6.73553593494122,0.751062388961954,0.460945257308019,0.866274251731748,-5.45756030253139
"AKR7L",-0.262041484489192,9.2073836243834,-0.688222389006556,0.499214219437084,0.886299247240313,-5.45758832118279
"SFMBT1",0.553167943186632,10.8791154664309,0.649659376935787,0.524112342103159,0.892280304038195,-5.45760293439468
"CD68",0.308702089250441,6.73521560118121,0.452044810317754,0.657300915079173,0.929450349645203,-5.45792961263014
"NECAP2",-0.178788858322485,7.01449440585239,-0.408054950551549,0.688638327118894,0.93740595147824,-5.45795398331475
"SMS",-0.138018685141878,6.91466493753039,-0.285428963981074,0.779491813007306,0.953444361910287,-5.45858283631516
"LOC100054696",-0.20581525790964,7.3526426968597,-0.749029285036258,0.462143770236713,0.86688380608715,-5.45894749713641
"VBP1",-0.333775889975013,7.62531000710933,-0.748184263964667,0.46264245780056,0.867272408290275,-5.45952301584015
"FGFR2",0.493069495243349,6.29789461780436,0.473438414222361,0.642712407609637,0.926168115972895,-5.46036843224238
"LOC100051754",-0.568550091293015,12.0120195430431,-0.745942005938725,0.463967281671359,0.868488592468923,-5.46104718280689
"PLBD2",-0.291076416286504,7.30321363182441,-0.745604294602743,0.464167012445576,0.868488592468923,-5.46127636720042
"PCNP",-0.384567869613068,5.73136505047713,-0.539637285444343,0.596441278825811,0.906536935904451,-5.46165088462983
"TXNRD3",0.37715037775964,6.79348142835054,0.577768097911349,0.570990384762841,0.899722058887417,-5.46207948037426
"ARGLU1",0.462078613029744,9.01652622672145,0.718571419133036,0.480712193863477,0.877941407837225,-5.46211452895991
"MTHFD1",-0.246559301903414,11.1246876437846,-0.743522862506429,0.465399155351564,0.869055194185284,-5.46268674969024
"APMAP",-0.29054626567436,7.39964978548139,-0.742713992470715,0.46587850689322,0.869055194185284,-5.46323383828562
"GNA13",0.384321680128465,11.1159128036636,0.742133748915657,0.466222551233517,0.869055194185284,-5.46362594670803
"EMG1",-0.220848593881044,6.34726860471982,-0.480675339230278,0.636871216388038,0.924722789431773,-5.46387720386576
"EXOSC6",-0.306130211364876,5.5465012157872,-0.435522390716658,0.668997871914656,0.932848173183756,-5.46447286155092
"STX7",-0.405421028499167,7.68095293069295,-0.74065457522457,0.467100283270749,0.869601591195544,-5.46462421288078
"GABPA",-0.0501755945997882,6.43569068606902,-0.108229296648912,0.915348525055358,0.981455854571736,-5.46512480552143
"ACTR3",-0.20857003267923,8.67237527014948,-0.739756032980188,0.467633952026432,0.870050661212405,-5.46522970437377
"NCKAP1",0.276987120822194,7.34329737598905,0.739218093752538,0.467953622202481,0.870101266282739,-5.46559186804283
"PLOD3",-0.210734055342037,6.71212338716828,-0.594924723674405,0.55929494504377,0.897267051376712,-5.46702185106708
"MLEC",-0.366721460601327,7.18974443381943,-0.736091299742416,0.469814287445192,0.872470352777432,-5.46769203517152
"GAPDHS",-0.304745457387558,8.19969704052934,-0.696953214508913,0.493850138893401,0.881346228678985,-5.4678810064455
"C1S",0.25617404547828,6.91167183965453,0.566412021322178,0.578511028085104,0.902974978254557,-5.46793422420344
"ACAD8",-0.226410185803122,6.5332653216453,-0.377665666351346,0.710638797971643,0.940040206298639,-5.46857389670227
"PDGFC",-0.0467045669929167,6.80470353205619,-0.0504400975316742,0.96048374815144,0.992855855021033,-5.46918106232074
"CRISPLD2",-0.12163074347851,6.39631299654941,-0.283562906514722,0.780892516801215,0.953857101455459,-5.46923435615088
"XPOT",0.0652119689112588,5.16845324604989,0.154010645644352,0.879964659056305,0.975869254782731,-5.46935113080413
"UBA1",0.280488201612484,10.4430155791744,0.733510057253416,0.471353610359965,0.87478290132308,-5.46941943827999
"ITGA6",-0.238723418310797,5.91927504047628,-0.589564733717351,0.562806156940804,0.897267051376712,-5.46988528462273
"SSRP1",0.187789565217142,7.5805164532923,0.693745418407087,0.495817091806864,0.883266974925401,-5.46990703171758
"SHC1",0.229029401571931,5.91744109090655,0.5887183540576,0.563361655454825,0.897267051376712,-5.4703351730968
"NPW",-0.380538873850941,7.46823459042148,-0.419080686395989,0.68072575407254,0.935376043249861,-5.47074870870607
"SEH1L",-0.1696573666689,5.6307827411428,-0.230634878205063,0.820932265288618,0.962498041847365,-5.47115507131996
"PARK7",-0.38060778921554,12.0132855588462,-0.730184121905487,0.473341423382575,0.876677692917574,-5.47163674734917
"PPL",-0.286541572857951,6.01858697341427,-0.380239728916039,0.708764673109635,0.939115148990855,-5.4732600484605
"PRRX1",0.0775485655496014,6.17647593503145,0.121793629876472,0.904923533770405,0.9796752230593,-5.47331331365265
"NXF1",-0.282949531559975,5.80855743114357,-0.409074138525573,0.687589705296691,0.93740595147824,-5.47468684851964
"ALDH1L1",-0.309480944567104,8.72649377473504,-0.725296505172871,0.476271565174972,0.877520939710981,-5.47487790017869
"MON2",0.260102420937155,5.59930069693297,0.592904852668908,0.560616762945854,0.897267051376712,-5.47510920943585
"NFKB1",-0.305154351544857,6.86772423084779,-0.481715384802382,0.636526621599897,0.924722789431773,-5.4753111491766
"FLG2",0.108755199744698,7.27751061332765,0.100959821202883,0.921121634200123,0.981455854571736,-5.47538395676826
"CAD",-0.391709801103235,8.46477258964322,-0.723662707567411,0.477253405194073,0.877520939710981,-5.47595673830736
"EPRS1",0.229365590523178,8.10075667926917,0.721477489938229,0.47856847995187,0.877668719426212,-5.4773960945472
"ADPRH",0.364930771151708,7.03625645023239,0.399916051497852,0.694503291309243,0.938306925889577,-5.47776653450001
"VPS29",-0.336893700240136,7.75196311459249,-0.720851320219724,0.478945703097694,0.877668719426212,-5.4778077798335
"RPSA",-0.231357188957068,10.9527449734609,-0.720617924605469,0.479086352060246,0.877668719426212,-5.47796114295238
"GOPC",0.18826033034419,7.01082144792588,0.518177525073164,0.611008829733615,0.911790994531614,-5.4782964266584
"SDF4",-0.300319891644246,5.97565611488506,-0.640150483014963,0.529715442388381,0.892280304038195,-5.47846821074364
"INMT",-0.358190719314681,8.05369070023629,-0.679429798562778,0.504649761072469,0.886299247240313,-5.47884062128378
"EZR",-0.202718048760671,9.20946085768491,-0.719119664937238,0.479989809748746,0.877941407837225,-5.47894452248452
"IPO4",0.0132460180989534,5.86011420918124,0.0289811481751322,0.977319470854724,0.993402824894243,-5.47955971443749
"SART3",-0.222492935767587,6.51429859171378,-0.611638324446612,0.548022660555682,0.896868248332833,-5.47968064068417
"SEC22B",-0.23030027512535,8.37298897920186,-0.717442604998531,0.481002265945436,0.877941407837225,-5.48004295863278
"PSMD11",-0.290266112487029,8.70738313845094,-0.716716884502117,0.481440776403931,0.877941407837225,-5.48051753617621
"SNRNP200",-0.194448965206532,6.69422370325109,-0.609690312635257,0.549285685708141,0.896868248332833,-5.48075747943742
"DDAH2",-0.403589252630341,8.24572199863866,-0.7161911019805,0.48175862178379,0.877941407837225,-5.48086108214056
"FBN1",-0.644184356548355,11.6694703234312,-0.715737569338536,0.482032889102528,0.877941407837225,-5.48115722824337
"REEP5",-0.243270806483964,7.69887501988219,-0.714703088382435,0.482658817228467,0.877941407837225,-5.48183205491434
"RAB10",0.268580863562696,6.90061702755076,0.714557909423359,0.482746697815377,0.877941407837225,-5.48192668603413
"CYP20A1",-0.253665805450244,7.17796563387733,-0.67358516826332,0.508281394522508,0.888172122994237,-5.48243708059089
"ARFRP1",0.379036355243226,7.41443457093313,0.565098874571692,0.578978395684824,0.903230585821893,-5.48263997866612
"YWHAB",-0.199054138346011,10.9185306564006,-0.713451927109916,0.483416483605611,0.877941407837225,-5.48264699383681
"UBE2O",0.238318062566453,6.32142327925464,0.712518821132188,0.483981995641292,0.877941407837225,-5.48325388786753
"EMD",-0.313108440375155,6.94124076172128,-0.712493865936219,0.483997125105299,0.877941407837225,-5.48327010844346
"MYO9B",-0.363704961539471,4.83082649246709,-0.604069638383217,0.552938617374563,0.896868248332833,-5.48384609290926
"SPARC",-0.445084265677339,7.13543383730373,-0.629965790834644,0.536216148183018,0.892280304038195,-5.48433818677254
"DYNLL1",-0.243876738202783,5.3335267845744,-0.489953207374718,0.630426140110768,0.920953915894132,-5.48464695677094
"C5",0.441273527613178,8.72830221943864,0.669461554548894,0.510852506264708,0.88918329749062,-5.4849567497447
"HEBP1",-0.246044234269046,6.74501445892304,-0.709740671503955,0.485667979623781,0.877941407837225,-5.48505634448123
"KRTCAP2",-0.387271556642606,6.35246101909054,-0.709585472414493,0.485762266220623,0.877941407837225,-5.4851568403876
"LOC100060997",-0.265153738668204,7.45766325426662,-0.668575140803093,0.511406147504462,0.88918329749062,-5.48549645720144
"XPO1",-0.251628100847574,14.8645487869065,-0.708713406505034,0.486292261491912,0.877941407837225,-5.48572114079914
"CNNM3",0.232724742530802,6.79652341404998,0.41005738895057,0.687198473301304,0.93740595147824,-5.4858017140373
"ATP6V1B2",-0.202537032393587,8.10538281814675,-0.708535976216853,0.486400135232124,0.877941407837225,-5.48583587264461
"API5",0.173927076322469,7.71216391554494,0.667210000796532,0.512259453490372,0.88918329749062,-5.48632631426986
"ACADS",0.160087149327229,5.50996445774587,0.375097958821876,0.712510208348463,0.940269933992144,-5.48637720633168
"TBCD",-0.0985312408732645,5.86698712767819,-0.205380156841516,0.840034426719879,0.970564868389803,-5.48638960567156
"RPS12",-0.278783193072682,9.48075208904566,-0.707528476925589,0.487012935854375,0.877941407837225,-5.48648683591742
"EHD3",-0.223518877846161,8.05397276383071,-0.707187236508564,0.487220593055213,0.877941407837225,-5.48670711827528
"MBLAC1",-0.0858717860547837,6.54309013393522,-0.201145522923679,0.843695372140827,0.970564868389803,-5.48698754618619
"OGN",-0.394655470202573,13.1064615778344,-0.706279333577964,0.48777333470077,0.87800295005111,-5.48729270981068
"APEH",-0.230973395849616,7.2233207493234,-0.706021078586566,0.487930629569933,0.87800295005111,-5.48745915225194
"RPL10A",0.223489047271535,9.64217679815355,0.705027847343027,0.488535848479147,0.87800295005111,-5.48809874049459
"RPS10",0.306283877608244,9.53934759028152,0.704747263022763,0.488706899292811,0.87800295005111,-5.48827926716335
"DHX9",0.25344331761746,5.8663761078716,0.450531370997031,0.658368586609195,0.929450349645203,-5.48839980709018
"PNPO",-0.17533166740013,6.87498212538424,-0.313063954807723,0.758273361669605,0.948684187764363,-5.48846909151536
"KRT73",0.565781593031446,9.5771614319119,0.636730235663115,0.531517828766656,0.892280304038195,-5.48851187388574
"TSC22D2",-0.145728798550724,6.22166196753835,-0.311910650511738,0.759133655571313,0.949065713338355,-5.48879098125099
"LOC100050047",-0.360686265853826,7.50522847942701,-0.479512790940066,0.637680936729571,0.924722789431773,-5.48920626343627
"NEDD8",-0.247462131547899,8.21751928746892,-0.565897560750638,0.578446731655536,0.902974978254557,-5.48926754344606
"OCIAD2",-0.139786049842845,7.24175313204742,-0.265065643830397,0.794564387396853,0.955868178301721,-5.48976728506702
"DLAT",-0.35486566160286,7.41559652678384,-0.700157953711068,0.491509559772324,0.87989155093154,-5.49122232675138
"LOC100630489",-0.221866637592934,6.91226836694939,-0.30212687227951,0.766701258692241,0.950178377715034,-5.49132322111981
"DNAJC8",0.404624636919292,6.08756554219963,0.672356183692669,0.509046913008919,0.888740942606533,-5.49137169018514
"CC2D1B",0.0910757187880706,6.30510736816553,0.175524159096008,0.863179359565177,0.974865399141866,-5.49139759891868
"CDIPT",-0.24222933264552,7.48836098426087,-0.699880136284574,0.491679517713573,0.87989155093154,-5.4913999012248
"CAMSAP2",-0.382988093381309,5.27857981900361,-0.517845208974477,0.610868999921481,0.911790994531614,-5.49203062782945
"IKBIP",-0.272384689953519,6.48835609110029,-0.588734570908409,0.562970084806061,0.897267051376712,-5.49213339900202
"SUCLG2",-0.265083942176077,6.01627263419027,-0.54476592552316,0.592596710493517,0.906536935904451,-5.49284476422798
"TSNAX",-0.221975187231614,8.29253807064092,-0.696621193374165,0.493675737438778,0.881346228678985,-5.49347794454138
"GNMT",-0.354262630084407,6.7302414464474,-0.557619963039921,0.583968955861589,0.905768419862579,-5.49348011684831
"ABI2",0.170985125366674,5.42738691822322,0.160519647006546,0.874763223256981,0.974865399141866,-5.49365577309648
"CAPRIN1",-0.287626253080203,7.26037742772318,-0.541592894258321,0.59473620743603,0.906536935904451,-5.4944047804982
"HEBP2",-0.466522141325717,9.38209109939835,-0.694539827167215,0.494953080768116,0.882256090644186,-5.49480029247328
"MESD",0.318496545425467,8.02413425960274,0.625103023446046,0.538967296254331,0.892280304038195,-5.49517702227878
"C6",-0.126903387390114,6.94053777743756,-0.286236305830155,0.778609845693997,0.953444361910287,-5.4955164389435
"PREX1",0.186663545389378,5.97266870585273,0.651573287746225,0.522090231786671,0.892280304038195,-5.4957164934791
"LLGL1",0.167643543173363,6.19699685068121,0.430160168165819,0.672813222356895,0.932848173183756,-5.49649059565105
"PRSS35",0.305922247274573,7.52857892852391,0.622407599715829,0.540702246680186,0.894173496380303,-5.49670535530637
"NELFA",-0.35772173554842,5.79812176636686,-0.649018133671407,0.52370652783892,0.892280304038195,-5.49723073880475
"AKT1",-0.204726575702094,6.70206720916196,-0.648880713555444,0.523793532949301,0.892280304038195,-5.49731201640357
"WNK1",0.269370566180226,5.62870119213344,0.619972800081768,0.542636433095857,0.895365162762161,-5.49773652141099
"IWS1",-0.168129907435913,6.63963453757105,-0.427763001820596,0.673894799677143,0.932848173183756,-5.49790211460163
"NRF1",0.149738698825506,6.72690044581881,0.338236932984074,0.739869143177342,0.946264662245577,-5.49797961337543
"CDC42BPB",0.21772854306757,7.03289659743479,0.603609245442647,0.553238400811323,0.896868248332833,-5.49911118003897
"CFL2",-0.235427303663688,11.1731261230659,-0.687410457636287,0.499342731769244,0.886299247240313,-5.49930126244276
"SLC38A3",0.25752679109693,7.05872188912459,0.333224606176856,0.743573751155376,0.946264662245577,-5.49949543168659
"VPS37C",-0.344605096329835,5.29576987383319,-0.60281801383347,0.553753809832302,0.896868248332833,-5.49954532901594
"SNAP23",-0.267695312912063,6.8008765339461,-0.645015510047318,0.526243982877461,0.892280304038195,-5.49959137592561
"BST1",-0.615802323325178,8.06710902268352,-0.61647175560971,0.544533512576244,0.896750005986061,-5.50004873489032
"SNRPA1",-0.28966409590131,8.55937293390178,-0.686183864896868,0.500100192667147,0.886299247240313,-5.50007119137315
"ARF5",0.240216132117,9.90294027110268,0.685956625226958,0.500240592318694,0.886299247240313,-5.50021368546381
"SEC24A",-0.252204125905233,6.50955823789036,-0.453095119538167,0.656206452842895,0.929450349645203,-5.50031693008545
"SQOR",-0.241393195626193,6.47334231121867,-0.542414479873498,0.594181865167829,0.906536935904451,-5.50106270418189
"PPIL1",-0.217189956020973,8.54117174516042,-0.684146320022539,0.50135988705253,0.886299247240313,-5.5013472608268
"SAP18",0.435443922543792,7.29945683526787,0.383651644122822,0.705989574154046,0.938980265337057,-5.50144999455566
"EIF2S1",0.285453951126215,8.54467393945858,0.683919619446308,0.501500154081415,0.886299247240313,-5.50148901514886
"AGAP3",0.0535205995573683,3.92496415653523,0.0909780533462805,0.928797975603251,0.984176296204626,-5.50149590910671
"P3H3",-0.272665003629465,5.70281396751216,-0.44845922390088,0.659831643176695,0.929450349645203,-5.50192465757351
"HNRNPA3",-0.215828970736952,9.38358836711525,-0.683041525524182,0.502043669715214,0.886299247240313,-5.50203765925265
"PFKP",0.258331138867785,9.50510587009633,0.682978207819105,0.502082874527775,0.886299247240313,-5.50207719501603
"SNX18",0.246145602492095,7.7797035535895,0.682730004168881,0.502236573061821,0.886299247240313,-5.50223214047089
"XPO7",0.203939528372566,5.60891826279184,0.448262373877784,0.659621000898503,0.929450349645203,-5.50228324544941
"MYL3",-0.428438597783248,8.61800249549341,-0.53964345510618,0.596052562691582,0.906536935904451,-5.50242278704406
"HPX",0.489482602415964,10.5282792300447,0.681858010113736,0.502776761447959,0.886299247240313,-5.50277607291041
"THAP11",-0.050732615426159,5.89867357044966,-0.0727585763494831,0.943026756297237,0.98861983269505,-5.50283433725545
"SERPINE2",0.350096980572961,11.0484313718946,0.681326999062193,0.503105876858305,0.886299247240313,-5.50310698275329
"HCFC1",-0.196275725813108,7.07489645224562,-0.638931154325437,0.530114063991359,0.892280304038195,-5.50315305109216
"HGS",-0.256951037901175,6.90564264030229,-0.680830401919095,0.503413773323625,0.886299247240313,-5.50341622478894
"CC2D1A",-0.20437416718701,6.93731811410754,-0.680762489069696,0.503455888439144,0.886299247240313,-5.50345849893607
"PSMA3",-0.199965989681607,9.09606325697039,-0.680298335950007,0.503743779329512,0.886299247240313,-5.50374731580054
"EGFR",-0.203893692054172,6.60993944137235,-0.522108403394996,0.607957351242363,0.911139113079817,-5.50379150252493
"S100A9",-0.304623720952554,7.34661879901798,-0.196547557938765,0.846817987496306,0.970564868389803,-5.5039296680041
"A0A3Q2I4Y7",0.449499099176091,8.14166359083671,0.490543751396754,0.630016934224151,0.920953915894132,-5.50417740728705
"MTREX",-0.196760527718622,5.08914731294656,-0.356255966480925,0.726300128514504,0.946264662245577,-5.50433920682647
"PRKACB",-0.0419249184709586,5.12696628684566,-0.042995629694767,0.966357884014472,0.993402824894243,-5.50437620796793
"BSG",-0.490757691741093,9.0807138344603,-0.679121476036241,0.504474144121706,0.886299247240313,-5.50447876995261
"GNPDA2",0.226437722193946,9.41696449027025,0.67875963098979,0.504698827204922,0.886299247240313,-5.50470342519263
"NAXE",0.236329542490473,9.20068031260046,0.678309289211421,0.504978540231702,0.886299247240313,-5.50498286525643
"TTC1",-0.00118445702894438,6.25136951925488,-0.0027296347513419,0.99786055542017,0.999204023014138,-5.50520690651116
"A0A3Q2LSP0",-0.240386639020453,10.4387665267706,-0.677935013085006,0.505211074572581,0.886299247240313,-5.50521497165758
"S100A1",0.345080305776705,12.8129129876958,0.677848150979719,0.505265049855318,0.886299247240313,-5.50526882152775
"MAP4",-0.30604455079534,8.71643663376005,-0.676847584511514,0.505887027175201,0.886867357599424,-5.50588864538693
"CPSF7",0.316604292100693,6.76032114335937,0.63323153181719,0.533753500634462,0.892280304038195,-5.50646024657802
"CANX",-0.323534059012686,7.64454886407922,-0.674617216112924,0.507275034679037,0.888172122994237,-5.50726715847508
"RAB8A",0.303781505647488,10.0601234335498,0.674434983860314,0.50738853658626,0.888172122994237,-5.50737959828085
"GNAI2",-0.307663936621202,10.5879257753701,-0.673663519856317,0.507869195239273,0.888172122994237,-5.50785528145975
"H9GZT5",0.513785950004006,14.055869722634,0.672775865211855,0.508422563179558,0.888172122994237,-5.50840196549324
"SLC35B2",-0.208871184252411,7.29663821301315,-0.301718554337593,0.766750417666633,0.950178377715034,-5.50866513111454
"GPX7",-0.183960674735998,6.07635101738341,-0.432119691884927,0.671082326304846,0.932848173183756,-5.50870236527724
"SPON2",0.674969219160399,8.15593403241721,0.629122574420177,0.536385640767163,0.892280304038195,-5.50882688168827
"NOL7",-0.158905840300377,6.44858336366356,-0.340433865242845,0.738247480482646,0.946264662245577,-5.50911372055844
"NAA11",-0.16650466284194,4.85785448818757,-0.39589814094037,0.69740607109734,0.938306925889577,-5.50927503160642
"GNAI1",-0.350384126583736,7.91648763602514,-0.670999648313509,0.50953088250998,0.889064149834129,-5.50949382918769
"FH",-0.208264851461321,8.57128166237302,-0.67006186605954,0.510116584417184,0.88918329749062,-5.51006918601176
"UGGT1",-0.230171691422003,6.86747483965889,-0.626923612341667,0.537797148081818,0.892280304038195,-5.510087361828
"SART1",0.286711801569229,7.14680164877429,0.477278371859455,0.638904393614009,0.92538489337959,-5.51027547577965
"ROCK2",-0.262577856608416,6.92910229860148,-0.668722254028539,0.510953908310606,0.88918329749062,-5.51088974603655
"KIF13B",-0.239139370568963,7.29455066001342,-0.625195462336885,0.538907849863771,0.892280304038195,-5.51107500053888
"PSAP",-0.318472428285797,11.1931813260702,-0.667420233285522,0.511768473471807,0.88918329749062,-5.51168577900221
"GDF1",-0.489782440051853,6.85686673425603,-0.387882748421931,0.703211356989769,0.938980265337057,-5.51211626419477
"C11H17orf58",-0.379387306257218,7.6580189645773,-0.387794010471478,0.703275734072089,0.938980265337057,-5.51214740105419
"SCFD1",-0.195750363935265,7.75413735177265,-0.66604219973607,0.512631384782526,0.88918329749062,-5.51252667263012
"PPP2R5D",0.175929142672723,6.97963776214528,0.622392501855046,0.540711973105266,0.894173496380303,-5.51267134379933
"SMOC2",-0.678606937408289,8.11911151799222,-0.665027356505974,0.513267389649661,0.88918329749062,-5.51314488251771
"SERPINA6",0.176877477463877,6.75087668519093,0.284015761472129,0.780278601722498,0.953709465950876,-5.51319293038115
"CD81",-0.342920551450006,6.11990119442868,-0.577161865304507,0.570602751425301,0.899722058887417,-5.51332668903919
"C8A",0.437689273974494,7.57501336349242,0.664295505921909,0.513726315721506,0.88918329749062,-5.51359014406661
"SERPING1",0.485354732914739,9.15481055462798,0.620464177273055,0.541955022171495,0.895365162762161,-5.51376557522487
"RAC3",-0.28107373695268,11.1517955181866,-0.663653417114187,0.514129142902583,0.88918329749062,-5.51398040873728
"ACTR2",-0.262634350149599,9.70195034819336,-0.66359124466131,0.514168157383576,0.88918329749062,-5.51401817832497
"HHIPL1",0.30074708426087,9.89048229365258,0.662964332509013,0.514561649813436,0.88918329749062,-5.51439883692426
"RBM17",-0.268501575545292,5.3461624945097,-0.545208929046098,0.591949727892619,0.906536935904451,-5.51453855003119
"SFRP5",-0.114656061690817,6.90183220640535,-0.118993733726381,0.906858235342124,0.980699109466674,-5.51491084491275
"EIF4A1",0.232684436417041,8.47336379967897,0.662010334457834,0.515160765490996,0.88918329749062,-5.51497744177829
"IFIT5",0.300048906491877,5.76341467286944,0.49773812687638,0.624691185386069,0.918035466609865,-5.51506377151804
"DDAH1",-0.325437661835309,10.688998653986,-0.661601589041548,0.515417578588484,0.88918329749062,-5.51522510460269
"HAPLN3",0.905080351178157,9.4671653233656,0.661379313030545,0.515557263632028,0.88918329749062,-5.51535972249629
"LOC100072612",0.262018816684356,10.4067240931723,0.661117526411478,0.515721805377231,0.88918329749062,-5.51551821396508
"PGAM1",0.333634227218854,13.6395307255509,0.660662442893943,0.516007910324418,0.88918329749062,-5.51579358908906
"HAGH",-0.281423411269966,7.35239815660136,-0.660397304105427,0.51617464025758,0.88918329749062,-5.51595394347251
"A0A9L0RSJ9",0.350767562538392,17.1451992027038,0.659736121533685,0.51659054896527,0.889384770353981,-5.51635355504218
"PAIP1",0.182403150253731,6.74907327930935,0.540845966788035,0.594895028469182,0.906536935904451,-5.51669295294814
"FIP1L1",-0.23850750462711,7.1085388170669,-0.493207144667153,0.62782605043132,0.919464279514247,-5.51710199420819
"A0A3Q2H7D9",-0.416412872084688,5.77576227851154,-0.538461085551654,0.596508039552391,0.906536935904451,-5.51786352409766
"PLEKHA2",0.0301529997795403,6.29706429655869,0.0687751338142987,0.946076439221921,0.988921301864059,-5.51914770698384
"HBS1L",0.274443347923633,6.74206366091194,0.654688172014816,0.51977203094373,0.892280304038195,-5.51939187591574
"FGF7",0.193202504808376,6.80011277451493,0.202918199947629,0.841755335031344,0.970564868389803,-5.51955060490049
"UQCRFS1",0.289053308117613,6.92648032482837,0.367176401322368,0.717766278625797,0.941418625475567,-5.51956079603295
"RAB5A",-0.20476157630669,9.30263618250409,-0.652022085072818,0.521456704714773,0.892280304038195,-5.52098757206583
"ELOC",-0.22119449727023,7.06103333685193,-0.652008340159881,0.521465397792208,0.892280304038195,-5.52099578249013
"IQGAP2",0.445538853748091,5.71710423421365,0.576575581694176,0.570990843101851,0.899722058887417,-5.52141241055129
"PAM",0.312719453766442,6.53703461551519,0.650162457233333,0.522633567238021,0.892280304038195,-5.52209690379187
"TXNRD1",-0.2662798014303,7.08350400277492,-0.649419582978136,0.523104102858498,0.892280304038195,-5.52253920678647
"ZNF207",-0.458586156231687,7.35416977622012,-0.574331351600697,0.572144157711005,0.900376762152657,-5.52289935711541
"PDCD6IP",0.210811353163185,8.86954536279294,0.648417384463437,0.523739263609368,0.892280304038195,-5.52313514358097
"EXOSC4",-0.102037710072332,7.33828600741754,-0.291042752227751,0.774755227547498,0.952436695022234,-5.52337528929257
"LOC100147364",-0.249055744096298,8.55343528937196,-0.647862333800946,0.524091219113663,0.892280304038195,-5.52346481426705
"DR1",-0.0671173393515954,7.22359165097114,-0.138478738687938,0.89158886448614,0.976456797587781,-5.52377316833479
"SNRPE",0.302936197707913,9.37849083403721,0.602276275900908,0.553754468155316,0.896868248332833,-5.52392612134019
"ACO1",0.182172564882125,9.21008705309804,0.646895728130148,0.524704450395281,0.892280304038195,-5.52403828210657
"APOH",0.523953404178097,10.036856508363,0.646319059953104,0.525070486272571,0.892280304038195,-5.52438001766667
"ALAD",0.297321121927648,9.86542018720514,0.645237279777432,0.52575751629649,0.892280304038195,-5.52502029769387
"PTBP2",0.212131380475188,7.13705297342079,0.522880170570743,0.607098760446519,0.910342143310683,-5.52538798707358
"NHLRC3",0.231291555229354,6.94719771068538,0.439785285244428,0.665629117105733,0.932848173183756,-5.52560968719392
"FAM3C",-0.294641537231254,7.28726199043017,-0.644178820814584,0.52643021217489,0.892280304038195,-5.52564578096841
"HYI",-0.229176124108656,8.59326556534373,-0.644175370352378,0.526432405862012,0.892280304038195,-5.52564781836938
"RPL37A",0.310437426022767,9.09216278541063,0.643823291158443,0.526656272230354,0.892280304038195,-5.52585565633063
"RRAS",-0.264334163783974,9.02174207201844,-0.643556292063352,0.526826075950462,0.892280304038195,-5.52601319764257
"RRBP1",-0.279957749191511,9.00849518545717,-0.642952189555811,0.527210378347226,0.892280304038195,-5.52636941405726
"SFRP1",0.499899709755121,7.71901012100219,0.64280705254053,0.527302730736067,0.892280304038195,-5.52645494815911
"STXBP1",0.217419158070974,7.68139885930689,0.642313040732478,0.527617142596186,0.892280304038195,-5.52674594731166
"SYNE2",-0.185501350360586,6.2541920877841,-0.59689330035231,0.557272502299875,0.897267051376712,-5.52687762693351
"CARM1",-0.18698512006766,6.73355294470997,-0.382798062640008,0.706610708487438,0.938980265337057,-5.52688937788034
"RANGAP1",-0.24190169048585,6.63334371721518,-0.596730477154294,0.557379097423991,0.897267051376712,-5.52696650677448
"SEC61A1",0.280727860535878,7.20079309464625,0.519475561548504,0.609424988442056,0.911790994531614,-5.52700370128209
"IQSEC1",-0.209207445087388,6.80177707865886,-0.594902707061619,0.558576412642476,0.897267051376712,-5.5279626272012
"MCAT",-0.249996659272482,10.1204496054397,-0.379094544952026,0.709308147826034,0.939115148990855,-5.52816798376071
"MATR3",-0.221209245926393,8.76558286012015,-0.639579801023817,0.529358553743917,0.892280304038195,-5.5283520991364
"AK2",-0.275195786633183,6.60733490624686,-0.593989601175868,0.559175063412492,0.897267051376712,-5.52845916246228
"CHORDC1",-0.0411672667594997,5.95104517557314,-0.0915230352539121,0.928372727321216,0.984176296204626,-5.52859390308624
"UBFD1",-0.252231031251643,7.58222600283885,-0.515663100708214,0.61203495629614,0.911987747404565,-5.5288008334787
"SDR39U1",0.381543044702791,6.52694979267753,0.593302821939934,0.559625550658408,0.897267051376712,-5.52883214101361
"CISD1",0.548815444902613,5.93317424874224,0.465255926716178,0.647324397311616,0.928304503182769,-5.52927522106557
"NHP2",0.262793389491431,8.16178016061273,0.637236146423816,0.530854244737312,0.892280304038195,-5.52972409248727
"SENP8",0.0891795289422973,5.40775444102902,0.0762189500548285,0.94018922509664,0.98861983269505,-5.5297792621366
"ATIC",-0.207644675399695,11.262390350037,-0.636614447921123,0.531251390675984,0.892280304038195,-5.53008722983549
"QSOX1",0.265744345517111,9.4726046810709,0.636602133971959,0.531259258556655,0.892280304038195,-5.53009441904791
"DTD1",-0.530469739094135,6.04395768901634,-0.510998147706006,0.615559352052055,0.913816902372687,-5.53070056545105
"CHMP2B",-0.12407560703307,6.55353688099862,-0.260624249771396,0.797704710506232,0.955868178301721,-5.53095867379734
"BRAF",0.175950141166833,6.77246577789471,0.369607344953379,0.716236179790746,0.94134967014499,-5.53138770540087
"BCAT2",0.0188204351010645,7.5170778237326,0.0469229356212667,0.963154973160539,0.993402824894243,-5.53140120980827
"UBE2E1",-0.0277767766265852,6.77432401350711,-0.0420525736054498,0.967050218144664,0.993402824894243,-5.53158940094875
"MYD88",-0.0179473155605176,5.66934610153277,-0.0391958464518492,0.96925081608096,0.993402824894243,-5.5316977351677
"DNAJC3",-0.0164720081235533,6.70086998822456,-0.0361063324939522,0.97164392448129,0.993402824894243,-5.53180505514786
"CAPN1",-0.164725544904016,8.11554291553849,-0.633641666945249,0.533152658830997,0.892280304038195,-5.53181895161947
"ANO6",0.0159079429781868,6.23965181151393,0.0251590783597139,0.980282914298849,0.994320378465419,-5.53210427187143
"RBMS1",0.172629076624477,6.49681979149539,0.45851357549166,0.652068073022365,0.928495736953561,-5.53210823096844
"NIPSNAP3A",0.26981265590698,5.97174743826013,0.367184338743647,0.718009701245063,0.941418625475567,-5.53219717121921
"COL8A2",0.0100227697830562,7.27775743163123,0.0168071793119902,0.986798110233271,0.995835949099044,-5.53226428259016
"CHAD",-0.209228735131093,17.6528980457322,-0.632837015511592,0.533667914824101,0.892280304038195,-5.53228634596148
"GREM1",-0.444296012367045,11.5830058200693,-0.632197508514506,0.534077613527713,0.892280304038195,-5.5326574075438
"SUN2",-0.212626384650931,7.00257804738325,-0.631788731666732,0.534339584721039,0.892280304038195,-5.53289440399516
"CEMIP2",0.356527733595282,6.7029603516235,0.538506560426661,0.596477262566196,0.906536935904451,-5.53300068777251
"POLR2B",0.128054947211796,5.68083490636499,0.322048758334827,0.751582563992485,0.948684187764363,-5.53329340045595
"TPBG",0.285645164163626,5.62194705861591,0.247718449852618,0.807708876929012,0.958650022281972,-5.53382100747041
"SEPHS1",-0.246969240781775,7.72732977422188,-0.629993637780123,0.535490822564316,0.892280304038195,-5.5339334052727
"CBX1",0.264014946620906,6.20336472941854,0.50365501999046,0.620608522967482,0.917491195405981,-5.53410215583328
"YKT6",-0.245678296933111,7.40934316385951,-0.629524717323363,0.535791773506297,0.892280304038195,-5.53420434969994
"LUM",-0.427929029792015,14.2240579194605,-0.62907288636145,0.53608184291684,0.892280304038195,-5.53446523671069
"ALOX12",-0.338378142819239,8.48587839039398,-0.628702621431974,0.536319611241224,0.892280304038195,-5.53467889360101
"PFN2",-0.219020580495273,7.34445929147891,-0.317156187376584,0.754772215720254,0.948684187764363,-5.53499407211165
"B3GAT3",-0.304968907471609,6.5440312158752,-0.502295827247716,0.621227980068568,0.917491195405981,-5.53500054114662
"HTRA3",0.450410578012318,10.0291383437548,0.627930713058657,0.536815480833067,0.892280304038195,-5.53512392602234
"CDK5RAP3",-0.180531365352011,6.59820823549384,-0.627345564447045,0.537191541745679,0.892280304038195,-5.53546093539329
"RBPJ",0.277144271645147,7.03543780086264,0.533379383238525,0.599952201886593,0.909148704549994,-5.53551134201963
"SH3GLB1",0.111055450040935,6.91337710569431,0.23930192982117,0.813907967192298,0.960134983621499,-5.53578051523388
"EIF3A",-0.203165242293404,8.12628565354419,-0.626327758109327,0.537845999585723,0.892280304038195,-5.53604641072971
"RPS15",0.325134436144206,8.78123782886566,0.625168056681041,0.538592220226713,0.892280304038195,-5.53671239705653
"LOC100050322",0.589525404904294,6.7684926111337,0.352179174470002,0.72929685351514,0.946264662245577,-5.53691207813593
"SARNP",-0.228438051663957,8.3711617739385,-0.624807325400538,0.538824449640744,0.892280304038195,-5.53691931414592
"DVL1",0.212388569891091,4.3002559188625,0.308852846867112,0.761416167960387,0.949774884562747,-5.53707300890896
"HSPBP1",-0.0583872440699591,5.68167030534152,-0.16564710827812,0.870508316613676,0.974865399141866,-5.53732035528804
"PCSK6",0.263080247970157,6.81388099188643,0.494330415783117,0.626736674950737,0.918493402945045,-5.53861973009896
"LIG3",0.319756204429382,6.34607537333148,0.574086425878121,0.572306708312831,0.900376762152657,-5.53909983183294
"VPS26C",-0.212175143003031,5.9568600602438,-0.54085555544313,0.594888547541841,0.906536935904451,-5.53965969650159
"THEM4",-0.07306713344018,5.3506206202234,-0.148815028631454,0.883557891463277,0.976080477944021,-5.53971122427551
"PSMD1",-0.1923075314069,7.52181342245491,-0.619451037244147,0.542279013867547,0.895365162762161,-5.53997821624497
"CHMP6",0.197939956538192,7.06497234119218,0.569965162472418,0.575045415958168,0.900874203515297,-5.5412594833397
"MAPK3",0.209390760685935,7.96295822651404,0.616894098528973,0.543932292942525,0.89650890388034,-5.54142953087837
"GARS1",0.169136619770577,7.96217880927005,0.615588199995082,0.544777704214466,0.896750005986061,-5.54216853233385
"RPL22",0.224526054909593,12.6612640002134,0.583880467324847,0.565825139037045,0.898254956582288,-5.54220049789713
"MRE11",0.388380649152,5.8300132790806,0.431466398166492,0.671249796956348,0.932848173183756,-5.54306752892024
"PDE4D",0.082207233975729,5.42475854762588,0.201398302583219,0.842775830943459,0.970564868389803,-5.54340601064633
"ENOPH1",-0.23171447344933,8.32076655456584,-0.613002975556987,0.546453386861734,0.896750005986061,-5.54362705984776
"RAB22A",-0.235698475189322,7.97967076240558,-0.612952416324566,0.546486185477755,0.896750005986061,-5.54365552546041
"PCNA",0.173956748297298,6.48698785792947,0.565271949432405,0.578172304417456,0.902974978254557,-5.54370057411959
"SMARCC2",-0.326725593549594,6.49619742566972,-0.612805629191904,0.546581414662447,0.896750005986061,-5.54373815605073
"MELTF",-0.428003765695295,10.901692592101,-0.612506537458326,0.546775479811362,0.896750005986061,-5.54390646430542
"APPL1",-0.211514507335973,7.90775494403992,-0.612281945279199,0.546921230111755,0.896750005986061,-5.5440327974186
"ITPR2",0.165154981893158,5.86762165724271,0.3283995136652,0.746865567342077,0.948684187764363,-5.54428174596225
"RPL14",0.265351410039586,11.6339014492216,0.611716366601113,0.547288356810435,0.896750005986061,-5.54435073817421
"IGFBP7",0.352913522417309,5.48444544494533,0.611553209166977,0.547394289368298,0.896750005986061,-5.54444240483813
"LGALS1",-0.456261501763616,8.51513161152377,-0.609884986925128,0.548478033208842,0.896868248332833,-5.54537831238831
"TBC1D4",0.0652575339097761,6.91157981464314,0.18679593428689,0.854321915859467,0.973050421011453,-5.54585198168947
"FAP",-0.122338832339409,6.32698434305057,-0.323537411586826,0.750231994929098,0.948684187764363,-5.54588126661229
"MAN2C1",-0.254210987034817,6.11927860650498,-0.275675859839857,0.786323458588947,0.955050851775427,-5.54588582571093
"GLA",-0.278107996055028,8.22179481902143,-0.608260102110632,0.549534715078438,0.896868248332833,-5.54628754358131
"VDAC3",-0.209302257954423,8.03222276019943,-0.607489415075186,0.550036278201135,0.896868248332833,-5.54671797869304
"SERPINB9",-0.203979891594218,9.99943394293025,-0.607375352864481,0.550110530434755,0.896868248332833,-5.54678163879824
"MLH3",-0.339491110236564,7.10203821041688,-0.52627429918327,0.604783966677122,0.910342143310683,-5.54678452930656
"PHF5A",-0.202922340512677,6.18033563480567,-0.475768400148987,0.639660931080832,0.925410249533797,-5.54683534977447
"RAP1A",0.178084976869298,8.79875879621857,0.60600002285058,0.551006259714974,0.896868248332833,-5.54754832925867
"UBXN4",0.215493619450355,6.0516932766255,0.419467491130885,0.679835392228991,0.934616585897064,-5.54772102433665
"PRELP",-0.141463802037801,18.7038463285683,-0.605109789129066,0.551586463977886,0.896868248332833,-5.54804370693085
"RABEP2",-0.180630983882762,6.48461241622654,-0.416792165495507,0.681755882959645,0.935494854302078,-5.54874108771291
"NFIX",0.273772820962959,8.17665869213423,0.603358356896633,0.552728888366946,0.896868248332833,-5.54901626009721
"FPGT",0.270678486231424,6.24392421934597,0.4344690837955,0.669108486088609,0.932848173183756,-5.54904641008885
"PRPF4B",0.124209151081434,6.1400822246601,0.261967202941977,0.796687278304436,0.955868178301721,-5.54923835519249
"LOC100051562",-0.0227702838209721,7.45644453687608,-0.0298201135567521,0.976579082474118,0.993402824894243,-5.54932199137207
"OSTF1",-0.533851949406383,6.71142291479893,-0.554274801040505,0.5855327828372,0.905768419862579,-5.54934421241858
"ERH",-0.244188960706688,8.65156741155335,-0.602328890501983,0.553400969370238,0.896868248332833,-5.54958664684598
"SNAPIN",0.088584345669091,5.44059679613812,0.155187042632355,0.878500459013548,0.975201069240785,-5.55085121803245
"GFPT1",0.297964996416012,10.1230608521867,0.599549665743212,0.555217512391002,0.897267051376712,-5.55112182363482
"GOSR1",-0.0967799414429794,5.51990399378789,-0.151989793509385,0.881219043899647,0.975869254782731,-5.55121898495818
"SPRYD7",-0.136985316012142,6.42577451064287,-0.369081324330829,0.716621059642794,0.94134967014499,-5.55165536192791
"LNPEP",-0.205682914960872,7.7213869097413,-0.464380165072128,0.647649523249465,0.928304503182769,-5.55172430260307
"UBA3",0.149665421234015,5.66968522553477,0.368211239830632,0.71700784959615,0.94134967014499,-5.55212425327656
"TP53I13",-0.096129241172793,6.68488555124109,-0.144916760534449,0.886704544129985,0.976456797587781,-5.5521753110752
"MAP2K4",0.0954132288640656,5.86002278965863,0.144173004409518,0.887281718307373,0.976456797587781,-5.55227323348813
"S1PR2",-0.257394071594059,8.24265988389792,-0.406775844049942,0.688965929492484,0.93740595147824,-5.55250343008258
"TAOK2",0.0586473649207642,5.84475500673453,0.141822655147337,0.888886248572,0.976456797587781,-5.55264588353647
"PLXDC2",-0.241845191422715,7.2229281296951,-0.596175771521062,0.557426932642482,0.897267051376712,-5.55297629469685
"PTPN6",-0.242416186362811,6.11944993230542,-0.364967795474586,0.719633554553068,0.942716787668594,-5.55303325687323
"DCTD",-0.277929770430218,7.10197820350625,-0.546112434879612,0.591026044423166,0.906536935904451,-5.55346378142383
"TPST2",-0.154587970632514,6.66151584761612,-0.294299751726808,0.77231026978359,0.951970009658675,-5.55396378011101
"EIF5A2",-0.365841793793727,6.9742767015455,-0.594118359861516,0.558776494726973,0.897267051376712,-5.55410220965391
"LSM3",0.351577594669485,9.29355730151276,0.560378906178125,0.58144147150211,0.904701034371746,-5.55454489247414
"VAT1",-0.225357514470883,10.3534630417554,-0.593272849960808,0.559331601403403,0.897267051376712,-5.55456382633418
"BTF3",0.191610485838489,5.97620885571856,0.359616204728819,0.723316232589906,0.945044265241533,-5.55497190663638
"COL16A1",-0.336063349180877,9.71988879001226,-0.591753783148707,0.560329642415894,0.897267051376712,-5.55539158839957
"SPCS3",0.316325854481856,7.02950457345802,0.591608909425987,0.560424874129518,0.897267051376712,-5.55547042542356
"GALNT1",0.188438343643136,6.07010707882769,0.288549162946933,0.776413054915309,0.953444361910287,-5.55561854732303
"OAT",-0.245951761264249,9.91149296934663,-0.59125854229572,0.560655220241556,0.897267051376712,-5.5556610104436
"FBLN1",0.455134478426768,9.43956393955957,0.591073360889132,0.560776986165225,0.897267051376712,-5.55576169740675
"MAP2K1",-0.134317069408597,7.10045206845819,-0.232817585256372,0.818528373832648,0.961738511908423,-5.55596008789113
"PCK2",0.219507199130258,7.75713197927593,0.590113487923062,0.561408370112117,0.897267051376712,-5.55628311304033
"LOC100072592",-0.281763589948476,11.9680768907501,-0.590006853495389,0.561478534721445,0.897267051376712,-5.55634098785398
"DEFA7",-0.233888301053091,6.04821902101131,-0.22943531054693,0.82111597654071,0.962498041847365,-5.55666785811157
"EPYC",0.314984711396089,9.12625614946416,0.589256065528855,0.561972676006741,0.897267051376712,-5.55674818544359
"TCN2",0.302303659282222,8.99944278694841,0.589078714121099,0.562089435150763,0.897267051376712,-5.55684430082882
"CTNNA1",0.216729019716892,5.96098535107614,0.539297002695043,0.595632283666521,0.906536935904451,-5.55685825235999
"PDE6D",-0.165455812054973,6.69066470656854,-0.538904404045976,0.595898159332532,0.906536935904451,-5.55705253182318
"AKAP13",0.345065633475616,5.06603103297248,0.392804157991975,0.699074459525929,0.938306925889577,-5.55760170186563
"HARS1",-0.148524949330507,7.35348685484575,-0.587083335102266,0.563403957066527,0.897267051376712,-5.55792377167328
"MAP2K2",-0.181829711587819,7.03678930620525,-0.586642130166335,0.563694829923723,0.897267051376712,-5.55816198030858
"SYNE1",-0.0406676481477129,5.94306605000618,-0.0882959799547976,0.930808682903036,0.985114134342417,-5.55819205972415
"PLCD1",-0.199619861806153,10.07080468438,-0.585449031668818,0.564481791696911,0.897504186224026,-5.55880527487158
"TPRKB",0.229925580309861,5.26369163148995,0.275549365607376,0.786213532708789,0.955050851775427,-5.55895595332048
"UBXN6",0.189714518857166,6.18416579316176,0.275474866915715,0.786269805236511,0.955050851775427,-5.55897464048066
"UBTD1",-0.0296714033918094,6.39893730584569,-0.0719611770062578,0.943524095223762,0.98861983269505,-5.5593947563841
"SUPT5H",0.194828209463036,6.07779030147316,0.533613967216485,0.599486616241984,0.909021666931459,-5.55965716804061
"STAM",0.0147211184787091,5.55920292052393,0.044315350649437,0.965237200841701,0.993402824894243,-5.56085150373929
"CFB",0.466143564822741,9.9073643085393,0.581263123667521,0.567247273681874,0.898654018882424,-5.56105224006309
"RALA",-0.315001920110608,6.40238717374363,-0.581250795569774,0.567255428695863,0.898654018882424,-5.56105883472204
"OTOR",0.0307265075879165,5.8044919686315,0.0340444358951317,0.973290312286138,0.993402824894243,-5.56121858399847
"COPS4",-0.183474371368803,7.77793115339896,-0.580293402789565,0.567888926218137,0.898654018882424,-5.56157055978238
"ITGA10",-0.00790652474638252,6.64842725008871,-0.0179275636362582,0.985905243644663,0.99577314615092,-5.56160172434653
"LOC100052045",-0.227802410492416,12.2664094721609,-0.579245917278191,0.568582453048948,0.899273151419787,-5.56212950663025
"PGM2L1",0.2242591160944,6.77824526623356,0.438944031335715,0.665650398771424,0.932848173183756,-5.56222661036137
"NEK7",0.277054843911081,6.71230188334453,0.527753485677467,0.603473987713262,0.910004888732707,-5.56251338713846
"SLC44A2",-0.452769279822867,7.27217637111217,-0.5277019266093,0.603509124527607,0.910004888732707,-5.56253837977862
"ECM1",0.335877341303811,8.80130330802079,0.576666936893949,0.570291811950861,0.899722058887417,-5.56350151703563
"DMGDH",0.136789404991139,6.07490849871588,0.256289475965801,0.800801140405451,0.957164882565776,-5.56362045410436
"OLA1",-0.207929531175795,8.02194664136415,-0.576051894863136,0.570699852099115,0.899722058887417,-5.56382784480262
"SHOC2",-0.175719853412859,6.07051652436308,-0.524309152960556,0.605823427174824,0.910342143310683,-5.56417778213327
"CRISPLD1",-0.285732445501846,8.70476395135103,-0.57516922861969,0.571285703945658,0.899722058887417,-5.5642955805359
"VPS36",-0.123561308845399,6.88634652252514,-0.430389910954137,0.671751861190522,0.932848173183756,-5.56562863761089
"ATP1A1",-0.309651776148345,10.1748887968896,-0.571133492998998,0.573968245894062,0.900874203515297,-5.56642534164446
"UCHL5",-0.210076523980989,10.931385477717,-0.571115773539455,0.573980038069897,0.900874203515297,-5.56643466071456
"IARS1",-0.200847956906611,6.92660980548164,-0.427391434203676,0.673896179664085,0.932848173183756,-5.56680564748449
"GBA1",-0.237452595141466,7.18423844586067,-0.570332960876451,0.574501117213916,0.900874203515297,-5.56684608106595
"SLC44A1",-0.27560672364554,7.40103424213155,-0.517928593518454,0.610187324636722,0.911790994531614,-5.56723310895764
"CNP",-0.199079194298809,8.39441121755713,-0.568497611172277,0.575723758328999,0.901271767932125,-5.56780854195011
"CDA",-0.0104171390258254,6.55332078622139,-0.0124132047303061,0.990240377037751,0.996605250909104,-5.56783723253657
"DAD1",-0.276681528290291,8.99632537708623,-0.568225582123952,0.575905085996292,0.901271767932125,-5.56795093939308
"NENF",0.0662363564498252,7.64000934826344,0.164570454094795,0.871341911769449,0.974865399141866,-5.5681678528037
"FBXO30",0.0896206801306284,7.50831609676006,0.235044145438795,0.817154287649067,0.961096603986074,-5.56829261293289
"PPP2CB",-0.199776134393863,6.74332318500874,-0.514737247443544,0.612375625915697,0.911987747404565,-5.56874766152596
"DSG1",-0.100185296703639,7.12747726015838,-0.158033639236368,0.876406341576066,0.975059411439341,-5.56913023190834
"TECR",0.119891330790765,7.39320097237826,0.253854847769639,0.802650679279006,0.958220614307802,-5.57083138876332
"FAM114A1",-0.171330771679424,7.3470783819368,-0.562019146021471,0.580049978516657,0.903954261962836,-5.57118188410725
"GGCX",-0.0993806111445838,8.41046476097165,-0.220501216998306,0.828105624160048,0.965790046646339,-5.57139785105903
"PRPSAP2",-0.183449370716342,7.37651904850332,-0.472340462909518,0.642060865572849,0.926168115972895,-5.5714958170077
"DEGS1",-0.227508218865281,6.16647915070127,-0.373652642677136,0.713024864230681,0.940269933992144,-5.57151723479215
"SLC25A12",0.0611132043526298,6.65434445092605,0.140938726624362,0.889482742656077,0.976456797587781,-5.57152179671565
"SRPX",-0.327938703651798,11.6981567191758,-0.561249299325218,0.580565155503525,0.90428342283926,-5.57158025847386
"PNN",-0.182172457647387,5.95814051298603,-0.350905815961146,0.72973015968629,0.946264662245577,-5.57184083464352
"COPS8",-0.285132444823277,7.69294242798028,-0.560354250825143,0.581164405698796,0.904701034371746,-5.57204275725231
"SNRPA",0.265487765502418,7.98602755667188,0.559048206781391,0.582039381055402,0.9051579501515,-5.57271634864476
"F13A1",0.382877222262277,13.7790088110799,0.557300000002064,0.583211612685783,0.905700590749006,-5.57361560480554
"TKFC",0.216843995109956,7.57092521440129,0.557165834187436,0.583301624159696,0.905700590749006,-5.57368450544739
"PTRH2",-0.169848456722126,7.15061432570007,-0.503623154205059,0.62002553855373,0.917491195405981,-5.57395121944809
"SEC31A",-0.146822964039675,8.69522694976159,-0.555439767049377,0.584460256993414,0.905768419862579,-5.57456949247979
"TTLL12",0.219674956896037,11.773096100177,0.554858260420131,0.584850855287574,0.905768419862579,-5.57486704330505
"IGHM",0.477946208237739,9.76565108716574,0.554409843986687,0.585152145706666,0.905768419862579,-5.57509628724207
"CDC37",-0.217798802281429,8.37042981314572,-0.554168233873436,0.585314515295219,0.905768419862579,-5.57521973120028
"CNBP",-0.300318088306229,6.67991473751966,-0.553474295976919,0.585780988173312,0.905768419862579,-5.57557398976793
"PRKAB2",0.271844779759218,5.44433062807613,0.499810062827001,0.622660411268799,0.917491195405981,-5.57571105107406
"SPIN1",-0.287982185126179,6.94002856607586,-0.51716905837889,0.610707797831688,0.911790994531614,-5.57596099128799
"CLU",0.306256356074069,15.5454903409912,0.55191962183866,0.586826729044793,0.906536935904451,-5.5763660981933
"BCKDHA",-0.0449489752085575,5.77415814594161,-0.0953055810066135,0.92525478976243,0.983257813968317,-5.57638715066022
"CRAT",-0.110072212762299,5.74032849789424,-0.285937762611409,0.778378723488218,0.953444361910287,-5.57654949025021
"ITIH4",0.411441450922274,8.09050416603336,0.496043740333368,0.625268083639398,0.918035466609865,-5.57743652696625
"SSH3",-0.162852380960716,5.51119105534807,-0.332631235501119,0.743253089230753,0.946264662245577,-5.57755669542719
"FAU",-0.135264135641997,12.385416045015,-0.353793352944537,0.727601608661462,0.946264662245577,-5.57813545888178
"SH3GL2",0.263998721218817,6.81313687501076,0.51239017033732,0.613987393358975,0.91373224246318,-5.57822725894212
"PLEKHF2",0.178921274928373,5.95416728637858,0.277224582298663,0.784948481208297,0.955050851775427,-5.57879687071953
"ZFR",-0.0372892445740601,5.16334412044456,-0.0582881412965161,0.954240423313403,0.990455356605899,-5.57898552072628
"STAT1",0.226656505145806,9.91333523447276,0.327117272389034,0.747350522095711,0.948684187764363,-5.5792221480454
"CYRIA",0.0337551240645595,7.92089270025533,0.0481385757053498,0.962201196264247,0.993250714394911,-5.57947928970344
"GLYR1",0.23014345793142,7.84855842390586,0.545298310505474,0.591290868883735,0.906536935904451,-5.5797154937424
"LOC100059533",0.19385169090718,11.8096777734475,0.545260446309005,0.59131644531656,0.906536935904451,-5.57973453474347
"A0A3Q2I7C8",-0.247644147824016,7.89283970758162,-0.545224794454167,0.59134052785981,0.906536935904451,-5.57975246203948
"UBE4A",-0.012319875606729,6.02436164128796,-0.0266142707657815,0.979096303361763,0.993794439611479,-5.58021485986144
"CYB5A",0.00336135117437395,6.13716171370815,0.00695349569192786,0.994537864576545,0.998700116505435,-5.58051659463974
"SDHA",-0.158253901447011,6.98332792292774,-0.543661813312164,0.592396784141443,0.906536935904451,-5.58053727994961
"ATP6V1A",-0.210257090599476,8.3479023869735,-0.543459076255612,0.592533861020395,0.906536935904451,-5.58063892007222
"DHDH",0.214545079520546,9.63525188592039,0.5432805021297,0.592654613509398,0.906536935904451,-5.58072841592208
"IGFBP6",-0.269799081818438,8.54849890920416,-0.542964811940404,0.592868114000174,0.906536935904451,-5.58088656036675
"PPP1R2",0.156293412501679,4.77898446558534,0.266129228892047,0.793338581459981,0.955728096814015,-5.58155902100495
"CHI3L1",0.406316528760975,10.7262462575571,0.540950128238516,0.594231529581955,0.906536935904451,-5.58189371354708
"TRIM28",-0.146358513842219,8.64442447639845,-0.540609049362266,0.594462503200306,0.906536935904451,-5.58206386175174
"PPP2R1A",-0.159382029917837,8.52739626662374,-0.540342484284571,0.594643047803996,0.906536935904451,-5.5821967660879
"COL27A1",0.212320166166709,8.02112793952798,0.540108363644911,0.594801639945267,0.906536935904451,-5.58231344181059
"PHB2",0.209196068963979,8.99410111426588,0.539444914952139,0.59525116929034,0.906536935904451,-5.58264380994044
"CPSF6",-0.189192877332267,7.71345592587545,-0.539063226690738,0.595509863095767,0.906536935904451,-5.58283369538821
"TNPO2",-0.223997423162453,6.42331744854796,-0.425386637980387,0.675331481692589,0.932848173183756,-5.58296207684617
"GNE",0.135941326475664,6.48366624405092,0.483166953740323,0.634221567217572,0.923096459135165,-5.58323982201379
"LAG3",0.16540061259362,7.73208763135644,0.257405423287946,0.799953783351549,0.956920991343328,-5.58365230026541
"LOC100034005",0.321544957134807,10.5813495395093,0.537399041429822,0.596638427059131,0.906536935904451,-5.583660084908
"ACADVL",0.13806088447181,6.10510107991295,0.310322292027369,0.759878237162861,0.949065713338355,-5.58412560483852
"OTUD6B",0.0819949591032585,5.59111463788727,0.143477735946861,0.887598875673974,0.976456797587781,-5.58419513160195
"UBB",0.161603175111738,14.8382866020442,0.401370765568401,0.692623156574148,0.938306925889577,-5.58430938873926
"CD47",-0.265092159283295,7.26048091897817,-0.307620800949706,0.762105446046635,0.94984756029098,-5.58476357193039
"UGP2",-0.177883240487436,11.8704067428203,-0.534980235826814,0.59828059526328,0.908568030070575,-5.58485677913978
"TPP2",-0.0648309172765213,6.67372393996691,-0.138147481511904,0.89174604950397,0.976456797587781,-5.58488103863832
"FAM98B",-0.14007817706459,7.2938771058101,-0.478664450542551,0.637365990600854,0.924722789431773,-5.58523391843586
"WDR44",-0.123765111540708,5.71358705971599,-0.13172063021079,0.896846358492925,0.977845453734883,-5.58564639127839
"PCMT1",-0.155422026974743,8.96479455477602,-0.533192150525187,0.599495969922529,0.909021666931459,-5.5857380598045
"DCTN1",-0.18701855251976,7.37050047121548,-0.532170482722294,0.600190943104601,0.909148704549994,-5.5862403164371
"HERC4",-0.0738679153288944,5.65003478233538,-0.120463848867794,0.905527162800507,0.979972102339582,-5.58697106996996
"GNPDA1",0.177441995165383,10.1707296326242,0.530379718764185,0.601410023876659,0.910004888732707,-5.58711840857536
"PTP4A2",0.224277370060022,7.20541720676632,0.434891009264489,0.6682956336116,0.932848173183756,-5.58731857640637
"NAGK",0.238767783435445,7.54055748849156,0.529931871118228,0.601715088016519,0.910004888732707,-5.58733755931268
"ENPP1",-0.276788713782681,10.9040449053169,-0.529781787659744,0.601817338373921,0.910004888732707,-5.58741096127163
"EPS15L1",-0.125606952320391,6.35678952496878,-0.413018571663932,0.68421425652527,0.936038977535515,-5.58773000911924
"MYL12B",-0.228593447941368,9.12230172905041,-0.527934820683521,0.603076346147166,0.910004888732707,-5.58831261254269
"ALDOC",-0.265924414583864,9.84132228542881,-0.527517039274422,0.603361308203514,0.910004888732707,-5.58851614080497
"PDS5B",0.107567806582349,5.11488711892514,0.319583302223443,0.752961550546964,0.948684187764363,-5.58870105516426
"MYH7",0.232293542302613,5.70735839068389,0.100368088728165,0.921298204807412,0.981455854571736,-5.58898394810841
"EPHX1",0.288785027998222,7.95527972575627,0.429970577897836,0.671811903942916,0.932848173183756,-5.58927438018486
"FOLR2",-0.291404392791216,8.36598143219515,-0.525792345851063,0.604538381161071,0.910342143310683,-5.58935469385112
"PSMC6",-0.18322487558205,9.15848963758903,-0.525661569521662,0.604627678777345,0.910342143310683,-5.5894181690594
"RPS5",0.241649756127012,10.1829174927053,0.524598944818128,0.605353502917499,0.910342143310683,-5.58993336905656
"CTBP2",0.280448185319448,9.33527354833201,0.523694058644553,0.60597191395856,0.910342143310683,-5.59037129317441
"CHRAC1",-0.144270841624675,6.85311258916672,-0.287408509936679,0.777080301144619,0.953444361910287,-5.59040353020641
"PSMD4",-0.14142580371239,8.55308387067273,-0.523553420477406,0.6060680551465,0.910342143310683,-5.59043928976277
"B3GNT9",0.213452887130366,7.50261359039145,0.384340485216468,0.704991589249931,0.938980265337057,-5.59045645804476
"RAN",-0.15598585246144,12.0335974299936,-0.522827677219968,0.606564294403724,0.910342143310683,-5.59078989446625
"BZW1",-0.135330387257321,7.18222777411585,-0.522274932186731,0.60694237385612,0.910342143310683,-5.59105660718475
"SNX1",-0.162056136767645,7.80859109644621,-0.522135166283467,0.607037992086738,0.910342143310683,-5.59112400416169
"TOP2B",-0.177804754642666,6.67760252565548,-0.464726286662394,0.647144446017297,0.928304503182769,-5.59129149716714
"RPL18",0.245231778580197,11.5559007543618,0.520375016823648,0.608242782714796,0.911139113079817,-5.59197127127186
"EIF2B5",-0.155128582572725,5.93102287137924,-0.280633148941261,0.782190035120974,0.953983846246807,-5.59216860718197
"GLO1",-0.184050893945192,9.61396007125565,-0.518291210906907,0.609670586270176,0.911790994531614,-5.592970739405
"GYS1",0.0122365785724656,6.86264272481279,0.026783575944989,0.978944065656739,0.993794439611479,-5.59327912932273
"CXCL12",-0.220600106599838,9.14183944494167,-0.516927000502061,0.610606194674784,0.911790994531614,-5.5936229522406
"TMED7",-0.179819242006574,7.83666617678014,-0.516163922802879,0.611129829612113,0.911790994531614,-5.59398704182083
"ADAMTS5",-0.272222480803898,7.95160840333847,-0.514621856078559,0.612188669210039,0.911987747404565,-5.5947212164856
"FARP1",0.183482392055895,7.92976799372615,0.514186285346617,0.612487905651872,0.911987747404565,-5.59492820388847
"DCUN1D1",0.0815429213087813,6.02654558948546,0.20101477285651,0.843070994823339,0.970564868389803,-5.59551228646436
"ALPL",0.199168059421889,5.95141759726325,0.344878865546615,0.733971763216126,0.946264662245577,-5.59602260120386
"SF3B2",-0.227109986687045,6.21709945272971,-0.511463369857018,0.614360114596075,0.91373224246318,-5.59621829581095
"PDXDC1",0.192447195801587,9.3575315217214,0.511142502046505,0.614580913334059,0.91373224246318,-5.59636988113456
"SAE1",-0.196299380984366,7.23203158666054,-0.510471681979882,0.615042645734781,0.913816902372687,-5.59668649296219
"CARS1",0.0538838661143113,6.67939330656758,0.0872136133740592,0.931520169017674,0.985516537278656,-5.59682766388448
"NANS",0.206723924050113,8.28515644913216,0.509924803242686,0.615419189122008,0.913816902372687,-5.59694430798445
"RAE1",0.0826890999838684,6.63019090482269,0.260440756109024,0.797478149942945,0.955868178301721,-5.5971815797489
"COMMD5",-0.129138293779172,6.83652826336552,-0.340244072899083,0.737403559598273,0.946264662245577,-5.59748139891691
"RCN2",0.215537255565097,6.40559589557464,0.448769358986928,0.658420145215892,0.929450349645203,-5.59801180033139
"ZC3HAV1L",-0.180150527939555,7.7282178897659,-0.448748186040389,0.658435163205764,0.929450349645203,-5.59802056492482
"SNED1",0.293049529062112,7.07594794826317,0.507122586429751,0.617350307733955,0.916018536413225,-5.59826113785285
"HSPG2",-0.272967536445182,12.3720624840863,-0.506193021821759,0.617991535868356,0.916512870991206,-5.59869640302245
"PRDX2",-0.24575828515557,10.0971779209588,-0.505481741394813,0.618482399140589,0.916783825332961,-5.59902893250673
"OMD",-0.290912070946492,9.95818467542694,-0.504516760368315,0.619148636312552,0.917314339158288,-5.59947934148555
"RCN1",0.274208698278024,6.68851057647426,0.444711847724358,0.661300844793756,0.930638606083929,-5.59968402950008
"GALNT16",-0.0157534196194583,6.48365736732145,-0.0342720351686125,0.973059179496121,0.993402824894243,-5.59977563578178
"FYTTD1",0.0961386504241323,8.38869472172349,0.171157615062009,0.866119337224626,0.974865399141866,-5.60061660725859
"DNAJB2",-0.185893659755327,5.80193421599929,-0.462170240440915,0.648944872554483,0.928304503182769,-5.60080390357716
"SLC4A1",-0.250377901589165,7.10686873827494,-0.16924917570441,0.867597031201416,0.974865399141866,-5.60091513956235
"NUDT2",0.231553891313613,7.90064710630333,0.461621729025014,0.649331521198489,0.928304503182769,-5.60103796162062
"DPM1",-0.0592126512971967,6.31309848660537,-0.168011459305035,0.868555658214418,0.974865399141866,-5.60110696973816
"PPP2R2A",-0.183401467654761,6.84699463543122,-0.500202700611245,0.622131226963832,0.917491195405981,-5.60148269930508
"PA2G4",-0.129586952488615,9.35115807281259,-0.500144151359155,0.622171751850599,0.917491195405981,-5.60150977310288
"KTN1",-0.194638768282579,6.94584956844736,-0.499788098702013,0.62241822027964,0.917491195405981,-5.60167434918296
"SOD2",-0.340831830201815,11.3100081517253,-0.499779150199828,0.622424415238598,0.917491195405981,-5.60167848392481
"WDR77",-0.172757792336095,8.21546355604281,-0.499648269694263,0.622515025786868,0.917491195405981,-5.60173895028659
"MYO1D",0.159907576276091,8.94237753488278,0.498776498549096,0.623118722565081,0.917503255641806,-5.60214131211284
"RHOG",-0.204678590170157,6.80304704766011,-0.497814382488353,0.623785298244941,0.917784996181355,-5.6025845776744
"TUBB6",-0.181787640358617,8.07670080610378,-0.496813305620048,0.624479217836426,0.918035466609865,-5.60304490810989
"NCL",-0.165637463803318,9.65370008960904,-0.495647993246405,0.625287431244204,0.918035466609865,-5.60357962265121
"SRSF10",0.108649394797731,7.15471036047224,0.231237693637152,0.81988871032061,0.962196809942334,-5.60370121060598
"LOC100065786",0.283043624823754,8.53053426624345,0.495343852266059,0.625498450695192,0.918035466609865,-5.6037189792588
"RPRD1B",-0.257210421780235,7.17434934263123,-0.49485136387962,0.625840219374627,0.918084148244337,-5.60394445939272
"PRG4",0.243704648791618,13.183368113665,0.494292588748104,0.626228093052908,0.918200382864663,-5.60420002346616
"EPS15",-0.188778886240542,6.40422015187426,-0.433133625851429,0.669550612412908,0.932848173183756,-5.60437405775224
"RAP1B",-0.221935296954347,9.36554604459311,-0.491717126466374,0.628017282679983,0.919464279514247,-5.60537431138077
"TSPAN6",0.359823387295996,6.51207399708069,0.43062443860784,0.671344189882792,0.932848173183756,-5.60537449113298
"PSMF1",-0.10929347530936,7.99388715837398,-0.312456649396878,0.75809501603996,0.948684187764363,-5.60581878917351
"HM13",-0.184673349070724,6.85155414129649,-0.361633684059664,0.721614094073309,0.943836267726421,-5.60605957096032
"CCDC22",-0.126201090803146,6.26314328870743,-0.361439132002578,0.72175714590844,0.943836267726421,-5.60612442454467
"UBE2V2",-0.097312559163713,7.9395950879738,-0.252090213976166,0.803825658368825,0.958650022281972,-5.60643156749548
"BLVRA",0.185429088965075,8.20242470933101,0.489199645286913,0.629768462042056,0.920953915894132,-5.60651638276169
"CARHSP1",-0.159007528647257,7.60284857265745,-0.216294004412288,0.831189504512362,0.967444748014193,-5.60684786130097
"DMAC2L",-0.0698410150075422,7.02985300231055,-0.124634786721704,0.902193251179286,0.978856645608452,-5.60696484321713
"RNPEP",0.141020777843454,7.31155582001648,0.426520344989601,0.674282156983879,0.932848173183756,-5.6069985525232
"ISOC1",-0.181875211282919,9.71761797288606,-0.4880303931136,0.630582563588688,0.920953915894132,-5.60704487754828
"PPP3R1",-0.158132680830397,6.94539514098801,-0.381937101558275,0.706533936642986,0.938980265337057,-5.60721947361227
"LAMA5",-0.157173776025079,6.5360613589394,-0.248513471651619,0.806548781207276,0.958650022281972,-5.60725540386331
"RNMT",0.195260879455799,6.70068378916102,0.487261024194159,0.631118505715394,0.921284374142932,-5.60739195481432
"NHLRC2",0.154601643980318,7.57806495949442,0.486267462205069,0.631810928617856,0.921842821303639,-5.60783937975643
"EIF3H",0.191559213344537,7.52636443640814,0.485238375651201,0.632528474381224,0.9220671251476,-5.60830186313594
"RAC1",-0.164590621404252,10.4677611445245,-0.484107492234659,0.633317427692723,0.922231692308297,-5.60880899292682
"FUCA1",-0.188694591375861,9.18741159361998,-0.480911801572772,0.635549297199488,0.924557305408416,-5.610235817403
"PSMD8",-0.183859827465161,7.83139463970366,-0.480486200488122,0.635846805669115,0.924557305408416,-5.6104251455945
"SRSF5",0.129072460376569,7.02063806766636,0.372237166713514,0.713833520782813,0.94050253513236,-5.61044245432914
"CPB2",0.313563858152137,7.98427305269297,0.416648738078306,0.681370727715274,0.935430509899834,-5.61084248018681
"AP1M1",-0.0308965203186613,6.37078553904901,-0.0816799566181201,0.9358546124726,0.987397905833767,-5.61102030460437
"GALNT2",-0.175250126987027,5.63041836093652,-0.478653011672246,0.637128982116766,0.924722789431773,-5.61123876765913
"BZW2",0.141685279344961,6.12304272785403,0.292894812990656,0.772775654899395,0.951970009658675,-5.61126716477086
"PDXK",0.213682533118012,8.22703094783503,0.477657720796446,0.63782560131563,0.924722789431773,-5.61167923487936
"LTF",0.365129218032559,5.44733781133951,0.413222917234425,0.683837868015028,0.936038977535515,-5.6121558344554
"VARS1",0.113837686843899,7.39458465606703,0.412742988743103,0.684183784620622,0.936038977535515,-5.61233897467863
"PRPF38A",0.0279544018125206,6.57626047149403,0.0600049001869607,0.952851074971049,0.990126422647178,-5.61243377137644
"SCARB2",-0.223900348589793,7.46354312384535,-0.36630902534156,0.717978958052865,0.941418625475567,-5.61260780488763
"PLEKHA5",-0.160966812258186,6.71948838794984,-0.475254433054915,0.639509113159345,0.925410249533797,-5.61273912261964
"NEBL",0.0296588838309248,5.92174691442194,0.0518184300931657,0.959277029727617,0.992298040138964,-5.6128551655624
"ADISSP",0.022785924572983,6.32601220614616,0.0426626567950517,0.966467235246855,0.993402824894243,-5.61325338736667
"PABPN1",0.0119182505161504,6.82833095147484,0.0356758559343268,0.971956139293909,0.993402824894243,-5.61350536337311
"ABCF3",-0.0110071857906466,6.59904493262523,-0.0299822209978935,0.976430202841574,0.993402824894243,-5.61367746959381
"RACK1",-0.168089962609802,10.9211191994869,-0.472257631896788,0.641611176102856,0.926168115972895,-5.61405344519276
"EXTL2",-0.0715934969166413,7.62747878680249,-0.174191740512403,0.863657833720464,0.974865399141866,-5.61440752471714
"COL11A1",-0.291001200507996,11.5957724634493,-0.471092480534819,0.642429288711001,0.926168115972895,-5.61456225927859
"CHID1",0.164402808312201,7.6686569734927,0.471028534499044,0.642474201993659,0.926168115972895,-5.61459014855938
"FGA",-0.341259352930202,11.6640167972321,-0.470689230255846,0.642712539950563,0.926168115972895,-5.61473807007576
"RAB18",-0.193173838104224,7.8150958015972,-0.470120763705255,0.643111937141668,0.926168115972895,-5.61498566275834
"RAB1B",0.169420674817918,10.3068796753369,0.46905810948654,0.64385884087289,0.926168115972895,-5.61544771236623
"SMC1A",-0.136106534570472,7.8377496984394,-0.469048861286902,0.643865342815353,0.926168115972895,-5.61545172906512
"PPP5C",0.169651312135877,7.07415112552011,0.469043904541175,0.643868827665171,0.926168115972895,-5.61545388185824
"FKBP5",-0.162686785877009,6.57414847272697,-0.332002252082394,0.743520106975319,0.946264662245577,-5.61554068481465
"C9",-0.271170467645864,8.5345180787795,-0.424902820766027,0.675441555809622,0.932848173183756,-5.61608804037432
"KLC1",-0.0611025472202213,6.65010027801059,-0.161720513294431,0.873326363875357,0.974865399141866,-5.61633507886413
"STAT5A",0.117184424035135,7.08504466773461,0.399354403393416,0.69386234935239,0.938306925889577,-5.61736382138102
"PHKB",-0.131199566698348,6.57859881209074,-0.268755931458874,0.791012516687444,0.955057726114101,-5.61750964594411
"LOC100050355",-0.231303807997585,7.97601710965985,-0.464121246490866,0.647333847625214,0.928304503182769,-5.61758089469648
"GNAS",-0.243953985735112,10.5462815660006,-0.462034566237795,0.648805129507152,0.928304503182769,-5.6184759003712
"SRP54",0.119763043778197,8.24795561992245,0.461931297447279,0.648877980794671,0.928304503182769,-5.61852009136901
"ADRM1",0.132265707187793,8.25270490114571,0.460581194912865,0.649830746144577,0.928304503182769,-5.61909694148535
"CHMP3",0.150754797418878,9.04433396808008,0.46038511613978,0.649969169791498,0.928304503182769,-5.61918058156749
"INPP1",0.0636699172927873,6.82171031571511,0.13847679821205,0.891400169560779,0.976456797587781,-5.61954678193258
"YWHAG",-0.140373633691233,9.14381473315118,-0.459283327416844,0.650747228763626,0.928495736953561,-5.61964991690482
"CIRBP",-0.1911341284617,8.32572809302881,-0.459270316873926,0.650756418964655,0.928495736953561,-5.61965545251121
"MDH1",0.16551856892132,12.8223745900728,0.458383746294783,0.651382796109256,0.928495736953561,-5.62003230111824
"SLC14A1",-0.339474547464565,7.81974461009377,-0.390492853219731,0.700298156261395,0.938306925889577,-5.62060010703477
"ANKH",-0.196393018753446,7.58116217501725,-0.34134040893926,0.736591271888955,0.946264662245577,-5.62063032782894
"P3H1",-0.14697640269368,6.34348639775579,-0.390285033849541,0.700449368267323,0.938306925889577,-5.62067514712472
"TRIM47",0.147772346803001,7.77196796997551,0.456855376448753,0.652463235136606,0.928495736953561,-5.62068028275983
"RNPS1",-0.170137607366939,8.69054830734468,-0.389689247717865,0.700882940625084,0.938306925889577,-5.6208900578057
"CD55",-0.186618637897125,9.03031880198708,-0.456344123871975,0.652824825912133,0.928495736953561,-5.62089656555404
"LIMCH1",0.259855340908325,6.47555636717583,0.455792821991808,0.653214840206844,0.928495736953561,-5.62112952552384
"NAA50",0.0376290228035512,7.2886547308757,0.125154777686596,0.901787428041643,0.978856645608452,-5.62116386716013
"PAFAH1B1",-0.131845421302915,9.04672758760591,-0.455224968477831,0.653616670126975,0.928495736953561,-5.62136919157044
"RPL24",0.210351753009156,10.77786475884,0.455139915833301,0.653676865172712,0.928495736953561,-5.62140506338883
"CAP1",-0.16390086560286,8.24216415620874,-0.45447229303602,0.654149451576774,0.928495736953561,-5.62168641231912
"THYN1",-0.143796680837453,9.09577885591445,-0.454099133176074,0.654413662982127,0.928495736953561,-5.62184349291671
"BOC",0.197817171885028,7.19609331177568,0.386933608209101,0.70288966908517,0.938980265337057,-5.62187986613815
"AP1S2",0.122394255353775,6.79429751605485,0.250182474054336,0.80512999097179,0.958650022281972,-5.62195062085766
"MATN3",-0.752944519790655,9.86221218974195,-0.453722204599402,0.654680589938712,0.928495736953561,-5.62200203177146
"SPAG9",0.131908506452531,6.95194990146975,0.386500355336927,0.703205378419416,0.938980265337057,-5.6220348594221
"HTRA4",0.235924668769044,11.3987518197167,0.453575410861266,0.654784556681873,0.928495736953561,-5.6220637394133
"LPAR1",-0.258896930801133,8.8093948608474,-0.45091464347637,0.656670289688344,0.929450349645203,-5.62317885818675
"HNRNPH2",0.210740186857067,8.06269823779882,0.305747698014489,0.763119615799186,0.950178377715034,-5.62327289584022
"ECM2",0.273523952137883,9.01599543333671,0.450583648479234,0.656905036200774,0.929450349645203,-5.62331712800939
"CCDC6",-0.0422695829222701,5.50473275745387,-0.0996235231868483,0.921743750478464,0.981455854571736,-5.62380699088255
"PTTG1IP",-0.0873667618333982,7.18539243063489,-0.160274091666635,0.874449087578109,0.974865399141866,-5.62387160098777
"RPL6",0.184134044104406,12.0347641150818,0.448215575176228,0.658585567029643,0.929450349645203,-5.62430346743631
"PSMA5",-0.186659578884116,8.80428577992783,-0.447625265811296,0.659004775612133,0.929450349645203,-5.62454854818647
"CHP1",0.132806952712046,7.43429968381141,0.379142059759,0.708575707047345,0.939115148990855,-5.6246411505705
"KARS1",0.156152247721348,8.38040373159421,0.446960651096431,0.659476889761157,0.929450349645203,-5.62482410008534
"TTC38",-0.180575255355465,8.50776000903963,-0.44670704975976,0.659657075788077,0.929450349645203,-5.62492913853513
"EIF1B",-0.151240183245545,7.37910978718569,-0.29961428019106,0.7677226373663,0.950178377715034,-5.62498853583314
"SOX5",0.0319935480082831,6.43313073354061,0.0810634342379998,0.936285543649431,0.987397905833767,-5.62535196515301
"PTPN23",0.0420370215841825,6.51567526555416,0.0768579472490755,0.939583932983563,0.98861983269505,-5.62565796849847
"H1-5",0.342093576036009,11.4354300313587,0.444650114540328,0.661119328641611,0.930638606083929,-5.62577893793723
"AHCYL1",0.14024473529852,7.33775547868611,0.44340439906505,0.662005569684902,0.93088469628815,-5.62629172356623
"CDC42",-0.181998585570811,9.4454869008597,-0.443269574739037,0.662101518435538,0.93088469628815,-5.62634713807274
"IGFBP2",-0.0710886674923052,7.66210810911893,-0.139637220478331,0.890496309758321,0.976456797587781,-5.62672643068143
"CBX5",-0.128286906531506,6.11526622499847,-0.318923224383466,0.753262367402993,0.948684187764363,-5.62747723919025
"PTPN11",-0.0183763073355021,6.96916286526633,-0.0425228025317699,0.966549816525791,0.993402824894243,-5.62754685914429
"TXNIP",0.0183173743295028,6.92072279683151,0.0367210871290232,0.971111348452827,0.993402824894243,-5.6277587527005
"SSR1",-0.214824506220127,9.10059720765851,-0.439700702969752,0.664643492565491,0.932848173183756,-5.62780798714094
"SLC16A3",-0.016254310860255,7.6278331519212,-0.0201366591624905,0.98415576805197,0.995630872443066,-5.62819336772358
"CCNY",-0.00619896824793575,5.95185575401124,-0.0106869016089981,0.991590738918797,0.997108148247646,-5.62832762407324
"WNK3",-0.00269935572314461,5.82923311426029,-0.00497627951702397,0.996084225935623,0.998700116505435,-5.62836885280008
"NDRG3",-0.00269644135304548,6.06352694850935,-0.00463649994844414,0.99635159226536,0.998700116505435,-5.62837035831142
"GGPS1",-0.00255517119551252,5.91461479856731,-0.00426130551222646,0.996646826422091,0.998700116505435,-5.62837189709371
"ITM2C",0.160904607441491,6.30140762394264,0.220406678344886,0.827904182715487,0.965790046646339,-5.62841128291263
"GPX4",0.164680768940339,8.03947459846854,0.437658632301305,0.66609984894178,0.932848173183756,-5.62863866495098
"PRKCSH",-0.198556883347021,7.79701438755394,-0.43758219186267,0.66615439072955,0.932848173183756,-5.62866968597595
"A0A3Q2I744",0.279417045520228,12.56492578746,0.436492660634712,0.666931998897264,0.932848173183756,-5.62911126177918
"SNRPD2",-0.223705391661691,9.45439683725529,-0.435184083891075,0.667866449332931,0.932848173183756,-5.62964018829816
"GMPR",-0.301755293016471,5.97133570674185,-0.434040582338396,0.668683472628119,0.932848173183756,-5.63010111692677
"PPME1",-0.16946876373696,6.59755704018787,-0.431623105428608,0.670412127010344,0.932848173183756,-5.63107165239398
"UBE2D3",0.0855423914833682,9.22544401421161,0.205667738648583,0.839236859106989,0.970564868389803,-5.63130851071109
"EFEMP1",0.345420303621636,7.69034243876162,0.430650351016489,0.671108239361866,0.932848173183756,-5.63146068082145
"EEF1E1",0.115344187248702,7.30105867630872,0.241604060037376,0.811673924884338,0.960134983621499,-5.63162449317862
"CCT3",-0.124530959815214,9.45206388450496,-0.429154242111049,0.672179460156531,0.932848173183756,-5.6320573315495
"CSE1L",0.117969400459772,7.37248204685898,0.42904458736221,0.672258001583621,0.932848173183756,-5.63210098194877
"LOXL3",-0.212772081547458,9.21523869292394,-0.427328843337013,0.673487421500574,0.932848173183756,-5.63278254535654
"LOC100147109",0.230648004174912,8.43002467759567,0.29886146860435,0.768127394421733,0.950178377715034,-5.63331324096983
"MRPS16",-0.109966399944572,5.87270143917343,-0.193657711706443,0.848498124420161,0.970564868389803,-5.63352182687417
"ABRAXAS2",0.0817239617037807,5.98587068436236,0.193166711494026,0.848877239512695,0.970564868389803,-5.63360949299226
"TCERG1",-0.166944576668801,7.19813749649036,-0.297282944388831,0.769474599098655,0.950899823408801,-5.63365088794549
"UBA2",0.142119062467907,7.65609954279761,0.424255251964493,0.675692149304486,0.932848173183756,-5.63399680230674
"TOMM34",-0.182817672662585,8.7158355195128,-0.424206705926615,0.675726996037309,0.932848173183756,-5.63401591197914
"COPS3",0.154385356394945,6.43125867978914,0.350489803891484,0.729633752411048,0.946264662245577,-5.63431948201363
"DPT",-0.318983516071249,7.20493032937771,-0.422853030910456,0.676698974684917,0.933137788199748,-5.63454790875502
"THY1",-0.187697987778888,9.58716070426939,-0.422412290968789,0.677015563806127,0.933137788199748,-5.63472076028924
"ADSS1",0.265868298062272,9.37183895435158,0.422167504588527,0.677191423436388,0.933137788199748,-5.63481668539462
"LOC100066438",-0.0375246279674833,8.21666066624386,-0.0433839388542517,0.965872855311783,0.993402824894243,-5.63485816069414
"ACSL3",-0.0881920864128929,6.31857567562996,-0.185264690061114,0.854983745304585,0.973431550815591,-5.63498988435833
"ARPC1A",-0.133843729477466,7.85591249415038,-0.4215524136583,0.677633400864636,0.933314522024209,-5.63505748191264
"DDX23",0.195746145770772,8.0382954753241,0.419852119055043,0.678855777218304,0.934235162061189,-5.63572132236498
"TNPO1",0.180945914791773,7.0194563601763,0.419312489181655,0.679243917828017,0.934235162061189,-5.63593145775268
"FIBIN",-0.134671420470182,5.75825180486271,-0.178722203241645,0.860150909695823,0.974865399141866,-5.63604914356878
"TMEM33",-0.203800370744729,6.77459073856616,-0.343267230015662,0.734977621732208,0.946264662245577,-5.63664087178428
"ARF2",-0.142613825406265,9.56571821339242,-0.416849489141007,0.681016641908974,0.935376043249861,-5.63688719692011
"ATP5IF1",-0.298961649957548,6.77073532430348,-0.41430085091803,0.682852995134024,0.936038977535515,-5.63787034677653
"MTA2",0.0716307633506387,6.4318689177115,0.167329541174503,0.868975232260421,0.974865399141866,-5.63787452440523
"RABGGTA",-0.0695308960363504,6.92765829930102,-0.166784590223078,0.869397784561172,0.974865399141866,-5.63795883752398
"PRPF8",0.053330516753064,5.90304365316899,0.166692706224459,0.869372084528641,0.974865399141866,-5.63800807775037
"EPN1",0.354555906231607,6.54590710631814,0.337533784305403,0.739229580001594,0.946264662245577,-5.63844967586084
"DDX39B",-0.143478609287585,9.79531963667226,-0.412730962006996,0.683985140638505,0.936038977535515,-5.63847299216676
"EIF2A",-0.136223922340804,7.97067120942804,-0.412251563387261,0.684331017189831,0.936038977535515,-5.63865657473757
"NUP43",-0.107778130495407,5.21747748196039,-0.160181181836948,0.874428143178069,0.974865399141866,-5.63899112042884
"DERA",-0.106069335966982,6.71490419239602,-0.157057214776574,0.87685581870958,0.97519478903215,-5.6394488843509
"SNX3",-0.184167183699001,7.58590699261858,-0.409719290157007,0.686159179014278,0.93740595147824,-5.63962281471838
"NELFE",0.0709958633247889,6.48452621507181,0.154981611148174,0.878469491374713,0.975201069240785,-5.6397480580321
"PLPBP",-0.152219760229594,8.06023844493429,-0.333295923704389,0.742377937606068,0.946264662245577,-5.63976731213597
"CYCS",-0.118728393625837,7.45617780472476,-0.152232660155704,0.880695845354384,0.975869254782731,-5.64010885893409
"LZTFL1",0.0553940437690088,6.96069763604004,0.151342250589814,0.881300216000392,0.975869254782731,-5.64026304801926
"COPS5",-0.122959947809563,6.99279958908856,-0.40738046330591,0.68784943552142,0.93740595147824,-5.64051004523976
"CASK",0.135508947447474,7.36858166126016,0.406625900072187,0.688395111651257,0.93740595147824,-5.64079522284513
"HHIPL2",0.200534120529384,12.666431930387,0.406403515536791,0.688555966293223,0.93740595147824,-5.64087917113265
"YWHAE",-0.136311711672761,10.4830313490898,-0.40564398978907,0.68910545851344,0.93740595147824,-5.64116554539778
"LAMA4",0.207883718561421,9.52298527551809,0.405369633884183,0.689303989388349,0.93740595147824,-5.64126886007806
"OTUB1",-0.174489259777696,6.99350451659196,-0.404892535101866,0.689649284793507,0.93740595147824,-5.64144835838516
"GNA11",-0.15296112099711,9.29828032203791,-0.404764827523929,0.689741723625502,0.93740595147824,-5.64149637040587
"HTRA1",-0.183869550451596,12.0015124180423,-0.404012316888668,0.690286515730126,0.937717983697318,-5.64177897657596
"DPP7",-0.214523576828319,5.66932685175959,-0.265823133204172,0.793236923298091,0.955728096814015,-5.6418599456496
"EHD2",0.131244216042963,11.2308431133752,0.403462283089863,0.690684830441524,0.937760891965654,-5.64198521535171
"RO60",0.165079096641391,6.64977042784243,0.403098210230945,0.690948529475198,0.937760891965654,-5.64212157494523
"PPP1CA",-0.135291661375283,7.11739179831478,-0.402401112924264,0.691453551331729,0.938018383589555,-5.64238232759961
"PDIA6",-0.135230144152782,10.2784810649882,-0.401856210862744,0.691848415800103,0.938126270285008,-5.64258584192071
"EIF4E",-0.0921135373128877,7.2677566305949,-0.323931991676712,0.749350918642245,0.948684187764363,-5.64262042424296
"CUL3",0.139907108630371,6.39933176574275,0.400278710791502,0.692992061172127,0.938306925889577,-5.64317349044187
"AP5Z1",-0.180659432358004,9.62351173585479,-0.399772521081749,0.69335919445463,0.938306925889577,-5.64336157403158
"A0A3Q2I8J7",-0.237046084319788,6.2386234068545,-0.348723971089999,0.730938971948212,0.946264662245577,-5.64340406205733
"AIMP2",-0.139586318066544,7.81692705512978,-0.399101972344731,0.693845654287645,0.938306925889577,-5.6436103677297
"PRPF38B",0.123526576077521,8.43882054312056,0.398838963576294,0.694036494992082,0.938306925889577,-5.64370783973648
"LOC111767503",-0.158444869730777,7.44503452661614,-0.319679970770485,0.752524583440558,0.948684187764363,-5.64388945110771
"TGFB1",-0.151956591563237,7.04660414839519,-0.319572446324385,0.752604897269479,0.948684187764363,-5.64392132716461
"PRPF31",0.162831765520846,7.11735699437198,0.397767437386635,0.694814215709291,0.938306925889577,-5.64410429810313
"DCTN5",0.282807862113641,5.96030785413067,0.317932635540721,0.753830086944962,0.948684187764363,-5.64440614185127
"DEK",0.187172258157306,9.75061074317106,0.395782801547972,0.696255587370927,0.938306925889577,-5.64483583094541
"FAM151B",0.0438221719754564,6.25064949624294,0.113932865204341,0.910485678480935,0.98089394540695,-5.64484880656553
"PYM1",0.0519928810416042,6.04804299350112,0.111366509955249,0.91249314577714,0.981455854571736,-5.6451160734998
"ANXA1",-0.142035289980139,13.3656752210423,-0.394336115066036,0.697307007657921,0.938306925889577,-5.64536680867903
"SRP68",0.11702916146779,7.19520500229487,0.393250547587611,0.698096384359568,0.938306925889577,-5.64576398860135
"S100A6",0.175608454310228,11.7865285281596,0.393010031366697,0.698271324589315,0.938306925889577,-5.64585184124525
"RAB6A",0.115752258569383,8.24320441885044,0.392447678276441,0.698680420976134,0.938306925889577,-5.64605704392002
"NUDT21",-0.124571550673996,8.01279360077267,-0.392338780875353,0.698759651692812,0.938306925889577,-5.64609674717618
"ADSS2",-0.209938795378413,7.07819957016643,-0.391202311930626,0.699586724784497,0.938306925889577,-5.64651044910003
"DAP",-0.0565788434319727,6.6183856169368,-0.0962879731123635,0.924355210028763,0.983257813968317,-5.64655173458158
"GALNS",-0.162113614426465,7.85087548226615,-0.390869181630955,0.699829235188322,0.938306925889577,-5.64663149270504
"CAPN2",0.186198521296012,8.8197302821163,0.390451572339056,0.700133290544902,0.938306925889577,-5.64678308859764
"CYB5R3",-0.18308550263557,7.60191232941498,-0.390173790549742,0.700335568057221,0.938306925889577,-5.64688383754475
"DDX19A",-0.089194697292264,7.84107355309011,-0.309408491560231,0.760209611726152,0.949065713338355,-5.64688658733843
"FHL1",0.179294666312866,8.42323271741802,0.390017831299198,0.700449145790503,0.938306925889577,-5.64694037162785
"IPO7",0.0972273717500409,6.84889869994815,0.308098430133503,0.761191641909923,0.949774884562747,-5.64726189080666
"TXNDC5",-0.269172197392827,7.50689691237924,-0.389085639302088,0.701128166807573,0.938306925889577,-5.64727782056789
"FAM162A",-0.0319832505803032,8.11790865042537,-0.0788262614107135,0.937994648926479,0.98849949718607,-5.64797741674219
"DYNLL2",0.169602551214128,7.43940621702739,0.385914941857888,0.703439659602422,0.938980265337057,-5.64841964817549
"LOC102150222",-0.0996310123834685,9.50980916071716,-0.385579348614132,0.703684485472086,0.938980265337057,-5.64853996336998
"DDX3X",-0.115986616818156,9.08890728629011,-0.385137831678182,0.70400663621825,0.938980265337057,-5.64869809682644
"DNAJC11",-0.0331552797552913,5.50237121043202,-0.0665938157262776,0.947600451177561,0.988921301864059,-5.64880002817911
"FTL",-0.142280455283977,9.03506730534977,-0.384288264486245,0.704626679193063,0.938980265337057,-5.64900187550523
"PRKCD",-0.0355599204006933,7.40628268323431,-0.0587039598907011,0.953834351919376,0.990455356605899,-5.64925281294691
"RBM3",0.371098420698786,8.18188156729358,0.382824687871504,0.705695340831158,0.938980265337057,-5.64952365570591
"FBXL8",0.0180574242639299,7.0088151428518,0.050624270953445,0.960182152968934,0.992855855021033,-5.6496624908585
"HNRNPAB",-0.15056520952934,9.15818887730561,-0.381418075467569,0.706722996054816,0.938980265337057,-5.65002328000912
"RAB2A",-0.15700295164189,9.67791150506458,-0.381225646834236,0.706863626908652,0.938980265337057,-5.65009148922369
"COL14A1",-0.270468962520224,7.73245243684287,-0.381043291808862,0.706996905665549,0.938980265337057,-5.65015609641459
"ASPN",0.252168942881839,10.080080490426,0.380438662736378,0.707438882947917,0.939115148990855,-5.65037009472707
"ARRB1",0.0084896898860694,6.04197726978789,0.0242339582825082,0.980918565799202,0.994626016786853,-5.65057954571479
"LSM2",-0.0957218565333588,7.54219105309493,-0.227413763727353,0.82252986312315,0.963155346017691,-5.65064825315466
"SUN1",-0.00635923280224431,6.48993806087435,-0.0175033181678439,0.986217485852424,0.99577314615092,-5.65070949157456
"CRTAP",0.0061766680828268,6.88543551134822,0.0172700291806236,0.986401163598912,0.99577314615092,-5.65071324412388
"GNB2",-0.133180169260453,9.20034163867541,-0.378878437575761,0.708579878949218,0.939115148990855,-5.65092076400823
"LZIC",0.0908630597271518,7.15448253378061,0.182432288864231,0.857174870349955,0.97428393159234,-5.65113567686951
"TMSB4",-0.257001518892227,8.48523403552663,-0.378249151350157,0.709040276119833,0.939115148990855,-5.65114223485073
"TMED9",0.103576026066909,8.35694106127372,0.224661862921622,0.824639469200709,0.964414584668777,-5.6512257011502
"PDGFRL",0.2114867871456,9.79835949820612,0.377913691586719,0.709285751152898,0.939115148990855,-5.65126014829429
"CZIB",-0.115202142256971,7.11784907931251,-0.292908823739943,0.772607708848373,0.951970009658675,-5.65149826886106
"DDB1",-0.115921028432899,8.14569579170697,-0.376102540747286,0.710611632256841,0.940040206298639,-5.65189498388157
"SRPRA",0.125459423103702,7.13253522597191,0.375548585959237,0.71101735139138,0.940055261287059,-5.65208855333472
"ASAP2",-0.0979609592722945,10.4077884801278,-0.375187105249442,0.711282148960393,0.940055261287059,-5.65221471464545
"EIF3F",-0.132561866333684,9.28920933390834,-0.374261185403156,0.711960588818575,0.940269933992144,-5.65253732628679
"EPS8",0.14074321960476,7.24311586049901,0.216989255452516,0.830413782107611,0.966920157248588,-5.65285194292318
"EPB41L1",0.140274446857025,8.10121677179602,0.37292766289686,0.712938117110605,0.940269933992144,-5.65300057572595
"ARL8B",-0.172020743457131,7.6174807178531,-0.372903817905983,0.712955601105389,0.940269933992144,-5.65300884435604
"LOC100067491",0.159950085523503,8.09529810414653,0.28604554008454,0.777783560736397,0.953444361910287,-5.65334286876985
"MAGED2",0.0688687095492819,8.19041965678088,0.168595675444441,0.867895548717457,0.974865399141866,-5.65338797923958
"FKBP11",-0.0892561875244221,7.02987580918544,-0.163367707083944,0.871953168286494,0.974865399141866,-5.65419291703682
"PRMT5",-0.162367223103332,8.14501216753256,-0.368949868095745,0.715857008769327,0.94134967014499,-5.65437273211411
"MAT2B",-0.144470068040096,8.2845737546697,-0.367924719409823,0.716609984034029,0.94134967014499,-5.65472401061292
"SLC16A1",-0.181355525093352,6.12972516332534,-0.367424384770584,0.716977588974171,0.94134967014499,-5.65489510589415
"RASA3",0.114320371348165,6.66861411540181,0.279900108106202,0.782427087341919,0.953983846246807,-5.65495775747624
"TOLLIP",-0.139175319152339,6.59514197645672,-0.36490718180438,0.718828089315818,0.942076460667207,-5.65575241021
"PRKRA",-0.201115181344247,5.32773513924575,-0.274427230512943,0.786569471597554,0.955050851775427,-5.65636664317676
"STXBP6",-0.182688093793942,7.27623222736306,-0.362319720378814,0.720732084572999,0.943740295600648,-5.65662758575074
"LCP1",0.220977103817302,7.53284191056687,0.272103417358748,0.788330326876274,0.955050851775427,-5.65695651981067
"LOC100071548",-0.180671135936592,7.14568200260215,-0.359454679753359,0.722842506380972,0.94484027086265,-5.65758948258542
"MYO1C",-0.122772530437786,10.3601661431318,-0.358283516160759,0.723705851738145,0.945138239210263,-5.6579805151394
"U2AF2",0.180830544160114,7.9675627524565,0.357464287520828,0.724309985921614,0.94551215801527,-5.65825329396912
"SGK3",-0.0537234349864726,6.56486397937647,-0.133536706039867,0.895172430309609,0.977071615544553,-5.65830213051816
"PTPA",0.154175271504906,8.66383896102544,0.357010399167411,0.724644781917964,0.945534309739448,-5.65840416009825
"KHDRBS1",-0.116449299783638,8.05804922517734,-0.355173443522198,0.726000328931903,0.946264662245577,-5.65901280670465
"SFRP4",0.141103744204662,6.21166069667171,0.183463930724949,0.856376660963902,0.97428393159234,-5.65903420932948
"AGK",-0.0425424988251688,7.30398828818785,-0.127222519158132,0.900100358861698,0.97872754664238,-5.65906625700597
"LANCL2",-0.0936652588216696,7.33990102450034,-0.260981028902009,0.796774223476335,0.955868178301721,-5.65971091402833
"STK10",0.174574315359829,9.74894253227759,0.351236610949695,0.728908538504897,0.946264662245577,-5.66030677823062
"RALB",-0.156241098602921,8.39207466825333,-0.351190352345783,0.728942735566003,0.946264662245577,-5.66032189804925
"RPS25",0.154203485969838,13.1605990158064,0.351118862748752,0.728995585988516,0.946264662245577,-5.66034526085736
"LUC7L3",0.108377077750123,6.1672460888515,0.257101145273434,0.799725848767533,0.956920991343328,-5.66064490966164
"PSMB2",0.118293008138638,8.2309903800004,0.349534573722663,0.730167164315574,0.946264662245577,-5.66086180172413
"SAMM50",0.0512954623994157,7.06182769535652,0.109087969535673,0.914275983416696,0.981455854571736,-5.66105543462849
"SERPINF1",-0.156082997735798,11.3314515794301,-0.347666550562338,0.731549431562649,0.946264662245577,-5.66146788845872
"BAG1",-0.129456994775054,5.890238226375,-0.346998243161571,0.732044181442127,0.946264662245577,-5.66168394433796
"TRA2A",0.0979986777359835,6.94255772227742,0.251501893557793,0.803990908662217,0.958650022281972,-5.66196832104295
"CPNE1",0.116853011816521,9.23731460016278,0.346057053550146,0.732741149449239,0.946264662245577,-5.66198752369452
"CDC5L",0.160496690466275,7.15444132291405,0.34570551691959,0.733001529404554,0.946264662245577,-5.66210070248577
"ASRGL1",-0.133368070243758,7.56747862067657,-0.345679051831422,0.733021133187038,0.946264662245577,-5.66210921844172
"SUCLG1",-0.209044132484998,5.70584395222031,-0.248656046820816,0.806161065415222,0.958650022281972,-5.66262986083494
"DIPK2A",0.110009776532684,6.94442653950102,0.248552706501498,0.806239899980924,0.958650022281972,-5.66265374244493
"DYNC1H1",-0.118052939336642,7.26357005176478,-0.343354462215434,0.73474378007945,0.946264662245577,-5.6628547146506
"HMGB2",0.17351553174479,9.9756919013847,0.34320053607053,0.734857898371261,0.946264662245577,-5.66290390341801
"FN1",0.201615983801946,16.4588071918069,0.342708423713629,0.735222784438457,0.946264662245577,-5.66306101709773
"ZNF326",0.11971691953741,5.14357641447888,0.243777743795348,0.809884843280416,0.960134983621499,-5.663746466784
"RAB2B",0.116772498918348,8.00453910178384,0.340178388513711,0.737099737560432,0.946264662245577,-5.66386525035575
"FBLN2",0.233082717621219,7.95532102780917,0.339862869344707,0.737333929564736,0.946264662245577,-5.66396513295568
"SEPTIN8",0.0951983100021678,7.82474002742097,0.339077802549665,0.737916753675604,0.946264662245577,-5.66421326094914
"GYG1",-0.256072332924522,7.83011523704102,-0.338781354002341,0.738136875565807,0.946264662245577,-5.66430680894099
"NIBAN2",0.112791737330838,9.429334643042,0.337950673071004,0.738753803587443,0.946264662245577,-5.66456850990705
"BAG5",-0.0285328243255585,5.75874615677625,-0.0622090097718182,0.951045802520031,0.989287154719263,-5.66478423012164
"BCAT1",0.120753125153754,11.191341536618,0.337260181910011,0.739266753200894,0.946264662245577,-5.6647855618056
"PRSS23",-0.0696135089611774,6.88534159857648,-0.145708462038248,0.88560933621826,0.976456797587781,-5.66483519254398
"PDCD10",0.0933695199058781,8.4357977743749,0.337048172617522,0.739424274896868,0.946264662245577,-5.66485211768336
"SLC1A4",0.0310897301482502,7.75298224595432,0.0609240392121973,0.952055655739077,0.98964555409635,-5.66485771757109
"GRK5",0.115714434184682,6.57985026847482,0.336713848135823,0.739672699909745,0.946264662245577,-5.66495698782934
"SRP19",-0.159816186888233,7.47747662371103,-0.336533070266757,0.73980704186127,0.946264662245577,-5.66501365098392
"ERO1A",-0.0915286382426224,6.035597890808,-0.237732951787284,0.814505468318239,0.960425591853651,-5.66509958124331
"CAV1",0.311049618954216,8.26997086630134,0.33566186726041,0.740454580675791,0.946264662245577,-5.66528629989005
"EEF2",-0.0991690838725763,10.0215640235169,-0.335637610719861,0.740472612653739,0.946264662245577,-5.66529388114626
"EFTUD2",0.112728734990417,7.32159799495741,0.335094435912783,0.740876441367922,0.946264662245577,-5.6654635058129
"PDCD6",0.15254247957748,9.83496379547391,0.335071362708177,0.740893597068212,0.946264662245577,-5.66547070518845
"SCYL1",0.0475350458146843,6.97462479694523,0.140281032174666,0.889913627249473,0.976456797587781,-5.66553258948665
"DNM1L",0.202525687973112,6.53479332443586,0.334300325056389,0.741466968808639,0.946264662245577,-5.66571100510654
"RPS19",0.1449720783837,10.5646015550445,0.334207434059987,0.741536056346201,0.946264662245577,-5.66573991838557
"COL5A1",-0.212580995765609,11.1529236818377,-0.333903618487607,0.741762034323611,0.946264662245577,-5.66583442864942
"AIP",-0.182161366786766,7.41581277392535,-0.333867035036676,0.741789246700861,0.946264662245577,-5.66584580321647
"C11orf98",-0.124548327866068,7.73773330452106,-0.270610424157982,0.789462248718591,0.955057726114101,-5.6658939868575
"GMPS",0.0135728006536387,7.32311041533317,0.0365109737278806,0.971255598984028,0.993402824894243,-5.66596259753966
"RSRC2",0.0173621942577661,5.30881866418856,0.0324985238003875,0.974413282493059,0.993402824894243,-5.66609122394006
"HDHD2",-0.137979307215354,7.36223432394569,-0.332135980608119,0.74307727635192,0.946264662245577,-5.66638261641593
"ALDH1L2",0.0174648072734705,7.63141442478276,0.0181298891736478,0.985724165386198,0.99577314615092,-5.66642915978365
"PIP4K2B",-0.0900279150091707,5.83102315107184,-0.23122688584496,0.819486459462072,0.962104268705471,-5.66651822410913
"GGACT",0.00343821598751714,6.1428786815679,0.0056080114279488,0.995583910212108,0.998700116505435,-5.66656724566831
"SERPINB8",-0.163447453519946,7.00999804348099,-0.331362973232418,0.743652699270642,0.946264662245577,-5.66662144103565
"SNX2",-0.109725492980643,8.53143283387161,-0.329915855475766,0.744730339419318,0.947230765187034,-5.6670670566761
"UFL1",0.0642481505257546,7.65851135319661,0.22805920444939,0.821914465919632,0.963054563257544,-5.66719477111391
"WDR5",-0.160636286861414,7.13063224764419,-0.329121219147672,0.745322317721862,0.94757858770194,-5.66731093153988
"LOC100059927",0.17472153666286,8.32978224520946,0.224433191400072,0.824696034755418,0.964414584668777,-5.66795781776666
"AHCY.1",0.125480547479032,11.1605513674309,0.326040683674203,0.747618739136792,0.948684187764363,-5.6682508551192
"EIF3M",-0.0414356355778786,7.36605904253259,-0.117636171458019,0.907528722461666,0.98070700222452,-5.6682649346726
"CLEC3A",-0.110066142146128,13.0957677332927,-0.325362652855776,0.748124508859817,0.948684187764363,-5.66845656023522
"DYNC1LI1",0.0897344929806429,6.36762936595924,0.221755452389487,0.826751692912325,0.965790046646339,-5.66851350616341
"ESYT2",0.110869565766041,8.25390080626574,0.324904287985744,0.74846648706163,0.948684187764363,-5.66859538185144
"PDCD4",0.112438419080895,9.71786213043156,0.324523859114851,0.748750358865621,0.948684187764363,-5.66871045258292
"FAM169A",0.0605589804913801,7.25865349712195,0.111568538363836,0.912277059950961,0.981455854571736,-5.66891030386721
"HAMP",0.0966014404366256,7.78139709935842,0.101416947694652,0.920281524431665,0.981455854571736,-5.66990186329797
"CTH",0.13556087029509,11.1058549847561,0.319950074398863,0.752166115432568,0.948684187764363,-5.6700834752996
"STX5",-0.118956333020854,7.12596924689059,-0.319317535838206,0.752638914689249,0.948684187764363,-5.6702718421578
"CTSF",0.112756032842912,6.75941148661815,0.318997794496489,0.752877947452775,0.948684187764363,-5.67036691922551
"SERBP1",-0.107342557773072,8.44664588995649,-0.318846016993528,0.752991422428965,0.948684187764363,-5.67041201822269
"ANXA11",0.103520285484096,9.78795492534312,0.318570053096963,0.753197758823177,0.948684187764363,-5.67049396342189
"DPYD",-0.158904350241255,7.37837150580529,-0.318464241399927,0.753276878551403,0.948684187764363,-5.67052536471262
"EWSR1",-0.157619556317963,7.20634117113038,-0.318094174538099,0.753553614516581,0.948684187764363,-5.67063510672413
"UBL4A",-0.0818924288664339,7.75271569217208,-0.211127760060982,0.834922873588036,0.970271698798597,-5.67065355677913
"DNASE1L3",0.0701071555564871,8.47100099043358,0.0924300921021038,0.927275455239911,0.984176296204626,-5.67072232546562
"RPL27A",0.124991010795197,13.0779607164138,0.316204363553626,0.754967343850207,0.948684187764363,-5.67119355487275
"PPM1A",0.106800568226372,6.73049601111957,0.207571799484881,0.837661239589924,0.970564868389803,-5.6713462597876
"FETUB",0.180123477599122,9.99934903927944,0.31562991186392,0.755397254362412,0.948684187764363,-5.67136265550842
"WASHC1",-0.040081013985613,6.36302788327587,-0.0844330795225228,0.933594934497587,0.986308568938324,-5.67137060977226
"FGG",0.226793461737027,11.2169628734436,0.315529995917448,0.755472038170233,0.948684187764363,-5.67139203657831
"GDI2",-0.0998081511104366,11.0810455105899,-0.315507953912739,0.755488536218586,0.948684187764363,-5.67139851696379
"RFTN2",-0.115099512431041,6.84107429490444,-0.315202109214375,0.755717467876499,0.948684187764363,-5.67148838957124
"KPNB1",-0.0920278262506496,7.39190585379064,-0.314916461065194,0.75593130274518,0.948684187764363,-5.67157224951407
"RPS21",-0.0959069513725581,9.34973578666985,-0.206362875008036,0.838592689663495,0.970564868389803,-5.67157909172966
"C1R",0.054372144262625,6.43566487734292,0.0772245136107708,0.939251935238218,0.98861983269505,-5.67191291978487
"AEBP1",0.242882619708603,8.90321348956127,0.313700291368096,0.756841945984769,0.948684187764363,-5.67192844773503
"RPL23A",0.126776479902757,12.588191327647,0.313680663814398,0.756856645673842,0.948684187764363,-5.67193418517247
"GOT2",-0.127160766573271,9.24781871933242,-0.313670813022498,0.756864023275675,0.948684187764363,-5.67193706457736
"ATP6V1H",0.0773217293505278,6.7918185970501,0.203707500005293,0.840639451388194,0.970564868389803,-5.67208574981197
"TLN2",0.129463250285016,6.53447886665595,0.312835905711433,0.757489400812959,0.948684187764363,-5.67218078430755
"RPL34",0.164589240754428,9.7141829842282,0.312577858574071,0.757682722476904,0.948684187764363,-5.67225598138505
"LAMB2",-0.173841662499455,9.6155260555684,-0.311873846159288,0.758210231456533,0.948684187764363,-5.67246082408665
"COL6A1",0.105888521719038,15.7227655003769,0.311741274736187,0.758309579328959,0.948684187764363,-5.67249934652966
"MEF2D",0.039828884689939,6.16174189252021,0.0675056267361557,0.94684914923001,0.988921301864059,-5.67257285589789
"ETHE1",-0.0406602595954153,9.15817938541566,-0.066537475033129,0.947644714184662,0.988921301864059,-5.67262797322826
"MARS1",-0.0646795462190454,6.72848776954882,-0.200324883319285,0.843248449336891,0.970564868389803,-5.67272170899886
"PSMG1",0.0259683669961587,7.09733490324949,0.0643761463453159,0.949342851916984,0.989287154719263,-5.67275966719613
"ANXA5",-0.109696400576132,13.9807943327905,-0.30961339070034,0.759904781911096,0.949065713338355,-5.67311544591471
"DRG1",0.0854516547553029,6.87134144775254,0.198185620054895,0.844899412556337,0.970564868389803,-5.67311843531581
"SDCBP",-0.142907233280988,8.18251171178757,-0.309533804437531,0.759964466347675,0.949065713338355,-5.67313840797676
"RPLP1",0.149479553700174,9.74372031263655,0.197780381693658,0.84521223564215,0.970564868389803,-5.67319310901243
"CAMK2G",-0.100096222661641,7.62411678480112,-0.194376995472014,0.847840506003347,0.970564868389803,-5.67381424806033
"RPA1",-0.0485215575769206,7.84564262801032,-0.194212570767632,0.847967529643647,0.970564868389803,-5.67384398472484
"USP14",0.102659831763724,9.192577440508,0.306670218824808,0.762112983668763,0.94984756029098,-5.67396071540165
"HDGFL3",-0.163693489259122,8.58183548469949,-0.306173389816012,0.76248594997377,0.949914447726953,-5.67410261451044
"RAPH1",-0.00649877821586917,5.54153756554248,-0.0145384639496551,0.988544371947252,0.996605250909104,-5.67459066353827
"PPP3CB",0.123190432222118,7.73826474720099,0.304293567621947,0.763897655067451,0.950178377715034,-5.6746374479154
"GART",0.0875983946504122,9.08842442159788,0.303910748346133,0.76418524732481,0.950178377715034,-5.67474596512023
"SH3BGRL3",0.184539788842366,9.38247428582524,0.302503612421871,0.765242655137722,0.950178377715034,-5.67514368124245
"NIPSNAP2",0.0732854442112785,8.16152332008646,0.186422108281025,0.853990736329863,0.973050421011453,-5.67522418504376
"GMDS",-0.0940451706425716,7.92699123695089,-0.300674828319246,0.76661761656299,0.950178377715034,-5.67565784112541
"HBA",-0.448711087784892,13.4031268445491,-0.300291431897595,0.766905971257414,0.950178377715034,-5.67576524087444
"PTN",-0.315328090213184,8.57282376107749,-0.299630874322854,0.767402861691179,0.950178377715034,-5.67594996258559
"ARFGAP3",-0.0500662379979428,6.47591826956178,-0.181362222575182,0.857907732105854,0.974522910658617,-5.6760904736154
"PACSIN2",-0.0936587217324279,9.04142112934284,-0.298916931231305,0.767940025614543,0.950178377715034,-5.67614916017156
"ADGRG2",0.184220747820976,7.77119570262807,0.298758725250904,0.768059074470725,0.950178377715034,-5.67619323757858
"BPNT1",0.0509057777804533,7.46568494723501,0.179551645639396,0.859310270255959,0.974865399141866,-5.67639468782452
"A0A9L0R3Z9",-0.15521306432954,7.62672737528204,-0.297482066427055,0.76901996556642,0.950887114530382,-5.67654807862679
"CKAP4",-0.159551043424783,10.0593560708276,-0.296619363271736,0.769669504123829,0.950899823408801,-5.67678701034345
"NQO1",-0.0845100540570951,7.97348099431299,-0.175222894349359,0.862665406022602,0.974865399141866,-5.67710967852107
"ACLY",0.122475524747602,9.26821284103926,0.293998939909533,0.771643510772223,0.951970009658675,-5.6775085390945
"DHX15",0.103409206883948,8.78121198172638,0.29392171338713,0.771701710882488,0.951970009658675,-5.67752970703527
"SLC2A1",-0.224466694425057,9.02259097903642,-0.293308178288682,0.772164137379159,0.951970009658675,-5.67769768240372
"MYH9",-0.128652197135186,8.04825311936658,-0.293052844518942,0.772356610157362,0.951970009658675,-5.67776748590289
"GALE",-0.0982455717364132,10.3793808648178,-0.291336449463753,0.77365083285075,0.952436695022234,-5.67823515263302
"EPM2AIP1",0.060080710386925,7.02733035983052,0.167701587270265,0.86850134357543,0.974865399141866,-5.67831063340706
"TALDO1",0.108746099743141,11.4891923127294,0.290142039531014,0.774551859026461,0.952436695022234,-5.67855898731565
"HP1BP3",0.112302823562135,11.6989922153656,0.290102696277051,0.77458154391945,0.952436695022234,-5.67856963183252
"NASP",-0.126352332817149,12.0017267035705,-0.290008026987425,0.774652974328609,0.952436695022234,-5.67859523922549
"RBKS",0.0557090470232808,6.49794704433078,0.165830315289994,0.869954514981543,0.974865399141866,-5.67860126831061
"MARCO",-0.100456483937918,7.70114457343679,-0.164774832266838,0.870774379075705,0.974865399141866,-5.67876376557758
"VPS26A",0.118098947712427,8.18220733209852,0.288833428085077,0.775539409361892,0.953006915676014,-5.67891227110821
"ATL3",-0.0823778476207218,6.17114527322519,-0.160302815989413,0.874249740283098,0.974865399141866,-5.67944077919172
"SRSF4",0.0873948043166568,8.66335807528935,0.286505970179301,0.777296798958701,0.953444361910287,-5.67953669953393
"COQ8B",-0.0713997078407265,7.45637126768731,-0.159335149259396,0.875002094527562,0.974865399141866,-5.67958482888127
"IAH1",0.088885372860081,7.2586545192128,0.158707214662805,0.875490374498596,0.974865399141866,-5.67967783974496
"H2BC21",0.137236034503871,16.5597332954412,0.285445369222784,0.778098031358714,0.953444361910287,-5.6798195845666
"ACTR1A",0.120861864225398,7.49200247057973,0.284827673077776,0.778564787446562,0.953444361910287,-5.67998385807317
"FRZB",0.151481860121246,12.6288718229543,0.283807699133412,0.779335708367298,0.953444361910287,-5.68025434318249
"PSIP1",0.113285683174463,8.10042546911563,0.283271305640417,0.779741221017724,0.953444361910287,-5.68039620239726
"H1-2",0.131892258440089,15.6882930470208,0.281263057881459,0.781260023412776,0.953857101455459,-5.68092495745375
"LOC111772418",-0.0994332151182227,11.3486741201664,-0.281129235778809,0.781361262604018,0.953857101455459,-5.68096005912872
"MSI2",-0.0663902673838062,7.02800917609046,-0.149139401035849,0.882936473682508,0.975869254782731,-5.68104972971842
"ITGBL1",0.175173381430267,8.03714092211466,0.279880144327467,0.782306417632462,0.953983846246807,-5.68128689809482
"HMGCL",0.0482453825587785,5.89767395307453,0.146338386813366,0.88511848923213,0.976456797587781,-5.68143525939251
"USP39",0.0528426941351202,5.66518872457065,0.145708396312191,0.885609387435475,0.976456797587781,-5.68152096638934
"DDX42",0.104976797825945,7.08503083127172,0.278756349429516,0.78315705881841,0.954278919254785,-5.68157971824657
"BRD3",-0.141022581504255,6.21313819961517,-0.278553504941789,0.783310628847121,0.954278919254785,-5.68163244766404
"RNF114",0.0638961529353136,7.26988155409824,0.141320293139927,0.889029964517114,0.976456797587781,-5.68210771137153
"RERG",-0.139670077577634,7.03713459216388,-0.276570549562402,0.784812365936376,0.955050851775427,-5.68214591149422
"PXDN",0.047888947029324,6.10248653129258,0.139326710121195,0.890584724833503,0.976456797587781,-5.68236836507717
"AZGP1",0.122341015489526,8.0004065040308,0.138146870527508,0.891505074783104,0.976456797587781,-5.68252088425743
"RARS1",0.0979308099574002,8.02831630565861,0.274491550693797,0.786387762232155,0.955050851775427,-5.68268033709524
"CAT",-0.151245747450882,11.5234274093514,-0.274313863623105,0.786522451229106,0.955050851775427,-5.68272582760833
"AGO3",0.0435114855980286,6.350029071863,0.136268839494377,0.892970382554476,0.977045563846843,-5.68276098955919
"MYL6",0.169835100895065,10.1630024784237,0.273820715766049,0.78689629929436,0.955050851775427,-5.6828519276301
"HNRNPUL1",0.114728286147797,7.67660607456819,0.273470347425799,0.787161940355946,0.955050851775427,-5.68294138153161
"CCDC93",-0.0848705932485858,7.03728421863038,-0.272463356192352,0.787925565318665,0.955050851775427,-5.68319784772066
"VTA1",-0.0824030403628918,7.5140578314249,-0.271786954799012,0.788438619146369,0.955050851775427,-5.68336959037018
"CILP",-0.140344761577542,17.2218290532235,-0.270384172488885,0.789502950134266,0.955057726114101,-5.68372441560971
"IDH3B",0.0716591479632455,6.42754615738828,0.127769154993587,0.899606985526805,0.978564432852064,-5.68380665440546
"GMPR2",-0.0800638060853038,7.63434315144567,-0.269853043332935,0.789906043110283,0.955057726114101,-5.68385828596409
"SRI",-0.117166410395474,9.86533060296918,-0.268899535860556,0.790629845420981,0.955057726114101,-5.68409796075506
"OSBP",0.0897689085030085,8.13460275180369,0.268783928266447,0.790717615697579,0.955057726114101,-5.68412696279183
"HINT1",-0.117862462763659,7.61179203758924,-0.268505065570822,0.790929342362604,0.955057726114101,-5.6841968690789
"OSBPL9",0.0566494354711221,6.79936402193344,0.123242283591634,0.903144712100557,0.979174751639634,-5.68433614188571
"LOC100054601",0.093852529166379,10.6917319161139,0.265890856821334,0.792914984621783,0.955728096814015,-5.6848487059083
"THSD4",-0.148489014745881,8.40564322335968,-0.265127250570829,0.793495260211972,0.955728096814015,-5.68503791187964
"ADAL",-0.0759013846521801,6.76896414394687,-0.113903221558709,0.910449601575555,0.98089394540695,-5.68536824379072
"PITPNA",0.0425564963028453,6.15784621458242,0.113627702484902,0.910665236038318,0.98089394540695,-5.68539746000746
"TCEA1",0.0411164365267968,8.5471311355211,0.108952621982015,0.91432524476264,0.981455854571736,-5.68588243689646
"PPP2CA",0.0964775535576967,9.23250691159987,0.261638138450549,0.796148243610202,0.955868178301721,-5.68589556911258
"GNG10",0.03640913839217,8.28807928192681,0.108134069497069,0.914966273570458,0.981455854571736,-5.68596525773009
"PSMD9",0.0792228628863647,8.11626257879627,0.261200117563077,0.796481476828365,0.955868178301721,-5.6860024419472
"ARPC2",0.077962398519229,8.23664095929945,0.260588961421059,0.796946492696045,0.955868178301721,-5.68615126100819
"ELAVL1",-0.0971164319339489,7.52996987689077,-0.260438700494678,0.797060834929391,0.955868178301721,-5.68618779715665
"TNS1",0.104930911752788,7.50525711173487,0.260299596556154,0.797166691330247,0.955868178301721,-5.68622160181749
"NAE1",-0.0367734147017146,7.11195702869477,-0.105204287214285,0.917261143761853,0.981455854571736,-5.68625658010299
"HBB",-0.389488010863521,14.5792718126353,-0.259561165980155,0.797728694965122,0.955868178301721,-5.68640075294619
"STAU1",0.101923224682915,6.81619873077378,0.259482639865456,0.797788466125436,0.955868178301721,-5.68641977449167
"SNRPB",-0.106543040272658,8.86891812309014,-0.256962305647153,0.799707524383474,0.956920991343328,-5.68702724492162
"ATG7",0.0312783724335683,6.35385612350326,0.0955012296079211,0.924866643577989,0.983257813968317,-5.68716433475275
"PRKACA",0.0405781491231711,6.30417881649729,0.0947967632888797,0.925419119029004,0.983257813968317,-5.68722682613087
"LTBP2",-0.1475458832033,8.95097852389033,-0.256103626721369,0.800361645457801,0.957024073648295,-5.68723286561189
"MATN2",0.119329584119119,8.59863005550804,0.254563337346674,0.801535377234854,0.957657729828792,-5.68759999309646
"AP2M1",-0.0261050216285197,7.78523473090234,-0.0904475396362939,0.928830830350049,0.984176296204626,-5.68760239846525
"TUBB",-0.0832352899630398,10.5261235148806,-0.253933651809227,0.802015348990397,0.957846512744452,-5.68774944502859
"PRPSAP1",0.0333207125852524,6.29461017423347,0.0860872676035787,0.932252622663282,0.985940829158644,-5.68796123770023
"HPRT1",0.0888411856128893,8.41614475849371,0.252185568118299,0.803348228587908,0.958650022281972,-5.68816241475306
"GSPT2",0.0378167187188602,7.12532321904314,0.0830410062101942,0.934644028500235,0.987066377276606,-5.68820142766978
"PTPMT1",0.10280469626957,7.27318901675953,0.156459799972634,0.877238373891895,0.975201069240785,-5.68861772662142
"HDAC2",0.035045626237909,8.49735663978651,0.0774586060590752,0.939028010233518,0.98861983269505,-5.68861914592345
"POSTN",0.0559065844730167,7.69205328093391,0.0731689844757024,0.94239810422379,0.98861983269505,-5.6889203983894
"ANXA3",0.112002465204504,8.15109513943304,0.248740048541143,0.8059771633913,0.958650022281972,-5.68896809159958
"HEXA",-0.0848566088716532,7.75164543702037,-0.248527964671066,0.806139060824066,0.958650022281972,-5.68901732410742
"ALDH7A1",0.0845798339354571,10.4320799160618,0.247124847991568,0.807210375406298,0.958650022281972,-5.68934198822087
"BROX",-0.152712891940014,6.32686804915454,-0.246864699729209,0.807409047803065,0.958650022281972,-5.68940198266119
"DRG2",0.0197002628675784,7.54502351342482,0.0574563858561185,0.954751527190414,0.990455356605899,-5.6898774055721
"GBE1",0.138366875872805,10.676744977027,0.243249845463861,0.81017104614629,0.960134983621499,-5.69022912902117
"YWHAQ",0.0739874019210026,9.15504301981207,0.243213579027954,0.810198769127612,0.960134983621499,-5.69023736602838
"LOC100050599",0.0740544343671286,10.8036249400834,0.242810765387586,0.810506707235115,0.960134983621499,-5.69032877293269
"C7H11orf54",-0.110332753997407,8.17038138230899,-0.242396273687306,0.810823605691388,0.960134983621499,-5.69042267264579
"ITCH",-0.0145885269471003,6.6182981904876,-0.0447098237630216,0.964781771507396,0.993402824894243,-5.69048467365383
"SRRT",-0.0884981817338295,7.88334950326789,-0.241983102340963,0.811139527779393,0.960134983621499,-5.69051611456438
"UGDH",-0.0924742538134489,9.85636964198926,-0.241048148388501,0.811854540831223,0.960134983621499,-5.69072697679166
"FBXO22",-0.0145461479371667,6.42822128037733,-0.0379329375328818,0.970117042535585,0.993402824894243,-5.69074585225122
"PHLDB1",0.0181448025774478,8.06615052151773,0.0369868409165664,0.970862000880416,0.993402824894243,-5.6907789076313
"LOXL2",-0.129987422248797,7.51259991956019,-0.240796615035156,0.812046931617258,0.960134983621499,-5.69078356716941
"WDR13",-0.0149346727560516,7.2253023978523,-0.0327920539576344,0.974165304479751,0.993402824894243,-5.69091541263256
"POFUT1",-0.0129066391128683,7.46496368919933,-0.0288348591202566,0.977281947834386,0.993402824894243,-5.69102914364039
"SNF8",-0.107508041754408,6.87405901560555,-0.23952022090157,0.813023396966936,0.960134983621499,-5.69106982728952
"SCPEP1",0.141461645911303,8.42861948131026,0.239453846850118,0.813074182901528,0.960134983621499,-5.69108467180136
"TMED4",-0.09782379224654,10.6519762514404,-0.239120619963214,0.813329163336078,0.960134983621499,-5.69115913596785
"P3H4",0.01326438505213,7.29247052303563,0.023306286344969,0.98163680516778,0.995015160263763,-5.69116358133522
"H1-1",-0.0658699505566059,15.3584756828793,-0.137799804558111,0.89177583833479,0.976456797587781,-5.69118100815604
"ANXA6",-0.0755894187385796,11.3926812545828,-0.238846513562533,0.813538921535979,0.960134983621499,-5.69122031157603
"MAPRE2",-0.0141178753564626,5.95932612293993,-0.0191367260075548,0.984921565579813,0.995630872443066,-5.69124611469663
"TRNT1",-0.00510363011914312,6.33332657738453,-0.0137380994590338,0.989174978775933,0.996605250909104,-5.69132888681843
"CCT6B",-0.00530371569004726,7.24693285329282,-0.0118531908857661,0.990660125413897,0.996690521848611,-5.69135138371144
"CPM",-0.00661827869625667,7.58886782557479,-0.00798367149487392,0.993709078608261,0.998407466686787,-5.69138718276825
"COMP",0.0953351758409446,17.7602490591006,0.237088377915276,0.81488466427791,0.960492027031213,-5.69161103733428
"CALR",-0.189904724384451,10.2532536389478,-0.236203003615155,0.815562585051496,0.960910372486416,-5.69180671530863
"EEF1G",-0.07698603595126,10.2131454755671,-0.234493885573803,0.816871655349344,0.961096603986074,-5.69218239158727
"MCCC2",-0.0597388519411303,6.01573988753604,-0.129202964111844,0.898486915086303,0.978275511617431,-5.6922527802338
"TUBB.1",-0.10115382208518,10.3801135051791,-0.234076847914623,0.817191161709976,0.961096603986074,-5.69227364775378
"CYFIP1",-0.0931384121211149,7.99187112339123,-0.233918198258138,0.817312717025769,0.961096603986074,-5.69230832105992
"THBS3",0.0976385297898877,8.61225579698817,0.233759606651797,0.817434232575272,0.961096603986074,-5.69234295831851
"PSME2",0.0918846249396685,6.63827244765692,0.233466284706568,0.81765899317269,0.961096603986074,-5.69240695985796
"CENPV",0.107987968950756,7.60825743547331,0.231858512225059,0.818891248578165,0.961785023497845,-5.69275634935336
"GDA",0.110776949248089,8.8250181618657,0.229800661412973,0.820469160473768,0.962498041847365,-5.69320004357842
"LOC100058290",0.0874881841465604,8.7935636669655,0.226960801806775,0.822647977892757,0.963155346017691,-5.69380588696405
"HMGB1",0.1109213300785,11.7667860376256,0.224630027511229,0.824437308901891,0.964414584668777,-5.6942975257914
"GPS1",0.0595657713546826,7.59719058905348,0.223605232709444,0.825224352452437,0.964653221432613,-5.69451209184493
"FLNA",0.130122313591635,7.65264386662548,0.220354339960784,0.827722285288423,0.965790046646339,-5.69518628734254
"RPL36AL",-0.0979780942099968,8.69782482929132,-0.220115219407833,0.827906095799423,0.965790046646339,-5.69523549019141
"WBP2",-0.0641658304197717,8.31081367233758,-0.219804869066009,0.828144675292373,0.965790046646339,-5.69529927044236
"NAXD",-0.100701433760724,7.28266140495171,-0.218754109911188,0.828952564659883,0.966353401200295,-5.69551454772572
"FUS",0.094665209380135,9.49682836143705,0.217439240248051,0.829963792043272,0.966920157248588,-5.69578248957967
"SRRM1",-0.0945853178254827,8.51717302427003,-0.21704907198408,0.830263917146643,0.966920157248588,-5.69586168814731
"AP3M1",-0.0754499679749693,7.10172763513293,-0.213839536578884,0.83273375893482,0.968863094576101,-5.69650780665172
"ECRG4",-0.148295826969259,10.0961516807571,-0.211857117926589,0.834260181668526,0.969880437852233,-5.69690210595423
"YBX1",-0.0807117462446912,8.32525267205103,-0.210258025789966,0.835491939348407,0.970535158698954,-5.6972174990221
"EIF3E",-0.0684370204317685,6.88122296560755,-0.209855532405997,0.835802042550158,0.970535158698954,-5.69729650915555
"PTER",0.100368702483623,8.03504887162747,0.209063045522598,0.836412698340629,0.970564868389803,-5.69745163521882
"LOX",0.107724394291786,13.5624559228683,0.206612688389404,0.838301504046606,0.970564868389803,-5.6979275865361
"EIF4H",0.0795872138334072,7.49809127056585,0.206447872308414,0.83842858503802,0.970564868389803,-5.69795939950379
"LOC100067869",0.241789142949164,11.623865545744,0.205316021971384,0.839301417107207,0.970564868389803,-5.69817718764671
"BPGM",-0.0855524165125513,8.15875996674394,-0.201195114512402,0.842481059101987,0.970564868389803,-5.69896005233293
"PPIL3",0.134811568156385,7.83588989044653,0.200882170849575,0.842722635956774,0.970564868389803,-5.69901885779163
"MTAP",0.0810161866451145,8.36185111278407,0.199716276545826,0.843622787637608,0.970564868389803,-5.69923713940147
"NEK9",-0.0695637510604952,6.53566953465925,-0.198809680640038,0.844322894426028,0.970564868389803,-5.69940600007768
"LTBP3",0.0926490429479364,7.57364165131679,0.197833846927812,0.845076616644196,0.970564868389803,-5.69958690187646
"H1-10",0.0990282063620837,12.6242604171591,0.197671267013164,0.845202206221235,0.970564868389803,-5.69961695508468
"ACTR1B",0.0646998977381176,9.02517137003681,0.197494500364884,0.845338759541524,0.970564868389803,-5.69964960281684
"SDC2",0.121623440859172,6.66427520426253,0.19704086334698,0.845689219722118,0.970564868389803,-5.69973325372094
"CAPS",0.0831758972874009,7.82130660728356,0.196551873200866,0.84606702887271,0.970564868389803,-5.69982320920326
"PFDN6",0.088174569786189,7.1609689199675,0.196155775643991,0.846373094131641,0.970564868389803,-5.69989591280871
"THBS1",-0.104491290293178,15.5216964185871,-0.196058389493242,0.846448348387195,0.970564868389803,-5.69991376564038
"INHCA",0.158394239440541,7.15255801857763,0.195591618060509,0.84680906258109,0.970564868389803,-5.69999921160657
"LTBP1",0.118172161153876,6.0453472239035,0.195524739098942,0.846860748495175,0.970564868389803,-5.70001143768118
"CCT4",0.0573246548995553,8.72371324564296,0.195197980353723,0.847113286862723,0.970564868389803,-5.70007111223513
"PITHD1",0.123254606734755,7.88488578058232,0.194612467196245,0.847565847967224,0.970564868389803,-5.70017779333671
"EIF3L",-0.0799623380732914,6.59390386080205,-0.194584681335591,0.84758732585398,0.970564868389803,-5.7001828480158
"PDIA5",0.0797702895189565,8.62528349633513,0.193484851323783,0.84843756871598,0.970564868389803,-5.70038234677242
"HNRNPDL",-0.0639373794973853,8.14203633832756,-0.193284410518642,0.848592543408366,0.970564868389803,-5.7004185834961
"ARPC1B",0.0743829110108871,8.77623105688659,0.193278154742746,0.848597380283788,0.970564868389803,-5.70041971384554
"LIMS1",-0.0778399156715803,8.62987684796532,-0.192376701704459,0.849294434573759,0.970668821689179,-5.70058221544966
"SMC3",-0.0728987896344171,7.2464159002633,-0.191182472605417,0.850218074401346,0.971019463640137,-5.70079632939752
"GNL1",0.0537729618033072,8.23951698176472,0.191136005088512,0.850254017742036,0.971019463640137,-5.70080463373746
"MPI",0.0722975594668633,9.90286138436693,0.190417037920724,0.850810192426567,0.971281781453967,-5.70093286611003
"H2BC15",-0.0941380069160697,13.9329818097482,-0.18947030367008,0.851542683350159,0.971384502479513,-5.70110098783757
"LTA4H",0.0730524334837185,7.48418969774497,0.18751174968435,0.853058457490207,0.972728597559742,-5.70144613927377
"ETF1",-0.059926090688569,8.17692186373985,-0.186198252626912,0.854075332434954,0.973050421011453,-5.70167561212715
"IST1",0.0542393923179271,7.63750896567888,0.18283853469265,0.856677517389592,0.97428393159234,-5.70225525395863
"RPL31",-0.0814072449997172,11.5411520757699,-0.182460217939804,0.856970638419712,0.97428393159234,-5.70231986499859
"SYNM",-0.0536102477665088,9.10383530687407,-0.181945006652532,0.857369859801259,0.97428393159234,-5.70240764117377
"IMPA1",-0.0491109585799888,9.7891487739249,-0.179595150826313,0.859191185622726,0.974865399141866,-5.7028048476198
"RPS23",-0.0892723992851924,9.94931496688973,-0.178540471120119,0.860008908645247,0.974865399141866,-5.70298145166409
"MDC1",0.0686024921835421,5.70254333324375,0.178301247838427,0.86019440766992,0.974865399141866,-5.70302136489522
"ADK",-0.0684200110979819,10.3929561860993,-0.177335399280598,0.860943432062708,0.974865399141866,-5.70318196959804
"GOLPH3",0.0669518174892864,8.19054921715976,0.175190729548603,0.862607121910585,0.974865399141866,-5.70353548390923
"SEC62",-0.060602809990459,6.94331439009355,-0.174611432236001,0.863056614127699,0.974865399141866,-5.70363023630743
"COL4A2",-0.130850740363262,7.62344190185563,-0.174097802340409,0.863455193033882,0.974865399141866,-5.70371398620944
"PRPS2.1",0.0695122664122839,8.76635767112644,0.173658790168139,0.863795897839075,0.974865399141866,-5.70378537438549
"YARS1",0.0698685142015644,7.44709947455978,0.171869399137924,0.865184873491117,0.974865399141866,-5.70407449022973
"CHMP4B",-0.0456215039883317,8.47957811426259,-0.171431515445344,0.865524839371205,0.974865399141866,-5.70414478542765
"LOC100049798",0.108828218592266,7.92842924333881,0.171164589268194,0.865732089678767,0.974865399141866,-5.70418754843827
"ADH5",0.0843216435964502,11.9847118748793,0.170132168072198,0.866533788743415,0.974865399141866,-5.70435232249189
"EIF3K",0.0629196120619468,7.67969819335741,0.169875021574468,0.866733491929474,0.974865399141866,-5.70439320838474
"BLVRB",-0.0855172131491358,9.83183096350261,-0.169374578566197,0.867122168379996,0.974865399141866,-5.70447260128706
"AKR1B1",-0.0787447136243044,11.1799969593781,-0.169163658752549,0.867285992697588,0.974865399141866,-5.70450599275938
"DCN",-0.0618556648104062,18.1714247940426,-0.168161378690246,0.868064560842419,0.974865399141866,-5.70466410038043
"CLIC1",-0.0474272627722111,10.3667248161646,-0.168132293202376,0.868087156415883,0.974865399141866,-5.70466867456995
"PSMB5",-0.0533148450786114,8.39340030369745,-0.166320517780522,0.869494893158145,0.974865399141866,-5.70495205206037
"PSMB7",0.0725449287324684,8.38087725359676,0.165498061206134,0.870134082889189,0.974865399141866,-5.70507968120071
"GSTA1",0.215487049502427,9.29115612793861,0.165067217074387,0.870468958989999,0.974865399141866,-5.70514628796343
"DCXR",-0.0677917321995737,7.11360722815781,-0.16481105836068,0.87066807165191,0.974865399141866,-5.70518580700008
"SNX9",-0.0555209874837639,7.67701842160641,-0.163714696779716,0.871520374835354,0.974865399141866,-5.7053542573073
"LRP1",-0.0767023818305928,9.65240615451724,-0.16228528291597,0.87263183057939,0.974865399141866,-5.70557219561355
"SNRNP70",0.068892062840766,9.24699151254164,0.162203457590454,0.872695462905562,0.974865399141866,-5.70558461359494
"GSTA4",-0.0633258795418719,9.28034584958663,-0.161689165845608,0.873095427510882,0.974865399141866,-5.70566252058875
"EIF3D",0.055092559461012,8.08242063592649,0.161609439875695,0.873157433502819,0.974865399141866,-5.70567457571256
"ASS1",0.0910893260151111,10.2668147618561,0.159165873398987,0.875058293837585,0.974865399141866,-5.70604118407854
"SBDS",0.0641611153338289,9.37070394936563,0.158499777731804,0.875576587061198,0.974865399141866,-5.70614015224079
"ACBD3",-0.0474848630771196,7.4351633015288,-0.157494536247545,0.8763588801111,0.975059411439341,-5.70628872676657
"PHOSPHO1",-0.0740588063425492,8.02084758596575,-0.155458149147463,0.877944021535793,0.975201069240785,-5.70658681484301
"PCBD1",-0.0846140495251114,9.43002747480263,-0.155294130084218,0.878071718343552,0.975201069240785,-5.70661065571263
"AIMP1",-0.113521467015187,8.34868594842781,-0.154284554555915,0.878857796748435,0.975233847566801,-5.70675684900906
"UTRN",0.0464914722646503,7.531965136202,0.152524880164205,0.880228224961578,0.975869254782731,-5.70700938794738
"DLG1",-0.0365047321102899,8.6235785238032,-0.150484951033038,0.881817396085126,0.975869254782731,-5.7072985307241
"PSMC1",-0.0457225306532098,8.72717053126221,-0.150289446395917,0.881969727473415,0.975869254782731,-5.7073260379127
"CPNE3",0.0506214710838833,7.8953505824869,0.149442813824958,0.882629452332715,0.975869254782731,-5.70744474599987
"GCA",-0.0501038648581203,7.95384924395471,-0.149051330660297,0.882934538878243,0.975869254782731,-5.70749941045005
"SERPINB6",0.0495980063533544,7.99815495603928,0.148917720451253,0.883038666848777,0.975869254782731,-5.70751803426588
"RHOA",0.0721816523063129,9.45690176768189,0.145556699026573,0.885658758321098,0.976456797587781,-5.70798104224766
"ACP1",-0.0558430864730632,8.78519567957088,-0.14526671768868,0.885884877205198,0.976456797587781,-5.70802049536361
"FLNC",-0.079883772869316,6.98879863179216,-0.144965120175476,0.886120064615237,0.976456797587781,-5.70806144562308
"LOC111770931",0.0516008740740044,8.23790340859659,0.142813275348053,0.887798396127184,0.976456797587781,-5.70835115400334
"PIP4K2A",-0.0539412951786408,6.77787917114263,-0.14108896896776,0.889143659018554,0.976456797587781,-5.70858018161439
"NUDC",-0.0494658699042784,7.74189499576282,-0.138967738849652,0.890799061889031,0.976456797587781,-5.70885812140137
"SEC23IP",-0.0393580094235329,8.05303213774739,-0.135255134264714,0.893697594368372,0.977071615544553,-5.709334462156
"LTBP4",0.0656096162498843,8.22026282104901,0.133952486332736,0.894714970663436,0.977071615544553,-5.70949854584155
"CALM1",0.104466967401456,10.247310239139,0.133875162299509,0.894775367083976,0.977071615544553,-5.70950823587212
"IGFBP5",0.0576344939264367,8.44113990654153,0.133545110268346,0.895033172180988,0.977071615544553,-5.70954953427164
"CSNK2B",-0.0415693210082434,6.43347548537497,-0.131042551193191,0.896988317056301,0.977845453734883,-5.70985936107102
"PLBD1",0.0622235757769015,7.06409339884764,0.130251202449055,0.897606705063511,0.978161152953827,-5.70995611573827
"SWAP70",0.0482503443583389,8.54899654901945,0.12885470245058,0.898698142269055,0.978275511617431,-5.71012543240986
"AOC2",0.104490173664198,7.81039528540283,0.125725743622007,0.901144329072922,0.978856645608452,-5.71049818407729
"COPZ1",-0.0982653222308426,7.18485750128468,-0.125517184559026,0.901307414424488,0.978856645608452,-5.71052270446387
"EIF3C",-0.0497475491109008,8.9830545966949,-0.12541845864665,0.901384615937718,0.978856645608452,-5.71053429754274
"SRPRB",0.0632884348086072,7.04123957617552,0.124614968297833,0.902012965034541,0.978856645608452,-5.71062831025807
"S100B",-0.0778672836966886,8.21758218653063,-0.123738504647097,0.902698456131341,0.979047724021414,-5.710730173334
"NOP56",0.0409526978068691,7.13504126259151,0.122039688785704,0.904027338360492,0.979530743559786,-5.71092556658077
"RPAP3",0.0540432469218537,6.25670085555508,0.121906456391256,0.904131570358041,0.979530743559786,-5.71094077656723
"REM1",0.0609619606236559,7.58274758043143,0.119159709056048,0.906280831477,0.980431081325118,-5.7112506525669
"COPB1",-0.0517852640702375,8.18075241424224,-0.117437769956447,0.907628582446217,0.98070700222452,-5.71144131849263
"PPP3CA",-0.046896795413008,8.6440272052845,-0.116628178441895,0.908262343537078,0.98070700222452,-5.71153000472176
"ILF2",0.0392861985234304,8.3894887315383,0.116091427064848,0.908682555601044,0.98070700222452,-5.71158846511534
"SND1",0.0442103776433914,10.3552233700664,0.115482709420079,0.909159141803207,0.98070700222452,-5.71165443786368
"RPL30",0.0416317263483905,12.4012160763556,0.11546490796575,0.90917307970932,0.98070700222452,-5.71165636197086
"RPL38",-0.0629507952160153,10.6652653945623,-0.112584135480834,0.911429014132094,0.981361316338393,-5.71196383360518
"GOT1",-0.0501925894544717,11.5239816993722,-0.109782489192232,0.913623719839138,0.981455854571736,-5.71225541873365
"GPI",0.0459613211750353,10.4452499880774,0.108077794222843,0.914959461637626,0.981455854571736,-5.71242924626602
"SLC25A24",0.0408643568591934,7.33508555753069,0.106875622547036,0.915901598217616,0.981455854571736,-5.71255019793347
"PABPC1",-0.0319141771118014,9.419978621646,-0.106417478165737,0.916260677358214,0.981455854571736,-5.71259593667978
"SUB1",-0.04189666355386,9.79396447683894,-0.105587414676999,0.916911301622614,0.981455854571736,-5.71267830598565
"SRPX2",0.0494251833583958,14.4773438697823,0.105174310923698,0.917235124828913,0.981455854571736,-5.71271905922191
"NOP58",0.0329450503182622,8.08582881697301,0.103177910195254,0.918800267302831,0.981455854571736,-5.71291375781642
"RAB14",0.0295313962416025,8.28607315832719,0.101700931521832,0.919958409808435,0.981455854571736,-5.71305540126949
"TXNL1",0.0400063183034805,8.53357150079342,0.101280350052639,0.920288233570196,0.981455854571736,-5.71309536221241
"BAG6",-0.0441739506985485,10.7152513868513,-0.100657895845105,0.9207763947245,0.981455854571736,-5.71315420022585
"PSMD3",0.036828911297225,7.25035450294846,0.100583433613032,0.920834794051168,0.981455854571736,-5.71316121456644
"CCT7",0.0300890366213061,8.55423294378306,0.100342137392868,0.921024041278623,0.981455854571736,-5.71318390903813
"PSMD13",-0.0338579217798174,8.01101862168885,-0.100314380174647,0.921045811411979,0.981455854571736,-5.71318651617706
"SELENBP1",-0.0627588856771263,12.7510812818978,-0.0997778120194336,0.921466657111554,0.981455854571736,-5.71323677256728
"RAB5B",0.0431977710371683,7.04053494553782,0.0994932131475566,0.921689885703144,0.981455854571736,-5.71326331956781
"GSTM3",-0.032518247742364,10.0647711086748,-0.0967937607970911,0.923807560522962,0.983257813968317,-5.71351135400136
"DNM2",0.0261631528602749,9.00111373851914,0.0954995975550464,0.92482301623499,0.983257813968317,-5.71362784894405
"PODN",-0.0630339361752879,9.76241671691281,-0.0930455604010915,0.926748917968068,0.984176296204626,-5.71384444890507
"COPA",-0.0360403109219281,9.35287189734676,-0.0921113774268386,0.927482176312014,0.984176296204626,-5.71392542205925
"SRSF3",0.0278411763664747,10.5832173770152,0.0902669489546779,0.928930097392467,0.984176296204626,-5.7140828964666
"HNRNPA1",0.0368553744589832,9.5717066444705,0.0890528754477268,0.929883312639988,0.984676935884689,-5.71418481532644
"RBM8A",-0.0728362114593481,7.96018731870183,-0.088821990270581,0.930064601625538,0.984676935884689,-5.71420404158876
"NDRG1",0.0306678600221704,9.12833341888223,0.0854265607433847,0.932731107004333,0.986096319594133,-5.71448102601539
"CRYAB",-0.0524698813920152,8.2902960280552,-0.0844901126173516,0.933466664161318,0.986308568938324,-5.71455551975131
"CLASP2",0.0300319579438807,6.56529462141147,0.0825117575761626,0.935020813358841,0.987113882094589,-5.7147101986941
"RPN2",0.0340175626822337,7.69579061427074,0.0810673227664868,0.936155695556791,0.987397905833767,-5.71482081975249
"HNRNPH1",0.0284510197008804,9.32670773652953,0.0750398962238559,0.940892875939893,0.98861983269505,-5.71526135480031
"CKAP5",-0.0394078747962166,6.61563542155779,-0.0743472900753752,0.941437368227112,0.98861983269505,-5.7153097984858
"ATE1",-0.027322754190474,6.96044569769183,-0.0724348736266129,0.942940965973473,0.98861983269505,-5.7154412294311
"TRPV4",-0.0408716596415606,9.05192688726133,-0.0723570510897297,0.94300215698638,0.98861983269505,-5.71544650531144
"SLC3A2",-0.0333230600301593,7.38478446576522,-0.0720513828868345,0.943242504052954,0.98861983269505,-5.71546717284575
"P4HA2",0.0264639191636651,8.15495679493011,0.0715253708965878,0.943656120519815,0.98861983269505,-5.71550253404508
"MACROH2A2",-0.0350243593883013,8.31339077114091,-0.0713332939499736,0.943807159525906,0.98861983269505,-5.71551538188804
"SNTB2",0.0171671465490475,8.0280346162331,0.0712382727086201,0.943881879934022,0.98861983269505,-5.71552172500149
"PSMB1",0.0207722493032842,9.03993785220723,0.0708280410198803,0.944204473658178,0.98861983269505,-5.71554901289395
"TGFBI",-0.0476443852165564,14.126805781735,-0.0705505232503087,0.9444227107628,0.98861983269505,-5.71556738357073
"GLRX3",-0.0258359377073211,7.67142690459019,-0.0697820881921607,0.945027023445424,0.988904465265613,-5.71561787506814
"PTGR2",-0.0273817308701305,8.24325866034714,-0.0682180108887745,0.946257149536843,0.988921301864059,-5.71571893844004
"RAD23B",0.0237267357117275,8.46196315893404,0.0676157217759023,0.946730878783703,0.988921301864059,-5.71575724491782
"LDHB",-0.0293927946516102,13.1253735918044,-0.0667341595884616,0.947424306068572,0.988921301864059,-5.71581270137261
"SNX12",0.0287577259226512,7.17733578370006,0.0663806344162818,0.947702397181321,0.988921301864059,-5.7158347362389
"COBLL1",-0.017683660845471,7.2051045220827,-0.0645308708306912,0.949157574802493,0.989287154719263,-5.71594812267363
"PGM2",0.0210081397763614,8.5915723860691,0.0641444462351134,0.949461591621255,0.989287154719263,-5.71597140521596
"LAMC1",0.0393809286698051,10.5825408166763,0.0640189738765302,0.949560307812129,0.989287154719263,-5.71597893501343
"MYADM",-0.0379456795357119,10.5053253033373,-0.06333609380805,0.950097582647818,0.989287154719263,-5.71601965737826
"PFAS",-0.0279760968319883,7.26177741864592,-0.0632576462081752,0.950159305036581,0.989287154719263,-5.7160243075107
"VWA1",0.0337753549956066,9.85606114897827,0.0623563074630687,0.950868499179882,0.989287154719263,-5.71607732275443
"RPL35",0.0258075294894887,10.5255478267083,0.0609328377601268,0.951988602817694,0.98964555409635,-5.71615949992918
"defb3",-0.0315585091743662,8.00750919978212,-0.0591539058278892,0.953388556300883,0.990339020598857,-5.71625953147549
"MECP2",0.0303551555661241,10.7870845406719,0.0570921888469055,0.955011243885167,0.990455356605899,-5.7163717579145
"PREP",-0.0186190834305889,7.28304758595781,-0.0568966143442884,0.955165182555403,0.990455356605899,-5.71638219706564
"SCIN",0.0252321076487623,11.9802726129846,0.0555418553206881,0.95623157602138,0.990769366551768,-5.71645352665616
"UBE2M",0.0154285762100343,8.59667913125571,0.0548195999122434,0.956800131127136,0.990769366551768,-5.71649085198351
"LUC7L2",-0.0181029131418205,8.05904814730591,-0.0538369428294263,0.957573710666722,0.991225396393005,-5.7165408503029
"ADAMTSL4",-0.0239461394496066,8.7347491316379,-0.0533064909326932,0.957991317477179,0.99131275460682,-5.71656746435314
"DNAJC2",0.0239725994526396,6.01376765539056,0.048916913489552,0.961447546374048,0.992898277931518,-5.71677758960083
"ARL8A",-0.0243254713307063,5.51972636523848,-0.0489104292244879,0.961452652492829,0.992898277931518,-5.71677788665205
"HRG",-0.0389533064810376,10.6686179518821,-0.0488172475224934,0.961526029822085,0.992898277931518,-5.716782151059
"FGB",0.0328662846734146,12.3050964848225,0.0435316437150385,0.965688809996569,0.993402824894243,-5.71701073325657
"ACIN1",-0.0197930376711074,7.39625036924782,-0.0434855606709944,0.965725108184062,0.993402824894243,-5.71701261113737
"MYH10",-0.0166886043490325,7.14940843484234,-0.0428636871659372,0.966214946115635,0.993402824894243,-5.71703775795361
"ATP1B3",-0.0320714015530966,9.03007546050613,-0.0413987354676914,0.967368914411096,0.993402824894243,-5.71709556511802
"PSMD7",0.0149393674408111,8.49601429337419,0.0410723483069367,0.96762602541312,0.993402824894243,-5.7171081706421
"EIF4G1",0.0171280901177893,7.11614636596304,0.0408486957003871,0.967802209508774,0.993402824894243,-5.71711675081614
"LDHA",0.0131774923755429,14.0492854673873,0.0380147522485238,0.970034813634382,0.993402824894243,-5.71722141458266
"REXO2",-0.0197682167905275,7.34221998936891,-0.0372515092038515,0.970636146675986,0.993402824894243,-5.71724831728023
"PSME1",0.0128677571592161,8.10805125012411,0.0364273965400666,0.971285456903158,0.993402824894243,-5.71727675296787
"EIF3I",0.016414427719931,8.05382866251404,0.035805053598814,0.971775808316288,0.993402824894243,-5.71729780515891
"CYC1",0.0128782078685816,7.14353446717095,0.0350600073007428,0.972362854201583,0.993402824894243,-5.7173225310374
"TYMP",0.0105054030684367,9.99055537423099,0.0346923920933333,0.972652515959107,0.993402824894243,-5.71733453956668
"PFKM",0.0126052287599518,8.36004252578334,0.0339627663414164,0.973227434712447,0.993402824894243,-5.71735799866927
"NME1",-0.0136204892081274,10.4648546966096,-0.0339237350988305,0.973258190345974,0.993402824894243,-5.71735923956268
"PAPSS1",-0.0138519516087641,9.41660199870825,-0.0328386067730539,0.9741132609684,0.993402824894243,-5.71739316708856
"PFKL",-0.0176997286068491,10.1091648342595,-0.0303003072668285,0.976113539242632,0.993402824894243,-5.71746822252606
"CAPNS1",0.0095224627524188,9.20416104215691,0.0296002082214642,0.976665273321708,0.993402824894243,-5.71748786221223
"COPS2",-0.0106913303498906,7.47960916578086,-0.0293290410412872,0.976878977995691,0.993402824894243,-5.71749534585751
"CSPG4",-0.0172068216579409,8.97005437749695,-0.0285549398186314,0.977489050684021,0.993402824894243,-5.71751633052054
"SERPINB1",0.0121905294135362,9.28096386275413,0.0282762005511841,0.977708729845493,0.993402824894243,-5.7175237492763
"GSTO1",0.0094389643305246,10.343254998521,0.0270507678863752,0.978674535463782,0.993794439611479,-5.71755550147701
"STT3A",-0.0109500142902387,8.27033132232836,-0.0259490933506753,0.979542831717816,0.993908569017907,-5.71758284641798
"CFP",-0.0116504515567671,11.1619222267818,-0.0213893019482813,0.983136943049502,0.995630872443066,-5.71768393697466
"CHST14",0.00937738677848286,8.28607724228778,0.0211817583328061,0.983300542069286,0.995630872443066,-5.7176880748604
"SGTA",-0.00997934332763066,7.24738396455307,-0.0206775251876719,0.983698013687461,0.995630872443066,-5.71769795989449
"HSD17B12",0.00826456076169222,8.52112128630883,0.0200191290115333,0.984217013842718,0.995630872443066,-5.71771050867562
"PYGL",0.00813306085624999,9.73584944086805,0.0197965374121402,0.984392479852061,0.995630872443066,-5.71771465935039
"NIT1",0.00689077888152218,7.18427102728341,0.01926552336032,0.984811074449293,0.995630872443066,-5.71772437378321
"HSPB1",0.00733995660019349,13.2543101138907,0.0139169757297621,0.989027525784886,0.996605250909104,-5.7178074933955
"NID2",-0.00703061549919875,10.0969197301351,-0.0128660930979128,0.989856016763522,0.996605250909104,-5.71782067521777
"SCP2",-0.00503245975859203,7.99463250134294,-0.012525770380779,0.990124321695571,0.996605250909104,-5.71782472234479
"NTN1",-0.00662276390603498,9.76507515489917,-0.010469406858462,0.991745549803289,0.997108148247646,-5.71784686851392
"ADIPOQ",0.00929952481264752,8.82031953267295,0.00907449780606207,0.992845311319944,0.997876622019201,-5.7178596364306
"AAMDC",-0.0019988582069369,8.75118438635684,-0.00559682719226625,0.995587203420495,0.998700116505435,-5.71788353222593
"FABP5",-0.00239866182564274,6.92661174538028,-0.00419601115394504,0.996691663440668,0.998700116505435,-5.71788995694493
"H1-0",0.00215053230319325,12.1925769570603,0.00377750896539144,0.997021628914669,0.998700116505435,-5.71789151977756
"STK38L",-0.00116191580640515,6.16094622500199,-0.0022576854782165,0.998219928535304,0.999227552958456,-5.71789581562849
"CHMP4A",-0.000668934547436854,6.23270929679595,-0.00123081830420058,0.999029561055777,0.999701629378048,-5.71789749334431
"MYOC",0.00011453763932393,9.02689111896338,0.00018712776791324,0.999852459034911,0.999863914535189,-5.71789818644518
"SMOC1",-0.000137151765096657,7.53548759042726,-0.00017259863548363,0.999863914535189,0.999863914535189,-5.71789818889299
"RHOT1",NA,5.22890674182602,NA,NA,NA,NA
"LAMTOR1",NA,6.79516651485758,NA,NA,NA,NA
"TNFAIP6",NA,7.21451946114522,NA,NA,NA,NA
"FRMD8",NA,8.55961264474612,NA,NA,NA,NA
"OARD1",NA,6.93068479318237,NA,NA,NA,NA
"PDHX",NA,5.79009962439274,NA,NA,NA,NA
"CD58",NA,6.50478041491911,NA,NA,NA,NA
"CRLF1",NA,8.03074759135256,NA,NA,NA,NA
"TP53BP2",NA,4.3865765275035,NA,NA,NA,NA
"ARSK",NA,7.02195930066429,NA,NA,NA,NA
"CERT1",NA,5.48466062312335,NA,NA,NA,NA
"VWA5A",NA,6.79472061617768,NA,NA,NA,NA
"PSMD10",NA,5.05635259257271,NA,NA,NA,NA
"TXLNA",NA,6.03443417310368,NA,NA,NA,NA
"GNLY",NA,6.35311802669126,NA,NA,NA,NA
"FBN2",NA,6.71142829046413,NA,NA,NA,NA
"CNPY3",NA,7.40124474015668,NA,NA,NA,NA
"MT-ATP8",NA,7.51713511725496,NA,NA,NA,NA
