"","c105_old","c111_old","c151_young","c152_young","c154_young","c169_young","c170_young","c171_young","c172_old","c173_old","c175_young","c177_young","c50_old","c54_old","c61_old","c82_old","c83_young","c86_old","c95_old","c96_young"
"C1QC",9.78809983504367,9.70096193918224,11.06400926012,9.61515363141195,9.65832969649696,8.67438448610505,10.4785595506573,9.69063729158076,9.37964146570054,10.1202401335564,11.3239493890676,10.2661602584688,9.63550101941058,9.67771642201856,11.3388464037364,10.1631166180181,10.5913608167332,10.0253611748651,10.1208456739896,10.1303917675152
"AP1M1",6.62495500884515,6.49370919516019,6.66210258536531,6.92459007407186,6.554961001752,NA,6.27876042777028,NA,6.14380471664261,6.41316873645629,6.42104999943636,6.19264768650764,NA,6.2514915226221,NA,6.45787327155729,6.37404381387851,5.3522407935779,6.54075755034808,6.2768877115332
"LTBP4",8.07451838635373,8.75891083280825,8.80560862498483,8.16692586562419,8.06313459770837,8.48900476425289,9.09695216697024,8.45481546123336,7.52439263932123,7.96028293157639,9.28042872399155,7.54542539075283,8.55153298071715,8.15383192249962,7.72261761664396,7.81684902258472,9.0102099117423,8.01451737981308,7.75452607006196,7.15432592589018
"HMGB3",6.89676515395929,7.07366049810713,5.64410757352513,7.9889820476247,6.94585759829975,8.55828621728085,6.44702177610016,7.14821876842029,7.35131948619089,7.36955303767619,5.09716297897465,7.54229098785385,9.43464473150927,7.27990218835562,9.68565886335039,6.96419535799019,8.10352323352634,8.87465450791844,6.71577212953148,7.24317508352951
"ADSS1",7.61229458195406,7.51139073229231,10.0844051345072,10.3552024239267,9.63611542752166,10.1072466918392,9.56870314889648,10.375032907916,9.20555478141122,8.43498523904148,10.637608335787,9.60210247776884,8.2796815183089,9.56672231542113,9.31374263379568,9.07656586003067,11.791451914073,8.15965579732706,9.00390824216716,9.12028933847018
"PRPS2",7.1495722705421,7.71265053475617,6.59959766179611,6.79889141569759,7.32242271026482,6.83997965502959,7.17878050459489,6.60018598482734,8.15935464650561,7.72363221552183,NA,7.36242574046001,6.44513274301137,7.93607468840722,7.48366468538206,7.46996416364923,6.75434818185839,5.82450996482258,7.60297885642222,7.69353665628876
"EPS15L1",6.70721857314093,6.21418792644667,6.70230408007225,6.28184832955525,5.90006032285362,6.33122900711462,6.43948327931794,6.57332835501309,5.88758409050702,6.18377403763338,6.2730724376446,6.40037748454807,NA,6.19981240453288,NA,6.39853300641527,6.73996530907606,6.1940433335934,6.39685215791857,6.58279720133351
"PFKM",8.31571546796554,8.26124975015553,8.59266609381262,8.05361911412561,8.27533512182561,8.07581860768894,8.27620208223908,8.34774977935663,8.73900281453466,8.31214221055444,7.83168328506947,8.16158319955052,7.9332703035612,9.19970261588685,8.06223672065492,8.30694256153488,8.16636351616811,8.26694558734714,9.44633624126732,8.57306632719029
"FLG2",NA,6.7848964515516,NA,NA,7.14652474711405,NA,6.64550847148531,8.24240341133839,NA,5.10992668804363,NA,6.60734614562203,8.32640650107269,8.12836956483857,8.27134724308487,6.8962351800527,NA,NA,7.76627138258568,7.40103399565581
"CLEC3B",11.7398262577003,11.2882374261959,10.6465984961943,10.7687656206588,10.7502725039154,9.96148738736639,11.5675140665038,9.18423530175804,10.5365786205406,11.2453586681721,10.1037873507616,11.4284741137906,9.91483907540209,10.6329638231407,10.1463539249888,10.2808729161221,11.2828256747802,11.2152652731774,10.2186258680679,11.0386084897674
"PTER",8.32868829188583,8.30347114815989,8.54914166875101,7.29407815549719,8.01498528906237,8.31432429842933,8.24700101477153,7.63470481193555,8.17505479088875,8.57716796541165,7.03237697264527,8.47239196842157,6.84293134992076,8.04612818122569,7.86746176599344,8.44937855741362,8.52288070985363,8.13307854241416,8.51681990696851,7.35925039400184
"CTBP1",6.91475520981044,6.86995530357294,6.9642551256272,6.47376695840836,6.98338139050294,6.24950233221978,7.33650273323799,6.42269920392826,6.35496854354708,7.20108691834995,6.12315351488819,6.83701119296745,6.29239849543592,6.65447101145615,3.31209216673618,6.94385808080446,7.0110100449403,6.75261100866677,7.1840680495853,6.91670078090195
"LOC111771821",10.4785685089646,11.5395131161798,10.3498877059827,9.67180716334749,10.8612231477671,11.4217271893787,11.0807519087947,11.5880889370317,11.9783777539237,11.0803371117586,9.67889962420042,10.943960011227,11.1221607012043,11.4433884798584,11.6076223794362,11.0308763046835,10.8631641747085,10.8067215508823,11.5049967836597,10.6768067473875
"UBR4",6.41470135751583,6.37701547990981,6.24742381876075,6.08145046170717,6.12058410900592,5.8343900168198,NA,4.6894254757348,NA,5.86077451344951,6.27524683818705,4.96490382800834,7.38172038544917,6.10421558531018,NA,6.30605646581899,4.87573321372755,6.06066218798587,6.19344409747177,6.20291152912456
"FXR1",6.33585878392845,8.34591518636174,7.12390085564627,7.0996308404224,7.84319501993311,7.44357085781233,8.28229475238429,9.78574982427323,8.29618211713517,8.0825928943392,6.50654208608431,6.71053625031624,9.78059619511756,8.81528331577551,8.0422965421918,8.06225067621947,6.72593360757862,7.11854199630056,8.40491473400707,7.65890337820253
"LOC111772162",8.32490986835935,7.89026749787212,7.54323044131427,7.55071005097602,8.65441709671352,7.88013793592803,7.68187133994134,8.660066778729,8.12837708714023,8.19810199861386,7.6617513877231,8.03374955285717,8.72129392868795,8.32263021462309,7.70326834847054,7.25539072816363,9.20891985293745,8.30086422328124,7.47059126037448,8.59485000141585
"NUP58",7.71889150346898,7.18282200773232,7.53233720772143,NA,7.73296833274566,NA,NA,NA,7.47215394559486,6.84890354583835,7.51916326178039,6.74530360583052,NA,7.72117598646165,NA,7.37637255292524,7.5238523088952,8.29488631740297,NA,7.80515988609495
"NOP58",8.17558945538001,7.90859178030451,8.01862448452458,7.47268111589803,8.37629667634115,8.44662195134915,7.86294627422141,8.03296582014735,8.60607232757784,7.82119557328415,8.21640704226854,8.26506929597293,7.64584647482858,8.21570100000651,8.07504848278819,7.66342642226953,8.47109752504518,8.16334364564024,8.23387472088322,8.05621388053695
"HSPB1",13.7022581754834,13.7495211728355,13.990422782925,13.4632682531482,12.9194881232322,13.2455598434403,13.3528045040867,12.5354367886881,13.2852112553264,13.7344210323406,13.3057185576317,13.0324933507103,11.3557991544275,13.3484683375579,12.5949427571964,13.947565841026,13.1342559654895,13.3324955481519,13.5743525709435,13.4819079025215
"SH3GLB1",6.85087312335921,6.76613134286532,6.94760978413655,5.71043802854982,6.91551019482589,7.10138210125342,7.372199663094,NA,NA,7.59982454130096,6.71610152126243,7.14685831463847,NA,NA,NA,7.13685698989701,6.99981719262979,7.04150029358612,6.84585836366952,6.49551209331109
"ASPSCR1",5.92765155510744,6.11031455769196,6.55166292546234,6.6491621785843,5.54154988147614,6.04221824349886,6.18551690735718,5.21136389028021,NA,6.0752573575323,6.01108242237497,5.94568843231208,NA,6.17258744090407,4.4980100099398,5.9663240152468,6.12517490338433,6.34992610669828,NA,6.15972529466847
"IGF2",7.22943460915049,7.12474956495463,6.41282475589389,7.34500750457313,6.19093182933382,7.33053047286611,7.27132718136836,6.2120472527818,6.68791156987308,7.17825185358885,6.03371106753649,5.33187251436451,6.89405627152874,5.86793691187523,6.87961822574007,6.13043477314881,6.26169728301632,7.1595336329799,6.24215055939385,7.00132895832333
"MYO6",6.91789054199649,6.96140509161054,6.86860868721913,NA,6.81635246923484,6.59226430773343,NA,NA,7.22395744814689,6.4050970312436,6.56216831688241,6.27722829306616,NA,5.77350826363161,NA,6.63934403562868,5.77552595749159,6.58076669720572,7.377970300968,6.81904536744506
"PFKFB3",5.13970030848231,6.11456856746711,5.41875685812782,5.67293735329428,5.8657099821315,6.62731002220288,6.57174497956908,5.98094303823995,6.56052343987995,5.62740606158977,NA,5.98093235923008,NA,6.25379422759726,NA,5.86497417272125,5.98002282663209,NA,NA,5.47024944164658
"CDC42BPB",7.36672773742209,7.08296380186349,6.81591955139889,6.8095749709492,7.2576721530394,7.31232319007781,6.58529475015067,7.2626069868139,7.59223696365349,7.20677734820435,6.84511618551088,7.01276333171899,NA,6.77106653734251,NA,7.03008278708151,6.92638183413055,7.16377384679527,7.49151776876965,6.06047057088508
"NPC2",6.1523035024305,6.96922731951032,NA,6.87787460979018,NA,6.76512095128973,6.56046360633699,6.01994195286282,6.88514875935119,6.44390388746908,NA,5.2809472594474,6.31151353957354,6.8767765611396,3.71637887837309,NA,5.40975722039032,5.57096686222349,5.94528000084226,7.27678393707029
"PRKAR2A",6.87993792940899,6.36878272714315,7.23673393627214,6.99498823083269,6.54595753948509,6.74750101977689,6.67505318772633,5.88181221886059,6.02441052880206,6.89353263252342,7.2340067002967,6.86875783774367,5.82098061888852,6.41153633607536,5.54208223156024,6.53800250451774,6.86656040711798,6.67262627093522,6.28965393554401,6.80112341495041
"NARS1",7.83241955822594,8.00723958086136,8.03937047101121,7.6831364061666,7.97484046070886,8.15944136804226,8.06676548796105,8.2218014946906,8.45053740905995,8.29322900234692,8.1992110586353,8.48694934439269,6.9451358945606,8.26538953452478,7.80395165372693,7.70050509582572,7.72254574864286,8.01611537417181,8.96466640158369,8.14101897636767
"UGGT1",7.48236824525157,6.66296581974324,7.07867173377839,7.08279679036772,7.44043169744221,6.68484143606117,6.56447913667249,6.9503324326863,6.3371343029059,6.50856175006935,7.16290610753994,6.95671803285296,NA,6.2618384731303,7.1583882618878,7.02178866173367,6.90521409794027,7.15213838763755,6.37628434142004,6.68635270582473
"ACTN4",10.2996094210447,9.48405898225878,10.4258377653062,9.74723915907226,9.93692431585028,9.67320231096902,9.23505030898412,9.21337268618812,9.45699848448572,9.71152732187872,10.1283481852718,9.88399811141921,8.4716797156327,9.66600708869166,9.19109134572741,9.66801167776258,10.094819347551,10.1879418228745,9.78016543022772,9.75745526266284
"EPS8",8.08137370104003,7.49525759746216,6.98496832612101,7.23778135412109,8.11200125370727,7.06563941513769,7.47089332867602,7.49023312827032,7.51604937749275,7.29597019937224,NA,8.20970455272979,5.28470701117164,7.07767327494823,5.75718215759092,6.48838797686767,7.88511511769843,7.53444886559091,7.34513435087321,7.30751282906253
"BSG",9.79582161774061,8.88437412687936,10.2896843076202,9.8967327782889,9.84074242380819,9.10115159312184,9.16290187596846,8.48478205075798,8.23432648996394,8.54778958728154,11.0234716717043,9.22935886621635,7.80551848236787,8.88681963320086,6.73997364276614,9.44693391521849,9.15180938819176,9.53918635727825,8.929954721657,8.62957174177122
"ABCC1",7.4598654301761,6.16978416933785,6.69834008250079,7.24678873337656,7.30964154589151,6.63667117219814,7.203410520916,5.52419466404519,5.58086160257201,5.81238237911086,7.47621225603949,6.6040473249729,6.36264127850877,6.40686263410824,NA,6.44465303233545,7.16043690986285,6.56357314533531,6.30666006283874,7.16664256426895
"UAP1L1",9.23550397945351,9.19392050582787,10.2769804442546,9.95445922228688,9.23252277110923,9.37236609310026,9.59420762375994,9.03530991428237,9.1303272880278,9.32290887749234,9.843361647779,9.1656754064382,8.59295568677522,9.48191171221262,8.51505218080593,9.2431820756252,9.44573117771945,9.51929104859057,9.06107209911293,9.51057926325019
"CETN2",5.96562745923249,5.74355813507529,6.08280405042946,6.15509449041597,NA,5.72073894351096,5.48101817979496,NA,5.64074395582286,6.66400366021145,NA,NA,NA,4.99842655904813,5.62255566978567,6.75299606050443,5.60681934510924,6.07407735720269,5.69945130161846,5.44500768740037
"HNRNPA2B1",12.0058286097157,11.6080166791135,12.1357020541109,12.2690447075541,11.6843439138179,11.6106867163444,11.6327995411847,11.1086065734197,11.3557991544275,11.7009719437003,11.2958914331413,11.8744507032984,10.5441699468763,11.6955609661457,11.1375697179347,11.7657919978811,11.9314290153887,11.7781265462453,11.5677210244158,11.7636000400413
"TXNIP",7.93825168684114,6.78728855564883,6.75941149933742,6.59784860132508,7.1852335577823,5.89169539738328,7.09429619234891,5.90337083322799,7.1034016709382,6.80270819841984,7.22769215390676,7.38843077477617,NA,6.99600150289985,NA,6.79205115487223,6.78325821353245,NA,7.53443889600955,6.88247365279342
"PSMC5",8.68694194369524,8.32102253854485,8.73660578649083,8.4525522163104,8.63906399027229,8.34598084150858,8.60297363867027,7.87265513689507,8.24392231795746,8.85071148256836,8.79632718856682,8.78045961609931,7.71059765537801,8.68349093254822,8.10209394692083,8.72418312948657,8.69925894344371,8.81289984969603,8.15497062405635,8.79532242714854
"THOC2",5.67257176984192,4.4219097811654,5.70439841424486,5.85027737289206,5.74260319816861,6.09242473413898,NA,NA,NA,4.76999129921546,6.17457540108093,5.05670262538413,NA,5.67260798900278,NA,5.50671850057187,4.68338339649589,5.89263721396319,5.2270602725241,NA
"EIF4G2",6.51161474855254,5.97561023010767,6.43041949565732,6.27810379432597,6.59661784401952,6.26284172740681,6.14310185347246,5.38231149999559,6.53966970369788,6.49916144110532,6.60210776432246,6.74258587566408,6.39804907338806,6.64477137435413,6.7790204840633,6.13879762555125,6.69108420582158,6.39792921997116,6.7655987030477,6.22699201785246
"ARRB1",6.25114278321867,5.45973430402166,6.17994631831395,6.10624775769499,5.92223170457591,5.32543400969462,6.21633753043984,NA,6.54594486427492,6.10847784622119,6.17928586554674,6.21754456333686,NA,6.30650541040595,6.12171410688083,5.55413992112876,6.26382914517419,5.92949031401508,6.0202671193708,6.01742094538399
"PGM2",8.52179580408463,8.5291992660619,8.95258274661619,8.81445894571902,8.66674734684544,8.76314878017696,8.70609766408298,8.39267382604316,8.69946888093662,8.58907952755391,8.47411612746622,8.79363271101242,7.46534943908186,8.79590920945451,8.40710756156895,8.19990350362074,8.65359633315845,8.51492755956692,9.11280931535041,8.77479492884932
"RCC2",6.54917343165087,6.56175008579279,6.2317888527393,6.56350277092374,6.96700192510877,NA,6.41291243323832,7.00654452787682,6.47408872183583,6.98003298257453,5.87905434050782,6.81997346246718,6.4503650846539,6.6866309767821,6.75780345354816,6.17331340662944,7.08733250468249,6.4805668613037,6.55119962203726,6.44872472352282
"SEC63",5.88448269609202,5.7072513502334,6.01493473485063,5.91924510392242,5.94186578852819,NA,NA,NA,5.32411592786751,NA,6.01763683753077,6.25205486292228,NA,5.7817346497073,NA,5.60472581863323,5.1428534698177,NA,NA,5.08101029961761
"EQMCE1",4.75785159491118,5.17764307871319,5.87310939060118,NA,7.00088356560513,5.63099122056572,5.19976347195283,NA,NA,6.21714881264269,NA,7.29831143889987,NA,5.11060427076939,NA,NA,6.04795567473307,5.2671495709882,7.27884368909693,6.02942645518532
"TPM1",9.17501915515638,8.53423560631234,NA,9.62720582154236,8.94398214329241,NA,9.44924650457098,9.07519290864477,8.84879230131237,9.6325643044723,9.19460448316699,9.58800497551199,8.49652882388171,8.94750037081633,8.22629208065085,8.88782171221674,10.1156414384362,9.74378236916774,8.84865534052877,9.39759005455842
"YTHDF3",6.06222997096377,5.00810773633259,5.39387281245571,NA,5.7483756139163,5.7309640075531,5.12896791271597,NA,5.8805435578516,5.27894166470457,NA,5.66391830780361,5.26550417037384,5.70406483371439,4.94820741540149,NA,6.16267844056266,5.84860527224404,NA,NA
"NPW",9.40345191046308,8.20362302739772,6.22725813680283,6.45750540753382,6.88345057167152,NA,5.67758491485579,NA,7.41398876669985,7.66561969075362,NA,7.2955342097171,8.70675442642812,6.60849043237945,NA,8.06061457831437,NA,6.88870383274622,8.19135350792835,8.3188842821817
"TRPV4",9.98516983805009,8.6864672062061,9.25291937800989,9.6231619920695,9.99656078089442,8.48642581650155,9.33097032682004,8.91766996413438,8.50632494228884,8.80734717704057,10.4831777238648,9.03689292223962,7.90590067343311,9.00811908990576,7.7986458377258,9.47807605419133,8.53869909034176,9.35344156638402,8.92429345515419,8.91295513713756
"IMP3",5.59695301483686,6.28243662984687,5.48557137044754,NA,NA,6.58676687436299,5.57559556046171,5.90626159378245,6.57190115897352,5.41230721530103,NA,5.43951325425146,NA,6.09147637690417,NA,5.6746940532158,5.38127015159801,5.37983150012858,5.97598782858864,NA
"PDIA5",8.16532890391958,8.19311434611496,8.24713936432225,8.72106248144151,8.38899868219799,8.59167505701657,8.48135116935725,9.30981215431645,8.53882171707651,8.54444952096582,8.0373875161931,8.56150220815663,9.36570027725265,9.17796623715853,9.6765941260604,8.47289447860126,8.59289872386934,8.33793072073216,8.66418078097046,8.43677592089483
"LGALS3",9.14275454801789,10.5714285510827,10.3238127040273,10.5396400877813,9.35262286749185,9.5039575840812,10.6793815996026,9.84627674228829,10.5597244831869,9.79779023988256,10.3741255787782,9.51565682991514,9.86232140434266,10.310187761105,9.53577602214257,10.1453377901046,8.84611661192601,10.116742723041,10.5276821197662,11.1088340610864
"GSTA4",9.59466783737281,8.24372588738695,10.2615198784123,9.20446772686604,9.0493253361847,9.16535745443488,9.25649729578709,9.85290820667141,9.05870121347659,8.80933239249624,9.7950383625763,9.67829158934032,8.4315052788817,9.2619044355997,9.14504753013378,8.97227403319335,9.65580100598425,9.67390494271274,9.1340835587168,9.37063621177314
"EHD2",11.1312325371936,10.8521709085596,11.5102660319036,11.49126766558,11.4469725197034,10.8507728761111,11.1510604615761,11.4504962983104,11.3081810712065,11.3093887695815,11.6903213070853,11.2852644374919,10.2827621312282,11.2800229180022,11.1809705348336,10.73547666822,11.5737822439459,11.0218766595965,11.6092009616532,11.446114420318
"BOC",7.4551277595667,6.98158800164593,7.91870345006862,6.6005420547304,6.89316815812972,6.71835546085044,7.72487852506813,7.14501549904948,7.30317589602996,7.89914985925298,7.47930590483458,7.49739692000858,NA,6.44722694240509,6.05866241424408,8.25202344485063,6.90956939811771,7.29031136413012,6.83534358359922,7.32836039612312
"GRAMD1B",9.39785961667918,9.07813286387856,8.75595409769582,9.60339285759476,9.42167156794894,NA,10.7161971919186,8.95332090548925,8.83571088764786,10.8150392622868,9.1831661457503,11.52432004152,NA,8.60023615225106,9.35517710494315,8.97809661915895,8.81052442618557,9.26801253652829,10.4675473775597,8.67050657445299
"FBLN1",10.5593917811566,9.35003674831065,9.54384501272795,9.82816178289937,9.19545679378775,8.78872838884593,9.56532280604211,8.65660077189752,9.93713276512284,10.3357202385762,7.81888147579536,11.1206789736112,7.4586725463881,9.05567447641988,10.1398761158056,9.14675268921298,8.96224655066391,9.59860286344524,10.5507155895879,9.17128489451177
"TUBA1A",13.2960406559541,12.6194750949516,13.3241765439627,13.2122406711219,12.7955818394739,12.866334386385,12.7991807781739,12.4656321105086,12.6905579875507,12.5202586494006,13.0024456145795,12.9237504964127,11.7100144563695,12.9572326681994,12.1926464179093,12.7006616871903,13.2825105884146,12.9861595953056,12.6853652432136,12.9852975354414
"UBE2V2",7.81969132394969,8.06601370634257,8.24868778002808,7.37272397423707,7.6287248830691,NA,8.35486225781171,NA,7.71374406428897,8.13024578198668,7.39820895439468,7.84202200846574,7.87302502813743,8.00732651317588,7.53947152892346,8.50800602271419,8.05892471893113,8.32972739284496,NA,8.08132093965462
"NAMPT",7.16207889929205,8.42401525211027,7.71122735397869,8.63155553063333,8.18118686503284,9.31077646577299,8.42156187545816,8.18903106402628,8.71607842028472,9.06948122164728,8.57587614749148,8.89253327824183,7.0827205734944,9.03766777572843,8.66868200361368,9.12751366738144,8.36578147253682,8.15434731313118,9.12553671790191,8.31156963247727
"MSI2",7.30461504537564,7.18528327781219,7.31003870727822,7.01192386408796,6.88864701121182,5.98151668088004,7.65205663935957,6.72828114310837,6.85455445426013,7.28696013830747,7.24431206568965,7.38682743215776,NA,6.68055614596608,5.85732958074178,7.45271591917465,7.23422418585027,7.58410545860527,6.80073566547205,7.08241943239769
"ALYREF",8.30170889014588,7.79768519430304,7.35861422103912,7.97789051737614,8.61035486974398,7.69149342207816,7.64201418302772,8.15910528654612,7.12441618333615,7.72846703408742,7.5795946240253,8.08324116521075,8.29892523191248,7.82842322277024,8.25880583459188,7.66180456746257,8.67395990020722,7.8765862541567,7.48321830400022,8.71850407282485
"PDGFD",8.56141650476307,9.24299069074117,6.17568975695367,NA,NA,NA,7.7022879281265,7.75836129559594,8.70323267813803,8.32141327028667,7.35697900332125,5.91233087982843,4.44062926652694,8.28723551351942,8.71579951688447,8.51228024796372,6.79723525056891,8.56388749483153,9.28652647141594,7.78340101596353
"NADK2",5.82107702572187,5.32083885853999,6.03605857766908,5.94930176552286,5.26481852652006,5.35210015684851,5.88951537234845,5.98823087244005,5.87117190423395,5.37599160187158,5.36940093153902,5.83402712643721,5.42177056571648,5.73043620377545,NA,5.99592424098214,5.84450862904163,4.75117778682783,6.27169677826277,6.04627276762187
"HSP90AA1",9.96041653089999,9.89399953536483,10.0598902717035,10.2702371214375,9.71207391763182,10.0261296832211,9.68524967940315,9.84186497848268,9.94862398391436,9.86620715495748,9.81797256715428,9.69272028485028,9.873199622229,9.97433943923156,9.51783945695857,9.74553623262138,9.75850016242654,9.49649430117026,10.2436649163778,10.2253152506538
"LIMCH1",6.89822441284893,6.65288572732117,6.82026222595853,6.62056779797277,6.42189771073585,6.55315510888853,7.3108798815392,6.15771093869923,6.44907683343976,6.8338412412161,6.37690952661318,6.7883441471993,4.02564487354894,6.27176052708877,6.47073223288883,6.20707702411875,7.24322527131737,6.82506183677981,6.41469519959789,6.13386761300435
"CTSZ",9.17799506485506,8.74289575509098,9.36657177849241,8.82332149567563,8.98575961781586,9.1210461486696,9.19424252271796,8.13579112848174,8.20539284614027,10.0461854624795,9.03938951876388,9.46482655651015,8.42051649014285,8.92914565993159,8.84144698943502,9.67194852226113,8.93995401289004,9.73962990344432,8.13133521948079,9.09927724930514
"DDAH1",11.0847341065784,10.3866385839792,11.4862579267889,11.4414629373919,10.3690860430801,10.5809219093064,10.8195075793814,10.0776900840489,10.1997410989374,11.0352922362858,11.031048475226,11.3684947461848,9.19039701766833,10.3191300944898,9.94880120451203,10.9663957792092,11.3324688975522,10.9363797708195,10.399730342451,10.8213068100139
"TAOK1",5.65357239183865,5.62199749304113,5.02111617015161,4.9589399217112,5.6670785018115,5.11461834631573,5.38279203406407,5.58655072312522,5.73084242421336,4.63930936451735,NA,5.01855473666061,NA,4.68570893746139,5.0543854317,NA,5.6998477020075,5.19267672282717,5.42808604027054,5.32690791688356
"RANBP1",8.74327199297511,8.63334269903611,8.69870484246779,8.80125319379783,8.28469994489554,8.65197393884559,9.01506838852295,7.86159746334261,8.65362054748002,8.5981046586345,8.36473758129414,6.76860897871709,7.75688557694415,8.63343428550376,7.54212694812968,8.64387022182028,9.1932860505609,8.50328565098199,8.65961876940181,8.99139676722205
"GDF15",7.34337005520582,8.04009789682419,5.73973553331041,6.11091126934112,4.40129345998926,5.55681712938182,6.87726811261249,NA,6.4023153584406,6.87838458715773,5.44762822198426,5.00433172980079,5.83266140212455,5.9079784737064,5.38676109244534,7.40844460855224,5.32302155865446,6.39399451148954,7.64982898202242,6.3496282095457
"ARHGEF1",9.08195302159726,8.43554646412544,9.02989170572402,8.48728451601188,8.94827075561147,8.8700117961934,8.69783792973618,8.3354481615177,8.85394471011878,8.70537355596808,9.33317910080135,8.60762179116326,NA,8.51662039880974,7.83840472994084,8.5161069975365,8.99911204035774,9.07541890793002,9.19349304028458,8.32565033292685
"GFER",6.69677162550548,NA,6.22569469224607,5.31145846168851,NA,NA,6.22214671105976,NA,6.09272983036993,6.82769168561457,NA,5.86600574932462,NA,2.84296561348575,NA,NA,6.935124813714,6.31121472588964,NA,6.35227115920877
"ACADS",4.89308580447487,5.29427953913844,5.94510825936904,NA,5.73475558610298,4.87883375816175,5.59294988490359,NA,5.30487769640891,5.83848533553656,NA,5.94743533537428,NA,5.68669390686654,NA,5.49986962551302,5.36817885911975,5.43574470951958,5.5020914392817,5.80304454153746
"SMCHD1",6.38320659209403,5.90893351928365,5.8560432052379,NA,6.34456792917551,NA,5.79761522661409,4.42158146190274,6.1076896794505,5.80383464741374,5.51128157193767,5.82109224437093,5.30444864922312,5.63812297898102,5.5717072919088,6.29497441828101,5.43735681170252,6.29569040482941,5.87908906279663,5.56040455599108
"FBP1",6.91237534337022,7.00604007073641,6.94489695306602,NA,4.5577900959732,NA,7.11676152002034,NA,5.34954919435657,6.87064755440575,6.84989298721759,NA,7.00307845282435,7.05737881200588,7.06637499798668,7.39947117628546,6.30940297285424,7.01993978047298,6.678613322128,6.69441710481731
"CYFIP1",8.56543066224443,8.19958219044175,8.18637193450585,8.35519677063686,8.48856256186767,7.84974186049129,7.57663393421359,7.29540406286804,7.91589418354366,7.43451940256453,8.69910576883457,7.74892972051759,7.2545837473817,8.12629573844503,7.85193679239303,8.15503695911461,7.60649734858825,8.22239801891833,8.32816579182695,7.97798701931932
"ANK3",NA,5.53837251611612,5.23296228317455,NA,5.75175165724903,5.82264965532053,6.24302966547353,6.20177426668177,6.19606590649037,6.02336975717791,5.93133027743854,5.42049268615918,NA,5.99755877997765,5.72325615430063,5.55808854306153,5.78811343283979,4.63547646366709,5.90759997276144,NA
"HAMP",6.32759577009132,9.57855683340593,7.43878208678136,6.37846709573312,NA,7.52324712776875,8.30065081613513,4.39304545835566,8.20154678292451,7.90610651893214,6.0714038241319,8.11013104797708,NA,9.38116843774064,8.67101109221832,8.83913891372584,7.22598242447794,9.10476820668022,8.86216914570691,7.72392213116285
"TP53RK",6.53423191030135,8.00551064680476,7.64085956163726,6.91210837186752,7.13123386670609,8.12663836524187,7.97926001776602,7.54513472702126,8.4421565357658,7.8467716758067,7.41502358122366,8.04813377795368,6.55763883371724,7.64993168497826,7.54955240806811,7.57208312622791,7.82264458111516,7.50312933447364,8.50379018936502,7.00725852947017
"MATR3",9.10445488679947,9.15954956189876,8.45762919460442,8.42492718656036,9.1825125583251,8.96734512716685,8.44802902168713,8.88346669380845,8.95299749323076,8.23482483733127,8.82591610918726,8.84859223185141,8.38372812704543,8.99399740328711,8.28613701867265,8.39143001255332,9.3668584867571,8.70826025604311,8.50136596464589,9.19518410780672
"SND1",10.2320965419166,9.91014524613149,10.3441092417671,10.0119646746523,10.5207080735577,10.2371071348596,10.4227990705459,10.9789062335018,10.395000945742,10.6446363390891,9.7586733494452,10.3317000168822,9.614825980052,10.9963477196341,11.100524531327,10.2041933166831,10.3703714344129,10.3116272791999,10.23777594514,10.4799799350918
"ABRAXAS2",5.91025402493587,6.13610060693104,6.12891915305856,5.5610598163382,6.07319511594967,6.08318479651109,6.13307108646327,6.18536185069295,6.84712475325586,6.00625094046049,5.19556870957543,6.25881237651759,NA,6.18540233073359,5.49903513682891,5.49185448479564,6.05025465042195,NA,6.48266458687049,5.49046421506538
"LTBP3",7.72723576826481,7.70760680999463,7.5354193245653,6.7419887836365,7.31842788659033,7.13070701440285,7.69728160108523,7.6448718860761,7.02701807214221,7.85800546650035,8.53472446866586,7.62164605125935,9.40642192143689,7.49003106442656,6.98745615368865,8.01910541324778,7.46617247531555,7.82910890997113,7.27571765317797,6.44329093337939
"DLST",7.27238708339108,6.88521737681822,5.99158279593104,6.25486404329911,7.0826064868594,6.24044499442204,6.49769483164189,NA,6.61067959612463,7.55283103396915,6.05598236913822,6.65957766376296,6.12521411582749,6.53621036189959,6.22644197622892,6.32482774103207,6.96056541569263,6.58880389116723,5.85702307062181,7.14846949503742
"FPGT",6.16379091543378,6.2443631601736,6.96578558474598,6.14596425969772,6.61474064739724,6.47317622531394,6.87886152040404,NA,5.48383674266174,5.39161897906409,6.98634465054432,5.87069343254966,NA,6.40949668492405,5.52875223605762,6.55750345601708,4.83451828813164,6.8324287921154,6.81063092429533,NA
"ADD1",NA,6.04158435344686,NA,6.48846561263644,5.96563464007267,5.73835553924684,6.53188275624636,NA,6.44355721145795,6.48463166773524,NA,5.97090448227105,NA,5.93777786331855,NA,5.78486107491384,6.79158729478304,NA,6.29942099825124,NA
"OXCT1",8.64928393170372,8.03063494288458,8.40165243708425,8.41957498392046,8.46502959145177,7.95836650950904,8.18643267060064,7.4237327733713,7.69677574208584,8.50712451169434,8.05887077199086,8.02189986677763,7.87075908654213,7.99377669097089,7.26631536278502,7.83725564644087,8.62804073873555,8.53818544621852,7.82229767234994,9.03449696977458
"CDK5RAP3",6.54589951752719,6.41598199036822,6.74723937907237,6.39280357450476,6.49238350980669,6.76382359628881,6.74633017541823,5.99071991379578,6.78691876729117,6.70873551617922,5.94661835050694,6.65078674828449,6.36949570429266,6.91873314681654,6.94434765444018,6.77504488897487,6.33973786447306,6.70388217499763,6.86968599118195,6.85909261709985
"DAPK3",6.38644653366648,NA,7.58988994655923,NA,NA,7.32075151241945,NA,NA,NA,NA,6.85318475403993,NA,NA,7.52005278686225,7.19307643371049,NA,7.16568394139384,7.23678627351404,6.82399141940126,7.31973194743748
"PTN",8.38961505670194,9.73652105460632,6.63779629732751,7.14989154391051,11.3123422315132,7.20407755581836,8.32851941941987,8.2554024233074,9.37674558750582,8.41694732588453,6.59141219698366,7.6279199102149,10.0201381951991,8.60873332018055,9.83283571140918,9.5934418971456,9.06980248045179,7.51194303985532,7.46422981742625,10.3222915787375
"CD47",8.10164991296865,6.70096946909995,7.26041328448174,NA,8.55619708432888,5.15999278245521,7.54972441475471,6.82762548596943,6.94920578092336,6.37791305197186,9.06830609219737,7.16586175282831,NA,7.3587144951639,NA,6.36489838348355,NA,7.66498316331559,6.95362853401713,8.09981064385845
"GAPVD1",6.43184359268311,6.05713511232867,6.5475969392934,6.5174973506129,6.78856733083236,5.84468942063175,6.18882495819372,NA,5.889784445584,5.70873697112978,6.59626992254289,6.57562025551182,NA,5.82616854205933,NA,6.40761242678034,6.16945466344044,5.69844694128823,6.47897633014467,6.65590538659849
"ACADVL",5.38395579283703,6.1082872408719,5.8311071094413,5.904867215683,6.49880104729046,6.39368595270874,5.97762133210633,NA,6.64190165400817,6.04076069778022,5.88871821844007,6.24441383954052,NA,6.81863592318578,6.40215312397695,NA,6.10669718237216,5.3118280751493,5.68042258611102,6.55848009922155
"CDV3",4.70810158573907,5.080812399225,4.67900002322996,6.14767887073073,4.88117137999406,NA,4.92035387004214,6.41949842983442,6.14551727410447,5.00792195752856,NA,5.46698866763266,6.00408347884193,5.54613545626209,5.64060759278317,NA,4.74470250427723,5.77105963192334,NA,5.89325951744162
"DUT",6.98621093839923,NA,6.23920770837466,6.67619730592323,7.01667473839906,6.44693549702118,6.29233072399125,NA,7.17164674891134,6.88898364616142,NA,6.8928279169933,6.94957588920656,7.10709754449277,NA,NA,7.31299003319846,6.73465045762162,6.32828608583134,6.95332443131895
"A0A3Q2H306",7.18698092051668,7.38340534418659,NA,8.35092952884792,NA,8.2321108344123,9.55780937839435,6.62211514895573,NA,NA,NA,7.24883071107022,9.26240531116767,7.88428882383169,8.31303486069476,NA,7.13953514074957,NA,8.16371274070636,9.24333469761935
"LOC100630020",8.74588447851444,10.9934541297588,9.81990981771724,9.78804846086432,8.79931502919046,8.82182779205109,8.06304290082808,6.1456553958327,9.78353152088041,11.072979755148,9.0202885449618,10.0827394834021,7.42067120464581,8.55948192436002,11.1248911322994,11.1525328616193,8.48323880507183,7.96894543058119,11.2722999476184,8.51764905398705
"C7",7.07473301329837,7.97611376658777,6.30843691963654,7.28007391626742,7.9986260818494,8.30727068121134,8.84799240495052,8.15154105840953,7.95855138703841,8.92446609769136,6.62469824092307,9.0570736716405,NA,8.59824737316663,8.60516043761121,7.15002867814413,7.19018153031914,7.38276719812846,8.49482918726185,8.10201998070623
"NIPSNAP1",6.3322584126008,NA,6.14106078925447,NA,NA,5.97743688103969,5.62834749829012,NA,6.98767845531242,NA,NA,6.7862350684076,NA,6.79571181221432,NA,NA,5.87368000984832,6.22529127077437,5.88601773644592,NA
"PODNL1",9.30980161637834,8.58021762849314,7.71877168368613,6.65064766500495,7.85152383993897,8.06105199347602,7.39011240967387,7.59165015345974,8.09161785349686,8.30976432864429,6.38318653133149,7.13972218868077,8.25741150518191,8.77787028546347,9.16335503006813,7.99134454790802,6.43279394609758,8.20330210558202,7.59634909483134,7.87654249447215
"MMP2",7.35459136882136,7.75858955009713,6.47055733679554,6.28460115899275,7.12652777619153,6.30051517416158,7.05049940830738,6.18918146791586,7.08375329581633,7.97768620752881,6.04666810931739,8.51627698423731,6.0442319439493,6.86203233790742,7.80599192336637,7.10963598135821,6.4753319358729,6.99387588559362,7.28379317928428,6.73228205458244
"ITIH4",7.76398654582596,8.0805850024406,6.57467012112758,6.81662142807656,8.90425613640858,9.98847403878698,8.92140268892548,8.32896294542301,8.25856308637973,9.02598543536481,6.79684396804966,9.11704394764396,NA,7.86199135650937,8.58307348558068,7.22093827867947,7.16710750325158,7.50786511722938,8.51868080909264,8.29217551933021
"PIR",6.78289387373532,6.31220926504463,7.02900616479477,6.36556028340468,5.69623892886185,6.88125986900564,6.45414886695448,NA,5.97435262767125,6.82373840317171,NA,6.67395849437906,NA,6.26405137786327,NA,7.0159259211938,6.88530506056127,6.83740259525603,6.65835390540769,7.10424814775152
"TUBB4B",12.7171839737896,12.2858082190496,12.6997403737929,12.7658254614306,12.3663332975531,12.6600321912477,12.3601664329979,12.1027269480206,12.3567679947436,12.1153623791044,12.4817844058616,12.2751558505778,11.523970310464,12.4902813129692,11.9816470194861,12.1032781170821,13.0065300005111,12.4365084019353,12.2158802297928,12.6723853076318
"NCK2",6.9978793897777,6.3439146684338,6.80256514027221,6.66253439687907,6.32430585589643,6.82292188844224,6.80547156472427,5.6680656833774,6.26869304383962,6.96240728230694,6.64472988751732,6.75213123046655,5.14178167611012,6.14839464825456,NA,6.38323519345705,6.77297273360554,7.26479906642914,6.30804977781425,6.48492334077611
"LOC100054601",10.7434977363151,10.2581536685866,10.9403007262759,10.6492787804689,10.8821331009717,11.0602042015026,10.5015800870566,10.3057555260673,10.8838657541955,10.919855707152,10.9191798367464,11.0107202436594,9.4975758163662,10.6012529245678,10.5857475816359,10.742088114085,10.7810464028404,10.3670083178376,11.1923667031317,10.9947817822314
"CD109",8.63401176692944,8.48133615025217,9.33258410413995,8.89094188577081,9.01061195116699,8.15746666323787,8.80505595777779,8.03806811269082,8.80387903455403,8.64213432658579,9.60653070056302,8.75687294561438,7.73585361257717,8.99945247111832,8.64681894766438,9.16026432334819,8.30207171432716,8.69530153489851,9.20497891125404,8.29451094519074
"SF3A2",6.65006573992546,6.14408457992663,5.28106519898441,NA,6.60822434897176,NA,6.07973047489915,6.30956606392963,5.73787837763423,5.91194336665735,5.89657228956082,6.11151153738952,6.73863463182728,6.09344879505375,5.98299604091148,5.51882562125354,6.41599645014503,5.13071725297521,4.4842739483671,7.09548243367402
"ITPA",7.9129518768292,7.70097881434953,7.68837053509721,7.28703788894649,7.37450073380812,7.16985562888993,6.6926607798141,6.70307923630325,6.83295946570641,7.14899377187749,7.53199515159249,6.74670959665397,6.93285718617126,6.95395718668302,6.82256749771774,6.93818918582905,7.70860542485488,7.45922364308315,NA,6.88097115147138
"SVIL",6.18079431504401,5.29850346885096,5.02761155948658,5.71779520848638,5.6988341067954,5.87423621009053,2.84617867386345,NA,5.40298621266952,NA,NA,5.87477066762242,NA,5.53082889757621,NA,NA,5.52672177949617,5.54513586891368,5.3391498213693,5.78475014626794
"CTBP2",9.50360965651156,9.64961690365537,9.2294669094021,9.29537197054379,9.78806138484889,9.414152372541,10.0475536598518,9.54684857498868,9.62537106027538,9.72188020913112,8.95121358138582,9.20268841132981,7.5096129061283,9.7601693254743,8.18005372447667,9.9043698144578,9.31961443831541,8.88595312778519,9.53727305372277,9.63081793179289
"LOX",12.6272582661623,13.1736915541265,14.6752682147925,13.4113660265908,13.4564853615096,14.0207478476368,14.3664202434131,13.2452241078127,12.8289424686248,13.4859580470557,14.4094899856185,14.1337204230096,12.6030240721247,13.3251094627987,12.2685699720644,14.208423767862,14.3548646577873,14.0138474563453,13.3368705460648,13.3139833596173
"COMMD10",5.81594813341732,5.49835630718588,6.69679806461109,5.84078543089391,5.61954517851671,6.07583060705481,6.20167584103291,4.55300863383243,5.80792134314742,5.56823959359871,5.87164349376655,6.44814509513431,5.47273390197425,5.96332117899879,5.00895191049306,5.99846548349905,6.22460839571277,5.88301744250699,5.97795093354121,5.98514525438287
"DNAJC11",6.13830083531278,5.14424845332819,6.00365642026425,5.83492853958127,5.38743547354009,4.7917941511973,4.71530435133676,NA,4.89956487697595,5.19667745082352,5.86393202132361,5.68400131245571,NA,4.80302362592482,5.91862271304456,6.1100167969837,5.21028339691225,5.62005368465458,5.6877521004899,5.95966383830452
"LOC111767785",7.06974111441587,6.74337294240774,7.67984034679995,NA,7.03389024174243,6.55866829082372,7.09161349428734,NA,6.87793822482926,7.21043369448388,6.95224213781106,5.10611849973507,NA,6.80060080605249,NA,6.88565360118878,7.46773261422043,7.38391485409145,5.82309280496481,7.38007480892854
"EPB41L1",8.49086879969132,8.13724898071356,8.64691081224219,7.8927420679315,7.70665261143965,8.13594453828194,8.04972900100461,7.68386265070425,8.02989133727622,8.35105217480225,8.44080564690008,8.55444445003448,7.15384140671284,7.9670867586206,7.8150811819549,8.16408067377753,8.47722790831393,8.25980830841479,8.39301705312493,7.67238223944703
"AMPD2",7.3218402478879,7.82675499596276,7.70596733070159,7.28955114220144,7.98029676759591,7.62093743138138,7.25421433342424,7.49671393290101,7.85947155699491,7.88399153629523,8.16443625674172,7.43928054608337,4.96365656138792,8.12380847728507,7.40430274459009,8.38304075471809,7.24504713667677,7.35152925407287,8.1102282837137,7.70314911728624
"RAB10",7.33955035213154,7.0618228588845,7.1025281393389,6.6447087088427,7.12803812478026,6.50270068999015,6.75709648587884,7.47058861662278,6.95061704323395,6.75365676486621,7.0802307336864,7.24216649831406,5.83662289442862,7.24180855500668,6.18488401465522,7.07964039960243,6.72310296477769,7.07496754640359,6.89334985380647,6.92751201045824
"ESYT2",8.1086287924857,8.69918617030299,7.66827414192328,7.22412045586053,8.41809064729756,7.79423232881969,7.96261797673565,8.18364289384956,8.60136935221825,8.95772997120426,8.00284303624708,8.38134974490161,8.9413209854315,8.67600845283791,8.465139682722,7.99499699537729,8.35029182026363,8.32324090332967,8.54541047043429,7.75782756719484
"ANOS1",5.18510136879144,4.74623794110382,4.24696831599239,NA,3.74525434775367,5.44047697909514,NA,NA,5.12284326348202,4.3651803921285,3.94882468747654,4.56980921695429,NA,6.57049460138134,6.89070117339789,NA,5.96202177845846,NA,4.2340573750121,NA
"UBTF",7.32313505172712,7.78342404706114,6.36035222420741,6.56742736667943,7.37007266504302,7.54029393640909,7.39517041134177,7.60481375122203,8.2522485606167,7.45185766750134,NA,7.19028599183912,7.34816370647261,7.53203104307313,7.24380776771849,6.55077648565054,7.89701226280972,6.91628972373062,7.59484317651392,7.16926061213251
"SEC23A",8.6849403722474,7.89767754922071,8.89192533680612,8.6455275671013,8.4779680626654,8.20571159268928,7.97131793467631,7.59997495550228,7.74405802540857,8.09571096840751,8.93210032989661,8.6373869664634,6.76847314114727,8.35107618231799,7.95054038277263,8.22299151244042,8.75837680798347,8.36413434075396,8.05356837068301,8.44202077587721
"F8A1",3.68981946194495,NA,2.31477323625177,4.97907558449457,3.50942841332264,4.33977665970918,NA,4.74784976718861,2.31477323625177,2.83632187106497,3.72535287625375,3.42597618608682,4.28754136344084,NA,NA,NA,3.81059597893429,4.35937254275818,NA,NA
"LOC100051754",11.9221541735051,13.0501263812584,11.6044104332255,12.2401136826244,12.0423088438206,11.1205408514332,12.6520813262254,11.9429201988508,13.0614240659781,12.2174598324016,11.1316976094281,10.7993079983126,13.8264587148668,12.0934397437081,10.5773339491325,11.7761547572112,12.6379323938498,10.6207348027255,11.8501126213394,13.0515066583458
"SFPQ",8.44359561254974,7.8356971520202,8.03022352213113,8.33742642398417,8.48198048262011,8.12873532644729,7.45861964979962,7.5567435271215,7.67974277176979,7.31555448427326,8.43763628094871,8.23825779327327,6.79827875163313,8.16693760194612,7.74921675941841,7.61711564642224,8.83014552569852,8.21800858677991,7.72697925493863,8.58578485854397
"IQSEC1",6.98347863603151,6.3497715644117,7.01412285515389,6.77042519157327,7.28682833840239,7.37728836029338,7.02623141939514,7.35457473781355,6.82351058015596,6.44199783889032,7.4255807403509,6.36953337034317,NA,6.49593766109463,6.08412021347521,6.0761713497111,7.02531857082906,6.66807714336319,6.92038445585972,6.72677478990021
"PPP3R1",7.46567273104428,7.21235873718097,7.07451073215539,6.65522466040444,7.63888319294427,7.1984943697474,7.19488375538226,6.83467706479952,6.93316523397779,6.98984353636461,NA,6.90586643853217,6.39533021960672,6.41366043906351,5.99933797467203,7.29379451882659,7.64590838588762,6.51869537519354,6.70665905051944,6.8968463014506
"STRN",7.02362263119095,6.70474416425595,7.25942423142958,5.59697414901373,6.40962787726555,6.91251566210373,7.02790178108827,6.83787003225149,6.73687493242689,7.25663394737282,6.9637928495773,6.8732779200718,NA,6.79766680529199,4.72205672788699,6.69839735573593,7.43193089073319,7.01845482111306,7.02898074919627,6.53705531758711
"VAPA",7.50864570446467,6.53274315866679,7.53677557703714,7.20138917790936,7.39403246506073,6.6939632619844,6.82466830340396,6.13010715821413,6.57304142888529,7.04926832019959,6.69479674797537,7.35915787327169,5.69087385889467,6.52105363340154,5.68927108823083,6.55208239542661,7.53745150238854,6.97282098509742,6.45511854139994,6.88916988906539
"SORBS2",8.2763274610042,7.33006925618374,8.38552471270523,8.31241322966355,8.08261828622824,7.43626474075913,7.88122017210587,8.03619420324926,7.73031648628654,7.78970737768281,7.84751102117916,8.10844330638925,NA,7.31856577658881,8.03629167115175,6.43892999526691,9.39652754344245,6.96998674107657,7.27347735293776,7.64262194524831
"SF3A3",7.77327625099498,7.56628424258436,7.55088215039842,7.72947999130094,7.57843928561855,7.6515566223828,7.90859670124279,7.98522409201159,7.5666740516989,8.10487339161324,7.28182558898703,7.75775191599862,6.67475554886526,7.30770671602883,6.45787828054115,7.41575035825942,8.21721197924314,7.29770045707407,6.98299705398611,8.03094286721526
"PDLIM4",7.18553704073511,6.63993816979486,7.38657874393979,7.48184998588751,6.96862270279742,7.05800250085837,7.60121295109592,7.52023059040596,6.30818053129714,6.34029279639109,7.03562121152618,5.47870076787156,NA,7.3457376887863,NA,6.14096327756687,7.30837355252672,7.70563556693827,6.01838620121484,7.68994457036282
"A0A3Q2H7D9",6.4488346977212,5.39457865798244,6.23717746205443,6.99978050144689,5.86333244863132,5.71345103062811,4.87831215348444,4.98249595235335,6.09067147658628,5.02829319643882,NA,6.79100171103746,3.38625227515422,6.55764444448271,5.37793948189829,5.8238983975622,6.91305383158537,NA,5.67019266658645,5.80585802513089
"RPE",7.14701612320998,NA,7.94884515317915,7.05904899195067,6.74992704257132,6.74947746565254,6.60866062300978,6.38822367995434,5.47671355716734,6.95038643464739,6.76307554357786,6.47949969998949,NA,5.60579172229096,NA,6.20515680955821,7.1152455638734,7.28484010804031,5.81813945050197,6.68210738185585
"FIS1",8.24307251401289,7.89205702148803,8.09530666041308,7.99611339764441,7.88261992023264,7.46508094480449,8.10006118480603,7.1584454815132,6.99538311883666,7.47863806000384,8.00824638775278,7.67782833652884,7.14930911834734,7.55367390929541,6.61962791988577,8.05011327644185,8.72635316871259,8.34678582717079,7.94591887858051,8.59324711324936
"ITGA10",6.87709451790082,6.73761396149182,7.24191333405951,6.67969445346877,6.77239069561837,6.76237010959697,NA,NA,6.12259297490175,6.32631415802847,6.98003624030252,6.34594044317807,NA,6.40328842116841,NA,6.86858141227511,5.90831929045192,6.90944707824052,6.82930177313636,6.61153475457828
"CAPG",7.3629886145088,7.55783069386904,7.72609477099095,8.59601710144717,8.99682294883433,7.77201862920329,8.11767926522097,7.26411086547545,7.5534342187943,8.82161325882101,8.10419460319383,8.24352719013999,7.71766321858825,8.22681958934554,7.17892335909527,6.93974600073532,10.0228468289978,7.81776336811774,7.13580847626732,8.38713411663658
"TNS1",7.54778957507472,7.60671857512357,7.62273571534343,7.48573831218575,7.94818600665058,7.44973439998608,7.68026917686217,7.08803699096541,7.50591274744778,7.9179811293238,7.62475643418221,7.78568082076621,5.88311011841828,7.49121381042276,7.27975534945557,7.5578634219152,7.81949141174709,7.12494917259137,7.58675941459464,8.11328108490436
"RANBP3",6.6446654906395,NA,6.31552028748181,6.95928318930954,5.69323082476485,6.29534010471911,6.45678225982187,NA,6.43985728537264,5.94107194623254,NA,5.77136990241408,NA,6.23727209400939,NA,NA,6.2496601199036,5.99490773143893,NA,6.52189861118077
"SIRT2",NA,6.07864128923066,6.54580480342413,6.29087726724667,NA,6.52829595008194,NA,NA,6.22590482440183,6.2461900569308,6.03113191298147,6.53442222283289,NA,6.10088055033443,NA,NA,6.69764372098062,NA,6.41266540736131,NA
"LOC100061663",6.59007888610991,NA,7.85159903556607,6.68361858844854,7.28158805283486,7.67439781989384,NA,NA,NA,7.46751703385269,NA,8.5070086107899,5.03111112715094,NA,6.79360495403884,NA,4.46060062328081,NA,5.7119848351681,NA
"SYNCRIP",7.58197084826103,7.20885944138333,7.64281943433525,7.66499661467829,7.64195887488648,7.69574250405899,7.31866050489182,6.78799513447454,6.95213474731402,7.41696494669051,7.58816331892647,7.72577808998367,6.50587717273918,7.23893644796781,7.10557977996991,7.31779734423955,8.27870733138358,7.60804528225459,7.3341705382347,7.73725093751657
"C1QTNF8",10.0324194215589,9.86252837739929,10.227089017776,9.19207216698707,9.9299541223889,9.24195276336416,9.43771183316936,9.15723788127002,10.4073557662475,10.5032872647605,10.6915767417789,9.59496633914209,9.37469801318511,9.46445513962991,9.70028454475611,11.1789015197696,9.35380099323995,10.4674540723962,10.2014773900109,9.37885272778872
"LZTFL1",6.74404496437798,6.87946327340695,7.05248135226442,7.63884157254937,6.70669032979381,6.96485828126526,7.51836019106923,NA,6.92849161102652,7.37397885090695,6.58412859776627,7.1002980951738,6.61963649486164,6.84536391624993,NA,7.05985862449269,7.38545166369534,6.35282747310848,6.68928613937189,6.83425763537595
"PFN2",NA,7.44620271349435,8.22062340594086,6.98370454046451,7.83073021009831,7.53189916223752,NA,6.82019918715263,7.05646195172209,7.83223575030669,NA,8.03058205966167,5.47826423476313,7.5027223923651,6.32388327309757,7.92206542274175,7.71512504542653,7.69117886545832,6.94915309252352,7.54477092730495
"PCBP2",10.8192847452721,10.2621508251089,11.0485874692683,10.6128949144167,10.6096053927587,10.4440666550709,10.557371638926,10.2878104167815,10.0811099772944,10.6735658549277,10.4953558555194,11.0453418003446,9.23515274257808,10.3890656740507,9.99060393355507,10.0730429839355,11.0490890642684,10.5247316877042,10.3130962645147,10.6403454215372
"DNAJC3",6.58363587652325,NA,7.16703797445484,6.25732691674405,6.82519080989795,6.23416076072722,7.06571208455464,NA,6.32881612561535,6.78273898354369,6.37904308776066,7.16729448780756,NA,6.29602292590274,NA,NA,7.37600535365414,6.73624859019713,6.63068897338017,6.59879564494314
"LAMP2",7.98158821909258,7.6252001135278,8.45043020037708,8.61851226672151,7.71494756074047,8.19768201483342,7.24673997849357,6.21449401534207,NA,7.30775826607191,8.24909993122813,7.90612754999156,6.52749715529619,7.60195680988533,7.10381176042288,7.92635746075455,8.58551025296683,7.56329502588686,6.79585662909227,8.00165582631269
"RRAGA",6.00971890051,6.65749590313833,5.65061406529063,5.69737219386767,7.41658548340894,5.04134632442159,6.53830799878444,NA,6.7146453894859,7.26304351428039,7.02589978095412,7.03060627767598,NA,6.74337411985413,NA,NA,NA,NA,7.16957571202806,6.71409030848987
"NT5E",11.6628370267719,10.6624542097564,12.4797580428127,12.2163345986795,12.2391784390245,11.1299692386826,11.0546179330795,10.6031752021002,10.8273314168612,10.4766655686457,12.5649779993102,11.248458512705,9.6094217983373,11.5442089704671,10.6987333175559,10.8098680647742,11.1650842565436,11.7154624202818,10.3174255834615,11.752286001402
"IGHM",9.08521618417814,10.3651943536953,8.25156428073196,9.65870534867034,11.257137730953,10.6756745221357,10.7680398101166,8.92886597347325,10.440164211004,11.3174492036384,8.25251230471594,10.8502857429451,8.00534893051555,9.28973007835856,9.58679024594485,9.45554189149367,10.4895014035492,9.04640084117034,10.4269379627507,9.16440183005815
"DAP",6.52100823960771,6.29912862617827,6.63586295531663,NA,6.89754586218499,NA,6.76049251546359,6.13444516880122,NA,6.86382350729499,7.35925928109436,6.84136308667939,6.84528038227594,5.45257689662358,6.01122764115811,7.53039342958338,7.74662331162354,6.72836680596582,6.01030605484519,5.85809192310186
"DDX17",9.75897778547465,9.03447584671266,9.15986965089416,9.15518482696401,10.1048155269357,9.22620921304947,8.66997025788374,9.49919151007771,9.15616931972624,9.23239871203705,9.00164162021807,9.39136714656603,9.75684798336811,9.25855361949035,8.54824543693385,8.81545167693328,10.2483411544725,9.46857583505522,8.92692142693293,9.70302860075646
"EXOSC3",7.73154470955414,NA,NA,9.54267210981047,7.74694152664074,8.43869344935968,8.34154159801429,8.19078381390761,NA,8.20841437205438,8.35389097555329,7.69113229524998,NA,7.77525434548976,8.6923866370947,8.76381281164428,7.83517055609722,9.04321559743034,NA,7.28218122215254
"LOC102149234",8.19717492265205,7.88511163149454,8.14125856598519,8.13630896629542,8.41541242490843,8.00138856658243,8.38746701584606,7.69571554588338,7.81138218637655,8.68732744657712,8.25735467569063,8.69638444027187,7.60279928144001,8.16044858998755,7.87491533090843,8.21876029592346,8.59829606239221,8.4530026715323,7.91195143279753,8.06180332537719
"HTRA1",12.1274947097364,11.9283209057081,11.9824664270182,12.0281209308404,11.6210644316769,11.6001846536517,11.8765382157365,11.1506815599421,11.891276405462,12.3537926842,12.661727399309,11.1076078213733,11.8633361835884,13.1239192267527,12.2090930945482,12.9742156884322,12.2464900605989,12.2309872300759,12.0590840815019,10.9839283437765
"PDS5B",5.273404095122,5.03615701005928,4.87511724652313,5.33095981873115,5.3548923265807,NA,NA,5.03200567901217,5.15242610576076,4.33654145078968,5.15175648775596,5.24942765002816,NA,4.77330629277727,5.44887261717144,5.18192146905242,4.9751106128961,5.41877472962118,4.94033827786562,5.4145453143327
"CPSF7",6.72678246586071,6.76903803844439,6.23332128407139,5.39301810863334,6.71992264880882,7.38366325375922,6.83398683760335,7.40255858178053,7.16200445463796,6.28260222352295,7.04619987705055,7.5182339484611,NA,7.43601179812823,6.73308309604537,5.97096596331178,6.92912484147083,6.55783408709801,6.05028853698219,7.26592164407206
"LAGE3",NA,5.91957555956264,6.75278810019155,NA,5.97645485429938,NA,6.27355471656658,6.15543729043237,6.94224351145722,5.3202652398388,NA,NA,NA,6.96174705713305,3.64456090687308,6.77982632548493,6.4666786798827,NA,7.20208947845079,6.55497643467089
"XPO7",5.88878138755105,NA,5.67670586946061,5.7335092281253,5.74505786425726,5.80891004305611,5.00435539943149,NA,NA,5.19096605959269,5.56983775948509,5.71405814172669,NA,5.16669030271385,6.84008750055886,5.44410887492344,5.33290570647565,5.76731758742053,5.43388584941828,5.29527764163071
"PHOSPHO1",7.5279979220463,7.0920501441642,8.87720809489765,8.4546046577773,9.22606706817201,8.4189160171433,7.85507785018251,8.24979706785616,8.09365483934823,7.13801283692565,8.56850864338417,8.17662566566222,7.10174144214603,8.17955099212557,7.25636313438294,8.85612806497911,7.64892565363419,8.01229575093832,7.58170299994007,8.11870339075425
"CCDC134",5.19177464888883,NA,3.6936576311194,5.62798896477047,4.34148733909017,NA,4.97217087692478,NA,4.65367799793593,5.50174776941671,NA,5.13563112683018,NA,5.44507705778599,NA,4.82093783826583,5.60397820696574,4.81065609998225,4.30419474947146,NA
"KYAT3",7.49756092702016,7.88218704917425,8.52750885641418,7.91362221919526,7.79842729686986,8.10458516941682,7.69144316380017,7.92533942282384,7.68295365301121,7.68349022870122,8.30074834686714,8.13980490811355,6.27596385875391,7.5650281265304,7.45954994664032,7.90935425235178,7.88805110220707,7.76640670917936,8.29022037802178,8.21310476001191
"PROS1",11.8830317867473,12.5487725787017,12.2335483264524,12.3181638300056,12.2291546928376,12.1883515410471,12.4844193460515,12.0062481033064,12.2141133106102,12.4641716814047,12.5439676866182,13.1383515936678,NA,12.2892695484773,11.556571034977,12.5481284593804,11.9596273828372,12.4034231566658,12.7003899647364,11.9834865017105
"FAP",6.19326537217262,5.89895866542416,6.67809416249474,6.60479093935206,6.22719957926243,6.33970692643685,5.96291574840237,NA,NA,6.31127791936738,5.81373928229986,6.57312778550266,NA,6.11655817388999,NA,6.89201678502342,6.68829200294635,6.3565394060264,6.54502111623945,6.00123903252586
"SMC3",7.51141110672558,7.1742389023774,7.46234457205658,6.84709640422272,7.83982917925666,7.18698522813433,7.28730372834544,7.05622970632539,7.76291111411968,7.47286947823176,7.09476745757881,7.52611424111354,6.07936785393462,7.43747747092917,6.78684542726574,7.32093940199677,7.26408075791322,7.22308392792955,7.00821538569479,7.5799094367866
"SLC3A2",7.42349371326006,6.96599001990211,8.05674958522336,8.15992744406945,8.38673336666639,8.08206223997341,7.87597001740489,7.45465050004415,6.22910748352166,6.8809055769002,8.94121904290728,7.5300235301737,6.23130775384275,6.97469919059363,6.41927045813326,7.34635872862304,7.5064408742939,7.13975280499165,7.15575134284924,6.961049743823
"RDX",11.1782773710631,10.7909228812689,11.2481395161174,11.5184372662433,11.5479083751253,11.3457480316379,11.31889883818,11.1715014773305,11.0503191497527,10.8350468991781,11.6533893515678,11.1978152741089,10.370905003002,10.9429512487997,10.1943464625344,10.6461204895027,11.4130324993211,10.9923618005645,10.8645631489165,11.271453690555
"LOC100053583",7.00387793383202,6.36510034157274,6.96893732161642,6.92231998996726,6.57337744589337,NA,5.93438651860306,NA,6.34162531735625,6.44912189640501,6.84174398729513,6.3324050029895,5.84364976209437,6.29758440208049,5.81097933383086,6.70947243306063,6.28469374815463,6.82814171296188,6.08839842158635,6.79830533021656
"MFAP5",8.51233627206868,8.05769482067548,8.84766858997333,8.07304249192716,7.456556130432,NA,NA,7.09390016075708,6.37287300434825,8.64068556512483,8.13198774597243,7.43556822891021,NA,6.97980631279231,7.42778171701092,7.29962879360317,7.56648547711367,NA,NA,8.65816929164404
"TNN",5.12321117747896,5.76772569279449,6.88746000387988,9.94078742558971,8.56823556393222,7.67850216019252,9.10177246289592,8.52251771349248,5.62872968579084,5.14512707081165,11.1649676519196,7.32437253093036,5.66081552073359,5.52011613281228,6.23878585721498,5.41595059673359,9.39394445480056,6.05292248686693,4.41552143187595,6.78098420787216
"DDX39A",6.34412328242358,6.27876251317288,6.44932120984426,6.00442166311038,6.4410125552497,7.20866090531457,6.17918282631807,5.357986599917,6.45827781738048,6.55056096770112,6.65216708485611,6.82745918163708,NA,6.66282966737018,NA,6.10555955464211,7.0014113659176,6.08310341328064,6.62867439712295,6.14863160893686
"PRNP",9.64900573489302,8.63126184542228,9.06050765088686,9.24045810350893,8.87847729599215,8.93991348159677,8.52879628557325,8.15511103238454,8.60997238133968,8.07897795837533,9.32874384858127,7.63039210183747,8.37619629167617,8.90564311554582,8.55862789331469,9.19287968774087,8.18244264140089,9.47105245681306,8.80052287216653,9.08845070874519
"BPNT1",7.13600254827494,7.17846248495442,7.33366814538421,7.47134586573514,7.10413444298486,7.56602441147964,7.86945918071135,7.51694100218133,7.5719416433717,7.6438405252906,7.25393211714761,7.5905495900035,NA,7.86868164258308,7.27172574939975,7.39598490495881,7.59580414538286,7.4542551317196,7.72586907169249,7.28100534260592
"CPQ",7.68193331614273,8.14890720181821,7.99242772419555,7.57598233632517,6.68827190690498,8.42385176228133,7.92665941064203,7.14112157401081,7.94521394492119,8.29924852829963,7.71364771205581,7.62028000996622,7.62077346989526,7.75556527276455,8.53595402810224,8.54571452641206,7.38411439672537,7.62405342310407,8.23594843788434,7.63815503022047
"RAN",12.1883974056122,11.8516237315461,12.3601055391368,11.7917116237367,12.1297591949129,11.9540021596729,11.9370952025473,12.1381515563753,12.1544505391974,12.3400169732856,11.8564432779816,12.0421988903897,11.2508234032147,12.5061087911499,11.9268649044888,11.9257660210731,12.1988131252299,11.8617160489027,12.0953424209126,12.1541142416926
"UNK",NA,9.80137796876112,NA,NA,9.20448473521925,NA,8.91704075773221,6.98703172242998,10.5877516964015,8.94551566530322,NA,9.48454640688257,5.93307354215985,8.83340635715716,9.50391751107257,NA,8.57097835931903,NA,11.1427178357533,NA
"A0A3Q2HCA2",12.0723529846942,11.6698295297578,8.45177413955181,8.13453684589484,9.88700723788978,8.59357267631525,8.48547341247391,8.73488374384368,10.4640275859674,10.7159157822458,9.01361108978973,8.20364474410564,10.8199120198297,10.5656115477344,10.3666446642388,10.3420650466257,8.38514222065293,11.0590195354017,10.3089600610265,8.90980727504236
"SAE1",7.30597012911082,7.14032749557526,7.44445922708582,7.01563838829433,7.21125210553524,6.94150854105057,7.50818027041428,6.70496153385364,7.09576922313393,7.78637841586239,7.14635524243093,7.90418306135062,6.34135806634173,7.20691719622418,6.63352613240413,7.00375775543696,7.67350471418492,7.54529292539888,7.41453070920475,7.60988931062264
"AKR1B1",11.3379126956731,11.007665334727,11.8629490467174,10.9628152310133,10.8344549726563,10.7774846289554,11.0731946115725,10.364644670715,10.938496241046,11.774369177789,11.6655886498446,11.294106458073,10.5189519860171,11.4803819799294,10.7662790233294,12.2791409455449,10.8845003592995,11.9379101513235,11.2028765332206,10.6472199937645
"PARP1",8.88173045327444,9.24003957607665,8.63471343497598,8.55266447593844,9.28375339760763,9.56961247850069,9.18076638538819,10.0299860231832,10.3333841033215,9.08190097947889,8.8172724134844,9.14568102464882,8.80209009514554,9.90701996911634,9.10795216361973,8.96592174391797,9.48180751697231,8.79731110697434,10.0390296673464,8.80955999325844
"YBX3",6.80837699762805,7.79390225546674,7.14139360108779,7.05574481965818,7.1591997005002,8.27396942153923,7.87920773916,7.6642464209708,8.04307344603481,7.0640726154903,7.31256001038282,8.09056038140894,6.86144434294771,7.54704075403731,6.90044347441574,7.11188488820242,7.82520384994278,7.25779560357256,6.76855652793742,7.32667344984437
"BCAP31",7.74962954640489,7.99005294054716,NA,8.06703910820125,7.70350423869808,8.54506037393039,8.19477458821065,NA,8.27107860776478,9.34856050490925,NA,NA,NA,8.28144980100347,8.32705586054204,8.20747714635064,NA,4.97802153308946,NA,8.71622159789097
"PLCG2",8.7311149292182,8.61648380817322,8.94085189304024,8.67302973599779,8.66397618799626,8.88066221406122,8.88200491158751,8.87007179465567,9.34179767868534,8.52839422961767,8.73799269810699,8.65995248497391,7.44853436817582,8.68561174138375,8.42358058093053,8.53428005678551,7.93563128512575,8.30500632200408,9.16688700312757,8.76932311909372
"UQCRC2",6.43011439145311,6.33799381724876,6.75771592883145,6.78015612200771,7.1697674922048,6.38554894434808,6.42626251726086,6.03298051973697,6.40761640878802,7.17675157045878,6.78934534000733,6.65779226507919,5.79426128632501,6.61127127351553,NA,6.10019871214385,7.39860761717855,6.90128206105228,6.13267175494748,7.08633385748846
"SYNPO",7.57374340956751,NA,7.53815655210445,7.96379530277289,7.15634307533164,7.15377303785938,7.20225711241734,NA,6.68164001577941,6.0556843855639,7.35228478091841,7.51554922422968,NA,NA,NA,6.76456753846955,8.11225243777223,7.32192646703603,NA,8.0440365662412
"EIF4G3",6.11793821256908,6.46388670213572,6.6582910574462,5.9990327491632,6.39824608161416,6.37765598161202,6.60370052531814,6.5936667612887,6.9722924502761,6.36610708406431,6.0246322272126,6.92369249541907,NA,6.44880566529531,6.50820588317465,5.77388100744322,6.36324234192321,5.7612789672376,6.95831253002208,6.7592463777989
"RBP4",7.7398179338542,7.59908844159935,7.04758668570473,7.3028279363275,7.28910998751768,7.76053188513276,8.59485061465195,7.45621618738419,7.54493318971626,8.14431714838193,6.52914431582899,7.93043837395664,NA,7.46584509653509,7.74722258756071,7.17872639049945,7.90126024137243,8.51893638144897,7.41005730490352,7.5893935467855
"NDRG3",6.404696768362,NA,6.55040208538578,6.13176754846451,6.46520290955782,5.9073708248124,6.72265921394294,6.29624345213804,6.00393631026006,5.1225419081396,7.06827855166101,5.49852138504466,NA,NA,4.57873125589923,5.42023085876293,6.22092094577636,5.94242432705455,6.73245744639141,6.02249463448573
"CIRBP",8.53747043805673,8.90254424099519,8.45553211910188,8.65541628096389,8.41052286905981,8.61296437252014,8.55764087073584,8.22375120624374,8.80564940806176,8.27135476762392,7.7473085806596,8.28240651350324,7.31700004769948,8.67879759425674,7.51527158958202,8.70603737409671,8.82352826297208,8.02835573781339,7.70051277815261,8.29013717081596
"COPZ2",7.57759509137504,NA,7.92486723302213,7.67440484901187,7.34019677420354,7.66862962907103,6.67196889200801,7.18431016135489,6.22004146130649,7.03184351400347,7.60357448504862,7.36865690267275,NA,7.03917794237062,7.32901208926643,7.23286080175473,7.95446719622697,7.1409692127926,6.93647167527419,7.51547407079391
"SCARB2",7.80660052985309,7.32824362745758,8.03346747351957,8.47121589420183,7.96539719563633,7.76659266537282,NA,6.37559491359537,6.84222289118659,6.86509618896923,8.19584432704235,7.51679874895541,5.6662539715875,7.85597392395921,7.45557477144959,8.34480815257886,7.44109958168128,7.52405995137837,7.05132930883111,7.31426759792275
"PPP1CB",7.56514122658439,7.91742802931897,7.82228940526458,6.72133248017224,7.59221040060472,6.83151550618517,8.17914388359614,8.55320415208801,8.51796033756033,7.54612181442945,7.61052871924298,7.0187783489251,NA,8.41146185206727,8.33334033109788,7.21213778568447,7.55571830732275,7.08118099776159,8.15194528752141,8.96969815880583
"THEM4",5.49546240902604,4.58279975214761,5.67343663175188,NA,NA,5.18161117674376,5.51596158519545,NA,5.9913650746282,5.76637390246008,NA,5.08943301076128,NA,5.53799174064068,4.90274230739194,5.70424275377823,5.01249916184593,5.10409254872841,5.74413179590997,5.14298213772283
"STX7",8.17134653043044,7.63082563842335,8.17733548780855,8.10292687870966,7.63787013799223,7.92568303080061,7.84130316161349,6.84462707062204,7.44429304651565,8.43109626567009,7.85959168313185,8.2902640902493,6.53183644444422,7.10446564998294,6.6608709706201,8.21058984604288,8.66095677425934,7.92979800667265,7.24311062336154,6.90268499855654
"SEPTIN8",7.8019531313967,8.05644889592138,7.95660355321183,8.21336583517811,7.62231126115072,7.69779555620464,8.08315767571927,7.76345214512683,7.79374637715925,7.92688822963697,7.94069520013582,7.91121744310743,7.25273960884697,8.15017225284919,7.84172565212116,7.67819924125367,7.6796327631206,7.47774068033157,7.54263614240244,8.10898163926438
"MAT2B",8.75862645188039,8.38912178079641,8.21284608753405,7.77909130151282,8.3193692288908,7.80163119989898,8.81641004250777,7.99896725756339,7.92567428289692,8.7267941457991,8.34539600359001,8.82861291586348,7.92108335227644,7.95896621218897,7.36673243206352,8.33164681726445,8.83740688463428,9.00226456439721,8.17127915326775,8.18638683012389
"EZR",9.25625191566087,8.62886565592985,8.99296778469357,9.58011878605961,9.92119079777668,9.23324866645371,9.63412923048707,9.77395445584119,9.16929197019035,9.18524427614876,9.26488378872939,9.32255978121112,8.78627681885857,9.15705060640587,8.6866965206106,8.6865459310054,9.39917706561321,9.03282506610842,8.98656025533621,9.48766299625532
"YKT6",7.9781053965801,7.22239259124423,7.94380221644467,7.31715486845872,7.74522446898487,7.25801573038848,7.36903451875466,7.30468592213073,7.19753641129161,7.52527034266292,7.96168761982008,7.05953461076624,6.29715358026314,7.48148412690241,6.85824320224477,7.22843346472688,7.35172213467155,7.59824237107932,7.82790856689589,7.64852709538613
"MAP2K3",NA,NA,5.3817772744353,NA,4.98280728214497,NA,4.74285504632851,NA,4.21568052833537,5.2899462008782,NA,6.4041934828188,NA,4.92492266466359,NA,NA,5.86246092102214,5.14354890322845,5.41399099727301,4.89297381486897
"OTUB1",7.15533706056463,6.90917699516287,7.33951740809997,7.34918195369031,7.08901919024907,7.18276200034991,7.20447796464218,6.45018508671331,6.98340263431402,7.64039170088109,7.15547679386026,7.76336440798353,5.75626131389291,7.39564585274656,6.27045513561291,6.78529614968206,7.10484056019548,6.30303879085411,6.85190719477629,7.17971040163013
"NHLRC3",6.73936529303575,7.575865814207,6.79251633644952,NA,6.299725851928,NA,7.22679362199712,NA,6.86689942543077,7.42563724073614,6.9457316102372,7.21512035202644,NA,7.05573993762439,5.68096258803859,7.75526354347307,7.24068514975526,7.19041842552928,6.71250360450202,6.45770226917125
"GPHN",7.73018481788917,7.74950727406827,7.79988612345094,7.29552710439162,7.30778163619742,7.23188173786682,7.62304360409111,6.88104468692155,7.20090618361472,7.81750439258396,7.23825155056181,7.07784004639584,NA,7.94277777795139,NA,7.69108526538613,7.47301904873365,6.93569009534069,7.31388561302933,7.15713723405667
"BLVRA",8.39768981659245,8.21590630602059,8.39413502361147,7.56964153421632,8.54426446554346,7.90141148516162,7.99827371388934,7.67728312894189,8.69738546288739,8.54049733194883,8.18551783739854,8.06222812893125,7.36975152595715,8.43331449841461,8.2085295719643,8.31370842136395,8.51875920570063,8.26119588835364,9.11995669703354,7.62620631096648
"UBE2R2",6.68886440619518,NA,6.57771647672751,7.11650633357866,6.55664078206664,6.56840783114809,6.67669263159225,NA,NA,7.35231720589784,NA,NA,6.75508543627861,6.89705617759343,NA,7.10474369864854,7.23928306751797,NA,6.87576816991295,6.33684865111444
"COLEC12",8.85628754681546,8.00388222230703,8.19085128483495,8.36079057736923,8.57061556605255,7.86685502019199,8.20141093075433,7.48720665138672,7.8803574542693,8.0055892653584,7.69033493633205,8.4469866943968,8.96483292658722,8.29842392033654,8.25504812454848,8.25685312020944,8.71486239072153,8.08526399689344,7.8249310229652,8.23668648498738
"PSMG1",6.7452125706298,6.98730711932613,7.0555649778876,7.34247507533198,NA,NA,6.87264436629335,7.61064535838779,7.73167972586874,6.92295421126995,6.95885848308138,6.58979207511664,6.67254163148707,7.47599155863816,6.95862225975466,6.65282609257279,6.65112041898455,7.39959832163698,7.67515798243232,7.46581641498568
"CLINT1",8.2667881240475,7.94139983192226,8.01705367965184,7.25340035378348,7.54105156181213,7.58810252015732,7.52938198574689,6.32363699197229,7.19315821295445,8.20985680399738,8.1609184088865,7.7533300305197,7.13298818472217,7.58220708530538,7.33968071314403,8.1084500637007,8.13552148396936,8.67909752596642,7.18548642124297,7.76235147218313
"NAGK",8.21817227494944,7.37457217973448,7.99944374788967,7.32055123372757,7.6704411299472,7.47917940608946,7.69408637936592,7.49859973034904,7.74049300335753,7.91122561466821,7.01967906667146,8.01293830677659,6.99620047337065,7.33066328540207,7.25298015111861,7.98100596160303,7.78078384462037,5.98318435389035,7.85073832453999,7.70992109947968
"ACAA2",10.3135232377811,9.36691196942247,9.90689137832443,9.49467249089828,9.91625328709484,9.31986075016825,9.78417329690243,9.16074960609266,9.40725871835916,10.0659485711312,9.31477122733833,9.71536890740223,9.54214866264142,9.6099719609804,9.01600142733109,9.32573722457132,10.0403510138704,10.0405074782097,9.03914978246686,10.1260753758004
"RPN1",8.86755620465336,8.23056793162035,8.86306679188293,8.8308921461124,8.70221952655587,8.15415067580807,7.64646678479993,7.08161567872272,7.65146776879012,7.54372086375347,8.90278985650458,8.36532737487153,7.11580366420026,8.32059096503557,8.3034917844976,8.58951933948814,8.12090585770788,8.6499749457228,7.9226912222186,8.89862060914238
"AMACR",6.25334794958256,NA,6.92650597899921,NA,6.22563879989644,6.89378422592429,7.37642783105218,NA,7.55058967301932,6.95332170403205,NA,7.00911907080354,NA,6.87378968942105,6.67855945641243,6.68629752079398,6.43423423046102,6.94446100182907,7.24191437298987,6.22140492642028
"CSK",7.84369038278797,7.45178924802946,7.89509429552562,7.67296041485719,7.80945219983971,7.89082226003242,7.83607176006182,7.82316477624327,8.16799201238537,7.98932309450163,7.89847702359813,7.89047431182323,4.84293019172767,7.78732695319797,7.49765695147026,7.62724503863134,8.12492931359151,7.97895358074506,8.3644996792784,8.02938492295344
"RBMX",10.0627077199377,9.56387703598226,9.64284952281866,9.71704360628721,10.1688313993946,9.63546373301945,9.27608667263037,9.20071811211028,9.08936116593998,9.58700987432518,9.67462876547038,10.0046885999816,9.24289510186241,9.54284593735428,9.05532573051132,9.50614043945356,10.5427446699215,9.93542711978069,9.03613387194214,10.3375603483158
"MORC2",6.53844442542533,NA,NA,NA,6.20178988543131,NA,NA,7.09553566516304,7.60275669740257,6.47895086164566,5.95375203080913,6.33428422806898,NA,6.05795559406365,NA,NA,6.08212530287033,NA,7.2366079287011,6.59563049882361
"COBLL1",7.00091554939124,6.91436272496665,7.39485253659592,7.44956646079358,7.27379613070081,7.62924223377932,7.13833049037647,7.34414545837119,7.09726495948492,6.91310496103211,7.48989500012481,7.19978962845129,6.99085404940514,7.40532556888206,7.39602827598777,7.21762216054826,6.85084417845025,6.78266654189343,6.91643000179806,7.7045780936685
"LOC100057176",8.75580068541158,NA,7.94209592479044,8.14647984579766,8.13235578795336,7.61932103477346,7.38494069693649,6.20794361279885,NA,7.0215146531685,8.12839259698391,7.50135723820268,NA,7.22356767694778,NA,7.49047283894988,7.28261819454133,8.77860205731608,6.95055491217662,7.31057129960053
"LECT2",11.0113809477243,12.1630867301995,11.1812588988762,11.5082397990571,11.3423673328956,10.7700867576645,10.9306135290841,11.0873130014864,11.2591013481827,11.4694192771336,11.4836616536936,11.0038064982099,12.0101552706626,12.3389105679271,11.911697125365,11.7863773937764,11.3248875320563,11.8868298171271,11.3495002937141,13.2325293328126
"MTDH",8.78445051285663,8.73603928021857,8.31287076400828,8.71849690525095,8.81592502704191,8.55165300569023,8.23374907311384,9.27908234466341,8.38004497106155,8.37285944269388,8.43110216688786,8.77790370993181,8.3126872749958,8.3069822762562,7.88808934655219,8.03946038097905,9.0390185788452,9.20440599069186,7.94121143678368,8.35132740258824
"LRRC1",NA,5.68926985120297,6.20877104369243,NA,5.43956534264496,NA,5.87537352494489,NA,NA,5.58666726587584,NA,5.85030058219454,NA,4.2313566521648,NA,6.38674976937122,NA,NA,4.57508587549711,5.82423658777148
"GSTZ1",6.43332685198248,6.94451913922317,7.00867392715299,NA,NA,6.71528775743126,5.808766062748,6.5989546960193,7.72479915626094,7.65452441933734,5.7765518833072,6.62249198106263,NA,NA,NA,6.82935588648821,6.50606856787053,7.37636432566146,7.62986347737435,6.3336474748159
"TRPC4",7.56263887665529,8.8702589724124,8.20292259208916,6.37151025120062,7.99166409158441,NA,8.08487258357345,8.68128489590259,9.88947644178027,9.03228416011276,6.90232477511,8.63160658054897,NA,8.09773274182274,8.19798713626512,8.22997580129914,7.98037241815497,NA,8.35419573509173,7.49836412574413
"DERA",7.70007851350662,7.16652280301383,7.04155705175732,6.61626521649648,6.5871717472217,7.28725677849415,6.31342361710751,NA,7.10957948703469,6.91994664206806,6.33912951056829,7.22717778987405,NA,6.56309675424495,4.88245912462836,6.82664875932027,6.32577303328141,6.22115758572405,7.86166950331936,5.91839847594119
"LOC100051778",8.27483529187193,9.5431355057805,7.99416238950241,7.17770851373779,8.88196580751164,9.14351861817175,9.06452271985109,8.72767838633395,9.87619867125077,9.14037510299594,7.71865680346134,8.98916426879034,8.45266068237591,9.27191747930292,9.30672921449957,9.05390844654488,9.1096546383694,9.17224756302739,9.41554725032595,8.46642691718347
"ABI1",7.39063914545885,7.41680523214201,7.43085575677828,7.66007306022691,7.04359353455538,7.09030070798194,7.35122652222207,7.11809968830044,6.99152092219268,7.24900862457978,7.06315092290196,7.93246191568597,6.24653870449391,7.13356074168599,6.90421437677313,7.37348802794631,7.40262489335218,6.55099230604617,7.68713044979503,7.6035647514278
"FAM120A",6.85491550080706,7.28224056737994,7.11787273184739,7.05750994385231,7.20756397616022,7.01254442240499,6.97824049732859,7.74784012604787,7.48971993778102,6.97497357340492,7.00606086772884,7.40690873891541,7.37817919442649,6.98990678901603,7.52501507391188,7.11603360517991,7.09221281242013,7.17092644884347,7.60578335551776,7.11727684869425
"DNAJC2",6.0600404052521,6.3027973070429,5.13932366497466,5.24426289000533,6.16540362477802,6.49125728351405,6.10351716854316,6.7487882196644,6.59888019316718,6.26616388930635,5.20659240359178,5.70427952473886,6.23637395469038,5.49871227807216,6.06672854838199,5.06525114740711,6.59485684654303,6.46282792740097,6.48836499860298,5.75341013341684
"PHKB",6.90993900845197,6.93775934002539,7.25214250757075,6.3474645883729,6.98607672135942,6.52222929784281,5.94672073527404,NA,6.04761133797558,5.64581243434588,7.1211698201064,6.30700803851657,NA,6.77425422314995,6.5975338385265,6.92860863016507,5.83792385793435,7.08442042724072,6.58257698329886,6.58911374024554
"CAMSAP2",5.96162703183633,4.9478400528286,4.86528562909816,6.06859275306794,6.03449815316458,4.15823560767383,5.23035653905781,7.19855534192691,3.97510459065125,5.39850118297815,NA,5.19340695037633,4.91600171662113,5.5268210379257,NA,NA,6.44467611913319,4.70995406577099,4.52730391819687,4.6821836059345
"AHNAK",12.2890272247584,11.5978423175953,12.3473787831801,12.3514417228458,12.1907206676601,11.5093273370598,11.9278650789716,11.2222535105135,11.2751242122332,12.0219228898415,12.156743070162,12.2150324201741,10.2958949302676,11.2680886871596,10.6147536682072,11.1054821896695,12.8464914674773,11.8364725405066,11.171693378998,12.0680607336797
"RPN2",7.98330929423331,7.94324821665169,8.11557018216146,8.4006771704196,8.21278958354658,7.45668996521458,7.03982950371633,7.01970724164508,7.48591726488064,7.12425202718247,8.21018341678564,7.74076543939264,6.48589744068369,7.86708625236292,8.12411591651901,8.06794434639223,7.52121705991371,7.27965496849314,7.72156996695366,8.1366836638616
"SYPL1",8.80910546079721,7.77091875902761,8.27417225001874,7.57362673735768,8.76062790703403,7.12895903948955,7.38260470247948,6.43761361092126,7.3321973476818,7.28801948703685,9.15501567943158,7.89737947620297,NA,8.02019541251577,7.76694852144787,8.12411704816766,7.96742935921495,8.30676736056845,7.78655264173792,7.93907349559702
"TPST2",7.74320875422029,6.2923922943743,7.12046932518437,NA,6.14944372910192,NA,6.01823746535781,NA,7.32897754780504,6.92650913601563,6.75043111421019,6.21012418840236,NA,6.45929071324807,NA,7.13543701225229,6.29193972701304,7.18775661643553,6.79391173044758,5.50520060990455
"SEC23IP",8.06058571945281,7.73077454595836,8.38380933356296,8.39017645691155,8.05720686900317,8.25953103146675,8.0346819380428,7.82976345440901,8.32163537492194,7.92292622719227,8.33838245935599,8.37638330433391,7.20134839465728,8.07226846385883,7.66237888309739,7.84686830089074,8.25614977749833,8.04363713701723,8.12965887271611,8.14784044436332
"PSMC6",9.33477491676872,9.18814089895318,9.42941592073786,8.87963379245729,9.24898084510136,9.15368290578448,9.34945478950752,8.98304374952427,9.00961880557041,9.55862194594291,9.12257758758962,9.37832657681621,8.08318267566679,9.41722294708503,8.65966376094327,9.27430970570345,9.13859372393514,9.39696046312083,8.98186928625872,9.58367145614209
"PCSK1N",NA,6.23379925517506,NA,6.19463818952063,5.62559019154099,NA,6.33641855749031,5.93508395373667,6.28953524270568,6.53859091854387,NA,5.72056085535821,NA,NA,NA,5.89928007129074,6.13350799867924,NA,6.23496705152523,NA
"HAGH",7.9478938401277,7.50591983838194,7.4563041457385,7.38655080440531,7.28542865823098,7.13826562810314,8.00171431159944,6.42805025775026,7.36563252328722,7.86073477467079,7.29758878186512,7.66898737006731,6.81008831663945,7.3742433006849,6.3447485386042,7.2429063198414,7.4184547598464,7.07339100410744,7.62323790559595,7.828781039673
"PDXDC1",9.60910698392173,9.30896993455984,9.88198541332988,9.63371737404569,9.17185021372436,9.37818181761136,9.54086827434145,9.16626826133003,9.30548980305364,9.5279101284255,9.81397899417234,9.40467588698754,8.07739472846047,9.15413776179211,8.96057375744714,9.60100036193798,9.56403818463183,9.51002618040095,9.52585465459305,9.00828691424458
"LTF",4.84959410095775,5.01481295921808,3.24386714594336,5.12151808988831,6.21034919413737,6.05451683094083,6.60215212474547,5.11839792041643,5.60656409018108,6.36244939499833,4.50158633706642,7.50016763372504,NA,4.69673540431705,5.45876007501631,4.05116915962287,6.58534920263756,5.21008421676039,5.72585763481356,5.65170968037458
"SDK2",8.03183001186339,6.96293146373039,7.72485376211278,7.032907976193,7.39289236736686,6.60822805672063,6.71006181528417,6.23706091236787,6.17166261852874,6.82616783451213,7.5660978448535,7.1166288339504,NA,6.62788516834704,6.70148743936064,7.09706806172679,6.56724527522735,7.8352563299405,6.46387603394578,7.25061289062752
"AKAP13",5.19738570536746,5.44385213533623,4.5820857029781,5.55731650184333,5.17539445733756,6.20343436824431,5.34267457955402,3.86404424137042,6.31115078337193,5.30238815720415,NA,6.22986053010077,NA,5.1595344831156,NA,3.36940556542082,5.26287428606429,4.22945142689171,5.47828465478227,3.09400298011017
"SUCLG1",6.36973607065418,5.58190193984544,4.82133060778047,5.51225571091457,6.80316754642223,2.86219958039092,6.25719876149807,6.4318914669089,5.85294219727546,6.38508059999675,5.05080979136778,6.0913666540054,NA,5.40268864703701,5.03348716177811,5.79076617138072,7.09112684332498,5.99759496848147,4.91474539550077,6.27367195107192
"VPS29",8.08845930170946,7.59430503055651,8.12043171378844,7.65849180850213,7.53398313928115,7.72942396540732,8.06138071907913,7.57498031788099,7.52032040561813,8.49147159877685,7.36456010492598,8.37335393009216,6.8332775009469,7.926632024772,6.28974908407116,8.13577131857527,8.06394145530308,8.05785691187309,7.99089436725806,7.62901042115813
"JAK1",6.35757282878498,4.65049302647659,5.92082511201367,6.41932420988594,NA,5.91020468689695,5.70945181015951,NA,NA,5.27243192071065,6.32909200630594,5.95417352204128,NA,5.7141587609524,NA,4.84605008901146,6.02107941395098,6.2000504367389,5.53827491728128,6.1887041287465
"GOLGA4",5.71662132899846,NA,5.1579638571586,NA,4.22300223781246,5.018486801245,5.01205484353685,NA,4.56446620920229,4.78638620351089,5.18107641279134,5.1532285427284,NA,5.00591603343163,NA,NA,5.3779800504164,5.80214457751154,NA,5.11371411323323
"ATE1",6.70220467686259,7.05883058008964,7.20756872989847,6.89319464165487,6.94734842310296,6.93500160202209,7.13127054424796,7.13012875345752,7.51899348121513,7.31443471160288,6.38677697327863,6.96267676708888,5.96790327126487,7.34329889252605,6.352830583654,6.86998250149294,7.50774261230949,6.71049614390763,7.17581693739994,7.09938623437175
"STARD13",6.24087329228474,5.88221367952617,6.70021923809789,6.26936202198645,5.58804859284518,6.49542136719604,6.22613795383779,6.20365130048756,6.67647793465838,6.22799136744318,6.58933561754921,6.28256759717819,NA,6.28315793479869,6.55060091985629,6.21670541594768,5.93045620379221,6.41470924373,7.51031741039938,5.87717239645476
"SNX27",6.89152674989085,6.78839470927966,6.94602131192785,7.56311373670844,6.54324790550965,NA,6.96626134642768,NA,6.97494749098108,6.53316318965467,8.29784837726174,6.79271720607965,NA,6.69307366395545,6.42814887381202,7.11991271893219,7.01393681778924,7.01362942481311,6.79930658924038,6.39446156637983
"SMNDC1",4.74745754166612,NA,5.45677436965548,5.42629946325282,5.70164066312253,4.8583159942981,6.16367862761738,5.84987546196669,5.94739108441523,6.08839199990407,NA,5.40501216935183,4.3646999492261,6.04080389920625,NA,6.48472545193033,6.52139351088905,NA,5.354806932853,6.02538603555571
"CEMIP",9.31776432156438,9.86596929858868,7.75276947271748,NA,6.13942990585435,6.64073870353568,7.74391671131739,5.99650862898571,9.69081199797495,10.1537963482023,8.67560301084821,7.15813886651613,7.78786448896772,9.7048674236362,8.84655044912595,10.44992837701,5.30993585348783,9.35780822912228,9.73592770350453,NA
"TUBB",10.5210134681759,10.3799404501407,10.9989536130577,10.8095466846971,10.3843699191923,10.2280539690348,10.6618675684119,10.3573457458934,11.1156989628317,10.4582315557453,10.6306762830391,10.4924744573638,9.87732970897042,10.5386502682213,9.84655751390783,10.4237270260403,10.9689725920887,10.6499884434314,10.5703339255201,10.6020803326808
"TCP1",13.7639798667166,13.2673257138182,13.7781347107706,13.5084535564091,13.5228252402139,13.4402100074983,13.1898184109926,13.2798898339676,13.1112145680408,13.6720388999119,13.5841200915401,13.3552509930631,12.4661185842474,13.788054192089,12.9521639612444,13.3689873957741,13.8146191938674,13.7946995599474,12.8586022264882,13.6685999654166
"A0A3Q2HLK6",7.93115151506269,9.34108492992241,9.30376338426038,8.51543707995577,9.76740747562021,8.72261398499572,7.98963208206808,8.81473061834317,9.82372954183517,9.0909676988424,8.39942861966416,9.61267272404979,8.57308167489949,9.87096167937987,9.74688191045785,8.9634215312478,8.61020941956473,8.56860409581556,9.35783464912724,8.65566606647084
"EML2",7.11888582545809,6.86282955467908,7.07587256450837,7.25460861061614,6.99125490131517,NA,NA,8.5889219758926,5.94552152067459,7.71769077777099,6.8598430569891,6.68014063063676,NA,6.81727655139278,5.93031214836185,6.51241619264086,7.1452890820092,6.93412192821889,6.31373803802351,7.33554819964295
"ANKH",7.53947017322436,7.81724918586985,7.65011787207762,8.07470485482455,8.32150422815434,NA,7.44309942358746,6.23098882128289,7.19175727956541,7.16690790841594,8.86569463876256,7.39837685167416,NA,7.91897083656397,7.78560174322609,8.18064882992291,7.09642006911484,7.05813567327356,6.85577369595544,7.89082412302108
"LOC111770931",8.15073182862814,8.28106728663345,8.62089383873897,8.25490773448601,8.17749207878165,8.6722436651519,8.39398930312955,7.80632743422409,8.75680005017271,8.70772797422868,7.73519511067755,8.45336680968778,7.6575747818537,7.3444406098556,7.95357718915342,8.61910703574599,8.54638458850641,8.2835220361385,8.29774524818346,8.04015823799601
"PLPBP",7.30835529261909,7.96141678640392,8.64250381730286,7.43174343626661,8.34728583426015,7.99025374530692,8.6423619488182,7.2118157325501,7.32392060156512,8.17867457443202,8.38874208881529,8.33382276153408,NA,7.72553832924059,7.7258870265008,8.51015145500915,8.78168492377721,8.20839224337379,7.84192955721228,8.60275455449386
"MSN",9.43694681021687,9.75186294911181,9.55662616146175,9.85536411623378,10.1158958995616,9.81250581682182,10.1217002086151,9.93267621310681,10.0082191553943,9.76192068945568,9.79058278115664,10.0252641390749,9.02168019527225,9.87447479771223,9.2952300827647,9.36764743429883,9.95359546935699,9.39982335511456,9.82749755498797,9.81667591370723
"SAFB2",8.53982349936501,8.36625830000501,7.66655897457472,8.3018238899963,8.61879824111874,8.14805954014142,7.86122202373629,8.61174136997409,7.96194550836765,7.83098053973388,8.3784969818106,8.11802249244228,8.7372768763019,8.35299966691882,7.76346556873471,7.93240362134324,9.16974326395925,8.20517559801576,7.64219670027793,8.70372545133884
"ABI2",NA,4.8960558287771,6.22174294103544,5.68790857191935,NA,5.22786902795386,5.4558008857755,NA,3.91861244485274,4.57425408672179,8.19042311171629,4.86528219529684,5.29200668473743,NA,NA,6.29176208277871,5.96984908702951,NA,4.07352663076409,NA
"NUP54",4.24286382137483,6.29394389592796,6.38299823442518,6.9194428545811,7.11824894512977,5.05135048089878,7.41319511420594,NA,NA,7.2840768647068,NA,7.13592891410265,NA,6.97211003638691,NA,7.85735629280899,6.37249812247326,NA,5.22145813750077,6.52885475684098
"CRAT",5.84187155184499,5.82840166636459,5.69618107508694,NA,5.69025203709185,5.84698047440133,5.14061439584917,5.87356475887313,5.80179607058567,6.30392550449302,5.58553326463358,5.94899595046579,NA,5.03379311911534,NA,NA,5.42154224589371,5.89792174411533,5.76818549838628,6.10471899556418
"PSMC4",9.33127890095188,8.60823788903105,9.60292403799407,8.84590303513618,8.60205398921232,8.56688880066323,9.11340086906223,7.72229284116368,8.24581959685368,9.07173898912894,8.75654091224266,9.385889047384,7.5034599980472,8.71873992316003,8.04834939221375,9.17019922159128,9.02999260781744,9.01394062796608,8.5857059076837,8.96200652154199
"ITGA1",6.39560287303237,6.44050204830917,6.33324499683917,6.65216190430776,7.11599462562344,6.3175776703362,6.33103377282564,NA,NA,6.50996652171586,6.67451768340015,6.15682368992616,NA,6.75670315999515,NA,6.59213986216565,6.53330312765694,NA,6.26609050882759,6.07965244060224
"ELOB",7.72492974714629,6.34237770858768,7.90861576579359,7.02164098174278,7.43790087520137,6.96652032030012,7.39260663777116,6.37994196501064,5.537458721369,7.2728946179296,7.77194130727283,7.70288059480208,NA,6.50134513179382,4.86018990107503,7.41693042983627,7.45561063841144,7.72685804462294,6.18053309565148,7.22394522617127
"NCLN",6.81473222072927,6.64451093904314,7.28186969536126,6.62464070389915,6.82060313089085,NA,NA,NA,5.93056017204913,5.9774109487684,7.01816113516831,NA,NA,6.7672502033058,NA,NA,6.13541362782635,6.60435260303273,NA,6.89965780640311
"UXS1",7.84857713295429,7.40140472236801,7.1337112660656,5.89493259870452,6.64545738665371,NA,6.56165816944533,NA,7.3104959770881,7.47042063614503,7.70133321307831,6.69721890576995,6.57334105527323,7.33478375663859,6.76499105361542,7.83275751936028,5.18097426822635,7.70233132587004,6.8816458363802,6.45673365482293
"ACTR1B",8.92980349132787,9.37321643623682,9.27577617319848,8.40506221866201,8.96433057036572,8.84270605537786,8.89101366480075,8.77646395833426,9.51505076354084,9.21585997022229,8.12146393512134,9.26615352971748,9.12371278299637,9.50212344624573,8.89451810355589,9.06878364333023,8.71226358587674,8.93690096372662,9.72291169087742,8.95592184769064
"P4HA2",8.03343915398277,7.82388481017592,8.97740989947191,8.74984642381316,8.18495516288471,8.49340146643796,8.40390963906724,8.26069922133531,7.65264251924017,7.31827279330554,8.74264977459596,8.31342030606621,7.24186129477975,8.20695057298692,8.19450728313162,8.06612501488076,8.68932782618244,8.32795285031201,7.73830836462543,7.67749787711772
"USO1",6.78852128002679,6.58244594770609,7.05714790640458,7.08842355498066,6.95483975562752,6.71054176485988,6.46840655911887,6.28884190345744,6.54781217830379,6.45119817125601,7.08787872525978,6.56116867611502,6.62224687394221,6.64634077170705,6.04076365827605,6.65944617989992,6.87848486749271,6.6829254958362,6.52091908174495,6.54918943459276
"GDI1",10.3056732981068,9.61553492171091,10.4329517741537,10.1259296946785,9.79879363927241,9.94660078924044,9.83354940995766,9.43304524422399,9.61005612729408,10.0844703048597,9.80855214375911,10.0388712725378,8.93317622067808,9.59164150117174,9.1531434471276,10.0348496419279,10.0348455582553,9.65719406374728,9.97965793745156,9.72106450708776
"MFAP4",9.15179835925362,NA,7.29239462832051,7.20816247205327,NA,7.39301609491092,8.10932022927494,7.95678625474732,9.66291776438232,9.296185591129,6.46469562888172,9.32529445808145,8.46520519044677,8.44715695467954,7.86343251749361,8.69378758726762,7.32178706195025,7.37774143114591,9.21726387627385,8.00642578875823
"TES",7.16480262252397,5.40826313531761,6.39016476113111,6.02380168347829,6.32146875855623,5.81167948411925,5.6848512870022,5.41252154434664,5.36669703532134,6.40668522391308,3.80645221594267,6.7964645717374,6.26147302112813,5.84273850275772,6.22181964646331,6.34171206641822,7.16299358300138,6.9552776656013,6.15112891868872,6.41177279515878
"FBLN5",9.34050770419727,9.53171539394546,9.17178236801143,9.25393910727344,8.45245179889333,8.8062538589956,9.95680809459912,8.29709264263816,9.17463161785848,9.40292049067986,8.20702293746202,11.7944906101625,8.13733455074884,8.47538224843114,9.16877687019174,8.84605990401504,8.61232656058382,7.54973483036655,9.62383035174123,8.9480353190146
"TFG",8.79316275339833,8.50336318505601,8.30843278242475,8.76167419318026,8.56011116275354,8.80424513384748,8.67168662798114,8.33110182292385,8.26017029929813,8.08764059648365,8.55547544473081,8.50542021578225,8.06982090905174,9.05299601906892,8.06859133685891,8.32598953648162,8.96982412762987,8.8061159423348,8.66188372987011,8.64320498120873
"IGFBP2",8.36420653150186,8.3644677215213,7.42640485928471,NA,8.02373947564168,5.79151081776579,7.71400101778293,NA,8.27256994267573,8.37741399718799,6.7750919368725,6.82580687068549,7.92746707424186,NA,8.05009796320762,7.91654675960175,7.27123820858275,7.76480060371655,8.0257431947581,7.36656719785879
"RASA3",6.79985223784128,6.73119776353363,6.62946789345099,6.89197692487535,6.83982716997156,6.65140727350417,6.88853793179441,7.25781556160716,6.64027419355887,6.6327879028772,7.01040028003118,5.99608019147626,5.58795961712618,7.2719100249281,NA,6.64860473523378,6.18390836814741,6.80496177126583,6.45880332200185,6.76246805378149
"HSPB6",8.05774526919291,8.05043199176402,8.46890160823937,9.09128695681452,6.93818016691112,7.84032032820936,7.59773981783394,7.55148570207204,7.5042722544806,7.11713029843455,7.70462240370269,6.76986466319135,NA,7.79302648662205,6.66736317546526,7.59499469756136,8.17038895338896,8.09923067844433,7.30693595072981,7.62479987371669
"METAP2",7.03962869547927,7.03559881141269,6.93983458177707,6.32320175611447,6.88750798606114,7.32344423709179,6.55892114227963,7.41441782733077,7.04328035074074,7.40329887939358,6.00029410798882,6.83127178772511,6.66833813422241,7.19349536731073,6.14975333832839,7.05512625515169,7.02681168199119,7.45186410586031,7.38165793485484,6.39107162266883
"RHOA",9.91519079051497,8.4923848819211,9.99677179058365,9.53063102600844,9.73912725351372,9.82451274580754,9.68154439779887,10.0827729720596,9.18555887123908,8.9636361230684,10.7431170627321,9.30903189425052,7.58284878881899,9.35320909654743,9.35979862480614,8.97527485282532,9.56738524846353,9.79951755881311,9.09061419748894,9.94065200206857
"STXBP1",7.45813691355778,7.42585514509191,8.33789663504309,7.6050428135326,8.16052684855407,7.93921768606437,7.98464776118897,7.96232886698671,7.50738090258679,7.12541073653245,8.46983168914083,7.66273245970991,6.74060283451832,7.74778260575941,6.94274120425898,7.68833977196627,7.79517367363561,7.70071138401881,7.77440609034644,7.58435748441611
"PPT1",9.37946602344753,8.16620548268731,9.09786803457774,9.00158395496106,7.95133634714746,8.64492558771597,8.50506510710761,7.59580988694776,7.87923021823324,8.93868626833322,8.88372946644536,9.37561800796114,7.86868981568897,8.27124496479498,7.98360307456802,9.01263267979742,9.07505358539961,8.92465774146245,7.83791365206184,7.9299051502019
"ACLY",9.68242734770409,8.86765042948613,9.87767662858237,9.31220122850404,9.44936982358441,9.71440816753802,8.9455029993648,8.92278017669612,9.34477161667087,8.7126822031176,9.75390382393218,9.51245646009304,7.80314016680431,9.25121603354112,9.45824703947588,9.24945294215035,9.18525201673154,9.44272464293888,9.58710203211614,9.28439203985059
"COL12A1",10.3434651359057,10.8569079625997,11.1751004721651,11.4696522343581,12.0630684955369,11.11329965769,10.0787464382079,9.71768096016093,9.42648623887344,10.5705784811277,11.4621083788286,10.777232900644,8.67237351847242,10.8001953173664,9.76679469056435,10.1107085279643,11.2906523048379,10.6285726117395,8.92194868208891,11.9981466111867
"SUPT5H",6.31080570127786,6.28761374855916,5.26145264491841,6.17144070982741,6.0765298539522,6.62154104741726,5.58940114712979,6.79108791445356,6.26328490622341,6.0921248308718,5.92061089265981,6.19845826532497,6.01411325453582,5.87039281346842,NA,5.87450700015747,6.25587958214896,5.89011851378504,6.19755516778102,5.78242827612786
"BST1",8.94115598486825,9.04759127010061,7.8235571815036,7.32480728124296,8.63089786879496,7.04558984992293,7.11558437520145,NA,7.44589693262755,8.86482252622939,9.0945327558411,6.67705888910655,5.74675081878902,9.71244655477743,7.89421369035522,8.64224194473573,6.57754300471834,10.3551493377985,7.76928295600383,8.5895408979137
"QKI",7.61466365102942,7.1350322387204,7.36694597999616,7.06706002178441,7.817096911601,7.1368345348966,7.53647752622269,6.78400538588538,7.17830964792912,7.51599104398845,7.27754411160979,7.68335748484049,6.27843939162551,6.98568714487191,6.57629121512182,7.06987683724009,8.13850553255415,7.09704098891411,6.85334378225148,7.43506951407545
"RHOT2",5.97990939865451,NA,5.88468545234485,NA,6.08134151622883,NA,NA,6.39900821278133,NA,NA,5.63386620863707,NA,NA,5.69264269062169,5.22653298391075,NA,6.30144398184229,5.34123089784429,5.38045433890596,6.82048545745744
"PITPNB",6.97155443748098,7.43363124151442,7.42463337861887,7.33023506590369,7.05330959022617,7.62352404307012,7.50543132751158,7.35640275652773,7.99423918921368,7.22718278952039,7.45383016797465,7.37583463640659,NA,7.63006262854232,7.06452205270711,7.16783997508223,7.10124631627385,7.35602158066116,7.91556513139214,7.50237758747117
"PRPF4",6.42851404270829,NA,6.40763929732919,NA,5.65712489860017,NA,NA,NA,6.32516056509852,6.99730000313389,6.9103680788058,6.98022725898297,6.75760375678941,6.68440739156787,NA,NA,6.60298145716249,7.18459767473388,NA,6.49165725044413
"RASSF4",6.31220467649715,NA,6.18202206436758,NA,6.11446142566349,6.81730803537324,6.4430578895792,6.42441971644923,6.45462449086443,6.69165919708478,NA,NA,NA,5.55397209259232,6.34133261887551,NA,6.48984981755978,6.21916942098071,6.5925935872281,NA
"NAA11",4.90312108302676,4.70496312853355,5.30019042912953,5.15257355073594,NA,4.72026678252692,4.8116418021672,5.36706475427721,4.26268926087368,4.94085393629236,NA,4.78229693619276,5.29851966550882,4.78908374230835,NA,NA,4.41698906124348,NA,5.09869205092226,4.32007680446502
"PLCD1",10.3856832685272,10.0805367007833,10.5240568374181,10.3317391263259,10.0004361031896,10.1228366996022,10.3814221207508,9.5949634627356,9.85850975136722,10.1053562459942,10.3133082703283,10.2808908657006,9.19850582614086,10.0932849613157,9.49533961015662,9.95184018732971,9.82777650998002,10.4201238084274,10.1170933262601,10.3425700247855
"LOC100072612",9.82023991175418,10.278125617149,10.2859662198559,10.0681964387943,10.6038077856786,10.6141216898999,10.3550325762332,11.2374836460096,10.2229094977726,10.6633603451492,10.3348020603299,10.6245826604338,9.69999425159523,10.9313509617647,9.66184971621212,10.6975325226081,10.9890999365125,9.8992414228774,10.7790091149451,10.3737787426903
"TSC22D2",6.16166315638512,6.77029743020786,6.20703051198417,6.40207670989604,6.2317123823811,6.39759714505364,6.31055556429948,NA,5.23096739961901,6.57103181103525,6.08250512003098,6.62435105273851,NA,NA,NA,6.40026685390623,5.84877248453158,NA,5.99778046010386,6.1193366451641
"SLC29A1",12.1429797682502,10.515770840914,11.4565176814559,11.6350448705974,11.5275162961891,10.6074853195412,10.2054121907022,9.44484446724796,10.2165173199075,10.1641199816803,11.9866467484091,10.2853887319388,9.64592700445781,10.8843922579165,10.2214776488831,11.2041320687954,10.7173117099919,11.5764256363174,10.4306597577201,11.1791209934853
"ARAP1",6.14865883524205,NA,5.97522494625445,NA,6.24071325767795,NA,6.36594897070902,5.30907785338556,6.56466491069846,4.67291337320003,NA,5.86834709059211,NA,NA,NA,5.92290402403724,5.27573363809382,4.88811251849882,5.67368718829018,5.76478579062304
"A0A3Q2HRV7",11.8938960489175,11.3461155747899,11.8391878818752,11.8040047942268,11.6026419693292,11.2847251474328,11.3700762755386,10.7179016860945,10.9319968840574,11.7424640366172,11.1744158597404,11.4069301525153,10.8545337830857,11.5064382195683,11.1160062055826,11.3837303361835,12.0180411270877,11.5989158295399,11.3203676713406,11.3015103145896
"APOB",6.33052928681071,7.31626561288167,5.79922192087029,6.8560059312672,6.88482372066659,6.85403402802616,8.1809908451388,7.89620253402499,6.89519864735164,7.78504697016814,5.8911767407141,6.16998153240698,NA,7.07340097530055,6.93603002126817,NA,6.54801075817713,5.5061426349391,7.19187472067367,8.33690167581736
"P3H4",8.31820842799496,7.83938466118944,8.00268278402887,6.83744311425574,6.76319823762702,6.85646400498705,7.27498004786687,5.59783171562381,7.54381695339547,7.27396485251522,7.97079286327102,7.54953762110175,NA,7.1224045161266,7.13433203569235,8.00225843783576,7.17437593225796,7.82445190416323,7.22515698032836,6.26343810704402
"NUCKS1",7.96068838849735,6.69375166553378,7.95812815832628,7.40993633395452,7.69865914362993,7.30588745764567,7.14077466163872,6.77188487859817,7.4645861901976,8.05033110402614,7.50531325335554,7.25484794081545,6.91731924821024,6.46832921235677,5.31202961506743,6.704452235595,8.9369298211902,7.18918251683226,7.18178604232984,6.57243076507129
"ACADM",7.20769253277942,6.9283712855328,6.13299957130835,6.87429448982719,7.30004727630127,6.27743336505711,6.94599471637911,5.97400837501742,6.1804341833531,6.87671883066789,6.09184912944518,6.13811876615147,6.46940111357166,7.21371701651405,6.89507189385879,6.19166038646857,7.1756252452934,7.30958238924395,5.89285783353802,7.56016783761571
"A0A3Q2HSD4",7.13981193265381,6.92337249566266,7.27951630580376,7.19071462744176,7.07934282971241,7.16843448457966,7.39700709547679,5.11051390976489,6.63129419846419,7.433105795815,6.37186642932233,7.25372233413429,6.99860942621441,7.19948191538391,6.48404966845009,7.0658591798151,7.85469624337009,6.74519399036914,7.19760102773344,7.25871893305227
"LAMC1",11.2977060851068,10.6497867271438,11.6996282254653,10.7914381483568,10.7707326875522,10.2036082277841,11.0340415641453,10.0661113936711,10.0914063728724,10.3115398598119,11.9708804185212,11.2734624956898,8.69771397241115,10.0627258046397,9.13680265361203,10.624939944462,10.9564587351237,11.0372577750522,10.1287720476276,10.8514339683926
"CNNM3",7.29415260764914,7.1622280913831,7.18385124065356,5.16801778861438,7.2446356012228,6.56468952699258,7.20558346977777,NA,6.47853809251643,6.90787854133836,7.19127470117391,6.60886920085868,NA,6.85646999087576,NA,NA,6.43762721289627,NA,6.84422230332968,6.77798912417556
"SNAP23",7.14215824326292,7.1149396597442,7.13647337058882,7.13928053859467,6.92477907411897,6.61824286811237,7.17321041639111,5.83959642016983,6.30680814736371,6.53225282209346,7.55385249440578,6.89182789892902,6.14573149799011,6.79188745927498,NA,6.18247194324965,7.14664804979816,6.84523266696477,6.7084000383901,7.01419423873116
"FGA",12.4458265241664,11.3665851734706,11.1183330227701,12.229191765596,12.5469078043466,12.3374357465866,11.7931464623022,11.0427418536186,11.232514859127,12.3814935365189,10.6772831116928,13.3310814623695,9.43915875892571,11.240484464824,11.7449993575513,11.023474588458,12.5721927355202,11.6188381281597,11.7385046300631,11.3991343642283
"TACC2",5.34084511268118,5.78782698011324,5.15114989070839,5.88244187442094,4.81845055816013,5.20123366489087,5.77313474665072,NA,5.99389104910882,5.29492728926953,5.66052931047137,5.53312380969178,NA,5.98798787263015,NA,6.38485007540909,5.20383829210523,NA,4.89141044476159,5.9205831291292
"FHL1",8.5922681137744,8.67268494671313,8.40379681448527,7.8823180921891,9.02446522800603,8.18419723331984,8.65687772925543,8.14094757645057,8.12370075328098,8.91021872182814,8.47635654956196,8.81391220897436,7.99556190846409,8.03360039996988,8.79424914597273,7.8505211876757,9.67125444319708,7.54073473482119,8.64536909184939,8.03537238334335
"GNPDA2",9.22292948619209,9.7194507296143,9.53626386146923,9.26159584031795,9.25970608500447,9.79347006603295,9.61685019964144,9.29786756424592,9.854790691838,9.45098506659559,9.17447790797693,9.2199633640704,8.79544682992029,9.66141309776355,8.91221707722992,9.60896405912673,8.91870511741655,9.70275689393331,10.0287760859412,9.3006949393111
"EXTL2",8.67018749057016,8.0856974423867,7.89631450471382,7.12423910385725,7.31451313827933,6.82854819689214,7.30360784034496,NA,7.41089704671618,8.11768949812585,7.68703001647823,7.35158775599809,NA,7.8356519079749,NA,8.40401919070563,7.05779270916513,7.67148313425859,7.47913200128713,7.43379600977319
"MOB4",6.80134085232816,NA,6.86569096817615,7.58105678775031,6.04872693882247,NA,NA,6.24920595268201,7.47957823737076,6.67177313959527,7.69776559820069,5.41644544742454,5.59296538706061,6.96469897224007,NA,7.75052381411476,7.04489360065012,7.20448876399545,7.28258390071989,NA
"DNM1",7.28762257472447,6.69891374182368,7.58182823474837,7.64027530718209,7.63311095999686,7.35909185149037,7.46800821272952,7.63801732166231,7.57634462469894,7.53618768545613,7.45268245723062,7.59416405780303,6.43459136048073,7.60455331654091,6.93426534501924,6.75653109441467,7.9373491837204,7.41464173277543,7.20542530088161,7.31318220176382
"PIP4K2C",5.01499767338732,NA,5.45273336643638,6.71438416328466,6.14630417791819,6.60288306577647,NA,7.05265253349191,6.33396218000193,6.07978692156034,NA,6.42942915158552,NA,6.82244412179148,NA,6.00078846177043,5.77283669066286,6.18483369419179,NA,NA
"BZW2",6.14695833651627,5.80732626143312,6.50933004654942,5.86494871572072,5.82014625130375,6.98734507095291,5.37501135128229,NA,6.16753163148006,6.00079559604161,6.1141666517348,6.37122084482812,NA,6.43633686583595,6.35707023259165,6.30216517900561,6.02537446432389,4.79492018037892,6.85465395137236,6.2890236727711
"SMARCC2",7.10245770038032,6.4443428044281,6.78238097633823,4.70554928798178,7.1630694042537,6.71695461224027,6.40633881055324,5.94399286859613,6.55065568949356,6.59202619621555,6.04174133475748,7.1710726375009,5.77398453516657,6.94616327662465,6.46586025574941,6.50442458399647,6.8652374471945,6.6492709446745,6.22126577888879,6.93192255572142
"LMNB2",10.5372549186728,9.85886363559878,10.4158994621629,10.2479663403868,10.2799894180403,9.89812933691551,10.370969137969,9.76460294267158,9.79017603369051,9.93495934245245,9.8995237739187,9.94040624051916,9.58277016570509,9.89930456470106,9.0518526481436,10.0504791443496,10.706218859331,9.94250170691419,9.5410991439219,10.6338526237688
"VPS4A",7.78209851518243,6.59404320223256,6.64834252295352,7.74553646762382,7.59571044595597,NA,7.56408626887686,7.38547790624287,7.08898003331075,7.53342553312412,6.38886407557947,7.4223026451503,NA,7.30637213348887,6.67615764911209,7.36500674340817,7.36263594117711,6.55236149853466,7.24743000003489,7.45264578333146
"OSBPL8",5.34590275572705,4.61638898307557,4.44846349366912,NA,4.42334749317668,NA,4.39292704601136,NA,4.7073092139935,4.60935978173549,4.66505105588553,4.33255036241442,NA,NA,NA,NA,3.68774938982021,NA,5.12648521192892,NA
"SLC16A1",6.24373996003123,5.87989618585523,6.53706127681981,6.9263407910268,6.87928855180155,6.12384829641388,6.40047886386094,5.34721330372031,5.35491074908541,4.90208306738315,7.40760299363594,6.51205055722974,5.49614433223025,6.11436677424866,5.59624980455092,6.10213004031069,6.21148723749547,6.71331544806892,5.89044346193521,5.92807343045664
"AHCY",10.2468578642271,9.85074586027426,10.5403902856585,10.5143660879713,10.1001837174096,10.0421602996499,10.5228765957742,10.3894488669694,10.0974965098875,9.9693908991244,10.8566019289798,10.2891715289551,9.93428172345477,10.2400677058807,10.118797023178,10.0464031126684,10.185639529637,9.46422710505584,10.434209563081,10.8082274603953
"BUB3",8.29755282527448,7.99164835080064,8.54726728293398,8.33111759751776,8.36373979019867,8.22132231345531,8.30631679907023,8.22758482665174,8.13524992585934,8.47430622850867,7.90376927548915,8.24018706040997,8.12992510353849,8.27716753743954,8.02063715592112,8.16562870764243,8.42510920947092,8.5577669022898,8.01471669559283,8.49608304237915
"NAP1L4",8.3835798143441,8.29116928964624,8.63086429481203,8.0314245784942,8.12083046454415,7.65849596488579,8.4528382632943,6.10152560148477,8.01492160510468,8.5460463227903,8.0681652028417,8.35571287285547,7.16977562179927,8.37170855264742,7.32691778766681,8.32339542176333,8.47498003890222,7.46723044140866,8.21589632704542,8.37802054374524
"HMGCL",6.0156082874213,5.86562229799252,5.71440498681291,5.00292556106749,5.96965041918316,5.49742831998562,6.01008850826552,6.0958929956007,6.16957671661723,6.13713865519565,5.85839006728161,6.11559961534579,NA,5.89330576771025,5.89740512014538,5.87708540585458,5.86482462925149,6.21088147905377,5.46573889694176,6.41755600509997
"NNT",8.15411567220968,7.80737102742764,8.58196075117772,7.79615850661245,8.20629540921903,7.72384852540631,7.71867486414161,NA,7.8565732123395,NA,7.92550492100635,7.92678394225963,NA,7.71952589412587,7.08389280803269,6.93504121550703,7.7970975044887,8.29243289247559,NA,8.28592506866148
"C4BPA",8.92204800090021,9.36273268248693,7.48110070179558,7.96063162944887,9.38282941886461,9.08646690238809,9.74464037597018,7.65890989081178,8.73654368107135,10.2299875449351,7.62229147075644,10.2358339881522,5.60747668645153,8.42094549720244,9.23808362900824,8.08488931098555,8.07968316856912,8.34889075570793,9.63106441925239,7.77132019331689
"RGN",6.35236413734781,5.24324242232853,6.45582870927391,6.04532982231286,NA,5.6395950630925,3.10014383909616,NA,NA,6.29854956981316,5.90672223951418,5.64173904412485,NA,5.25807461899071,NA,4.30075866124209,6.27113607264559,6.25301791732935,2.31477323625177,5.17541506869394
"NUDC",7.97979255382196,7.66664833628889,8.05911542944462,7.73849000981775,7.61961969082975,7.50814164128921,8.02635385248007,7.52325138040771,7.88694306082854,8.12441876070304,7.69959938070466,7.99350759438957,6.84954298953277,7.48014438950334,7.37842263824238,7.88681064298043,8.33830163179252,8.1507854323418,7.46921574040467,7.45815362769212
"LASP1",9.27532615341636,9.20775488367099,9.86070115485829,10.3433917034742,9.29979342282479,9.40720960191929,9.2217514803264,9.11409651073776,8.80210344171866,9.19558014836733,9.78693401384496,9.6203311901013,8.08544470089443,9.50526987155901,8.48864595169096,9.10282464220389,9.96328194365391,9.79196971103979,8.72042093756759,9.501811918553
"RCN2",6.10951352938122,6.75169418200764,5.98101736330259,7.23150231369922,6.10283440460427,6.72719017105911,6.7314741140067,7.10842104096656,7.10837628280313,6.09660843564851,5.12078871265507,5.84770572994233,6.58242566414917,6.45783411391911,NA,6.68825742421345,6.70818359525517,5.61096357703823,6.33786978861437,6.3836177198752
"MACROH2A1",10.4486368295413,11.4073046096374,11.0353129006535,10.3611438788051,11.105681132685,11.3310716528609,10.9581484276976,11.5644332458277,11.8077504802922,10.7104292939851,10.7641947876826,10.9167962154123,10.9599938564758,11.0537890881454,11.0480859498154,10.905443951241,11.0644077072405,10.8642253233264,11.2298985652487,11.0773642139999
"SMAD3",7.75115715156966,NA,7.78263606780177,7.35892416714372,7.8579734540628,7.24388011111618,7.63279374106722,6.84126293335823,7.80563521331752,7.74308843660103,7.74909297159248,7.89363422657198,6.87425273863926,7.4674264437036,5.99053469691173,7.26542798625511,7.9451803039727,7.6756178868374,7.40637564023388,7.85263369177649
"CSAD",9.20472770329188,9.37594073889819,10.120468475034,9.25006394809482,9.51326438619873,9.73998307720991,9.63132275985814,9.54226288904586,9.78044230852818,9.80592125331231,9.35911941544946,9.86258502968072,8.56321005454707,9.65423502529862,9.51072979493317,9.70861777409204,8.88283993936272,9.41807038872451,10.5384754816698,9.73800465086997
"LOC111772174",6.83180392321757,7.9629371791524,6.56124073788173,6.1294267715805,7.32534081751809,7.61550142321107,7.14560429736341,8.17470595905894,7.59458594163988,6.82240964863633,6.49235825319962,7.70765575270627,6.12859832237482,7.45988653979299,6.71476022460707,6.19983472018244,7.60350234644874,7.0339481291664,6.7698638410349,7.54906134555427
"TNS2",6.35114912755409,5.86805819954271,6.49977572805692,6.35817071697623,6.21995325144424,6.21540231049205,5.71655526714194,NA,5.92277239674893,6.14289749937695,5.82453364694705,6.1135314126051,NA,5.70732692234529,NA,5.80155053412133,6.00969853493764,6.15972024444144,6.34222510001873,6.11078837411271
"VCP",10.5855086748014,10.2965990299037,11.0136797436166,10.6565157837072,10.4433426762307,10.4646069120148,10.5668641229224,9.58691774937733,10.0602437109849,10.5341264790408,10.684722755197,10.7031902361312,9.3455774045004,10.2726285378858,9.75114028479926,10.854041450932,10.6700774052701,10.7818396694755,9.95403432553821,10.5402288519747
"HUWE1",7.07887086124885,6.94318781736292,7.23383777819708,6.6534337698434,7.22244982006201,6.66182088134876,6.67039276762595,3.9367821576323,6.78188825875389,7.01040071902278,7.10174844364891,7.06374436222385,7.42324862642332,7.24033763353394,7.05937208243179,7.41137233275905,6.99841404321027,7.17916520984332,7.12668039454788,6.97886867403817
"COPA",9.70516136660546,9.1121592954756,9.94380318421121,9.65109458251648,9.57585416217927,9.35414220974449,8.98930016304569,9.03885498588057,9.41053931365856,8.98729799424536,9.72855238099958,9.45384167587896,7.96002532967539,9.51365443105088,9.25265876666477,9.37973573901821,9.37820703639701,9.59101903574068,9.68089167598131,9.34503097457821
"PLEKHF2",5.66928335489524,6.03628647908761,5.76051762534795,NA,6.04202404250606,NA,5.82183867081553,6.13241870418702,6.61618982522109,5.52965722382064,NA,6.2050397584796,6.08565953318203,5.81135338404167,6.71829202427889,3.86951113922469,6.03921839465926,NA,6.52397084950881,6.35573873684061
"LOC111772418",11.2279456296017,11.109540167698,11.3048404314035,10.8440801784392,11.5614391422851,11.0447279911604,11.2226002342111,11.7711086623177,11.5123357803517,11.6653969412989,10.4128357765901,11.3571516188379,11.4019108183839,11.8158299451913,12.1005397920166,11.2685005113533,11.5384276731493,11.5011800925726,11.3118211523026,11.0024018137805
"FKBP4",8.05526832821512,7.72392258204641,7.93890385504808,7.80873887331093,7.66744613404381,7.79604225205425,7.82171815257036,7.45037063508578,7.66922443004213,8.09874699509259,7.29178661595402,7.74731472820956,7.59012459640912,7.52534622758621,7.28403522972893,7.68430135661978,8.02325880613783,7.65858984760923,7.7530024744108,8.01928403693777
"IQGAP1",10.9334527427297,11.015202349402,11.073588155618,10.9402882900867,11.0558925438013,11.0935597238774,10.9916372075051,11.1246546049336,11.4402931161769,10.8744659780044,10.942126068841,11.1821349126384,9.944573201398,11.004287251892,10.7192840206505,10.7161313555225,10.982670750389,10.8208285894262,11.468180879103,10.8831364983386
"ARHGAP17",6.31494775308405,6.18836213435467,6.42417595927217,5.70332225324721,6.66707457816845,NA,NA,4.87600446478509,NA,6.29072265095175,6.31362062016212,6.3557190565849,NA,6.34702363257228,5.503192006657,NA,6.53609842816554,NA,6.074887290116,6.0862896844861
"USP8",5.84569876365445,6.15080509682994,5.39023807058236,NA,6.110363044485,6.24540196835037,5.87320090241363,6.89632678517364,6.13184342200136,6.16488311994744,6.35137998271868,5.62991382353975,NA,5.85782881872323,NA,NA,6.21906467126168,6.002488358016,5.83971147684988,5.41048498493036
"CAD",8.80350386440719,8.50516491906276,8.80010988788052,8.91806983807788,9.06881454749093,8.47264857491239,8.00007315706006,7.03714475020185,8.03939429059605,8.25781818648126,8.8015605971372,9.22621038133012,7.2774091055993,8.79403399816511,8.5222929512275,8.87924012086315,7.72754549574153,9.13853178060878,8.24983908868618,8.79127820992798
"ASS1",10.5489703000385,10.6291218485933,9.47016177720335,10.0883597704757,10.4188868429694,10.2496450605206,10.5068474286288,10.1281257368392,10.8685266915912,10.8470150249396,8.98132853164658,10.2102006248379,9.68264855705186,10.3675642539745,10.5399239419684,9.89577274691244,10.7735657496915,8.65202037396497,10.9812536309259,11.5009790018901
"A0A3Q2HY43",5.39228343725814,5.60700756154277,5.06047374042578,5.19634612957394,NA,5.483396957134,5.41677278003616,5.72024321396607,5.74628763983851,4.89257568253908,NA,5.34121004834748,5.67108993373917,5.04165626844747,NA,NA,5.35664893045335,5.43937452574126,4.46062435383578,3.24587271592772
"CHI3L1",10.9021614705951,11.4946948573822,8.97979202937935,9.87449262562729,11.2734259599657,11.355052995202,10.6353185277454,9.96724423122263,11.9400864090701,11.531078455935,9.50521523810298,12.2370922593459,9.42458488190359,11.19658485824,10.8877909021328,10.4571196849044,11.4498156821413,10.3761355289639,10.6064644506652,10.4150245587178
"CPSF6",7.62767409987292,7.75726235190009,7.37098891764061,7.722192740582,8.14151921553868,7.75875045025848,7.61738288778558,8.54764196787332,7.78166397709166,7.30648955793886,7.33079212629845,7.48364086696709,8.03771349242863,8.09048499130593,7.68276368031528,7.33825045877187,8.0924548119543,7.1959971709197,7.36443986878355,8.02072238847362
"TUBB3",6.01165909020302,6.56289031555515,5.4452874877123,NA,NA,NA,6.67357454663533,7.44867228601413,7.62326505161337,6.06813752482953,5.12704549674798,7.02013449383609,NA,6.49740832537129,NA,5.10896003510716,6.25390251863455,NA,6.76303217774435,6.09951720268539
"EIF3F",9.38978176477556,9.29839135056015,9.68059208116933,9.46598052866709,9.06443553418414,9.19346655724256,9.57202137682204,8.79508143870953,9.488751205851,9.35162205448203,8.89114915052525,9.68875226114805,8.51962513924845,9.45694754290955,8.59497133645672,9.64617561241468,9.35090387263942,9.50038308579748,9.3032747569498,9.53467344940495
"MYG1",6.24547723683014,6.309195307162,6.55654079740867,6.14936966180158,NA,6.36237726546893,6.76771824434508,NA,6.78331307155196,NA,5.9634447289065,7.31029021273398,NA,7.36837935177693,NA,6.85944338396192,6.59924732908507,6.72358627364046,NA,5.44841478378442
"FBXL8",6.82496987037015,6.37081403195433,7.2160082093724,NA,6.87334012368864,6.93821311189149,7.21946992000635,7.08638317251605,7.03052063154573,6.93528113972177,6.88922209603072,7.13029634167882,NA,7.15916516048619,NA,6.79955619418998,6.5421421036926,7.39180635042388,7.66494954370057,7.08895897804235
"USP14",9.47318532810689,8.94401321865665,9.58143077402309,9.00774336648819,9.14208736397186,9.35834409445081,9.16981619031593,9.24547594189035,9.30254477943456,9.41442206581914,9.27192368570663,9.59135358204238,8.11638738236553,9.16735597835415,8.75815385281929,9.1440185429449,9.16532153355137,9.21305391021082,9.50040742933481,9.28096328668116
"ETFA",7.92445143353581,7.23551756434503,8.58718755238052,8.29094368082782,8.0583975380683,7.74387093556841,8.08856467952156,6.78536387570854,7.29768288337288,8.0072469496436,7.88356532825247,8.14801226685254,7.05517968550021,7.53067306269605,6.56955952855703,7.31386515954803,8.8581961683219,8.0517985856139,7.13296619116773,8.57529225695466
"NUDT9",7.72856757226979,7.42403730896507,8.35009529706104,8.02579865034922,7.34160106235107,7.58438039890726,8.08631466247311,6.63069690960731,7.55808564269972,8.28910356477747,7.79833448775915,8.25897006273609,NA,7.13213567880672,6.35925840500423,7.49963217002813,7.87936491687381,8.25335100053368,7.01975898638274,6.99147610193228
"GOLGB1",6.96134846852108,6.19368606159174,6.41481070127483,6.43408033438407,5.88171220959548,6.18652340145201,6.50032611488201,6.64081799658535,6.14011537289796,6.60162728710205,6.51337479730929,6.61671502540888,NA,6.19038113906012,4.93615132421002,6.43190147109803,6.96211437317861,6.53145483563489,5.79684206669257,6.30856168482843
"LOC111772300",8.98295943676522,8.88046231280487,8.97178374583929,8.64059798654613,8.70044426013287,8.10988915976113,9.15709940990715,7.69791584507141,9.22530319149605,9.15750718107173,8.22282431018145,8.6133220060225,8.7316359944431,8.5653289708803,7.66603691196204,8.6974924618265,9.2428091774391,7.9321135401825,8.80257095718714,9.0056872837275
"HSPA2",12.0980345585038,11.1867286472484,12.0351392164553,11.0507179884598,11.5923522392941,11.4923301933213,11.5230567963931,10.8136187961781,11.1023390907999,11.5857167920531,11.9441545516444,11.7430954038942,11.2002911830811,11.3960535719885,10.5940947933291,11.647476750491,11.4352668707878,12.0069278803688,11.4221863463266,11.8759243800437
"PNN",6.2492283055601,6.0718384709609,6.01104830613408,4.8876969317011,6.34647989879781,5.98576542231267,5.91508740658301,5.45156221030354,5.3930696572922,5.84109079485563,6.69306899002122,6.70075083054352,NA,5.77629320031508,NA,5.85982203631429,6.8054043409453,NA,5.20171717320755,6.14689409293337
"RAP2B",7.0280833316872,6.876197348046,7.66041458112662,7.00788780221503,7.4098309256384,7.34797195556768,7.83029662349011,6.95382265662221,6.8837322915843,7.79686864281,6.88363434931431,7.90185672910766,6.41016357370152,6.85540358004783,NA,6.85142662839776,7.60089424011064,7.62011098872692,6.54678382491272,7.18257385818236
"PRKACB",3.94452147446898,5.65534393384596,6.24081166693476,NA,5.07433243861563,NA,4.33215996614971,NA,NA,4.65724643645471,6.13262485454068,3.08627523693198,NA,6.1571030041676,NA,5.54589151806203,NA,NA,5.76243425493497,4.70453499730444
"RAB11A",9.78503319611024,9.27054003179645,9.53992631827344,9.42598968031245,9.34389460947737,9.21136986542373,9.05158557672659,9.19042523156139,9.2432170368958,9.37363347493701,9.57499913641598,9.53333560904397,9.2258444591407,9.26545510701298,9.02213412170884,9.3107738400481,9.48758081244181,9.43582410185202,9.51200186755442,9.47827869258106
"ACTN1",11.0697828902339,9.97493794078212,10.7619402322274,10.4926980987302,10.5550010836549,9.87533832551221,9.73278693063009,9.61651240109931,9.90247812702433,10.4170558816632,10.2782308445105,10.6573248062228,9.03083221012774,9.93723514959785,9.55300534816893,10.1804152419163,10.7474980904339,10.2720779906108,10.1563365769309,10.1030082601367
"SEPTIN9",7.28362823088709,6.55725585797146,7.14624242225864,6.85346256000654,7.36635514080943,6.87848803631912,6.6438254958113,6.78095751497057,6.8698283041069,7.27633673916386,6.7783429784246,7.26828957320903,6.6607009835844,6.86616897432286,6.94574336384089,6.45215360023051,7.56497659194065,6.96668964857508,6.49843881813082,7.34650066601346
"RAB14",8.55774615106668,8.14344895368507,8.19274650951395,8.51963501717895,8.29530868737897,8.08557642392869,7.93797524434047,8.47490754824709,8.51022403864925,8.16618655910528,8.26615497284126,8.46850226288976,7.69558764713759,8.64742375169303,8.05171296914059,8.16060237810391,8.25917093567348,8.23282748403959,8.66706529439446,8.40336645099244
"CAMK2D",7.7615158261865,7.97413401283475,7.60132078983193,6.7437737359313,7.07786143431769,7.10545380015577,7.1682456328074,6.548592459965,7.34742022036196,6.97117409489331,7.03390659029224,7.44349096127402,6.60576550661778,6.94503211262406,7.78033935316734,7.75990703548414,7.08208812278799,7.4229617915113,7.70877964744512,6.93642145679823
"GULP1",7.933032954904,7.38978085883913,7.64563326955723,7.2986169985862,8.10322148805442,7.00997940605443,7.53511113408483,8.10599583452789,8.08184226993879,8.2607765448368,7.68887639486065,7.55504992420823,8.24101763719311,8.0847157885273,8.03822928428092,7.16066561186925,7.85152657900788,7.71796342277661,7.52313456441152,8.22942288895939
"RBMS1",6.61058963865037,6.70642036424782,6.12214936099593,6.36296478819785,6.19855301139595,6.19384585400466,6.01206991600223,NA,6.61457246223932,6.99457259536703,6.51777546142399,7.19134276968264,NA,6.13548445077326,NA,6.38878318199936,6.81772899065864,6.8596921838845,6.55440668864993,6.12768162872922
"APOC3",7.34953498109215,8.90019767999577,6.3973286043584,7.87023197337109,7.06075121764841,7.57607271975776,8.21960376552142,6.71884326636915,7.94026443501536,7.08673488251879,6.46292421674778,9.0997108677349,NA,8.11314224570532,7.10101635662967,8.11861642438646,6.90212825517074,NA,8.63601954215449,6.32216717262564
"UROD",7.40063667960946,8.59003730394556,8.0058254828648,8.06510411945606,7.93674976308919,7.92287922112134,8.6674994697997,8.37353797170102,8.54116911602588,7.99405358611254,7.83769525354324,8.01077871036203,7.55521842576311,8.66828793704792,7.83021261828277,7.7987294235838,8.12897961103094,7.54702403694941,8.63229384597419,8.20305913139553
"GCN1",6.44166395662927,6.0552129217292,6.40257077171299,6.54289870248137,6.32611214289828,6.26718092433416,5.53431690507445,5.92718761655571,6.12965285583877,5.40133916180342,6.33455454252544,6.03748020307249,NA,6.27591116860891,5.78184519556638,6.02826940409416,5.86710153169785,6.33780795672629,6.20102643632797,6.31286706398565
"TRIM28",8.65316994926537,8.7077529007712,8.79740038592506,8.726085722101,8.81819579811789,8.71756663019652,8.51062842386092,8.63303250224496,8.6373351702979,8.7152767902763,8.94363749263656,8.73547306061592,7.938468421699,8.60669808428396,8.16150914981503,8.63572449689731,8.87725391960183,8.89357228078196,8.40298717057742,8.77975057531541
"GNS",6.65143869354761,6.95187867314819,7.29495124981642,7.08092949290523,6.58869060318323,7.06415108912377,6.75530780535009,6.01540151201422,6.01145303023043,7.34736948317802,6.44796889386083,6.91136455888139,5.3522737109529,6.53890794926783,NA,6.76603151701448,7.33800922704428,7.34620798973587,6.274224346916,6.87051051493129
"PKM",15.1839352687826,14.8291638847199,15.2290853006265,15.2797386035521,15.3112917587808,15.141079875908,15.179261216223,15.3909395140618,14.9565487227862,15.4966774772641,14.7332799483353,15.1988471111397,15.5313099326587,15.8368965238568,15.3044959446599,15.2498538123242,15.1954778614681,15.1117020856854,14.8508220459352,15.532403553241
"COPS4",8.11038254289751,7.77583646782452,8.29577888480645,8.08047976429573,7.61415045512227,7.97765997538151,8.05248909759842,7.29698526457486,7.49372017189741,7.81572399163891,7.82857759459025,8.16628773483619,7.11933571710942,7.62227311375781,7.25889826574916,7.8789351139176,7.92509572476951,7.8198723551405,7.72323446285124,7.70805210168089
"A0A3Q2I1J3",5.46275126905726,5.64127489900667,6.21439405617491,NA,5.88838334077406,NA,6.36347647663472,NA,5.02516207948155,5.90652437792537,NA,6.18233346544087,NA,5.26414916976164,NA,5.39738649303429,6.07577923889437,5.36963702072637,5.50845028014822,5.16245732827878
"TMEM43",9.48361996989185,9.37035898030961,9.47649219510629,9.5384764999943,10.225996939412,8.68660811641556,8.84983977355887,8.14682731115669,8.87161539696914,8.5943540546515,9.34594552465364,9.01977259331064,8.29722296463035,9.36663384625675,9.42695765581927,9.50921699909994,8.66310274690082,9.35021621510115,9.21344705335947,10.1578932241171
"PABPC1",9.64156438624685,9.32670257519608,9.63161645790722,9.49127935327206,9.34098830405014,9.53604949899454,9.52141316164016,9.28642699290872,9.35081948844537,9.44739277422323,9.70000290269158,9.73090403525579,8.46875555769632,9.27985137734597,9.18761248151974,9.0411879256797,9.8162721166504,9.61434215798152,9.44996126348653,9.5382730710438
"DCTN4",8.50502883143387,8.80492184282658,8.24017347696888,7.62470259708926,8.34932232958838,8.30918569811808,8.46093433515772,8.68613243625653,8.76452134042562,8.75902127263912,7.5437785747344,8.45039051460545,8.36298829344859,8.64299898050245,8.26214727806561,8.65752210672431,8.22785920373449,8.41301041776436,8.4597499765487,7.76087634230634
"PLEKHO2",6.49781694131432,6.14731426590399,6.48318406202028,6.9132073336325,5.98826878155132,6.83821801023855,6.47532805029896,4.47441487218848,5.31034209044961,6.45690857872635,6.36034931164321,6.53318748493971,5.86611574349038,6.03314449528016,5.72714883670523,6.4503650846539,7.09489451745835,6.49873908009948,5.46074107266782,6.24907662952794
"LOC100147109",9.40581933175437,10.8292351448927,8.01576560411252,7.38350234200248,6.46713834475827,7.88218365434536,6.03092300127232,NA,8.56367406142265,9.24302392295759,6.93233202073515,7.35713539296509,7.66652384694467,8.2195434073843,10.9487427842282,9.86649748369465,7.02252737691322,10.7188855122074,9.64244086460513,7.95317224781926
"DNAJC8",5.8821950420933,6.22365513047757,5.7372619634026,4.72071485271108,5.12624594366912,NA,6.31819992026616,7.65142554790334,6.15430389924141,6.18882793219583,5.96532046672416,5.42577800016512,7.22131739624983,6.20846899885008,6.85241520662433,5.08241931847489,6.46321117241243,6.1918284766656,6.04321707363848,6.23017036134658
"PCMT1",9.1160784545018,8.84611943606593,9.50933201106494,8.89394199443829,8.79294570718197,9.23614609479604,9.22534743998045,8.63764652327558,8.57751783622961,8.96873040445497,9.05556367436725,9.12803686764633,8.64462281993354,8.95284231047186,8.43249496027847,9.28310075418863,8.88722715905442,8.90566124064621,9.06693499412673,9.13715527626796
"ALB",15.6298274549096,15.8020476083572,14.8966013887098,15.6990046112471,16.1478574590246,16.307706101148,17.3281525220905,16.6075480598237,15.7931300513907,16.9727833156948,15.373655774502,17.595020177496,13.231134033293,16.1139312812738,16.0927422688817,14.7757350032973,15.7195938109647,15.412796491133,16.4763784594678,15.3731175116942
"A0A3Q2I2H1",7.09493616252011,5.77458922524324,6.02224359830439,6.66076960102764,6.50407977064984,NA,7.26673815322493,7.16447727546419,7.27871830195911,6.7698113096095,4.42750689356522,NA,NA,NA,6.56543527312607,5.79426128632501,6.32408278081597,NA,NA,7.4872144777924
"SCYL1",6.91921141427432,6.71718698599344,6.77800635164524,NA,7.14325309125633,7.07971981609233,7.31227559045375,6.88613172348054,7.34872496210081,6.993416349898,7.01138091534378,7.03445148985522,NA,7.03608170777146,6.9024117909253,6.33014313042818,7.49343360621667,6.7268207172931,7.31006064761393,6.52040777492113
"PUS7",7.08358854262198,8.27231402051778,7.4896313110019,6.47610924474986,7.78908489714471,8.06273498302163,8.26089492825428,8.74013994168999,8.32638999181477,7.69015530109425,7.17021400191176,8.22933362300938,8.0596210089379,8.16204599635599,7.03937328569718,7.73366164600061,7.21041729337471,8.05656363354743,8.40853755526048,7.28985481369809
"CTSD",10.7239705876662,10.3423187578632,10.5119321270931,11.0853324808248,9.93351356663694,10.4226285809145,10.2698324960531,9.94965640563645,9.759927203488,10.6120845337068,10.2243951916841,10.5457681958314,9.80019140940289,10.2816359405493,9.59510945075148,10.6656822705461,10.7531294432158,10.408469754677,9.46251765585146,10.701300336422
"EMC2",6.80296213640084,7.03250518165524,6.94930909512228,7.0283254570287,6.85133379978656,6.90505343808636,6.80155902289826,6.58399799641078,7.45667629229284,6.88389645764454,NA,7.13852219276321,6.26447529804942,6.76862822889793,6.33182991544474,7.25901812960808,6.84653012547486,NA,6.93496690315132,6.80271927256579
"AGRN",7.6199116326877,8.06224898258649,8.94734707723852,8.08440560852083,7.83344100198083,8.02331230325444,8.16828595383492,7.90382145265443,7.88842549835284,7.63681390724138,9.10279186223818,8.69051403405865,6.35304823892466,7.97692017845611,7.82662366121934,8.2728188324956,8.34306324335579,8.41052996280582,8.0607399699576,7.82579406673998
"PGRMC2",7.75835718847042,7.03121027912085,8.27138469132091,7.65154990785329,7.78445286474051,7.29888256021294,6.96946703470247,6.15375375530988,6.767029864488,6.81071407451695,8.1552896700748,7.48817851804115,NA,6.9935616063695,7.06863602306149,7.49326921449843,7.2628181254807,7.24231507271525,7.16548957434547,7.81441810252434
"UGP2",12.215077601766,11.6820391620443,12.4264141934095,11.7178573778306,11.8595999418725,11.8550466548406,12.0844830101647,11.5350727280767,11.6845452716753,11.9422114061264,12.0770521734395,12.1132695594461,11.0398704774142,12.2365037990025,11.3207706792781,11.8840348044117,11.685516075427,12.0447410713305,11.9547430320583,12.036237487818
"ARPC2",8.15547373255741,8.21776815111583,8.33574282442006,8.10493820901704,8.28891702300476,8.16859540966667,8.17054809734544,8.12544135629004,8.45594703564402,8.63439404731387,7.87678692007038,8.72743958782479,7.63249139895723,8.55554695085772,8.00556359581483,8.20580358952447,8.23660160174614,8.18182645811953,8.59491463365882,8.06538279467066
"CASK",7.48826041926354,6.99008355066587,7.88071527436082,7.81112867031508,7.88705862081128,7.2972847340618,7.37364313984645,8.01592207292332,7.11581276846239,7.06897867820138,7.98850804030529,7.55787797896494,6.13442941863879,7.26589871461538,6.89712595891752,7.18425221007993,7.32068079007073,6.9684426497081,7.22776333630303,7.89391758297628
"CDH13",8.84851613270895,8.16463541638658,7.09353974472251,8.32746539851775,9.04643306305295,7.38252123924254,8.60745822541011,7.9182122209136,7.62073871180406,8.39658020693803,8.00452565956705,7.23809666435723,6.47697255368155,7.91552290277792,7.51374470529767,6.28838423905204,7.63972981016964,8.3186663335738,7.39270393809336,9.63348246096201
"SLC44A1",8.46516156393297,7.67527848611875,7.63826741251354,7.28133696317219,8.07680977132171,6.89700386758548,6.91239347149553,6.83226932374647,7.29481820813675,6.63045093041255,8.34355763830404,6.55335786656341,NA,7.88723547572963,7.37517611969787,7.95298147507911,6.52969819568816,7.73874442466915,7.3628966358679,7.18133211188682
"SRRM1",9.00413421803969,9.08681053140975,9.06651692972935,7.63626761372438,8.74966425714087,8.48385990449986,8.39619080711352,8.15356838507311,8.69377255155479,8.30795019553874,8.52684608953603,8.43723978938774,7.59210730638076,8.28951455196568,8.11564957129161,7.98283379832019,9.06818066987825,8.86568976933087,9.06437417051981,8.83217194072718
"COL4A2",9.07711834097941,8.77043952088573,6.01890258205537,5.41601986550691,8.01940269399527,6.42324822670425,7.66495357739138,6.94236616689634,7.43164679902997,8.0516449656244,8.25408126105142,7.32297301966423,7.05287397611215,8.58490512637958,7.08538228487479,7.38274614645785,7.87146039726952,8.57813125599665,7.78350759080658,8.7325010897608
"DDOST",9.73944289668753,9.01972192708982,9.67288591639828,10.4430441640337,9.58672048531017,9.0155662361856,8.42459010172521,8.30835549749125,8.46495612808203,8.22137504554299,9.92302049497689,9.01093608147198,7.8571653684866,9.2103448196493,9.52671494733109,9.24594955843259,9.06000548488542,9.27686099657114,8.62519356493777,10.0113151898382
"RPL8",8.61168153906852,9.35316198872273,8.3030520667697,7.43607670455281,9.05484822638663,9.24785693930676,8.81896222950875,9.34250816797806,9.60682360658273,9.1329395877753,8.51416223757834,9.09754497403645,8.96877712822789,8.92622343232186,9.22357449652157,8.8240285649752,9.33676818709725,9.05230479646105,9.08450521653296,8.28214572331039
"PLEKHA5",6.93118235969094,7.18821997493638,6.81455401656968,6.51313820736608,6.88046805841399,6.51638475347537,6.92202795780808,7.08497930391407,7.13174372083762,6.69001106861034,5.91825145997576,6.64814737178274,6.49606653307817,6.80620554983562,6.16965493058669,6.34896395495612,6.84079970032975,6.73779054941412,6.72226516401947,7.02735565688975
"LYPLA1",8.59394661064733,7.92529013359152,9.08952817707785,8.8713544602056,8.68617590185023,8.7343330232882,8.77095322075839,8.59322733446898,7.81716293305484,8.61221232689589,8.87164145100451,8.83613615143849,7.35798567838015,8.52665196990279,8.11795622309509,8.44017643561872,8.804689690119,8.85329954674947,8.27314581061567,8.69611253393891
"PGRMC1",8.69157496597817,7.31505670275358,7.98446746682388,7.82558411629028,8.1009876408891,7.53376687823229,7.5827113319067,7.19677424872649,7.24395729401962,7.40904469252065,NA,7.76753503986925,7.48924092685766,7.58883493261991,7.25445631294942,7.09125301372551,8.44309043275875,8.50686847737966,7.34646662381046,8.46145294059107
"FKBP11",7.26004414892649,NA,7.35078083207378,8.29999053722728,6.66975392831133,6.02500320312864,7.18033321141716,7.18168847366563,7.00644061201116,7.13670884526934,7.54658997871023,7.41355797287878,NA,7.22655132743269,5.93558035585347,7.032787824825,7.52925719258793,5.88548496874519,6.65095536926875,7.20142382143865
"PHLDB1",8.27809246943273,8.04182550763592,8.32002356006362,7.58972931796105,7.92587348832426,7.59504033951692,8.19304269013548,8.13922700098399,8.18782577393524,8.01825909622648,9.25352139720286,8.18034570643637,NA,7.85767443238125,6.34718653351659,8.38931516870781,8.08127453887836,8.8001918445118,7.89801511538437,8.15196540940108
"BCLAF1",6.09313785999907,5.84654387096003,NA,5.54021356650215,5.98215934303183,NA,5.40152537858035,5.60612521220411,4.73606755770763,4.50792455172914,NA,5.81321814602347,4.93562325948913,5.48590095562369,NA,NA,6.33408110516968,6.86888662626445,5.0241237629386,6.33014362267368
"HIP1",7.91830478540102,7.33742895529327,8.02687411801493,7.65695617311798,7.63659314580708,7.73224641842194,7.45538772054958,7.14265473540208,7.37256514648264,7.94737823632514,7.94575618028945,8.09251867924735,NA,7.42597760566855,6.09180304511304,8.05758405036948,8.19375836462679,7.72566525745457,7.76064223659012,7.34016172334799
"DYNC1LI2",7.04210797050984,6.60909512847334,7.0345209417085,6.61458654758675,6.80854705175734,6.88996046976284,6.7241192884968,6.27531622214689,6.18993105751359,7.61862344648401,6.83062171362698,7.85190118286967,6.36058509266039,6.17697903749002,5.28973213829678,6.46476584661802,7.85636760804019,6.88307445362041,6.31091935029689,6.69953398834171
"DLG1",8.86157430582547,8.80332645212942,8.67997822167697,8.57039234807181,8.61432908883798,8.65446389336966,8.75344831810252,8.55995217467535,8.96425811946844,8.6941372779869,8.54621322224501,8.38313322210049,8.34006967342393,8.59085028005044,8.3056987890333,8.5951194825627,8.46690456087823,8.71641098149027,8.67139101260334,8.68994910390687
"MYL12B",8.75273033353042,9.58198336812437,8.82690640819968,9.31853995447714,9.076104428865,8.97063120551244,9.1602041412777,9.39108329227372,9.59862978998456,9.71848985145356,7.69570946317728,9.06855713550843,9.23866701975159,9.33843859730334,8.71859212680513,9.23164441666991,9.8892125564161,8.58075666961103,9.23068126858833,9.06241100797098
"A0A3Q2I4Y7",7.11280113127582,8.71563962219921,8.6843216464847,7.80173495579567,9.70847812673785,NA,9.39996649917798,8.82932735529925,7.58415127809002,7.01886187510822,NA,7.64239885928688,NA,9.59534796481974,7.58716570451059,7.74364755907078,NA,5.57575005404578,8.23790415667252,9.06767746895642
"FZD7",7.52919539196097,NA,7.70773358741734,5.66930553724923,7.9671710488194,NA,6.93956223073355,NA,5.74367616174112,6.53733832425832,8.29458795117609,7.28143888279403,NA,6.37574803837258,NA,7.73832808241768,7.06990253812946,NA,7.01693586634023,6.20999585133539
"MTPN",7.14093717974789,7.07799280608941,7.83344410763412,7.78843427777021,6.93224182553656,6.85531769064217,7.40282928602284,6.29071716641772,6.76978522731721,7.44768319223513,6.79871666292018,8.19023796530689,NA,7.10807031671351,5.87467019620523,7.20651778807287,7.30601668459328,7.04015438183356,6.81596852744576,7.30215351721646
"RPL14",11.3517262396509,12.1481275000327,11.1873739932733,10.4155928144489,11.7612885752662,11.8810644889309,11.5883922356399,12.086197651375,12.4565107543617,11.6879183717793,10.6975798537069,11.4449765322249,11.4325995271862,11.9539743804865,11.9483338015083,11.2314577135884,12.0287292744808,11.8491661496048,11.968952149292,11.547967113059
"PPM1B",7.20168206427255,5.92718953797296,7.86572189160059,7.35052503649732,6.0552637030707,7.15512001327424,7.10469318408417,5.15183163974526,6.16505131970917,7.06720087702603,7.36294895305535,7.40921945207254,6.77676736935582,NA,7.142058826636,6.96269445378576,7.17310667268825,6.60978171618424,6.35216116376273,6.52643381916215
"H1-0",12.0302901375483,12.9485097743992,11.0992390720684,11.3036297867053,12.326329121515,12.6172126720436,12.2413164691106,12.9459408526571,13.1615718721247,11.8853271064525,11.0877214326207,11.0900777167097,13.3832093635797,12.694811855397,12.3028542711495,11.7980094824608,12.3737757742468,11.8753492167075,12.474846495443,12.2248694183977
"ANXA5",14.4598125962405,13.7875131038731,14.432429040894,14.601974221322,14.067440995169,14.0617757875226,13.9794962858158,13.8132814951814,13.7775278145611,13.3434157136471,14.4750398610486,13.9501735500243,12.9541523504822,13.9210609985639,13.4531347289081,14.103250617526,14.0888213674007,14.0534209838564,14.0608860365766,14.2340396627152
"CXCL14",10.8447352905596,11.3796192250999,7.09886235253625,6.61324431651516,9.415716959288,7.83178388610358,8.88871871473311,7.87850973891691,11.1738515695147,10.6380520368351,8.06237266887781,8.21349492494406,9.6769767639215,10.5219935163764,10.5193885843081,12.2376244367025,8.03361285074087,10.0781907349489,9.55477592432019,9.08203877679178
"DDX3X",8.9357501798251,8.82466449430175,9.29724204696687,8.80328321989361,9.24578614496866,9.4636650123748,8.91900520449676,9.47103071552408,9.15940234541953,9.19865886915879,9.2749085195016,9.54775129395967,8.49085741009537,9.35570655888987,8.58637937250395,8.8682952133371,9.58135619457266,9.11760548287195,8.72290942309249,8.9197702327994
"PAMR1",6.04602712414953,6.17843794439261,NA,NA,6.42481327563045,NA,NA,NA,7.24694998718738,6.87381169846618,4.68051310885227,5.55917388373139,NA,6.58233297998597,6.98053000225961,NA,5.56019616455443,6.72974314475029,NA,6.60390500059781
"HNRNPA0",6.59628718418839,6.33141055833893,6.55329571400106,6.95777054003248,6.62910567712265,6.3381420912184,6.42151050442661,5.82985230836294,6.06745698464652,6.08636414836177,6.18941702068197,6.30826634668356,5.75187560214491,6.55247601791583,6.24670232571532,5.88912057563577,6.88245487112162,6.75787897893002,6.53891375960847,7.02135765017695
"EGFR",6.78994526890178,6.80013534218992,6.69501322419678,7.1709296605355,6.95341127329607,6.96168072679632,7.03713883810452,6.582333523598,NA,5.80142179285533,7.17408750855949,6.60599657758293,NA,6.61516157417141,NA,5.87968816366225,6.63258609634126,6.14276237465051,5.78062138787932,6.72219952085003
"OSBPL9",7.20497658990179,7.24238437000688,6.83039040021845,6.21176355331395,6.79700042145668,6.68719199652038,6.93030202052226,5.97143546638108,7.54177505552837,7.37109510054669,6.72790373418297,6.9071625155783,NA,6.75488456775475,6.09741122901465,6.49193838704591,7.01698400505977,6.71982698013917,7.77783953396034,5.90274330438209
"CST3",8.94758842588114,9.7908052354786,9.23274087809077,8.86858784746865,9.10851038237872,8.26875764077801,9.67359009995336,8.9633904233558,9.44413782809002,9.61154409188036,8.89419562394284,9.12031134525883,8.95548107029784,8.52272961777187,8.99555083540059,8.84408689169422,8.66561766965523,7.82171048707274,8.76628252317652,7.83023093152959
"PFDN5",6.11560974033121,6.14049322527533,6.72261487023556,7.07612320614002,6.09913008865127,6.22741054259226,6.95852196406992,5.80887068835304,6.23587135214598,6.36371417324498,6.76147553899921,6.3242338476026,NA,6.33893154630753,4.98224255053485,6.44839138592002,6.67581163286979,6.59264026944994,6.54986990857087,6.83827890065875
"TIAL1",6.5003656646916,6.77489680418901,7.2180416084433,NA,7.16047743519919,NA,7.05381815723798,NA,6.31888662995756,6.95474914469686,NA,7.00639792658545,5.72318318963951,6.65590770365207,NA,6.5818696483134,7.41506533577957,7.65597251138951,6.18477471820037,6.47010405808108
"CAT",12.944435031033,12.4488544207973,11.6137103363714,10.7335801026866,11.0744558164819,10.909050921508,11.4961647848068,10.106838738697,11.727824687742,12.2779952700581,10.9795906466952,11.3915405095289,10.8629248172051,11.7820034403408,10.8276451518878,12.4879068435412,10.5367444953493,12.0929475232163,12.3869156656228,11.8055056344365
"LOC100049798",8.22716367720297,7.09092610628264,7.74486252266547,8.19106870290483,7.75759878502126,8.62801527185439,8.429678808759,5.90069199910664,8.1369498863708,7.80176430673138,7.84954857899527,9.04336677625897,6.68507099933732,7.92519427886766,8.84872501671689,7.92488401413164,8.47303755836848,7.53585911767713,8.39524693730798,7.96169115970751
"MARCO",7.36564193097154,8.58816042881515,7.47704155719034,8.68529487964674,8.04677933792286,8.19465726984829,8.75663156940799,6.94375560172702,7.40441887666462,6.72509766736576,6.97332252762537,6.12577419273663,7.24787369864553,7.44720409556617,7.35339698026442,7.64089261688938,7.72896451570189,NA,9.10446060059981,8.54229322416248
"TCAF2",6.98471812941992,6.61052346027906,7.35631358695604,6.97082502971849,7.3889144305905,7.48469492369861,6.85919414789266,NA,6.96170931357401,7.00766484878483,7.26276778522799,6.92548881571659,NA,7.33940360248168,7.05767779157689,7.41446215653523,6.61421032734093,7.6989207311648,7.57526367828827,7.44603259814986
"PXN",2.83667722612767,4.71917307985546,5.50159087228672,NA,5.34974835666408,NA,5.44414661673802,NA,NA,4.98669272309585,5.37979682109292,4.92604783882184,NA,5.28390066553319,NA,5.20110262712968,5.90325856339199,NA,NA,5.28537749355727
"NIT1",6.964220698122,6.99378485490023,7.67364801123184,7.17617646417664,7.22799070186538,7.59134244729954,7.2453977921717,6.97823541448938,6.65988516746473,7.32512754800279,7.39183225438536,8.12493523324843,6.61588253275045,7.32015913073709,6.72613353089898,7.33057401265023,7.03728078737853,7.53109581525273,7.11817824740371,6.63393809546936
"A0A3Q2I744",12.6076745098503,12.8992981163092,12.2096980297063,13.3278790529069,12.9043196523032,13.1813013475946,13.5976309186089,12.5591282849085,12.369774871708,11.8963179284864,11.6223109988319,12.987929817219,11.3226346909774,13.473007145199,12.7564331478288,11.3087470698839,12.0037809108205,11.4618504772582,13.5069697946038,13.2898227833691
"A0A3Q2I7C8",7.85509961175765,8.40537996036489,8.29361923941833,8.74788344284459,8.0972047365882,7.98503422229297,8.26223749449137,7.97026426296458,8.58603435058254,7.6779085912365,7.43211472689501,7.8109208310853,7.28717473392317,7.95571801904666,6.3721071403827,7.77968295572064,8.17301036244865,7.77170405674148,7.71212925088286,7.6847379931066
"SCYL2",5.3670342602944,NA,5.74858748803122,NA,4.84213610773703,NA,4.98241574781578,5.05145195171383,NA,5.24688083103091,NA,5.59584004797117,NA,5.19908789995988,NA,5.76077555018656,4.94796116465859,NA,6.06532214584675,5.42294797374522
"TBC1D4",7.30343296255949,7.39480983672501,7.02566868773778,6.53770985088042,NA,6.77582176939621,6.83964098349308,6.60744340892509,NA,6.71425183441891,6.87404429983737,6.96405117142273,NA,NA,NA,6.91172911354192,6.65823911366622,7.19922160710821,6.94229263015857,NA
"IARS2",6.04820877265893,NA,6.23518839291084,6.3339878932285,5.95827990005672,NA,5.64413380365353,5.74273050055892,NA,6.33279230549151,5.72396790573417,6.06752389104648,NA,6.19804708328023,NA,NA,6.23098603420782,6.46104437417164,6.50658107820523,6.52495245316349
"UBA3",6.07608041813746,5.39080906494905,6.02073984736799,5.30083025568114,5.31949587237193,6.04016960610303,5.72949853913106,NA,NA,5.60640385526591,5.90146353166142,5.58947094228221,4.70688343564192,5.79766414530224,NA,5.59694208393956,5.75514357614878,5.51335276716242,6.07646797461054,5.90040527214573
"SRSF6",6.21642498859918,8.09422011264108,5.62516011170507,6.8869393491626,6.91294691665608,8.36210342490642,7.85027292692739,8.91526982262642,8.3194235303117,6.51516245119158,8.59465875116241,5.04742083728925,7.7452823734835,7.92079843704049,8.25125248090331,6.91557942498205,6.18177836412491,5.88058542940983,7.81879291874877,8.25814325621478
"SPAG9",6.68726793638073,7.39991539963721,6.98246871577621,7.19988340477355,6.50270216350867,6.99286692921502,6.77621851956235,7.23291840620144,6.98909476228926,6.58104850514972,6.47880644820766,6.31679586587607,NA,7.04942113339873,7.9029138750458,6.85294818744297,6.97215293751493,6.92620884915147,7.03059975448392,7.21591974622929
"ACO1",9.03530991428237,9.20327987934748,9.34727132334606,9.17468652087412,9.18748827630505,9.38119331494162,9.30855993572701,9.51282802388041,9.3739620334826,9.40539518805465,9.0226765699681,9.19091862591113,8.56633570677215,9.55598039266857,9.11562878389008,9.10585451308652,8.8717997659701,8.9871786986677,9.51536761493849,9.32906569198434
"NPEPL1",6.78641681555514,6.75510578296475,6.3000374988757,6.47071521150152,6.7518548152728,6.40556919383742,6.40235448151876,NA,6.54932102872431,7.02022402196245,NA,NA,NA,6.71453281036676,5.73314485007734,NA,6.30679884684363,6.3207865430365,7.06491686610422,6.67897012802165
"VAC14",5.99012501940324,6.07704310199432,6.1626077306386,NA,6.30947818109159,6.03182761370438,5.95954076101924,NA,NA,6.16926224834257,6.43823291365367,5.84365165270794,NA,NA,NA,5.89158471498957,5.59987980110465,5.23020369841385,6.59406014823879,5.43827886756417
"ECPAS",5.98811731437216,5.4902105732242,6.36701976812459,6.09297520067137,6.13157608213498,5.51627272856305,5.10269205671234,NA,6.19956442814779,5.5595272646203,6.05981687108723,5.93162334124956,NA,4.67264259374764,NA,6.14464456087509,5.64606155898977,5.78289944639473,6.2977031503002,5.34632454658665
"A0A3Q2I8J7",6.35931631554935,7.23711602273465,5.88900400210905,NA,5.67686970137084,7.23933885468958,6.83790109928559,5.09118346871385,7.6579992845218,6.81871925448587,5.00205017697141,5.40176730909096,5.27518551138519,6.26777604907236,5.43665915776027,6.60614083593353,6.65243494450076,7.23520536748716,6.66592198740586,5.19546863520854
"RPS12",9.69719027930555,9.38423389512032,10.0138496934012,9.97709764104581,9.14461864497774,9.54805054397416,9.80134278780498,9.10720327259488,9.19394778426718,9.66616737950536,9.64504937021581,9.72240854045571,8.26720035035559,9.2963808765896,8.85129810176064,9.63964820181899,9.8011193744224,9.98306154737617,9.15351616659353,9.71408609829957
"PPA2",6.39381774953897,5.33154801677342,5.99882896519239,6.47838898372634,5.54581664011114,5.52773851780773,6.11575859882838,5.67576926322475,5.22519578042429,6.02483169333069,5.61996019368404,5.9336693988692,NA,5.87958195172076,NA,5.73166828545054,6.27379052845659,6.27221644283479,5.00963290222484,5.55691895118703
"CSNK2A1",8.1812034838064,9.06610873827719,8.25327242221035,8.77127920517898,8.30249880842388,6.93334258855754,8.7259123135088,8.38779303325034,9.65178191769699,8.65592305688662,8.28130341460437,8.59383784031131,NA,8.82358504348421,7.03779500756406,9.00974789489202,7.66348787284253,NA,9.67302209563334,8.82227792173806
"CLIC5",5.97637336652059,6.54179351245484,6.67943324454933,7.17479311834344,5.8036975274998,NA,6.31204511383063,NA,6.25046456221136,6.07165186082131,6.06521503306067,7.11061316332107,5.80100704329577,6.61661997437067,NA,5.93087779824046,8.13055372071348,7.31741374271826,5.66696569742747,6.69776834595035
"TNS3",7.86420332992585,7.47969359265552,7.83071956337397,7.83188464020128,8.00035822071806,6.87667065245718,7.65624352319485,6.56094631986548,7.25936111174775,8.12234866631069,7.33873149208331,7.73486894373109,6.48024257612065,7.43992631714633,7.18530725932886,7.89509664882883,7.55962729708484,7.57144540956235,7.53122095897703,7.65125383698819
"AZGP1",7.72210951797041,7.99524237985561,6.39915073567615,7.70139077510993,8.25134458653769,9.87221352523635,9.6427431578207,7.12646935839592,8.03471623801553,9.32589835389426,6.82198739979805,9.49396289295004,NA,7.65496749022895,7.94238724572448,6.77644617625624,7.71696017047857,7.34091051063465,8.4109655983734,7.78640862143085
"IFIT5",5.2323517951056,6.0608067697714,5.47823754099466,4.66596478118874,6.15331661003273,5.54399390416766,6.21046134728494,5.95434149223033,5.90712634771304,6.23245214612994,NA,6.22129729394919,NA,6.0667916239622,4.19229844662645,NA,6.01349542917945,5.93982177508587,6.52947519072959,5.75911788105395
"TOR1AIP1",8.39582740550071,7.76193680916409,8.32673957722663,7.71046801021568,8.67111081165074,7.28583509225666,7.51554381656804,6.16276057598411,7.625698341472,7.52128224290502,8.07740399108023,8.09615207900604,7.08647025489086,7.96079688751855,7.6084949503477,8.19641009397601,7.94210527957715,8.2430150458972,7.48036361696304,8.25660065078036
"SHOC2",6.17041318623296,5.88906393575466,6.05832006741448,6.08882634513356,5.79679159853158,5.50795359359069,6.38954928241265,6.19108559774555,6.57742972441746,6.11039256791307,5.70244716050196,6.02587119340121,NA,6.16165709333002,5.83304516775993,5.49598826053774,6.54938662768892,6.34233196022138,6.2115224526826,6.20661465062841
"EIF3M",7.706318760401,7.26017871095982,7.73260238187297,7.46155403614255,7.44884612295543,7.33493139835674,7.26388112791824,NA,7.48862727373439,6.99100758885803,7.27588344820239,7.42902985142216,6.29470491659512,7.55227268359506,7.235720090941,7.42265044632085,7.23553668721662,7.72432864067707,7.47313266316358,7.62366961758828
"PLRG1",5.87764377955634,6.32650225460221,5.12826666386516,NA,5.64441081241203,5.92109796208181,6.47042592115368,5.9513536793768,6.77240316068358,6.13319801849677,4.89444496273285,6.34263561294733,NA,5.59227619180132,5.77176705673449,5.64351422329632,6.10489618466704,4.98725887949232,6.49718898729768,5.80930000357754
"LOC100058290",8.84044600493296,8.68867003926982,10.0754840238333,8.43020044875565,8.98369001178246,8.99410936599315,8.59321314658298,9.09792540852735,8.79990703630331,8.64518247048688,8.51608609441601,9.138955909958,8.60479060747955,8.57000199016634,8.64871525658783,8.49322730482272,8.36422346549453,8.1446212131883,9.31010640886287,8.93891340854401
"SPON2",7.37757136646896,6.51358871327965,7.2729352852481,11.2062206739998,7.78021162322621,7.68491584790583,8.59664226143647,8.99813397341368,6.63247925823972,7.8947186956218,11.382597837366,8.27503768965998,NA,7.08393637932069,7.75111327239325,8.43073745114133,10.7418094462012,6.83461488359002,7.29334744636782,7.22678564033619
"LOC100050047",7.29547238629554,7.23091809648119,6.14608404266705,7.5842986258131,8.1483356996073,8.10809082437444,7.47346398738633,7.94731181053233,NA,8.74633988358455,6.01535867887325,NA,NA,8.15216120858495,NA,7.53175743794286,7.58316616847255,7.29337644059551,8.3828966638345,6.40701816606179
"RPL7",10.9393346803269,11.7091070160459,11.7942821500034,10.105875553957,11.2666376075763,11.7036998595187,11.3415774848726,11.6409646773553,12.0334666775942,10.8913090950353,10.7292378044608,11.0390367249196,11.2751654484968,11.5577479499451,11.3300349274796,11.2990655991361,11.2299543065437,11.2309131473958,11.7498847054842,10.9055019575893
"PPP2R5A",6.89384418692227,7.14922672540466,7.09764997666241,6.95272417839901,6.9076440975615,6.52703103493909,NA,NA,6.78042512727946,6.85206017894542,7.18880830928462,7.01450040060682,NA,6.78549294545809,6.75989462853192,6.79807831950399,6.4560937125223,NA,7.25385933736717,6.7996462128586
"PPFIBP1",6.54767637658902,6.79879149190956,6.52503927052298,5.22831044662119,6.68646129014932,6.60126193566909,6.58080383004287,6.56618310674416,7.24570919051326,6.69822498090399,7.09070432730195,6.86461335474628,NA,6.65924497075439,5.73900504316212,NA,6.74148198523125,5.24639998454748,7.00075715838485,7.06991546174213
"ZKSCAN1",5.40518306626568,6.05093981779964,4.99904632472341,5.81484983908292,6.57467142708092,6.02661029312211,NA,NA,5.97854013702415,5.47102874938701,5.1671016552276,5.38063576258217,6.78678630507644,5.74536300846939,5.48369081791433,NA,6.24793092671852,5.49500064213239,NA,5.61731441864009
"GNAQ",8.11657216875429,7.64504808373793,8.10940016558772,8.39468465595844,8.40065940872372,7.16112917454651,7.37913923666097,7.37698183407173,7.28913699602411,7.23720343653998,8.87480879527761,7.73920059810822,7.56132755693701,7.19780292026609,5.70684654182744,7.42821888690561,7.69163617930592,7.33610887013163,6.75810168845867,8.21878023444682
"COPS2",7.52375162971122,7.332990499921,7.80119251752093,7.28820742009379,7.63134545685067,7.37128241097772,7.54317815673283,7.32744924392745,7.73570933068471,7.53049387733309,7.45535022038433,7.68177476616826,6.51860474685577,7.80789417836758,6.72801595255803,7.31630428056097,7.83775714816574,7.2304583821712,8.11660171481325,7.8123090746281
"SRPX",11.8252913245175,12.3631046346798,11.4660306496494,11.0363941446314,12.6531177878571,11.3052436578246,11.6092182651718,11.5488665256313,12.7984177284677,12.5628417749832,10.3405385850609,11.5555168151894,10.9170572349489,12.3814994319055,11.5291654657608,11.2485571741542,10.6028816543782,11.8997489630046,11.7611777958863,12.5434956784082
"DNAJB2",5.62146413869737,6.31994613024128,6.3313882975317,6.29409155246814,5.03907683296922,NA,5.86870433772708,5.50725491346453,5.68917165953774,6.15455636919659,5.56513121452742,5.85870220374345,6.2393912110121,5.43829663706035,4.9701768330364,6.0133426285339,5.74008113862973,5.66775040608458,6.09969414330354,5.81424732402459
"BOLA1",7.21604182581919,6.64879595627571,7.33231512906099,7.04215606158423,6.48895990003285,6.92695657039814,6.95383031987364,NA,6.36166743606611,7.24342438018535,7.13995046023574,7.11160336916688,NA,6.60467502332747,NA,6.63727919188393,7.50175463493508,7.12936151973355,6.75989462853192,6.78239215989735
"EEA1",6.51723464764249,6.21010063736654,6.32665827489898,5.59013732802617,6.42792909793326,5.72784405604466,6.42913924803566,5.00813974412443,6.35876170073767,6.50181665689992,6.53644278130178,6.36332966571202,NA,6.21200553647211,NA,6.23725992342181,7.00999821262084,6.48682266486057,5.98815909985389,6.14197897713318
"PHKA1",6.87266858642022,6.58563276516132,6.92490876569271,6.94348093223926,6.9768482581335,6.28124201533673,6.3165036746913,6.42982698356768,5.79472464144793,6.32960480456184,7.20197909962022,6.52807612270137,6.95839401042404,6.82135295309863,7.16465694586454,6.68393355869788,NA,7.39314559482666,6.98842535223945,6.62627023216649
"PPIH",8.307159657692,7.85469805794807,7.89800649405953,8.06872378656191,7.972813663745,7.88107239924787,8.24982805991329,7.8893304438138,7.20436601489681,7.93437508345182,7.87153406167873,8.36084844571646,7.14252953872501,7.83264154763685,7.14617114725655,7.74706583799847,8.63053052135168,8.14294934232858,7.11325158222095,8.5476114236887
"SYNE2",6.57085167041076,6.42232405111837,6.62409605722987,6.4589216476878,6.18010595559052,6.08091179519636,5.96839428822603,6.02721081754482,6.01557458905145,6.47305367737343,6.44004714088432,6.49934897261258,NA,5.94293101045546,5.70306653908386,6.56710647922685,6.00190368831642,6.29737281919566,6.29135419357841,6.28743969211803
"KIF13B",7.67792656128553,6.58105624725065,7.59131255699009,7.41846972269664,6.92915507906067,6.82729859464347,7.23088861516035,7.77044145888079,7.23563137990092,7.10197986512181,7.68489340167765,7.17324852682084,NA,7.11398538070837,7.13919799526998,7.08315209489115,8.40491728498914,7.29474869492211,7.06212548433337,7.29822895383963
"SRP14",7.56395584875027,8.13215050713069,6.60464230189442,6.25015042793526,7.52562756405686,7.75244247714141,7.55101471252832,7.95125259255788,8.34466512802588,7.56858542190222,6.97181083543921,7.40243846128626,7.86381712576726,7.70668012957038,8.09727176478491,7.19119183276851,8.01613686776977,8.2241550336822,7.94796761426862,7.4861549578692
"ECHDC1",7.53859964014939,7.53435702923262,7.29914621010447,7.22707393589346,8.02779022906441,7.41862964680776,7.74722186912568,7.69259666955809,7.49844049601921,8.2327472253023,6.9959046580094,7.69976313437452,7.91595296060201,7.94573678098205,7.12698172538034,7.22984840587249,7.95280420794817,7.41944226394575,7.98270669804601,7.63028094996576
"PANK4",5.50257219174178,5.22816992939937,5.77569016050194,NA,5.36198729896682,NA,5.98358283837313,NA,5.42405046887605,6.15821889031213,NA,6.17611396572454,NA,5.7244340430265,NA,5.12853144796917,5.06665752107317,NA,6.16284897107881,NA
"POLE3",6.90692408404946,7.95802477630606,7.25369188790728,6.94964090357939,6.60664408280835,7.17651911464893,7.36074167604879,NA,7.68666552843558,7.8655222315074,6.78152518001467,7.87663579966971,7.60947023072392,8.10887380314045,NA,7.42079554463487,7.66651357591585,6.86439240549104,7.58832599678817,7.4639913201595
"LOC100067491",8.8160000421724,NA,8.02474255182353,8.03968069243661,9.20662245188811,7.17812369489698,7.12529801817412,8.53860637255014,7.87755863677349,7.45539463161529,9.32418715719073,8.16342314241223,7.51304234284365,8.23011162398597,8.12919869297533,8.14562839275849,7.65255401211006,8.35112812536288,7.86343251749361,8.16662286789039
"SRPRB",7.10638814812688,7.36858983795341,7.63200958315173,7.468414814004,7.50062352390702,7.11681434556057,6.70524648635839,5.8535391148501,6.72902475043236,6.37615157078924,8.02732830267165,7.16978096713318,5.73856984019513,7.17904055069661,7.31506626354604,7.46669068310181,6.48305404612788,7.30057476466198,6.87124861754351,7.4280627188189
"GLB1",8.30004521452963,8.49638454043117,8.06940373784057,8.37278985300498,8.08771785904699,8.42100237746189,8.25785628752946,7.99279307064519,7.90035224341635,8.70307087046232,8.05759880682085,8.37790406327113,NA,8.49476154056953,7.76201683416181,8.33357136340702,8.82047769968065,8.84833785448373,8.30962565916334,8.26105858659213
"H2BC21",16.2629190355398,16.9250148361308,15.5431093408488,15.5411093004856,16.5256178804962,17.0686620895349,16.1924743444431,16.9843563392464,17.5498066024398,16.5408240853147,15.4687367728282,16.418603985437,17.1382032996318,16.9454003858991,16.9460925999506,16.1257099111751,16.9775155644107,16.6360425147361,17.0336396320964,16.3515141481526
"WNK1",5.61911661803873,5.85774651972177,5.6103756389455,NA,5.40848932488719,5.4795280421105,6.18352215124002,4.92498572888721,6.3319994083469,6.08156924908607,5.22746434307779,5.94329743760074,NA,5.87461834113798,5.39644444190454,5.15299765056711,5.66858592211651,5.14937126732579,6.38554682666161,5.03742622411083
"TPM2",5.57333101937627,5.09829640401198,6.468640337605,5.47988922863379,NA,5.41996195847153,5.94460254401309,5.41684773105419,4.9692975698459,6.49670240503399,NA,6.10226015244048,4.88526367646708,5.37230427925158,4.65946034405282,NA,7.03557853657639,5.90811553360686,5.56184500045593,5.3137705803379
"CFB",9.73177292635661,9.88534920564138,8.39002248928956,8.79863198637386,10.5593752670072,10.6963721853543,10.9218768070616,9.89223689128628,9.82005481894512,11.2154268423028,9.04657427142243,11.3809882366222,7.94542765878076,10.3003549518879,10.2872107026394,8.93305733946495,9.63348779071915,9.83687505127122,10.0448711048342,10.8345777981228
"C2",8.14673203176464,9.20548751955945,7.04028601270282,7.06902805790396,8.54955519968894,8.26100243173624,9.40297068281244,7.87464726031664,8.80779657613524,9.27749110334243,6.94448681402888,9.78114609184764,6.30926219909582,9.24752215189248,8.88837632846606,7.27172507110261,7.27601979019269,8.65675865482804,8.93602631127926,9.71065781993916
"CLTB",7.97225950967485,7.30009599722185,8.05796430364471,8.51749308614817,7.26680561180379,8.00478360812675,7.73282471795616,7.46530293118511,7.39309881437692,7.80042544397824,7.51606742255133,7.84872532763709,6.31348678956431,7.35641702545466,7.26806142974991,7.58465395842094,8.13229782584148,8.39167173804417,7.37081351332204,7.3582516138902
"ITGB5",8.54392358138962,7.6855011932262,8.78011858207566,9.3710641232684,9.37465022019487,9.00918969765158,8.82683732265807,8.36078678011729,7.70695882591393,7.79894847916297,9.26883154500574,8.61967874585798,8.0467529214107,8.16524220501734,7.13762723879178,7.97308036466077,9.07752556447294,8.24676948882666,7.82637665087497,8.64935552401274
"A0A3Q2IDT4",10.7831469239881,9.12526463243525,9.13782933969636,9.36329674590395,9.10621709916707,NA,9.28819560818074,9.12787959481243,9.04687092081815,8.91586392180177,9.0760116249077,8.41484306977444,10.14924469704,11.5248728222399,8.81730200026334,8.83158342764193,8.64651069893705,9.42155401041641,9.60900175529701,9.49433555907448
"ZNF385B",5.00069090590528,5.52697525636735,4.49443092319082,5.32595492795041,6.58119033321931,5.90198163536405,5.54187453429729,5.73639974750871,5.94298034488168,3.74017259461756,NA,6.37721859571473,6.03369575562305,4.89558958739397,5.47934197542534,NA,7.15635188533668,5.91678632338264,NA,4.14855331435821
"TNFRSF6B",6.82644837513677,NA,4.61507978481836,NA,5.23025604675672,5.92665726852046,3.63487512747876,NA,5.38441345262522,5.93823101881371,NA,5.46200347786196,5.68103616073159,4.6073809233073,5.0654249426915,4.77614697966171,5.54121123008068,5.0103031458711,5.70525624354855,5.45653562127865
"ENO1",15.9142362433995,15.3109755464371,16.0306802716588,15.7948170909444,15.6189435827008,15.7005417789294,15.6407314896641,15.7498739267617,15.2260448802825,15.632227719545,15.797702202264,15.809220197337,15.1057064805207,15.7482935845514,15.0769181801819,15.6556586194731,15.8059807311635,15.7352627046846,15.8249796569482,16.1273807353654
"IDH3B",6.53215790873828,7.10149323980864,5.94041146460357,5.8094280407108,6.48174478185327,6.41857221653269,6.34932212663695,6.60471718510911,6.94469327852413,5.95690019523833,6.17697572757032,5.82327879069573,NA,7.69503331943521,6.18711667183758,5.78750929344592,5.85451377698669,5.73398023132119,7.27724617015594,7.46897539264808
"EIF2A",7.90825839652036,7.85803534862629,7.90275033404698,7.76816632174837,7.91297942153701,8.37731112996058,8.30812062093769,8.11238628005415,8.3636710603484,8.03296099688143,7.60696299137547,8.03955742466717,7.32540138912806,8.46213670538102,7.85794293209387,7.55642804341894,8.45397639338671,8.09583746051484,7.65736150025813,7.80352932736479
"CORO1C",8.3398581365138,7.94830737953698,7.7722813325108,7.85150262439688,8.67486195984728,7.65432694374857,8.13886813378109,8.72228916490806,8.26144010271685,8.56196356489812,7.37615925181576,8.13228965920212,8.2885115746549,8.36702481153448,8.63923082702003,7.7295597894708,8.39912658474358,8.2515489838951,7.8600813374149,8.24396223279079
"SRI",10.1255925478686,10.2268786426865,10.49733257846,10.4341218118457,9.64386367650673,9.82959782573378,10.16117731851,9.38478363737108,9.54857533162583,10.0895625612469,9.53755455165064,10.1187335875779,8.88024946513186,9.81551980733575,9.05916959342257,10.5925877870289,9.53347616096082,10.1207574903479,9.88244643662539,9.82849941849913
"PRKACA",5.72637775115626,5.59644921153316,6.72982167920698,6.67120295883554,6.59823833268046,5.52041645662534,6.0140636846883,6.3678011452865,5.84704495847531,6.52412742236055,6.8434195685799,6.57206610228509,NA,6.66472783050514,6.65640568195139,6.20893078346777,5.97221417855506,5.87819293732126,6.61419781104495,6.79262981161122
"CD2AP",7.19067418771179,6.2028528058481,7.31491590603317,7.10759356503126,6.0606154379243,NA,6.54176994099389,6.04395647667487,5.89479200932584,7.1110558678996,6.74836826695471,7.17856567264299,6.56655610086605,6.4080714847001,6.3281151231654,6.50881778203523,7.29426130027038,6.21705426692163,6.48089159770128,6.34238696816494
"CYP20A1",7.29002210606664,7.08956117090056,7.46718055186315,7.60058666394624,7.54684983751894,7.18844647117177,6.63712135714823,6.87262112745031,6.62020386622628,6.59355272770124,7.61773326434498,7.03606397863833,NA,7.40655491812853,7.64749244128487,7.40979642890358,6.62801973280862,7.43723069575744,7.09755824459759,7.18775401491606
"PSPC1",7.23207003860742,6.9457020898498,6.97301521692691,7.13190190830465,6.96394546937508,6.68893470144135,6.69090875656949,6.21646872439951,7.08628150273835,6.73532445466842,7.09769920352418,7.53694993766776,5.19896176107027,6.53234176190572,6.61803375047183,6.82807767937518,6.88665665165292,6.85684835814387,6.54247084195657,6.30411743659617
"CHCHD3",7.4200876837843,6.836588009775,7.76726247783973,7.99414041637709,6.91062722306032,7.42535319362986,7.35913402832666,6.44380276293828,7.15497746580737,7.39229412806129,7.19258187146144,7.09136518544519,6.77033257745106,6.677422188641,6.78396269476765,7.15792959600408,7.97301726299997,7.71458314648541,6.74456458226428,7.96633407649718
"LOC100061787",7.76690606368611,6.92694700276278,7.06294293455074,6.99370951352518,6.76018473059393,6.43900228612136,6.86800701851016,6.6475474481265,6.29125274965927,7.25384830898539,7.04305131143584,6.80100745519411,6.54616924304962,6.49863700234113,6.17984668269945,6.73673754872293,7.58483276987549,7.26634568530839,6.72379220061051,7.52786304520301
"ATP6V1G1",7.63677401862311,7.54044257192353,7.46878728694025,8.03794972028461,7.92917744984566,7.81701106662801,8.04815483406122,7.26101961006911,6.99414514411188,8.06684114080742,8.04842531838985,7.7957699434059,7.19476666543804,8.23948222657456,6.88474957818937,7.42449974417741,8.51695686197019,8.04896411889102,7.38679750850995,7.78980629280412
"BAIAP2",6.52231101033804,6.45348586678615,5.56003910923996,5.73146457800464,5.61712086220929,6.54026057014209,5.91983608514948,7.11394885510427,6.35680439985346,5.67815180203885,NA,5.64779832740118,5.04214230244928,NA,NA,NA,6.03633902887446,NA,5.84211323419152,6.21183323476034
"PLOD2",9.86068395428775,10.4424389502036,10.2520442679156,9.4578807081619,8.84683478387783,9.24471948717085,9.48909649621162,8.78509746822622,9.57682837032813,9.73044518850292,11.2542695441034,9.43216816098851,9.20340095826312,9.94031713955189,9.80059358723852,11.0157637973852,9.50457252641757,10.2335825828358,9.90765814698278,8.19729203016917
"XPO1",15.5611743488235,14.8917579698821,15.164496483085,14.9144304999032,15.2379996277498,14.5356342341461,14.0880248760269,14.98505092145,14.820741702739,14.5196108985819,15.0032300378323,14.7129467883707,14.1971545816359,14.8657349083549,14.7595890170092,14.8951477724547,14.7093713708717,15.3188854854088,15.0758248783733,15.0339337322667
"APP",6.10537308482243,6.6670508366903,6.19681926025968,NA,4.05680030933451,6.30279417703172,5.73667071371708,NA,6.72298507468643,6.7813631133858,6.66442092663058,6.5385872838656,NA,6.61783477392745,6.36095816871422,10.3810483708462,4.84636583838884,6.36438773865185,7.86491391221969,NA
"CAMK2G",7.26117125397334,7.86598423471478,8.06434224644526,6.88395751795012,7.65824179254996,7.91744490597934,7.53797071475017,5.51607404304875,8.18084269734266,7.73382613881362,7.41747667353274,7.97879629210324,NA,7.71701650033826,7.77469704403121,8.06966712386489,7.47454689406778,8.06831673448004,8.3909243408035,7.3389944676467
"RAB18",8.27210675975369,7.98165023591048,8.1222897682616,7.8735828899769,8.05601799813959,7.94278616392961,7.9611473869078,7.85978744638597,7.95704867354787,7.97387955613773,7.6771108175443,7.79254259784788,6.47380666672402,8.07928671452012,6.74720640919225,7.95167182928708,7.78214248685966,7.79365386878931,7.86846772574099,8.13165908544312
"MBNL1",8.8859217173449,8.06417852876375,8.27561803893364,7.99988866739126,8.58738521488569,8.31952995148127,7.87421796633867,7.24249250952061,7.72722571641866,8.18578247585889,8.71095244134,7.9752607994533,7.28883761070773,7.72427176796859,7.83359198369819,7.78700910743802,8.60021968395584,8.74216463266081,7.79546564303764,8.37486828870485
"TPP2",6.81337473577722,6.93300579458233,7.11065429037671,6.40631027557061,7.04665678956889,6.37419255150085,6.06952605532255,NA,NA,6.73927742050091,7.12617843145053,6.64688725507812,NA,7.22070355066515,NA,6.91423929021687,5.9466549071154,6.1901633546859,6.29432271420422,6.92426527574317
"HM13",7.68523601194269,7.30684426283148,7.30699602376911,6.50786727320908,7.50791067516021,6.36506042138795,5.85567126671795,6.61377073047452,NA,6.42142111661976,7.2734602403636,7.08392419541662,NA,6.42670685423292,6.62601378750613,7.01888838569946,6.09732745218594,7.30611807207149,6.70135559804143,7.19258741269075
"LOC100065392",6.78404013515618,8.17043022617873,7.67233909268249,7.10227372850312,8.39888766714617,6.94401794495015,7.46155809075401,7.19512385566977,NA,6.43696137140563,7.856544157446,9.03086062238791,6.90038668178518,7.77695440291379,7.72064601519543,7.7709329485526,6.48722344638981,7.74410042854147,8.00139598796219,8.01768149168442
"COL6A1",15.7948827591507,15.6295138873174,16.3688379251499,15.9305729200562,15.8925931751889,15.3718381657474,15.9572485572602,15.8592043918963,15.3907165887678,15.9190092773189,16.3091556077292,15.9403257712882,14.8069676325428,15.2737442015273,15.2178331908611,15.8385724683588,15.6399829919093,15.9922420699577,15.4302110564296,15.8546765700532
"IWS1",6.60774536474193,6.57304899664612,6.16750105252472,6.70828897555255,6.46022793470935,6.85256691885011,NA,6.01298144820372,6.69777585727402,6.6264377899309,NA,6.86180772934357,6.41880721558706,7.12132821830826,6.78536742174168,NA,7.30218471624917,6.40156130020294,6.80232882147261,6.47691621380473
"ACSF2",6.77244775561811,7.26139606972269,6.26870256820993,6.17354725817519,6.90177403826929,NA,6.37485669271405,4.29699823250957,5.96368953713185,6.21355545790619,NA,7.14084163510817,NA,6.724123774725,NA,NA,5.95302780081042,NA,6.38391328749924,6.7733512892817
"NUCB1",9.48995732105135,9.27867132899275,9.52897690829836,9.94523111054639,8.73421355928176,9.0611159413884,9.41175566603452,8.78802223159,8.71078991148566,9.22914539138593,9.32116413389122,9.02461008372176,8.25309659281654,9.29940997856762,8.87211875883968,9.18428385548605,10.0058827555784,9.09660721919902,8.71570298787078,9.19277679932176
"MPP7",5.46770799569796,6.24840839416712,4.40483238654585,NA,5.31210651456634,4.90766714338333,5.39519673074749,6.07324988992306,6.51327321571533,6.35970722042314,5.79922923777923,6.10542710829637,5.98973631357955,6.64027007053625,6.47430625461431,4.5813301890569,5.03986672486213,4.87034287575358,6.33321083181059,5.0101155148158
"TGOLN2",4.5286687986453,5.71773920867407,5.43480337581164,6.18869020284857,NA,NA,5.20439333616276,NA,NA,NA,NA,NA,NA,6.35340134561774,5.21960306841422,NA,4.39192279571806,NA,6.07794965642941,5.90493154368587
"DEFB1",8.48619403159875,9.48100959882198,8.28147674510615,9.6308482300316,8.33311593791711,9.65235573790833,8.76426838497861,8.88877820759102,8.84698700022667,9.10436264917314,9.54919091874603,9.7778502089259,NA,8.98832052009012,8.7326690872073,9.30033117589003,9.38349424974403,9.14063293238101,8.78764684269596,7.14971064990586
"BIN1",6.51326390912811,6.50558309124093,6.66023209692274,7.21022888248045,6.31677355763517,6.67533413495813,7.07167031607688,7.31918866880074,6.47262907888552,6.58539879320767,6.53102033624541,6.63121129369097,NA,6.33470131075456,NA,6.33713527641142,7.09759089828614,NA,6.9111633074679,6.09218033882086
"HNRNPA1",9.92026868861725,9.57455339477696,9.18502827604155,9.98176431120202,9.4412506665796,9.83442204361896,9.02973384043731,9.04983492865954,9.36020567909077,9.56915723997688,10.2877912679685,9.90067908217445,8.54287442626206,9.46090142628692,9.80718659044807,9.33470141972353,9.70889100319233,10.1000045519023,9.91170237846061,9.43078810974921
"DDX47",NA,5.85486762684941,NA,NA,5.64725814319906,5.88446169789689,NA,6.71730609762901,6.61199934785692,6.21910478587759,NA,5.68040467651137,NA,5.8024561596415,6.24250748055634,6.3149914287316,5.5940206368479,NA,6.12156271620321,5.62596937277062
"ABI3BP",8.41848917378718,8.75600560202007,6.73751754763605,6.23693407758154,7.59741758094385,6.42167053139525,8.2175271743083,7.73481656119158,8.1431860545472,9.44278598168012,8.5203697900217,6.7373285892413,8.76702239717959,7.91055320031072,8.72709899663253,7.76584059041472,7.06471355552709,7.666748084777,7.25879069222622,7.67502432163338
"SCIN",12.3787542854949,12.0624993895968,12.6049208493124,12.0399279663727,11.6618257415019,11.8929473978249,12.0170985830361,11.3972502702031,11.9493704353718,12.1760446289176,12.1067478178891,12.3365752405104,10.6941926731115,12.2496337654171,11.2520668171649,12.5687128311157,11.5837976236414,12.4743215818447,12.238453722701,11.8867341432429
"XYLB",6.21480331762548,5.2637054305106,6.74131528176466,5.7447234293823,6.11239991991448,6.19812720809853,5.76341309631771,6.38229863258526,6.03037093607785,6.98317705232866,NA,6.14195485115353,NA,5.99005737416242,NA,NA,6.29330664354822,NA,NA,5.98728064938894
"ALDH6A1",9.12739133823948,9.01690296303173,9.00141734055618,8.54567696982722,8.65948811546826,8.25446373565091,8.57039327557571,8.2571305673388,8.68456389091385,8.95543147595062,8.24199139679108,8.40804066307496,8.05594471494455,8.50894675640786,8.49843886896127,8.66848260060793,8.26059818777424,8.84636801629187,8.4801483989225,9.448643963447
"GPNMB",8.81828191088223,10.2313869023415,6.37403194450617,7.52314619951839,8.03533202038959,8.49141452627257,8.02418028603251,7.92380068013268,9.75529082516256,10.5816646578205,NA,8.7618185242517,7.81926489804582,9.44861015420442,10.0454197089987,8.3774294039478,8.33421406592279,7.14748636897414,10.2986035425788,8.46880597985851
"PSMC2",9.86735890680087,9.60015877057764,9.98192974581869,9.49900103654812,9.76304389991787,9.72219296737091,9.70507352549133,9.31585974031267,9.41658868165769,9.85596199785996,9.62221128343561,9.89668720255877,9.1359022703855,9.944450662032,9.3640823323248,9.87032201015943,9.7050608488786,9.82235184006525,9.4062540080234,9.82002893004061
"SLC25A13",7.02208838242928,6.35120425624746,7.749826178172,6.83929537738154,6.67267678198077,6.15639177394504,5.70285548116152,NA,NA,6.22096269546906,7.26566351133746,6.11790805598104,NA,6.07432782507037,NA,6.67013850940377,6.43933373883901,6.80272466361062,NA,7.25664875519756
"ARIH1",5.33143963021872,NA,6.08769314534761,6.4532813518903,5.92005272596437,6.35544924362638,NA,5.79657654625146,6.05250804167984,5.93350843444561,NA,6.61274855891516,NA,NA,NA,NA,6.76490896232688,5.03970548163973,6.42888935367442,5.13091121626018
"IDH3G",7.44624347654555,6.3525255733938,6.84939558530993,NA,7.36398250091883,7.49245663197253,7.48217115680693,NA,NA,6.97651916434397,6.70052390653158,7.45045347958133,NA,7.02102299203393,NA,7.06790641921519,7.44795668017979,NA,NA,6.8399207895453
"NPTN",7.87522238693422,7.10771290587806,7.69614818826396,8.25657780070743,7.61179066059282,7.34664630559065,7.52102315515329,7.10976369557482,6.1140739082457,6.26410944790247,8.44582314099337,6.76448168506309,6.77218250193145,7.69237251773797,6.0792819278624,7.23749086428511,7.35829624708803,7.47475268231784,6.90545807835911,8.40520833644304
"RGS3",6.9788488411728,7.65200255340607,7.39660807867556,7.37989897561242,7.38557734397224,7.57147133790242,7.98814314426295,7.99699321101023,7.95065350673682,7.91949125112923,7.63887185917171,8.34598488257398,7.6186534960673,7.52259968333991,7.53140669224566,7.53800429509166,7.9595825515024,7.47040523190195,7.64824788552235,7.38343498639019
"PUM2",6.77864334796278,NA,5.62866042610209,NA,NA,NA,5.80245355903551,NA,5.33904568980929,5.4859882460904,NA,5.62018458369054,NA,NA,NA,NA,5.35241966395405,4.94823088837173,6.04790762481401,5.23823543495486
"KDELR3",NA,6.8473533716857,7.75731131991399,NA,7.91666607725044,NA,NA,NA,NA,6.78976532782083,7.99551567056286,7.2865775942198,NA,7.55087848702607,NA,7.27866421962773,6.58102638067909,NA,7.43194767036522,6.42059764975131
"LOC100068317",7.15412130057197,7.74443772779715,7.54963373689992,7.20623186713687,7.93498333445467,7.42901365324121,8.7485175924472,8.09075259699057,7.41530316487312,7.7413560098424,5.91271795748008,8.01919431526292,7.55085204063479,7.12018259366113,7.96372313407641,8.13405721722303,7.76704349314115,6.38266145171113,8.67524276848256,6.87973099339511
"REXO2",7.8734931477595,7.34947866433564,7.94521628775368,7.43026183606917,6.45628859927899,7.87008188478614,7.85681384593534,6.19994229716114,6.96473386978634,7.47436298956096,6.86312778798787,8.16011676036944,6.50387329697031,7.12738071673817,7.18079895246076,7.80178415844478,7.96117164911112,7.43847430001245,7.70512940196784,6.67246193405383
"RAB11FIP5",6.6304198002655,6.92004650571788,6.95211425881235,6.79489602490826,7.20030201858313,6.87486131164254,6.94121179834795,6.89970727433887,6.85952549154478,6.9988240219989,6.80178747970914,7.08083742944457,7.64123096629998,7.09049791198062,6.82542891044885,6.71863618643441,7.98713386213998,6.78651013516593,6.61824838103816,7.26187003710718
"RHEB",7.81401861839191,7.24800015631733,7.87345878735383,7.82716514322737,7.29203817720273,7.82262579959773,7.01441391791498,7.63925010060588,7.75074518369653,7.62257559026403,7.55577070660511,7.94077437748411,NA,7.85423048789094,8.03089331584411,7.65175341723317,7.31927518980171,8.42313637838169,7.49029964806335,7.54173539722131
"TM9SF2",7.6451662487124,7.29311127300814,7.88441997324321,7.76061382046207,7.65445601654778,NA,6.64243858780067,NA,6.5810796195249,6.89924852517357,7.59886222262535,6.98729044944595,NA,6.98853351709783,6.66901869887415,6.84967648857727,6.71944348651701,6.81249213234203,6.70978727738536,6.7895552450409
"CTNND1",5.5649649339945,6.15449354782016,6.08077509854776,6.57269508008681,6.34296995613359,6.60977784056769,6.18737177675785,6.16836657129543,5.446194846074,5.99386384959992,6.38132734467614,5.51521297248495,NA,6.1747466016417,6.68473179656379,5.26352273202718,5.88940778761819,6.30504066693696,6.2961187180008,6.78821170295992
"USP39",5.85901796189008,5.52336112036171,6.2033424966556,5.81778233462866,5.91275323522872,5.73313569712153,5.16725843547302,5.97872277027528,5.92555289382858,5.35862829081392,5.69007534417816,5.92438593115464,NA,5.23576330010216,5.10566214881278,5.75486186584198,5.3892675261738,5.85475199001747,6.05470900099864,5.11997408686927
"ALDH1A1",NA,6.11913671655476,4.89838841698306,5.79535499123764,4.72576854639722,NA,5.63509757216028,NA,6.13569742663954,6.4979990285767,NA,4.82225268286123,NA,6.30084807182886,NA,NA,6.87080993007219,NA,6.53619636183586,4.73225085053004
"CAV2",8.34624958074168,8.22719275213518,8.80220129481824,9.67587105839439,8.77452769862896,8.25107834381454,7.53988171134482,7.27517361051335,7.55941725568098,7.69496642019121,9.2373072043303,8.2530912810812,NA,8.66293104620348,8.95509363605503,8.2651703911411,8.29778903938403,9.08714471314896,8.03105223958904,8.79714318387481
"ATG3",6.07078321498971,6.10256463079714,6.39372287646323,6.31469229219712,5.73962383522711,6.20741945213259,6.2805956687552,6.31135859606003,5.8782268725909,6.23105601134966,5.84900087719373,5.95695569139807,NA,6.19639869935223,6.07348872412552,5.77681092022863,6.39193097160422,6.35853881443087,6.24931398163159,6.31429221016668
"EIF3H",7.8470019200875,7.51739658492666,7.95992958433408,7.09709524056289,6.63931006480991,7.49104020658601,7.52515295376844,7.22486884687969,7.70192393773267,7.96991720386322,7.82389161890189,8.0430542938672,6.56182175709626,7.5496144801526,7.33102820251383,7.69504015446233,7.79909910431179,7.67011877364932,7.36112815560718,7.7207440814786
"A0A3Q2L125",7.12236953515453,5.95072504920659,6.64966025936315,7.13344029490179,6.33869702400057,6.19635296675032,4.48813811235146,5.98560119565242,4.60364562650404,4.85893547605647,6.93396228180126,5.75394123134128,5.70341617114931,5.61220896190744,6.82746486449494,6.02302076771309,5.26929081816949,6.60013495978458,5.88134731146085,6.49709183603404
"AFDN",5.77949810961407,5.87484981197805,5.47043690395405,5.55324540196832,5.59129553936801,5.85901457748121,5.7341976360119,6.03534032799886,5.45426793640851,5.72198657223456,4.9780508842878,5.55564742522467,NA,5.45669377529962,NA,5.61777041672368,5.72533134698893,5.70147925913692,5.15603534069889,5.58437674785488
"KANK2",NA,5.46465057903985,4.94836994418367,4.693765824246,5.30680673945904,NA,5.31522814057467,NA,5.19995675939747,6.04257999078668,5.79084979188509,4.58901283374367,NA,6.08770670881715,NA,5.37703606878965,6.16073534239067,NA,NA,6.39298498090141
"TMEM263",7.60863848083433,7.15838469849583,7.94681172484504,7.77719243624588,7.51045745808161,7.30442851035501,7.53368198222868,7.24895796819392,6.5872919074576,7.18252805641863,7.48882405877687,7.86583865076554,6.72810310004209,7.40193842291913,6.33768084779748,7.62551908631969,7.68791065813213,7.15034380518433,6.33659541918342,7.08389058932644
"TCEA1",8.55425764613266,8.50681741665702,8.70451089329899,8.54386290057342,8.95836547079318,8.24941024692336,8.52251173176794,8.41699097848359,8.22387570548352,9.05043865791721,8.75023202570238,8.96108636948345,7.43467500991039,8.39773047027343,NA,8.62154922656869,9.14828989393199,8.53288960038621,8.43685069755655,8.37335594223743
"ALDOA",12.2372705277193,11.8166961583016,12.9296956133038,12.4209382353146,12.1454392331718,12.0411736762902,12.2579761710066,11.4615804835938,11.5677281187929,12.3069701919887,12.500371901217,12.4283935329729,10.9395835412327,12.1389870670898,11.0939372512698,12.1672462883573,12.3923655842882,12.2847832610004,12.0373693948368,12.4620254987681
"EXOSC6",5.94799768295004,5.64782913225205,5.34749133730755,NA,5.68017744145523,5.33589554685704,5.97940333623801,NA,5.59601491508297,5.65264909121137,NA,5.82801693311587,NA,5.4181375144553,NA,5.98843242778513,6.31658184746381,5.4504132156434,3.25019122568332,5.75633580684617
"ATP6V1H",7.08040223540655,NA,6.91557617956138,7.04695463559891,7.00679681237015,6.99873276388943,7.12645430884907,6.8796018016395,6.61744155245585,6.44760389306522,7.14258238337447,5.90213130171801,5.95780419665769,6.88811684155506,6.59933710601416,6.83350571358262,6.61942346817172,6.74040185852833,7.38273107818987,6.83523906374665
"FABP4",9.02597358306058,8.89764300005332,9.12414296550231,10.8605721265335,8.93372793870894,8.24054379783202,8.824696019295,7.3786294869859,8.35700821419582,8.16147686215297,8.80526370677704,8.20829059150868,8.98888356385607,9.86378168895081,7.78375417173281,9.03445105094693,9.42847587787484,9.05531458608575,8.18146315436505,9.2225812347091
"MAN2B1",6.94384158799728,6.45875994801574,8.24357402169598,7.80683267860815,7.55341550203575,7.60875559203901,7.4375867606327,7.26738958671861,6.5194706691571,7.07265135759413,7.64405361432725,7.69630755916589,NA,7.41335126006966,7.15644426160121,7.23120811817344,8.07565375275247,6.92920732883525,6.61569423213163,7.50705895038852
"TCERG1",7.50029577613963,6.69027981069834,NA,6.51127105282424,7.60653919453634,6.69758105961659,7.16545838512718,7.85448604830855,7.60729091795516,7.47163323240942,6.57909662296341,7.88061405427716,5.89313562082399,7.28871035772763,6.87027553006241,NA,8.0320374132905,7.38708523531947,6.5873281180603,7.92050848552734
"SLTM",7.32772398570916,6.76467678204948,6.79435536423358,5.80573120094625,6.97864551760313,7.13538182765765,6.62107692196678,6.57484599343528,7.07451271161085,6.74511320465246,6.2827217508871,6.68926597328493,6.32748320614364,6.74955592832535,6.42085385029645,5.66771960111069,7.44258585437886,7.2009228422934,6.23156651778841,6.315761464665
"PURA",8.88816357282224,8.27680053601152,8.57253568376548,8.53664403961077,8.53537292131558,8.29695031143892,8.40774514954952,8.40646878382296,8.21595884217702,8.72916687560214,8.45320218880631,8.66961656943099,7.76960626853906,8.18989488503743,8.2127169856269,8.4153077299592,9.00757295860647,8.73520448890799,8.29232031086026,8.18779375845944
"A0A3Q2L5E0",8.34809324365876,NA,8.71912684895458,9.4127711285709,9.74287335020089,9.03782744076455,9.90581882296496,10.1341507984803,11.55536032918,9.59003603222586,10.2512796964891,10.8453263302867,9.66547229353442,9.79363000153697,10.0630788225296,11.0386631852411,7.92083319269762,10.0214716848397,9.92649829563798,9.01371220985902
"PDCD6IP",9.01506562683132,8.77566939422172,9.31563437536192,8.7896646867262,8.91815974521785,8.96210977670837,8.98150463766635,8.74544647614797,8.62097745397428,8.90381559144525,9.38241135296589,9.31982922590959,7.8500883028823,8.76373243906512,8.39035852391268,8.98912190132065,8.88936817504885,8.98465663578653,9.02976962198497,8.77235279484292
"APTX",NA,3.84706314868755,4.26947257046091,5.14632753735482,3.81951343089873,5.3005203669936,4.30690510926248,5.6639036068001,5.43549148155314,4.97812065129859,7.28747533550926,5.16733042751805,NA,4.57049242076794,NA,4.87742819734531,4.89872923134523,NA,NA,NA
"MORF4L1",6.79686790897095,7.19929700516514,6.2935213238934,5.9000077267027,6.12485385294903,5.87952384510559,NA,7.02470099110612,6.57435369149763,6.52252117169897,NA,6.52561666801663,NA,6.74168941180124,NA,NA,6.68231329933678,NA,5.70227184596566,NA
"EIF3K",8.03611486734246,7.73765769032488,8.2562172028551,7.53040215296239,7.98379665333991,7.25497849624766,7.54717191074194,7.20759602638953,7.84273714146479,7.78343059194623,7.38887403265019,8.22770724977982,6.95386009903192,7.56246759832876,7.47344784948504,7.72406977467,7.93211999072395,6.91330249856751,8.125823654213,8.12001689329234
"HSD17B4",6.49899224850098,7.16366374228708,6.80956560185813,6.47232818377741,6.79497032049632,6.54496112084449,7.06292814419481,6.18053739577946,7.13747564865307,7.09723125634565,6.46111848290796,6.92837083361252,NA,7.06321256815555,6.60232543339609,6.68966450275098,6.88789369974354,7.2127776234765,6.42276895782819,7.12332842016242
"HDGFL2",6.65701486819932,5.90122579722737,6.52762465067481,5.87249405645065,6.47379859487976,6.16628652341633,5.98550824183175,6.10771002799793,6.0213422534399,6.87234203287269,6.15811725789847,6.99462536507974,5.84060824515295,5.0605638023784,4.70521929045414,6.20151699596805,7.43348641273756,6.52544069898018,5.97146522992696,5.91607466408287
"CUL2",6.1404327504741,5.62554696558022,6.32028046396046,5.97786251355353,6.25316110817957,NA,5.65086044613535,NA,5.73535868959987,6.07819712873228,6.14850225784788,6.04210236319868,NA,6.3375837797038,NA,6.01966181552433,5.45491032388249,NA,6.76152396981769,6.38207680763545
"USP7",8.07089102423162,8.33307411015527,8.23235159889873,7.34106856590883,7.84665966217663,7.85827472869746,6.91486982903737,7.94968253149746,8.15580225307035,7.68712519440088,8.36156403417846,7.99704649683473,5.99699328228638,7.76716067424224,7.895539972564,8.05630474212836,7.88125568772246,8.14649214537544,7.96409139882779,7.95510522935887
"SRSF5",6.83299700622781,7.13357445462409,6.62217197962391,NA,6.71239129827264,7.08596752049672,7.19197663571009,6.39686752663871,7.76417811992866,7.19231586432722,6.8247012071624,7.19532313160227,6.82526739841552,7.24631261215106,NA,6.96915681482961,7.39030461620565,6.72192821454921,7.01085897559451,7.24886551687462
"APIP",6.5400004983813,6.61441348215569,6.90178715666978,6.71268367038947,6.62550643039451,6.43527979097161,7.26983149838099,6.30452159140737,6.55194046283387,7.19374008297621,6.49431706657828,6.80255693789914,NA,6.61912381336613,4.46999763749686,6.90251609352281,6.61695828044618,7.01698106678061,6.48977715941523,6.72029627037144
"DNAJB7",5.9252049358048,7.01018923454279,7.03617075024796,7.30923307935184,NA,6.67375091285886,6.65837232552938,6.87421184300845,6.52272238114142,NA,6.70820683407363,6.90121669409846,NA,6.24384430035483,NA,6.64411491266507,6.73296373009214,6.52068735905359,6.15854526012985,6.15014976723976
"SPTAN1",7.31632448956499,7.49848585922864,7.28822853743768,7.19340820744113,7.68899600010234,7.30945833699232,7.63482892185402,7.19346608813606,7.31319378403579,7.84337571682345,7.1222968398222,7.54703741545861,7.63022257848594,6.8590219921051,5.60486828026177,7.46169376165448,8.18434170968705,6.91473261784922,7.15443584744973,7.34283492437818
"GMPS",7.75987640624039,7.1524912654994,7.42959910922773,6.74853586466601,7.21959338615583,7.28286966857694,7.54219080805864,7.06872329609367,7.07733655181753,7.31087309162691,7.81687813994967,7.62647244422674,NA,6.98309912700273,NA,7.40239195319263,7.46924987911327,8.15594600344795,7.15315203296071,6.59415876350442
"CTSB",9.14825861595819,8.91244731829937,9.22625443012495,9.86666331337668,8.42197094274025,9.28961305533408,9.38599959902786,8.24035110996611,8.46751419753026,9.74195539994016,8.62702121406029,9.17830175962829,7.92529902635452,9.16509834818237,8.30112593634595,8.99185323469104,9.81959437787223,9.27404017636867,8.35632678946677,9.10192906194844
"CSNK1A1",6.80976497851348,6.13219268447135,6.35520922098207,NA,6.29812157673247,6.23231174877981,5.32246469578699,NA,6.38538453954809,6.30838776834357,NA,6.19093394008758,NA,7.16587275609377,6.40667586054296,6.35363359388935,5.9327225593947,NA,6.57589617982791,NA
"C8B",7.87843086647384,9.45552007009065,6.74300348763509,7.3977435885182,8.82831649325652,8.85799957722051,9.17520496353651,8.2358048400536,9.66782102866552,9.37094916524819,6.57278698726361,9.81901452816025,7.34276440861349,9.40292576595883,9.15647651664533,7.76897092339312,7.21500334405606,8.23117067728301,9.46603717238485,9.21228542924926
"IGFALS",6.09119718402316,8.25201661376382,NA,NA,6.1269569531132,7.25369545838037,8.3125639545716,NA,7.6785586795876,7.79353657263644,NA,8.28824498610365,NA,7.41025782478968,7.36816296352276,NA,NA,6.76435913565933,7.38037671261732,7.31811542820447
"CFD",11.9324038384646,11.8391675782416,12.0567282621674,12.1694728049779,11.8252058104916,10.9173857528516,12.4122602428228,11.47282971513,11.3917366297134,11.7942184741243,11.8434704857072,11.7309817238951,11.6361271373115,11.4361998082574,11.4332494861145,11.317387119883,12.0819058325195,11.8130196146752,11.2372556496085,12.7053141755801
"MYL6",10.3792116151475,11.0299011948565,10.1938698858097,11.1048089947718,10.1805837742082,9.88417489101749,10.4309367857312,10.3390219104094,10.3716372464237,10.0108800876835,9.41820913346925,10.5292409782257,8.65883635438631,10.9378626720361,8.54606828522042,10.7921310303651,10.4200841947239,9.13588796173585,10.3439469102506,10.5615815062556
"GALNT16",6.52922695648009,6.73598548325729,6.20175555970907,5.77120679159201,5.90234159904043,6.72538991083734,6.09451749220653,NA,6.8731934227444,6.30191617893462,6.67289814031882,5.22264029379891,7.26737271860161,NA,6.90769020245082,7.24735732050146,6.46483127152135,NA,6.83671705158772,NA
"AHCYL1",7.38935579066033,7.20692469143308,7.54546315557596,7.54635986176928,7.15370840681249,7.57784390054818,7.23406278095813,7.32082296675136,7.68459917631607,7.30259567085938,7.26889480189266,7.49164659771811,6.28423835470522,7.3470019719827,7.28741926438619,7.15624727800951,7.16834147049737,7.54195568267508,7.74166405581348,7.4997758139862
"CAST",6.54442605160181,7.04125931490428,7.16422719693827,7.42705258578572,7.08783242287418,6.13516706022552,7.46464248236518,7.48181703176803,6.73516066320995,6.89636684194655,7.05516148306093,7.18155599837822,3.23982282587156,6.62606815834487,NA,6.31205442279639,7.62215721174194,5.72600060934493,6.39333020975819,7.60667478296387
"ALDOC",10.354394897398,9.76087222457603,10.5460558781908,9.8105495822786,9.63255547791329,9.65624180319052,10.1831164300505,9.13802525891876,9.20783618050468,10.2440706150116,9.97538986273154,10.0335377645556,8.40727531807743,10.0114071165968,9.20481579634252,10.4817033103701,10.1196921736662,10.5300038812035,9.92215999898925,9.59779309726231
"SERPINB8",6.99925410400683,8.02509269727212,6.86440927161917,6.00139359124835,7.41886125693319,7.05119100929504,7.16131259879995,6.6890379308692,7.90299395760769,7.69835297215493,6.01311562605494,6.82458069660134,6.43233736791044,7.15624214495763,6.2799608356489,6.62455223732679,6.94328818084392,7.3147838860058,7.42406986392011,7.37629121066564
"PPA1",7.37060022325772,6.90459363618856,7.38493489038496,8.02802192101768,7.46123680141634,7.54371711343848,7.93255153842311,6.76091973508055,6.59563320263277,7.50643714609347,7.6022751646116,8.08487730358532,NA,7.24302232032194,NA,7.64449505788913,8.21549821087421,7.38031677933991,NA,6.98229703383073
"RPL23",9.80180146960888,10.6029266804522,9.075642527452,9.1978985042879,10.1423403502857,10.0473309111808,9.98257279548753,10.8365963276217,10.8556059175727,10.1277918691115,8.96124428773958,9.67441962949903,10.7381189427551,10.3761256188039,10.7425519015092,10.0408137580928,10.3499218921825,10.2376467891,10.4054877453378,9.55534113074394
"ATP6V1C1",5.59433916572728,6.18488233832922,6.49731391544011,5.99114796733637,6.24526425945968,5.91335425729703,6.08657841361755,5.97666695826515,6.09487178145704,6.2852264201112,6.69844149754194,6.35749936041441,NA,6.34497159680212,5.15747191024741,6.18024066777337,5.29690740764732,5.46439212476212,6.56696473472494,5.85275897761697
"CA5B",6.02545452807016,6.59878344213091,6.3642790409546,6.83354795400109,NA,6.25167600258531,NA,NA,6.36739088722783,6.93964477592222,NA,6.34975784210173,NA,6.21010947744233,NA,6.08352020152938,NA,6.00556883178897,NA,6.79091380071133
"LOC111772179",7.45642004982532,6.95040243750486,7.24308754778544,6.86794412524101,7.2712633914825,7.32678160583069,7.08064650917072,7.25975843081143,7.15937118794289,7.65321649874527,6.35667530174827,7.23933171476023,6.59426173729745,7.35483651452844,7.72723469763101,6.72247321700803,7.39521153090871,7.09387151035444,6.82038019225436,7.51302412274102
"VDAC3",8.14015252520785,7.92082073437143,8.32442449731236,8.37083819100212,8.03259974490285,7.99198162803591,7.98117865015425,7.8674975448018,8.13359285990712,7.94424786582936,7.68134029402023,8.51449610786092,6.8850988383784,8.15844403657915,7.93424116944982,7.97899328033868,8.24553150141895,8.28798873205248,7.69023744938294,8.57090188471943
"TOMM22",6.99378651525879,NA,6.83783270398133,NA,6.4802689694391,NA,4.96298622688359,NA,6.59082320416568,5.97095115100245,6.34086892022978,7.09678475639052,NA,NA,NA,NA,6.94454839746881,2.31477323625177,5.8154329090749,6.8938607364996
"MON2",5.74117623420845,5.76479164077599,5.93070633116601,NA,5.76030311479911,5.02627819439577,5.42109133629254,NA,5.13393870403848,4.48640876517998,6.2620632131986,5.44290348427266,NA,5.75231795546461,5.91582433142619,5.73369025988472,5.46328707315734,5.58990723368325,5.62804518516466,6.09020607735637
"PAFAH1B1",8.92687382230672,8.91748348804531,9.30697153060185,8.98123099864944,8.91368202581768,9.18464613363907,9.20799689210196,9.2254948534817,9.01901954980089,9.64039498677155,8.97240341456205,9.20478724843419,8.51130459832364,9.18811539521628,8.50602125844129,9.07373583952246,9.39127095811392,8.78889456788362,8.90042322519309,9.08538951646723
"ACIN1",7.59971715974006,7.70947716773686,7.01006256491429,6.68605881247537,7.88059430836395,7.26690341181166,7.26116192665181,8.05784997553285,7.98926575336588,7.29052357078148,6.52161010407348,7.24745903671789,7.89460005327096,7.66984350430973,7.56322607399744,6.78281916828846,8.03043093617178,6.56933228598519,7.50030752219172,7.39080146750692
"GNAO1",7.18956548192402,NA,NA,7.8171441955531,NA,7.51596811300145,7.62048131000564,7.89343237336214,7.69860434400209,6.29691257948494,NA,6.42207213070958,NA,7.66191745139341,NA,7.58988879267869,6.60151178500102,6.90300047283215,NA,7.44449479701631
"ARL6",6.50837606749006,6.63106913326669,6.69001738907254,NA,6.77100664557699,NA,7.05536871283934,7.59302673720547,7.15042148223774,6.48817283334314,NA,7.06239085431574,NA,6.33280572025646,NA,7.14209018255628,6.11925339384258,5.44670947472262,NA,6.51427729669025
"PRRC2C",5.84787897475064,6.40695964736199,5.39749932568292,5.74816974671979,5.77269486935187,6.18996349889286,6.37318490956146,7.40113028946166,6.1054943780989,6.09018902329248,NA,6.29213510708156,NA,5.84676660829387,NA,NA,6.49175131769047,NA,6.84867869862105,6.03196968257599
"HNRNPDL",8.43027654209662,8.25024795394021,8.19593579295471,8.18253631051596,8.29686876403306,8.13912434841848,8.22694075457164,7.94365204763335,8.10684334877795,8.34202834634438,8.25062374350146,8.79736328265292,7.36612540413942,8.25900633974407,7.5728083460723,8.03140402582557,8.70988516538707,7.62161960079341,7.81125642542908,8.30574017728283
"IKBIP",6.2289625489426,5.61936701428018,7.23788113277163,7.40853418939871,6.61747748209655,6.09028116450046,6.62844183112444,6.72307255400981,NA,5.96656736076657,7.01668078592193,7.29964183414195,5.53813287611987,6.32430172647996,5.90572181620717,NA,7.563839169968,6.64787396615681,5.86493838317345,6.05089931933164
"SFRP1",7.746324612185,8.4879217418828,6.25341131513997,6.01204750057154,7.69391543071106,5.49307288929519,8.059579328186,7.16609611613068,8.78149631987774,9.09885950226819,6.21485971481152,8.15494412209675,7.72197933688381,8.54126902787573,8.12699826903569,7.31952578101199,8.12273887247727,7.63679451574051,8.93317126199646,8.80379725534208
"LDHB",13.5359665932188,13.0970749379764,14.0215569317999,13.0250319617999,13.1353875573438,13.2780774324618,13.040435711966,12.6644816503866,13.0196312133919,13.2440040519617,13.1477634809944,13.200302274348,11.9658503473081,13.0401573962792,12.5040298534817,13.317807772778,12.9211033383773,13.3594002754329,14.0992588924408,12.8856821950338
"A0A3Q2LJM7",10.5316630385479,9.9337063219746,9.58512454486375,8.31498289092375,10.5925423512049,7.11804273518999,11.4097824622751,9.14304607498649,9.65911220647599,10.2554292709264,7.55868310964864,11.3416317365209,6.23357979671397,10.4682934758439,10.8184399067594,8.74971914496004,10.3744156563055,8.80832007575669,8.95371839702621,9.88739154055669
"MAP4",8.87292219210092,8.99046965983633,8.73296912769758,9.41882050434057,9.20900055739227,8.79315326969136,9.01199858350071,8.96952538341707,8.00304449816576,8.54259891838318,8.84410167687849,8.97369654967675,6.9869809603889,8.7753945353699,7.85024249740196,8.17881245630776,9.96923202495053,8.51311749127456,8.52939138787093,9.17957236807504
"HNRNPR",10.8954296341261,10.4739000496881,10.3706044991061,10.4096830494325,11.0648939170196,10.4351900355489,10.2490530554623,11.0348560995617,10.4188557081393,10.6056102199531,10.4320554852541,10.4272912906229,10.7668235228093,10.8472773406314,10.546823980074,10.2370358253316,11.364441589493,10.7393944955183,10.3751514518477,11.0169644413868
"FSCN1",7.50998432622587,7.32492847080023,6.61763705566509,6.24243753485846,7.00386785686629,NA,NA,NA,6.2100983752623,7.09828237935294,NA,7.02576724316635,6.22679268489571,7.39750760275349,NA,6.57239217054084,6.8639720225275,NA,7.19077424987659,6.77050386308405
"GPD2",6.11976957909177,6.07557938907473,5.53697236855327,NA,NA,NA,5.67073140272371,NA,NA,6.03810828298192,4.98742342915028,5.28683355170183,NA,5.76095830637354,NA,NA,5.92810091987205,NA,5.36631805937194,6.28490934483671
"PPP4R1",5.63470742813083,3.35851083289023,5.51537973405371,NA,5.08216877632931,NA,4.61354499126532,NA,5.47999235238663,NA,NA,4.43730099449397,NA,5.67596667805206,NA,NA,NA,NA,5.73597782469785,5.6811922633277
"CPNE3",8.03927129666752,7.44172484485094,8.11900202763765,8.18956149518258,8.19903652678295,8.09234031995826,7.91036555571263,8.01149432738236,7.51344026421369,7.66901341971446,8.879794290111,8.17026934228935,6.71665162090185,7.83694465039678,7.3798891606804,7.77599418015914,8.24722012371167,7.9260998633462,7.83222081154098,7.94710458916179
"SDHA",6.71151934271328,6.91754554013099,7.40057971763244,7.13644841660627,6.96105153952392,6.75709351063953,7.10825680772871,6.90674902024661,6.88788232034556,6.93075506202709,7.24864008774975,6.97852869266727,6.81376905046076,7.1857957096444,6.85405795096611,7.06141791609907,6.91988633328814,6.71682069647899,6.41993366980516,7.78187983082267
"EPB41L2",7.88555479030102,8.17314453614862,8.13972121366337,7.82880630739665,8.50671206059685,8.22857210618807,8.45897394128552,8.40838139220735,8.56820611578054,8.0573291398058,7.98667615740048,8.57871528886642,7.21162125874679,7.55951811527487,7.28879661200795,7.27697507528722,8.97565336066048,7.3435960643025,7.98605773237642,7.93567959406663
"SUN2",7.5666962139832,7.13212244545805,6.63966655201314,7.32830812204245,7.64632120983724,6.5354659300613,6.32615833508941,6.85168942787803,7.01806964799281,7.18894566465121,6.96226276167872,6.71765916231947,6.6494015375002,6.93077880198749,7.0782056217669,7.47413436639415,6.57329777877661,7.15370981837838,7.13850445112361,7.17542563399403
"HDLBP",8.99266973449218,8.58360030140207,9.01890959616802,9.05912985087116,9.16000947757919,8.74892247130318,8.96043373054722,8.64727261782564,8.30405159192274,8.7667749294847,9.1715700750909,9.07285997327376,8.11022516331221,8.8126588391405,8.66234900462198,8.4370876987263,10.1098232741282,8.80238965765816,8.48385990449986,9.29459551549997
"NSF",7.5869059782028,7.52989118587124,7.8114211784806,7.37859861834496,7.77552739085278,7.68889532108785,7.63645612821776,7.49495379257711,7.5427843909458,7.37538891935131,7.6667972227018,7.43817752814796,7.04133140752318,7.64401635930712,6.59218323410806,7.48309622487635,7.74828402629691,7.54405144026049,7.53720590625253,7.89794237122109
"BPNT2",7.62891569131719,6.30789175059873,7.13231204155485,6.45634667644669,6.95801066435854,7.12326875629525,6.22770781730552,6.8706249457752,6.18827832229748,6.3430108297478,7.20073503015152,6.73422639886189,NA,6.94956377990538,5.73602419297433,6.98625530690308,6.69611162244456,7.2274643643457,6.4574892691937,6.64486900500522
"NAXE",9.37670634200465,9.53910548382899,9.37816258619381,8.82565729060464,9.3032893494627,9.07157893055047,9.15414533950339,8.80037154685374,9.63579980264429,9.19331494832846,8.9286566310182,9.17264422556024,8.19136646130236,9.26904231754093,9.28304949722885,9.14128785645524,8.76311864287849,9.65338882503025,9.90408404720795,9.41744723864226
"ME1",10.0376346473233,10.158186896048,10.9808927486383,10.2140550430471,10.0533746259085,10.7418048490575,10.1705467901116,9.88777649342042,10.4805553936388,10.2499333294806,10.1200515666839,10.3576333462179,9.34134333619119,10.5064573488097,9.92087781362623,10.7283264934741,9.9584232466053,9.81887477793126,11.2844695511358,9.98331689651417
"RABEP2",6.57319713734097,6.46048856503151,7.10507433232513,7.06518200229767,5.7044280023658,6.44489808408324,6.6391436082995,NA,6.40889658031767,6.69335881481557,6.32730393320092,6.71896136475396,NA,6.08955228029068,NA,6.24412628403085,7.004470461548,6.70552039167323,6.17839822590126,5.84934431847666
"HSP90AB1",11.4025530329445,10.8215948458165,11.6640443049458,11.2836453365269,11.1875525669795,11.2630119276864,11.0193909879071,10.5177531575823,10.9873010997857,11.013928542738,11.5104132228969,11.1604128908754,10.3640089719903,11.1113557654974,10.4305671826994,10.9132157656067,11.6519656291352,11.3477796294993,11.4108792797559,11.4175697890922
"OAT",9.78201583767272,9.17776120321569,10.7485391445737,9.92461712491856,10.2979874340294,10.2606419550574,10.3438993324738,10.1599565074518,9.33232080561736,10.0145921899693,10.2978389726277,9.83561211521857,8.63999398856248,9.92138834062717,9.59061186344318,10.0255923443352,10.9485923298504,9.9468753060967,9.54842552128435,9.43435155738208
"GNB1",11.6852656482093,11.0909030978694,12.120339536234,11.9996018980814,11.6503121326414,11.1546789924121,11.6830098115215,10.724392916707,10.7969671962141,11.2830247024553,12.091158763625,11.2194102481001,10.4959351313013,11.3444348180534,10.3468499529898,11.4354017310638,11.4589139351448,11.5291096716947,10.8366220183121,11.3101851272576
"VBP1",7.86265097502809,7.47826292401565,7.97916972567513,7.67159207895925,7.65583818234856,7.79242101278769,7.97366559949829,7.34558898190721,6.91063064726984,8.21727465543322,8.13558577334422,7.98739675852568,6.61000338460021,7.48628622609382,6.25659785673968,8.07523748746531,8.105265498375,7.98822942370156,7.47183085652806,7.50950709086832
"PAIP1",6.83040006532483,6.48520414924447,6.80810076573729,6.05035199112041,6.89893941241722,7.08328264821503,6.7256031804226,6.55343074298999,6.60769615473705,6.24133386702015,6.73756423719346,7.07223883818806,NA,6.82903327660097,6.85674875172971,6.92007635884247,6.82660161220767,NA,7.14415071125888,6.80683995045261
"EPRS1",7.96355083644314,7.86779931932277,8.35211919288674,8.00164788791176,8.25602185969018,8.03591805036652,7.84515589938224,7.83792353048962,8.27548106432177,8.1498650209064,8.37345169834301,8.30889303475457,7.05749484180323,8.22840506748681,8.3830979870784,8.03317474588789,8.09753594725239,8.11104801330054,8.55169752009407,8.28012118095049
"ATP6V0A1",6.41054045144218,6.07004669589814,6.77504353589559,5.52822246727685,6.6578291365772,NA,6.94237208358475,NA,NA,5.17725599874977,7.30466119991463,5.3593555141732,NA,NA,NA,7.18189080713385,6.38288338969378,6.13419358071532,6.60493609885907,7.2927866500458
"ASPH",9.90282437892331,8.57779838073646,9.95197056254657,9.79189938334042,9.5050860065046,9.25180203284074,8.76766807177516,8.94715827929543,9.00083499562328,9.02910258435753,9.14202629623351,8.80746671722797,8.14156423294711,9.08882846657962,9.19761571735651,8.78885176990191,9.62062817843494,9.64727856062965,9.37352276566466,8.88771087133799
"PLEKHF1",6.97418199116882,8.01705276170191,6.88337325420474,6.86343968826285,7.03866390752407,6.84911517917978,7.72360352183263,7.64099366619517,8.52008651882965,7.77462915316364,6.34573981610565,6.85758106636508,7.12457390023772,7.41180778682611,7.65233934119195,6.69675216518102,6.64431276395463,6.99652556051411,8.30219875953337,6.6503196256272
"A0A3Q2LSP0",10.563777300697,10.0335204473869,11.4321029464921,10.3110395314144,10.407934040635,10.4769446446735,10.6211335116094,10.2652656960874,10.3760679041596,10.1375488141134,10.1681465118173,10.5660781748113,10.1211598722269,10.5445924486542,9.98455041552046,10.3065601944466,10.0839048444552,10.759332089107,11.0147840227229,10.5965795843517
"RPL36",10.8131473163088,11.475344699926,10.7230266219778,10.0209923977038,11.231964952175,11.5291995274973,10.9965546932592,11.525223322305,11.9056064313355,11.2713917511024,10.1391384316088,10.9915573282071,11.3730868979629,11.375443560068,11.6661831852254,11.2250568264272,11.1737842998027,11.1044520218985,11.5132403593617,10.749658979603
"ATG7",6.47283605257097,5.98159999967398,6.84670795013456,6.46262228274032,6.38722011033284,6.32263438287311,6.26532546458685,6.00830982643439,6.46508722163239,6.46810417719286,6.74651016104283,6.38613126815708,NA,6.24233443467403,6.1772724381793,6.31999294008515,6.56364209059159,5.76432152988602,6.86260777228133,5.9731306591343
"GAPDHS",8.95986471734125,8.19104853077078,7.83986021271699,7.99050035216656,8.36505349639859,8.6498980278625,8.47934308000494,8.14911668978087,7.37952966855492,8.63609128490646,7.47159148096888,9.07560814549214,NA,8.54333121569433,8.07961186280932,8.214933439378,8.26536280210986,7.91082931215856,8.20175638556289,7.38617123261151
"DES",8.25863323655422,7.58894658338702,8.3822156975852,7.88537876335923,7.95600279269468,8.56454272160597,8.40969388827949,7.32563067283359,8.16605198855183,8.88832669079681,8.28534590948284,8.26163859750512,7.81100556275309,8.38502538074892,7.46476854478266,9.09983580714869,9.09145989440289,7.95155446038572,7.58026607921446,8.54585164846555
"CAPN6",7.46240464164279,7.24683005681857,7.116765172563,8.18457739707348,7.87498315559603,7.62788542726407,7.57812886863716,7.83911781940179,NA,6.16047300409096,8.28756287001321,NA,NA,7.40770415993948,NA,7.35448473331023,6.9829161472152,7.34886919928793,7.16005047014555,6.97413938130264
"DRAP1",6.33835869012776,7.49095374089064,7.2701009480929,6.75989462853192,9.12441408133785,8.0979626711878,8.11911321343419,9.65928346740093,8.74127430122263,8.56828175551625,8.08726109145836,NA,8.14941047411902,8.62408226496493,7.98770978922789,7.5433974611723,8.97289168923696,7.72280876683662,7.98941626540171,8.61106383148413
"AMBP",13.3922495841131,14.7763081595565,11.1963306357795,11.5758979225361,11.8360792161275,11.9431152448152,13.4066536064159,12.4916715021057,14.8809266885241,14.1679180281772,11.5214224062544,13.3092468646767,11.415269180773,14.0722584233456,12.9344774044819,13.4722058472911,11.8025119677219,13.2208568831991,13.8586787715319,12.4466492635476
"CLTA",7.53160087544218,7.24961017804842,7.62920150041989,8.25995422339264,6.99016589312698,7.33650007486752,7.44460426159622,7.33969947505508,7.31998832532081,7.35659284957674,6.90713604341853,6.65325667033704,6.19459323104189,7.1872044024061,4.75200587480126,7.44848043876468,7.7782494506068,7.29619703208528,7.04314878674211,7.53743981851111
"BASP1",NA,6.09846424051465,5.78585926803565,3.57262647620968,NA,4.06654727086504,NA,NA,4.75947501212312,5.08523895339997,NA,4.70428101333827,NA,4.74820972406866,NA,6.1757257070586,5.56470958421554,6.42470874164496,5.72872082621713,NA
"RAP1B",9.84838582063772,9.58904194255403,10.1648074331167,9.22807520654647,9.74697627884415,9.17309872914773,9.67757863996906,9.02781228962567,9.5658794098245,9.38925498078747,9.46507422911999,9.52185613629794,8.19859089525884,9.60281303755006,8.03292355952961,9.40803216801747,9.60241129607368,9.24557209869172,9.34478104234184,9.46852760319314
"TALDO1",11.8145044688976,11.9375121817846,12.0119255138243,11.2928112126535,11.1267689102166,11.2342281501101,11.4208372795425,11.0264157081478,11.9927062019446,11.6414257136301,11.2281357150369,11.5147873133458,10.7559252112512,11.6343254262188,11.1518786787837,11.3411491182795,11.0874380012052,11.3410853627734,12.2021947252871,12.0254087563107
"ETFDH",5.75019223159846,5.67866578622136,6.34079274300797,6.3863005901355,5.75758772391043,5.84264454954399,5.71959454383802,NA,NA,NA,5.83385231217115,5.51931493594848,NA,6.32295891972466,4.63768505000225,NA,6.02254826309069,6.16923727165047,NA,5.99179135660838
"PDIA6",10.3234832873918,10.0848486075322,10.768963453902,10.6193280931952,10.4315145144179,10.1434016121457,10.5763483780692,9.92804906726729,10.1530791716858,10.0061689229653,10.4451602328245,10.6727543655152,9.14621541557035,10.2084668272861,9.93563638573305,10.1345948027907,11.042618820566,10.4145736704627,10.0487809658477,10.4855445525402
"PLCB3",5.38062609412558,NA,5.40697265732191,NA,5.93646396364396,5.87681335849178,6.03866257439828,5.48534458660209,6.07660693571977,5.79163338908799,6.49645716613806,5.89535121287838,NA,3.52167986542358,NA,4.6952405389812,5.97655095625951,5.50274561025934,5.73352966039811,4.76749947186175
"SLC25A24",7.29961127394896,7.38232922689601,7.5788363392846,6.7929300302451,7.51625694450097,7.14085717848883,7.32738674294142,6.95745142694915,8.05721918025567,7.66272322175348,7.10432328295752,7.44075597663777,6.18416032164351,7.63908639030736,7.38261447514421,7.28805855754178,7.45077516323928,7.36867566473368,7.25063088387652,7.86054423026716
"FLNC",7.16346135335838,7.17178194446657,7.40248669250394,7.27684894399835,7.3904152359614,5.59350767973479,6.2052237268847,6.64415612315238,7.29622361263503,7.15764088078127,7.13864189660954,7.27751366609315,5.44733933129523,7.05426078220073,6.96596590999302,6.66171805995774,7.59929319737747,6.87025799817838,7.32980172185078,8.12188166330995
"ADGRG2",8.1417563030161,7.32653252202202,8.78234783370039,8.74226638749983,8.32606022024946,7.99960334117267,8.94336702215487,8.02919882682861,7.42354845346725,7.60704012811069,8.45142740969743,8.12897801661907,5.78196078398973,6.64759321968941,5.74979909514036,8.39601321096466,8.18874230070553,7.69708046273984,7.42767203844802,7.63701070138051
"ADK",10.5731094830798,10.5011741283291,10.392667106958,10.8546287288453,10.4020955441308,10.1271398592038,10.3879857945602,10.3272285405059,10.6263281667644,10.6984694624796,9.73756071925263,10.3273610029817,9.22095141844309,10.8146236897175,9.92588121634196,10.7769084754821,10.2780303735454,10.4838265601189,10.8581931085664,10.5459479530769
"PCCB",7.55974406428715,NA,6.71891885904539,NA,7.21799256720605,4.70520929813067,NA,4.2144736053209,7.12189610611921,6.91082859223804,NA,6.73557431516911,NA,7.29695062860119,NA,NA,7.00282096785956,7.25865339752166,6.20629425225391,6.93027037909503
"UBL5",6.26856113196952,7.05083324055653,NA,7.25161250114945,NA,7.21802977305574,6.92414116934193,7.52821605327245,8.01292009564986,6.1816236294886,NA,NA,NA,7.77222847583046,7.90983352594114,NA,5.17454919479216,6.34101122222522,7.58493779696797,7.41614019177853
"FAM171B",9.3714062467532,8.78319043020685,10.0297400204856,10.674063485124,9.99174385538076,10.0034075723164,10.3087726924544,9.64208050574836,8.46004550571557,9.0184720102929,10.0143805576508,10.009376758691,8.94774568226068,9.0280387052346,7.66816151089393,9.27974840025388,10.3142306676443,9.23971241120304,8.65659211222564,9.89992956762048
"COMT",6.61825088873314,6.19002346451705,6.75609047438858,NA,6.86455694589724,6.0180890578216,6.19830743387604,NA,NA,6.6143608197643,6.35289699669519,6.574387214142,NA,6.09861983515211,7.05195584528225,6.28650286674679,NA,6.71818811342113,6.00538050242367,6.76795037215175
"PDLIM5",8.24816020638156,7.60847997055097,8.33021759741793,8.08582094639755,7.51498684278508,7.8513780725119,7.77202795964735,6.73706930170373,7.23725455461017,7.82260258011868,8.21218876401512,7.83264516926583,6.51008304058497,7.51132888806457,7.02324060299187,7.75208417021315,8.15813205560133,8.33563569586091,7.36794961979724,7.92791866422538
"EIF2D",6.39036237078271,5.87272919258287,5.9329602835953,5.4328227147603,6.37635042912734,5.86965998266244,6.57712946117732,5.78363770809048,5.86135925930183,6.8201908137823,5.01804252243854,6.0466562272822,NA,6.61379220398258,NA,5.98600358390018,6.34573818218767,6.54959115773633,5.77777721663589,6.83327634107237
"HSPH1",6.00751359112669,5.13168573477961,5.29168085225938,6.13812267792887,5.46247658283796,6.28675591370241,5.91219538448325,NA,5.54573546350738,5.82248890645957,5.28572617535085,6.04425908029512,NA,NA,NA,NA,6.2426805187484,6.33928068230286,5.74120655354423,5.29914266237571
"AP1S2",5.44669938148918,6.02889420157411,7.6038368484019,7.10348787064388,7.43120886737074,7.48697455263128,NA,6.69260316488321,6.44160428199436,NA,7.50043008620055,6.81565597320572,5.86259323354642,6.52406509440123,6.76181832023703,6.71102904149324,6.53235855932905,7.27495274381673,7.10133913939294,7.01109218046382
"ARSB",6.09804438748472,6.67939123559091,7.25644265677705,6.80798768377606,NA,6.76068686848462,6.89608836499615,6.68719771529962,6.15588009781956,6.87506271574716,7.17154014405363,NA,NA,7.3871853275597,4.231056654828,6.69483798038091,7.48004449744496,6.46456068705324,5.61290441996615,6.28229885920675
"CALM1",10.2771473081701,11.4555031633738,9.72158022344259,11.0584875500612,10.8083921482335,9.58543430733951,10.7972802476506,11.2829384175809,10.0854468099439,9.74977002331479,8.77702801503142,10.2719947242995,9.93869406766436,11.4252487090828,9.26125251460222,10.0171671523181,10.9216140742366,7.9617896227256,10.4120264766045,11.1434973661293
"TWF1",7.75401343671446,7.67781575527838,7.97372552356445,8.21733584791423,7.68365472927,7.93745592145651,NA,7.2830052212614,8.04988984193742,7.79499344373091,7.59686555538071,7.6017312170803,NA,7.62588979482591,6.67056597163409,7.47877495126759,8.35412513634861,7.91419949239719,7.7622019758662,7.66039007833693
"LOC100060815",7.88155673344076,8.43380222876217,7.15026642859441,7.27858798056335,9.33179659053514,9.22971133093066,8.57268429524845,5.89236570151487,8.3944545470002,9.62267892565448,7.24123929395436,8.82433774619303,NA,8.50121460282585,8.17320164768497,8.10311507635642,7.81018546446929,9.24895629858457,8.55587040219428,8.90079548973409
"RCN1",6.73219881624986,6.52609182239897,7.18798721199323,7.26075839523645,7.01802569596486,6.37992282542453,7.42934863501184,5.83640919012676,6.70536615463275,6.89230415872052,7.57156442740111,7.41210910274162,4.57375748559831,6.53759369133362,NA,6.36077921755666,7.62436528440133,6.79191305620326,6.21553933998024,5.98113093948163
"LOC102150222",9.50653978018843,9.47328367903653,9.69142885016352,9.34958482863373,9.42498368850681,9.64020605146214,9.64774848694659,9.44944444823619,9.62921791893777,9.57242222862273,9.18590312199397,9.55675370078477,9.08076911569372,9.6885378814169,9.13313605260242,9.57060407360596,9.78458398226983,9.33471276256224,9.70083914881953,9.77413186692434
"ITGA5",7.94134891709719,6.87804559336218,8.18487261639666,8.588374803321,8.36223872294567,7.75402189702596,8.44977973879844,7.45320182361699,6.90754160112948,7.39090688295071,8.43343189195222,8.02062498677235,NA,6.67908494766529,5.47542582138245,6.56884744526705,8.42777091810473,7.98976516433274,6.62129725362623,7.90493322497086
"NFATC2IP",6.38830986839092,7.35640760209259,6.65239372680061,7.2332379613416,6.45737653665502,7.34268821084876,6.9164131711963,7.60174033510577,7.55198885528901,6.73078918052887,NA,7.10958251143911,7.09409173919701,NA,6.539526063426,NA,7.49787089350885,6.45524339030783,6.54862281424516,NA
"A0A5F5PJ00",8.25266750012327,5.66108747729093,7.45258058201914,8.00335238242244,9.51062167065728,8.29954666341617,7.64516814229863,7.07973067946883,7.33823184127522,9.18024478588605,8.42277639597869,9.99655506580937,5.44224477229759,7.21920967295442,7.35522068660441,6.89935052173634,9.18027314675527,9.30724526694589,7.80236316321355,7.91178929485157
"SUB1",9.76762645588863,10.0029735577008,9.71454518262946,9.65485226503522,9.85388093989303,9.95088034906444,10.0111830355391,9.33903210316985,9.80674924319875,10.5119335892436,8.87762600771927,10.1143018957796,9.56198801401339,9.88177425206079,9.86610062160514,9.89095006829195,10.3798236599736,8.78651795414521,10.2292576273941,9.67985581706009
"DBNL",8.02299142674877,7.62282233282218,8.14294105609053,8.13942641932008,7.71176743389083,7.87530882580577,7.74541165685134,6.96814427698213,7.13014237403199,7.95083557225726,7.88097716886219,8.09442215536427,6.6023977557264,7.45637556309935,6.91942227768221,7.44105314181735,8.3114699705847,8.08364281976376,7.62730980675835,7.65227232795924
"IARS1",6.9416026912543,6.81138629568926,7.16026204415043,7.56445082357491,7.40504461711047,7.30165508044969,6.53703697836364,6.32003497346898,6.30326982268811,5.88356701236769,7.86668338456819,7.02727561716165,NA,7.01966953745615,6.19307549792451,7.24630597409546,6.8239965375397,NA,7.10007263348249,7.18365015674158
"FAHD2A",7.71453037131239,7.10534564016346,8.13531998466988,7.95857325695892,7.88416830989102,7.83781345877735,8.14195482441331,7.70171985294811,6.98201861422765,8.24389973714687,8.2184588933004,8.07096527349639,NA,7.99040926292325,7.30814821160719,7.6381661531583,7.82809883009002,8.33982845128186,7.34148033271314,7.83951468052759
"HABP2",6.20217305079664,7.22962180121205,4.85556430668891,6.11542777393697,6.99922118950946,7.30745901417581,7.80160894518663,6.5360782542285,7.2576827258248,7.49072279296226,NA,7.88261485403464,5.80957876931114,7.01367323168892,7.23879970812969,5.79900267021051,5.92310429955639,6.33283474465638,7.12080416909582,7.08071824239804
"SMC1A",7.89607221584879,7.64362383950712,7.67742604625656,7.48687469515512,8.23413664818122,7.74546218975973,7.60381592235383,8.40416581036504,7.84091103075885,7.9212949586198,7.4424137146397,7.52207864651981,7.83819660459324,7.96902736545724,8.24571613823054,7.80336179810908,7.92261707262178,7.78769013926809,7.76774262804871,7.98832875890322
"MMAB",7.0848294101665,6.02503702863108,6.28226550002781,6.26771529181261,6.37332263836368,6.00691347911975,6.51799582451032,NA,6.49558290561508,6.90962470402693,6.32530551360907,6.77545671448836,NA,6.29423464674154,NA,NA,6.83499665219149,6.39027898497768,6.04560179824243,6.30736513846382
"DBI",9.54723300314126,9.04451221571371,10.5615843187735,10.371850953435,8.7657028564924,9.40145901464214,9.50638668420496,7.83636508541064,8.65138723405574,9.86292646885834,9.86538744883916,9.41881259654861,7.89635859206456,9.08003576874549,8.27305530208032,9.84136480321146,9.89753020263927,10.3073983996212,9.35374584099768,8.60533906407259
"VEGFB",7.15842240490005,7.58374683463856,6.31410261613548,NA,6.15638417099398,NA,NA,NA,7.51472440060562,7.51350497198542,5.14560854246493,5.58173121542467,7.39829492970646,6.42051331467422,NA,6.85434946451459,5.84054419272078,6.29384804253324,7.17716560369357,6.42676122836913
"NPNT",8.9902762572877,NA,7.52571725012676,NA,7.00813884560754,NA,NA,NA,7.98577611475478,8.37430702237012,7.15083741783178,6.59604046662445,NA,7.66036248653887,8.48577157558721,8.74023195004223,6.9746707499474,NA,7.73142732706184,9.01753915930307
"NUMB",7.54164701609874,7.45037001929534,NA,6.63575635508306,8.65019769886422,NA,7.32917433753279,NA,7.59594580858517,7.8137158882554,NA,7.56757843288142,NA,NA,NA,NA,8.358631158853,NA,7.30287341575926,7.03473105616157
"EIF3B",8.36576662571437,8.43784374800508,7.89093148482425,7.97375663084006,8.16690136850233,8.32682555761837,8.31991726288607,8.48237893873254,9.08290663395045,8.57281649870611,7.50959398977724,8.44473031674569,7.0179206377302,8.34182977154095,8.09075459650581,7.94326561844458,8.05778172493097,8.12939672593232,8.81744456599475,8.26422489887276
"RAB6A",8.17753786570947,8.0975742493564,8.19722252886159,8.32914089057472,8.4321284873329,8.12186373999924,8.07544265641872,8.42183089080221,8.42567114250902,8.25341995020806,8.32616069308246,7.97725433153027,7.76129079941334,8.71129787397014,8.4205974731733,8.17476749068275,7.67723884319639,8.13111962702228,8.62758753918562,8.53774149059554
"COPZ1",7.77186426369837,6.57741733672667,7.54712372442782,6.89070746421716,7.9148185048081,7.22450773125673,7.01889648207305,7.03336099094339,6.49159232140309,7.57393204736258,8.02004695849043,6.67539524759848,4.21917249531797,7.04027357327939,6.57460793799856,8.13752258767805,7.57559685567851,8.39400546007398,7.8438480424131,7.17414084940237
"LTA4H",7.50758284134198,7.50110989539357,7.87520451710646,7.49546835279142,7.65182759895898,7.3668449278771,7.57450362889614,6.90834700253317,7.3255961425542,7.82517081818898,7.72033847045146,7.84038954757469,6.17792573620835,7.29981724624927,7.04574368399797,7.5547341915117,7.6432348408473,7.64580773985677,8.02204911522321,7.69994862365352
"STAM",5.60028221532668,5.71421922482284,5.46103264614589,5.6314083185045,NA,NA,5.69125078418126,NA,5.29166043982483,5.60934572677674,5.27886730870067,5.62311496251725,NA,5.83787402126759,NA,NA,5.44029061840461,5.33101329897344,5.79448908194516,5.4983516715571
"LOC100062210",5.38824905983142,4.36626906083442,4.4257488195902,5.60072467925885,4.68891030771473,4.73516817031863,4.89351960458545,6.00517388041099,4.47128642073508,5.03469118794917,4.82111780603061,4.74375071728516,NA,4.95656566497602,NA,NA,5.25066516314429,5.01728007382633,NA,NA
"ADISSP",6.80696753764978,6.62175713735509,6.88860351080738,NA,6.337409479577,6.9567163465241,6.85656862132346,NA,5.94067571611493,5.67491515237452,6.06956907971028,5.97734539013556,NA,5.65616076233124,NA,5.94998309988999,5.53753936965133,6.6875512645129,6.91241921486016,6.32054500797294
"EIF4B",5.2956564105869,NA,4.96651261404902,5.68411385174565,5.50874511893353,5.77048742416931,5.37964925137216,4.79468139715356,4.92926592416351,5.58994145704764,5.76017760736271,5.61211156581712,5.0559848295724,3.95990689639157,NA,5.02304115240034,6.4932343109684,5.48572436561134,3.70080614672102,5.44149170654683
"CARM1",7.29826524982226,6.17390471910863,7.31272393229738,6.85859363440667,6.69281123850892,6.80711285785134,6.07808247061636,NA,6.46336243318167,5.98104332849932,7.53534277296089,6.94772454625491,NA,NA,NA,6.81249876745418,6.36559235990434,7.00948132102161,6.68579412707502,6.68820679210238
"ZNF207",7.64215837403732,8.34082705088389,6.70736079519062,5.92722609532961,7.79296826389868,7.28158146179828,7.56704106787728,5.29859324081856,8.63988277881437,8.22473100944063,NA,7.72454811661318,7.3762414553946,8.02694472069537,5.94209289106765,6.88262973356364,7.8899464643377,6.74215785808345,7.91056089409441,7.84469574908749
"SELENBP1",13.4192822803107,11.8045788163561,13.7430128911333,12.9084396669236,13.7511290413649,13.2139515351019,13.0594203374849,12.782866751502,12.8687537464264,13.4216331489438,12.3857358363547,13.073116174227,11.3105169387641,11.6193084729226,11.6185304623069,13.6628791894118,12.6200710097203,12.3190633156856,13.1709904565135,12.262030202788
"SNRPC",7.87977940614014,7.70257514958104,7.10960875113377,7.61288587036399,7.57711798301148,7.53924092249623,8.17714153379952,6.669438735193,7.36101649172151,7.53760310652198,7.1674517401893,7.00505787203289,NA,7.79085883850674,6.7959056128026,6.99309920825752,8.31860834254074,7.26785669588266,7.17091842171253,7.21269861857183
"KARS1",8.07975531264006,8.27518827359693,8.48140935592166,7.95301087038447,8.42508839622145,8.36375573220944,8.20686044068722,8.53003310620848,8.63122873321451,8.67052900601113,8.05478137058486,8.61755830779184,7.73194033516249,8.78049897883692,8.2282044624299,8.14388919109233,8.43407054885238,7.99137313614504,9.16226535546644,8.84945288272054
"EFEMP2",9.64459531945791,10.4949352432552,10.4804914253151,8.93191528396144,9.32088153974994,9.83876658857269,9.65040129322412,8.580223713923,9.89826566845203,10.1689513509262,10.4509844834064,10.1714318629898,8.95160996365628,10.5702868855998,10.4067920925474,11.0864878701167,9.30201092892561,10.1049741585831,10.5606692698355,9.0913323905182
"CCT8",9.18041758152852,8.71294353506211,9.1954900708514,9.08145562130456,9.03691258899619,8.92422007666723,8.64688435862285,8.59978222070167,8.40440552889606,8.58731221539851,9.35240203194191,9.06407924909186,8.30114665819967,8.95005786702122,8.6534858926047,8.95160996365628,9.13323250639022,9.0585770478662,8.58770364359348,9.03765238417058
"THYN1",8.84674439908978,8.82201179116337,8.82481815247403,8.92546369677574,9.35519726225424,8.93028718696439,9.26732989524031,9.5906194997066,8.83032828820954,9.58001717500131,8.42035890966016,9.24565261433871,9.10923442186974,9.39725167261618,9.29877745777671,9.08845810611674,9.42528534112373,9.10747374098879,8.97032014072911,8.87749539365199
"DDX46",6.75531938095623,6.27350184033188,6.3056557517344,6.22206098131193,6.67109893587887,6.88600456562267,6.17474243605861,6.90136012634058,6.14703780475681,6.14925257941967,6.30602034352001,6.9085916446407,6.09451895817969,6.69654283744019,6.04594059500157,NA,6.839458834645,7.1341187863942,5.61876972697889,6.65171783350156
"SMOC1",7.42861012060672,8.4942434001072,6.37556196894923,6.62260005568187,7.25621124499498,6.86403712279592,7.75510356806478,8.59733288031592,8.3318153859359,7.91438509243025,6.23987545048785,6.91808645195451,8.60120670990374,8.21391851382974,8.1700053448893,6.22673288711202,7.65524337141037,6.42313329000058,7.29041026941265,9.33641030634995
"RPS19",10.432009265923,10.7116355606954,9.83245417789079,10.1606374510395,10.8555091968933,10.5160222471998,10.4613375980852,10.7866334490886,10.9597576472885,11.0932890971591,9.01768201401462,10.9258475575478,10.4327054644276,10.829312197661,11.2728380048678,10.9222758689438,10.8926618268055,10.3273006353237,10.626637063939,10.243903833345
"VAMP2",5.88671605120903,5.90356122414523,5.82498711611438,6.91067931037981,6.16774640708674,6.00084343172301,5.89700739571178,6.84979904507713,NA,5.23907572063811,6.82097453326034,6.14675396492427,NA,NA,NA,6.2127618409239,6.44659488543864,NA,5.55055321347546,5.04600550660841
"AGA",7.41894550453819,7.33912240818545,8.68849501230813,7.80508987686884,7.55202890271364,8.05330365175608,7.90483830786986,7.65436955845089,6.75778731249815,7.96469063874127,7.80314673241075,8.63522573503717,NA,7.32397371709009,NA,7.25997002106803,8.16825444873285,8.17110403895936,7.08559343937865,7.12455568577553
"API5",7.72614792682058,7.7511086928704,7.58329518341742,7.23903970767317,7.90825153312266,7.59680187866559,7.56274955685957,7.81730500302286,7.61763771094363,7.69369686683891,7.87868059426231,8.01627723245813,NA,7.64239955918236,7.57549299640685,7.67419180482906,7.70376020188425,7.60315109057127,7.93961174195088,7.99472270548614
"CNP",9.03228019422434,8.09014161344459,8.90918601147499,8.78194547795924,8.63472521586698,8.24619939041285,8.15619902143456,8.16323970687806,8.1644943498244,8.19660010105128,8.90030659533367,8.53780483720676,7.40388082741402,8.18356296057616,8.21033959898484,8.26147622701841,8.55667130435581,8.48977158324539,8.46930031784161,8.50007278406616
"GMPR2",7.57903969652756,7.50738038887355,7.75587316410127,7.26358912270405,7.69516771547467,7.63235829094996,7.8160953491799,7.12374279369103,7.67195093393267,7.8336619065847,7.81079900555787,7.32747984946847,7.27183912192161,8.16380301272085,7.62312128765821,7.97517874543204,7.3443328727809,7.59476611958499,7.75157536805613,7.92365138246715
"EWSR1",7.40195069581728,7.3027400466281,7.55533064083081,7.18492494729457,7.0194221834742,7.03981651967041,7.12963712836979,6.7704922381247,6.84391176140145,7.3210826302144,7.27210164688703,8.11936234185152,5.76456064098663,6.84211170290939,7.13084687134064,6.70796190029507,8.43577885589642,7.90510253360896,7.05297028983647,7.32102134488774
"PPP3CB",8.34439895992624,7.8866596526816,8.10784226812018,8.04365396063659,7.9461488275669,7.83634523814608,7.50214864271902,7.35789395132547,7.95520644458075,7.7114046888392,8.15386616953828,7.64969316250735,6.19746491093745,7.82541297449263,7.58508056510443,7.77274219048591,7.73053039430411,7.28641637771503,8.08224988729497,7.79366534748823
"CPB2",7.89235590121861,8.61878997376164,6.35887090871393,7.16666612718581,8.20783082747147,8.82465552845117,8.9643203352802,7.55834300634629,8.68668434878386,8.50386553837834,6.83712846119535,8.74886342200401,NA,8.58896163407307,7.97231638052697,6.64594132708916,7.00721794074768,7.6017353724748,8.84273953737763,8.68559821781158
"COL27A1",7.6403548034552,8.07350224236988,8.90270053756701,8.41428720309862,7.47430714632397,8.37227677235768,7.53191978242187,7.4802367974715,8.27714106757912,7.59482087560626,8.06442452242207,8.41957353454248,7.71539548117286,7.55684377114601,7.5202361288032,9.07088500179643,8.10682917901846,7.56016834180973,8.2639397200378,8.38940197344792
"HK1",8.473643910907,8.05889908878069,8.57691791672006,8.57280616454622,8.54021219767174,8.62263889832084,8.0811792550274,8.28294850645823,8.88131596640327,8.38829501004458,8.59289275282414,8.25596844974654,7.7632112705731,8.66548724755294,8.55107206003268,7.86023954159585,8.44932123518776,8.7031731268017,9.00065620433133,9.27032387218864
"TUBB2B",6.63507360401503,NA,6.95967219580894,3.3783050368844,6.34850321126677,NA,6.12197363957261,2.31477323625177,3.25569715667882,6.68883227394724,7.16007549271789,6.89853958955848,NA,5.14645172317927,NA,6.1596633325803,7.23112939027342,6.42803339605324,4.02170319143308,NA
"DNTTIP1",5.05280250219357,6.20127520334409,4.8450130546988,NA,6.28868276963926,NA,6.11999442165596,NA,6.43635236546393,6.19637377066253,NA,5.60589444398546,6.22905643604843,5.81913128324934,NA,NA,6.06679665622928,NA,5.43801377060491,5.42879586414497
"CISD1",5.90483777726889,6.12309263543174,6.42872417247125,3.1198200568916,5.84122415363915,2.31477323625177,6.66768642855231,NA,6.73040563195431,6.80677796673662,5.58016848358318,6.62965623142074,NA,6.90292981083072,NA,5.20671222188843,6.87248613558484,6.42961045715826,6.20431020110905,7.16521617704644
"HSD17B12",8.9243268332315,8.63987539426235,9.10014175805151,9.01358185728541,9.09816876566095,7.95016565566405,8.00854102376657,8.12990548454267,8.38788836294173,7.87488391983418,9.13102616395866,8.4846320516755,7.49489344614793,8.64465401156629,8.77477089825468,8.77359914659407,8.39140797443265,8.40819594493582,8.3502109127025,8.84774800608055
"CCT6B",7.2824539119177,7.02179974036675,7.15194380838415,6.8020160099589,8.23804489925114,6.95490182628033,7.38148729478223,7.17494130707644,NA,7.52676504406003,7.65285924683954,7.76069525841313,6.46622994453881,7.56660260094871,6.21510855056636,7.49176261401949,6.98947968826648,7.75251237137699,7.32634428720927,6.90100955386406
"AIFM1",8.20462845440661,7.59054581183764,8.22913637258534,7.52781249654983,8.51429628538853,7.70310515295851,8.11136498850394,7.98339273938738,7.93510243361499,8.31928405313261,7.87323926442478,7.95482953962101,7.4676755388384,8.47339867262604,8.15952265198383,8.22471801403544,7.95161040464049,8.43352153734903,7.07811745824381,8.31625496296642
"A0A5F5PN84",9.71946222551844,9.3440899421231,9.45549697971317,10.0620582551126,9.1149501838212,9.93498097681041,8.880237666155,8.44688883234647,8.283211899045,9.15159156158563,9.78034782745578,9.93068135318449,8.05772281371393,8.87366199936871,8.04534663716997,8.02809768686684,10.5589702985079,9.04947656134077,8.17376220048472,9.60559791917275
"GSTO1",9.82377741143797,10.3371729623979,10.9673527225871,10.6887679835297,10.192514639153,10.7930853579436,10.4345855499083,9.95501534446583,10.2543432407692,10.3624895367844,10.5702918968788,10.8662700724154,9.08509293308919,10.3295238146214,9.93898831778326,10.0999666609002,10.7223989313211,10.2501578832592,10.4604261020507,10.7378018590923
"DNM1L",6.15540198644251,6.78373338599959,7.33092689461089,5.44469012738186,6.5400169178568,5.60013062872591,6.52159891021777,7.13523819840321,7.36440618619504,7.07687259947582,6.24687166311989,6.83560987172585,5.79754777458601,7.11029830375676,5.04291946132049,6.58676348294324,6.50207712674015,6.31568975861688,6.81748608060991,7.49522095578718
"ABCF2",6.40762381928779,6.62719992294239,6.11854227892759,NA,6.45186861987416,NA,7.05217551940162,NA,7.44285847694467,6.86238307975543,6.19116951920687,6.64267563948153,NA,7.13770755442704,7.26457953039172,6.6544065791906,6.80862000934645,NA,7.30024890350164,6.37001046040092
"APOO",NA,6.65018387146469,7.42289765796121,6.98519556673395,6.38916465464873,NA,6.75371906178449,5.42870381462627,7.2991649293139,7.01612831304835,6.37034331679326,6.98993412029211,NA,6.88928625759088,NA,6.24616184918197,6.99539980087496,7.24687390040285,5.80394704174748,6.58599544691546
"CHMP5",7.39912322772999,7.44887061445377,7.28425828672928,7.91021253308922,7.89377023188513,7.27178333195427,7.56537018424121,NA,7.05810875799595,7.14636969051763,7.19719030274627,7.74255109497541,7.1658337915191,7.22214940777089,7.11391687211079,6.3910223178466,8.46915083155715,7.80588489076552,7.22655246919805,NA
"LCMT1",6.8666979188368,7.16791876030229,6.92094767254115,NA,6.69773127545107,6.62553249398975,7.25569048868356,NA,6.5067380701445,7.67288309771331,6.05167852662992,7.21211131530377,NA,7.11647648842656,6.69902221464144,6.54309569679068,6.99073246155126,NA,6.86537210400797,6.58431137827427
"LOC100053468",12.6863898239034,13.0286243081618,12.6850200157459,12.2836037289881,11.9091448185234,12.542373806747,12.8911193912016,12.6394066263135,13.3593167711073,12.4482834984119,11.7056186467446,12.4132344451417,11.9197906776029,12.6786252717238,12.2543501111158,13.2012724226896,11.1802794951366,12.2187908130057,13.6761135248719,13.0725134297909
"SOX5",6.55043088834665,6.64159080172694,6.67156687091803,5.79761078758495,6.82290833498269,6.16127499411313,6.23233790081674,6.63210837574573,6.12490233020464,6.23415867698087,6.36177949101459,6.88326112949124,NA,6.31354920117678,6.29740964009976,NA,7.11401018193377,6.5124644943184,NA,5.9753000515346
"ANXA7",10.7078051195512,10.9608234272334,10.9101469655475,11.1795605945749,11.0000394410411,11.0141879350299,10.9426101074304,10.6691546970411,10.9067213700334,10.3076255703002,11.1072556008031,10.4723021819245,9.95754191044943,10.8995885313171,10.3853710418934,10.9520932259873,10.1468399769217,10.5117945134501,10.9341312250241,10.9367777942706
"INHCA",7.40398434273672,7.00123458201347,6.18773749028429,5.98874529269147,8.15399005971419,7.40869891548208,8.68959552211145,7.2657299144309,7.147631733154,8.28692024562783,4.9950290516299,8.58852618035939,6.71420861794834,7.40889648021195,7.3812507414158,6.04140165997928,7.39142912637173,6.28897171833503,7.62859897819558,7.0460192249087
"HEXA",6.92963075495574,7.35776799304614,8.15022135660605,8.26934766840883,8.08997906061695,7.88374343886679,8.07715292427522,7.83480597652284,6.89252216563245,7.68880595339772,8.33004667762538,7.69002045659088,7.49276688728376,7.91747879055032,7.63315956727267,7.92804708127452,7.73424973535428,7.99702221267116,7.62204994657387,7.50094856457721
"GRB2",6.8596782934158,6.71389527904175,7.03786774490779,6.9074645679847,7.1915826181697,6.56668826698097,7.0216714681476,5.39204213829763,6.55529706992818,7.0231791908552,6.81333594827132,7.03775605425893,5.63021508286374,6.54244323560318,5.91246222564828,7.00053410916538,7.48604370674007,6.68109665313792,6.55259714578966,6.78366957812394
"PSMD13",8.34129970596933,8.16315842026796,8.47948025208256,7.9484053128082,8.35324917906148,7.97550147787736,7.68351774721288,7.55983759693979,7.84787806788656,7.87808383256611,8.03267019900938,8.24857387741164,7.07386666226024,8.13674486214298,8.23451153848488,8.29048409941102,7.62848684044136,8.16861397736761,8.01621713518906,8.16024606353394
"GLRX",7.02644053723209,7.12222918532474,7.34337292960608,7.51732085405582,6.76175971694055,7.18145743683053,6.81254334808045,NA,6.57917832326709,7.52815664510702,6.72121104304321,7.44763215170604,NA,6.87226863994695,NA,7.33966520228044,7.89450973221411,NA,6.59080592678054,6.34388754051639
"NDRG2",7.8719056630738,7.76751374863007,7.82628119085956,7.95166863622345,7.50906804729272,7.5795221719683,7.57042248133054,7.29237972807563,7.58937768510058,7.11606873152293,7.89517847549612,6.78135834340606,7.40571391836907,7.50737838133391,7.32024556109237,7.4553292118251,7.51018889375195,7.96507941636684,8.08042530773188,8.40884296246211
"CHADL",10.87205622534,10.3987930358284,10.7544464289971,9.83750892460699,10.4681604419189,9.49250749755952,10.4838900680491,10.5686105100806,10.5488830034018,10.9046959040612,10.1240446061797,10.0868562355473,9.20657400252314,10.3512596272302,10.0013341576413,10.4129767048596,10.694951708447,10.0617901920982,11.007359536175,9.38415308696333
"CDH1",8.33051770754862,10.5225719520226,9.01252268032772,9.05263179268548,9.23774547812554,8.91467607234853,8.9976678298168,10.0060448602338,10.1363373373652,9.13843003034084,10.204972842645,9.44942536667916,9.72120240961712,10.0514833266369,9.81353458715361,9.22810305980282,9.18766667880034,8.17570731851928,10.453129443818,10.7998015224991
"RPS5",10.2166783527211,10.3539271294768,10.4505219298203,8.96582897287115,10.312309206226,10.6361302779456,10.2639571780914,10.4609470369769,10.9989507043242,10.1598392274728,9.38505107263633,10.2164214296748,9.19435859163311,10.3946362901329,10.2633831628994,9.86297291638714,10.4486887560148,10.588718814112,10.5563667050607,9.92184736603169
"MOB1B",7.5961615394888,6.89701131695542,7.88731162687415,7.83899343983541,7.60085907058488,7.1712476331519,7.25826984585306,6.65557833448516,NA,7.14155919271148,7.51754667087649,7.48678414186389,NA,6.74009386871799,7.42135641921686,7.07357252114796,7.82660682024822,7.2834169876714,7.44595539864666,7.94914507414575
"SLC25A5",9.4149288571579,9.19652627500538,9.82829966428151,9.20681234243837,9.93974497947839,8.87313242043366,8.55968694375958,8.36639097331941,9.3387583351513,9.08513396004007,9.68300086213311,9.63726507772959,8.44141964103427,9.54964554640411,9.29115425575268,9.05642328870516,9.47846474638115,9.71443542177382,9.06885814773023,10.0366004228232
"C8A",7.28499650427002,8.01402207200286,6.15459439742844,6.83579421386526,8.13724779467085,7.89410072990649,8.39972248506134,6.76271717179244,7.67065204694964,8.47635559818127,7.05174531680198,8.92635448426028,6.61772660914978,7.72282427203066,8.15733753521508,6.80502781613556,6.8279577509925,7.92169856787985,7.52175544121238,8.30399462737306
"UAP1",9.26985579096542,9.58596051912129,9.56724747837082,9.52200579678746,9.59344983038258,10.4045613688394,9.96189779577245,8.71938408172054,9.84107768191201,9.90133910794034,10.157701789092,10.5950225796375,7.99815857640501,9.43060986850025,9.24151705569244,10.2709716233786,9.60631697188213,9.76097503559455,9.93467524978176,8.84391181367603
"PAM",7.18051269381431,7.40487104855473,6.98921939032202,5.61820435900038,5.47917554168289,5.73570061959686,6.33291994152078,5.02486182402764,7.26037768710281,7.2246053563448,6.73579561914393,6.48115655421592,5.87604627023971,7.21541021320366,6.67432444524087,7.07655629675066,6.04343004580709,7.05147278319107,7.1255154223471,6.19406788259924
"DCAF7",6.49458082923002,NA,5.67002896461962,5.82309280496481,5.29420599451282,NA,6.15179213081342,NA,5.41089694106053,5.71550518293125,NA,6.17194090339227,NA,NA,NA,6.32331383379565,6.3052533396022,NA,5.75670100274993,5.77436940484934
"ACTR10",5.72913943884223,NA,4.6645652694732,5.20153975195494,5.46750546414307,5.22199841178727,NA,4.70214855526356,5.1882391233006,5.82458993872142,6.33057577589783,5.48176450898574,NA,5.19358917711805,5.74251163880547,5.40757558575214,5.12604678017022,NA,5.55434030035755,4.60336124816191
"CAPZB",10.8387093602549,10.4470123573212,11.2572687291719,11.1621537049885,10.7251956455775,10.8387162929258,10.8060534550952,10.5253821784579,10.5307968494005,10.7581609050083,10.7714058876258,10.9092614074009,10.0472217035089,10.755984526077,10.258605987127,10.5779118412042,11.0148543430206,10.7006854405079,10.4384213419974,10.9212812928166
"MTMR9",4.57524934955432,NA,3.51250985365718,NA,4.4456911583349,NA,4.28208838212378,NA,NA,4.26382706454587,2.31477323625177,4.45953462134356,NA,3.35176038251621,NA,3.55554590312826,3.73720586970941,NA,4.38853221019765,4.24939264708077
"SPI2",12.5164981870005,12.222155273101,11.420620522434,11.8405456166611,12.7731309180906,13.5824894074829,13.2501859890724,11.9882986350424,12.0915739479401,13.1535117324924,11.5902404620792,13.9887722574375,9.95042617119071,11.9130904538316,12.2848448183746,11.3340293278161,12.2854906058049,11.915791948077,12.9342309275058,12.0476016890434
"MATN2",8.11262517069037,8.67677266316279,7.44599140716598,8.98404321282445,9.07339676342186,8.41627023773755,8.90533665652635,9.30528003136557,8.30015596927375,8.38600755465446,9.37353873518407,8.36393345176007,8.21436026153621,8.99114398112315,8.94863017984147,7.78547329732201,9.27194275829031,9.03617326924526,7.85381875792844,8.51575853376852
"DMGDH",5.72307838196786,6.92532516898622,6.4258175531577,6.76162682274512,5.7209751737123,6.94529587596712,5.71274177532439,NA,6.24298026072312,5.49852354877899,6.054046251197,5.73228538941156,NA,5.52329491025367,NA,NA,5.19958168368258,6.52393024063196,5.91597004439033,6.23687964970981
"HAPLN3",8.19273590436531,8.1770914704271,9.23792986518746,10.907639433054,11.8721070312364,8.46303709874855,11.8168575543076,9.93678170615274,10.2983417658557,11.3329097314177,7.48213949151937,9.34801262888979,6.95158702371349,11.3145020000206,9.34482153455452,10.2229826385155,6.99307796166469,7.35855757303478,10.7935790325906,9.31599214478148
"ARPC1B",8.90106287020468,9.14996514489003,9.0210849188062,8.69266849991024,8.70899016288199,8.33062222343665,8.46851168857384,8.61916355357441,9.41960946244295,9.02304931197481,8.08370935620868,8.85912803645356,7.66197700866211,9.23089183177154,8.64146061430701,8.70865105634435,8.58926979992489,8.95538315619851,9.40077878722368,9.0442981632696
"MAP2K4",6.4399898056577,5.38611576811194,6.14279573508288,NA,6.0372634336057,NA,5.27937688593843,7.36459265920972,5.71072907685439,5.46176105167606,5.06105310592272,6.06550126808602,NA,5.33073745581413,NA,6.37542703094783,5.52330666891208,NA,5.82078674763529,NA
"COL5A1",11.2881934457477,10.9159717529948,11.7291034672355,12.2570593212559,11.8942160010688,11.4710930771733,11.2353070183157,10.9706595894615,10.2422465115822,10.4058377573326,13.0504271886212,10.9715869395465,9.47776896413696,11.3380004553868,9.78419600139587,11.586250500662,10.9367177483544,11.6996669156398,10.7145897523002,11.090748855885
"STAT5A",7.33106201233189,6.88793010478255,7.20154280201235,7.21357388593283,7.25927248249491,6.58321019748603,7.05850350793796,7.02646050828537,6.84107246047929,6.76853941114199,7.65033602740811,7.10844457543898,NA,6.95711670476976,7.21014994275406,6.94635112858861,7.37717206800666,6.86291499102487,7.24492738818502,7.09808723142319
"ZFYVE21",7.07324786747218,6.70961232123584,6.76937663442903,6.57399450998566,6.70504050579617,6.13313962683026,7.21780420742267,6.55521274807887,6.73352545167453,7.46136806986895,6.25561612028956,6.94611553229674,7.14070891232814,7.16858381115478,6.86180907277763,6.99433969566983,7.57141243231691,6.8800010311282,7.00974263837642,6.70989118953259
"ITPR2",5.76456064098663,6.33333076573302,6.10990398745121,5.21540733704482,6.16282645708809,NA,4.93343623918764,NA,5.4391165985345,5.45743822530902,6.08975867559735,6.05702089696032,NA,5.88861325695569,NA,6.78133883665278,NA,6.22706187544157,5.89544315526083,5.59751287440374
"NASP",12.3042006649502,11.8767481441468,12.8549978028169,12.3820189614486,11.5091634491106,12.1214272568409,12.1769020002845,11.3593963040741,12.1379463079274,12.1908604298964,12.2421618166274,12.1435260980362,10.7283264934741,11.935435111015,11.2796447858009,12.3302097834232,12.4560267214644,11.9756368009961,12.0813347936003,11.935875945284
"SLC44A2",8.0452742265828,7.41911992415365,7.85484504468429,8.12710832329901,8.93936140379945,7.73842936936649,6.61942298749371,5.78643716351018,6.64645756275817,5.38011631807453,8.46211877097362,7.3191725127854,4.64780194652544,7.24867720576844,NA,7.78880130870615,7.12116834561807,7.91612597637332,6.82510688645671,8.24056810002796
"CAPRIN1",7.57167834436336,7.65620845934733,7.55225756701549,7.37416974318812,7.14514801037532,5.9187479042813,7.4050824266433,6.05221034524191,7.34237962308766,7.94558889681759,7.09643613924764,7.53265166332336,NA,NA,NA,7.47259125950237,7.76006585442736,7.02135079755655,7.18964079229671,7.3995118583344
"RAB28",6.4864028808146,6.60103155954891,6.38451855327709,NA,7.71687871202658,NA,7.43061754911495,NA,NA,5.75533213716467,NA,7.04536135181015,NA,7.65886755706897,NA,7.28259203847392,NA,6.69061225388084,NA,6.81196615150484
"SPCS2",6.66903831579868,6.40968400048683,6.9413918632692,3.72634038790417,7.03978344457538,6.61694697925321,4.78336901997942,NA,NA,5.33555027879384,6.48866858100953,6.61152617464784,NA,6.0542463258869,5.11463174595739,5.83860753614221,6.11714272414168,NA,5.93057798629241,7.53862637236678
"C11orf98",7.23365546254816,8.72528096945783,7.04569804944075,NA,7.67678030865983,8.40005242048819,7.90680773684987,8.12805038779296,7.9489917145862,7.63800799832856,6.99457348023706,7.05816216662604,8.15951210983406,7.54217294336155,8.02428191766086,7.35165695153096,8.30578300299203,7.71127063546637,7.32072913613241,7.82312180896896
"ARCN1",9.50039675544596,9.22153155124598,9.84822030451448,9.85068637050869,9.57964970214694,9.70661217793588,9.63864161130773,9.50656326927952,9.32780687103841,9.61537378905891,9.4801280401819,9.52579147592252,8.6551222270524,9.78637746245052,9.1234140204889,9.35772695475893,10.0105740473159,9.37411079795425,9.39264618085174,9.67592548557713
"AP2S1",7.77637438478088,7.82527881160578,7.66977646661135,8.20779096725283,8.15701291680523,8.11988379833424,7.30091466807988,8.5697117206227,7.50260851040677,7.99073674185093,8.40151859885835,7.47698056806493,8.14400506284913,8.14281110198442,7.76005902903056,7.20403792442591,7.44540416643161,7.65448388618222,8.17565065172721,8.5140142387627
"DDX5",10.7694310435804,10.1065491723381,9.82330707486121,9.77775761038567,10.7640584354714,10.3391910460439,9.86215349868363,10.8776009319541,10.0251958542715,10.2838590165485,10.0858912990594,10.26139914993,10.1912765737774,10.4478128007362,9.79703256288145,9.73748213565981,11.3090537092499,10.1399106662528,9.71912834265904,10.4250925208737
"COL6A3",16.7581543802972,16.0735779188206,17.3619807471628,17.067823322821,17.5838948772796,16.7246692582203,17.0271135292482,16.8693369046793,16.2818028883782,16.1621233781786,16.9640694838713,17.0761915751289,15.7556736890812,16.4894555833449,16.6743787108536,16.367103393144,17.4832929025589,16.8778762725021,16.3142115855145,17.5750574443765
"A0A5F5PTR6",7.0116953077973,6.59988434091933,6.37108387328438,7.24344749932769,8.50851167177043,6.82157019900234,8.14028165199077,7.15981420424862,NA,NA,8.17748788787788,9.63325899525578,NA,NA,6.37400191043695,NA,7.53947456142056,6.81704154561404,7.25512489920017,7.14573851919229
"NELFE",6.64029029216585,6.48728948348379,6.25792777097561,5.7643171642212,6.43276412849784,6.28855378122039,6.46274304400412,7.38739311991506,6.88656649089456,6.44597256798614,NA,6.69061469503183,6.9284149094063,6.75151108625849,5.65337194114522,NA,7.39386736023947,6.18680509828024,5.86729368101098,6.18348752052311
"UBE2K",7.20048649001942,7.38462064848218,7.40941812837702,7.16213061250868,7.19428286097085,7.40360110784475,7.71749509670402,6.99435870632584,7.60552772147849,7.5806828232702,6.43110417559915,7.78712962290339,NA,7.90704575243456,6.38048317316548,7.43689378743621,7.43728013949184,7.48062619941926,7.66345974841995,7.48003708911285
"DEFA7",5.11753375325942,7.15392795955945,5.04179734250109,5.02659426030776,5.62215651371302,5.58969290200866,4.21062182966248,NA,5.79704892393663,6.37314508866984,5.37496784642074,NA,6.16191121442195,8.57442396798519,7.26993921499646,NA,6.40727243822263,4.49127422391333,7.42228711135441,7.19686663585481
"KNG1",8.95533208147052,9.8984773468433,7.72361163754791,8.81996742447325,9.54571637066377,10.2090610305912,10.8457902367821,9.62091454051643,9.8009057730245,10.2880077280199,7.59139254142402,10.9657478216668,6.97549484387562,9.11765478528132,10.2764894774167,8.11270502208494,9.07221080800163,8.71095537901794,9.68791155586688,9.06943113124796
"PDE4D",5.68263062370766,NA,5.1919536916428,5.8747036051489,4.80500001376356,5.13284563657978,5.44052418544268,5.68388155297655,5.47256809585444,5.13308521054498,5.92607414692221,5.72989794078475,NA,4.97459956597948,NA,4.83319655337251,5.84654768990801,5.55755884921749,NA,5.37286178147085
"DCTN5",6.90252237907081,5.78034801674332,6.93832033864799,4.06707196336349,6.36379864270893,3.4632907193905,5.6247195390549,6.00182928354254,5.83514100606893,6.25612307975566,6.67831157128951,6.54019752645265,4.47430035993721,5.92323381196429,NA,6.28118789536123,6.605173679991,7.46357549796721,5.75053158434615,6.35933716331016
"IDH2",8.05076766304361,7.75258569173277,8.18942591616987,8.14851316152106,8.17367946753907,8.13239593009485,7.93438022106323,7.62424634969471,8.17018457868338,8.10304053283512,7.40134978992632,8.18863629328301,7.00564327014886,8.51099554121002,7.85601060885561,7.18311330347969,8.34144094663541,7.74568463901926,7.35155126715992,8.79992544856092
"KRT16",5.74670627582918,6.72223336041846,5.68366809143725,6.97873380589017,6.10607831766498,5.76683523234171,7.18974050253267,6.3656823204505,8.71338932425965,6.33748016749917,7.03750796808581,7.35039646491792,6.38450441767598,6.7226856858101,7.20327927822268,7.76167004033873,4.8836280862762,6.40724648164295,6.5190372104212,4.4983176968835
"PSME2",6.64874070408526,6.3597162983862,6.50652491077886,6.99824661240078,6.81099829684987,6.1799588299858,6.56646220698865,7.1059858588955,6.7684426973172,6.57329022791996,6.49792125133613,5.72712109299387,6.46120389451355,6.56678876878521,7.26137482381892,6.54152600527902,6.01935491262075,6.57873379009258,7.28671899180429,7.34400434811563
"TMPO",9.51780744128198,9.44217778934936,8.91923829137359,8.68746904964741,9.57192444393402,8.53568452954667,8.51448115332642,8.34359730512322,9.49585804026917,9.42638804667923,8.82831554511337,8.91937792379055,8.53969500627397,8.98354110042814,8.92340805422637,9.21368980372482,9.40708575375444,9.02045279455552,9.02644470053387,9.4709225072465
"HPCAL1",6.94777345232885,6.86859466442275,7.58503390721992,4.25985998843046,7.0809048017029,5.51176827117186,7.04248573863035,NA,6.79240636838298,7.10576972152906,6.96544575221082,7.05514679118132,NA,7.12365198557119,NA,NA,7.53326223584135,5.82710470008964,6.69244000772936,6.64764636777471
"DEFB4B",10.9166746819854,NA,9.59890693287275,11.7338127271364,13.627099052372,15.467004318812,11.2000926054193,8.74243217885994,12.7247313935845,12.8987407199402,10.7164730671717,10.8336270368943,9.97370348316654,12.0579685103971,9.73267350859087,12.1190477842884,11.9749892362173,12.1575582878411,11.2780760230579,14.126036907109
"ROR2",7.38335236242825,6.83835824119839,7.53912995956272,7.33472615015434,7.22103958775882,7.18392584381261,7.00270626345653,NA,6.03814287052586,6.4403014782157,8.25910848244541,5.32725558873152,7.29297928767575,7.20336751467459,NA,6.67491886040884,6.06880979701418,7.19447264644374,6.12592421214878,6.56007951541528
"DCTN3",8.06892579424055,7.82833301139875,8.12675187981257,7.96212101181338,7.53082559532596,7.96524192792326,7.49193393903552,7.56843802870533,7.63334951104174,7.74462521402437,7.16439111601874,7.95664827124776,6.72131530305386,7.99202537974524,7.41544485660395,8.18783528689487,7.79178323993764,7.87839691855392,7.5275515854732,8.13343678637297
"TPT1",9.04784621782196,8.25831904174526,8.99609247749989,8.92846952340189,9.01683443554857,NA,9.06123753335713,8.35730612398173,8.36712591359134,9.04161751803584,8.50998713318173,9.54043899049682,NA,8.48625114048602,8.24938269130342,8.38474514109667,9.77465397844049,9.30014304221906,8.08746704652341,9.38161736927682
"PSMD6",6.97542959494395,7.02482940550852,7.18278110262835,6.86487591558366,6.69110356651912,6.66340519435891,6.63541289678452,NA,6.97095672178705,6.66070551385206,6.96055711479333,7.0401463878072,3.65428291550662,6.63496156117631,6.93793959857787,7.31271934975875,6.53457706838898,6.73124670566155,7.13439290667559,6.43633223930666
"LOC100064378",7.358481731177,9.30499004864988,5.8416667291382,NA,5.57908603681747,9.30007253569233,NA,9.47967011638357,9.98419276967054,7.50774442126969,6.31695157853023,7.12360243337019,9.07307291114618,NA,9.21509665243306,7.36180261041407,8.3767527841372,7.91974137942118,9.54509215317049,8.47478871110304
"AGO2",7.95570179604805,7.76024676020251,8.02145116268592,7.50331857604741,8.22740803971373,7.73672925595287,7.89042254989009,7.90092102882675,8.19956246871,7.95198695672495,7.83478187761427,8.12720046069804,6.80564385138389,7.82402814934517,7.87680483111192,7.61482547786597,7.93896209200905,7.64439488005583,8.695555558239,7.4472878447766
"AP1G1",6.58689152487024,6.67794865070312,6.45135160060097,6.76603736244435,7.17458327345585,6.34450435109149,6.72082736888731,6.69842234372308,7.09046601753405,6.52117840323865,7.21432382053856,6.21951076728482,NA,6.7208863721968,6.56170318650383,7.10212818949733,6.57105695320671,5.86329913632076,6.89214844871528,6.38516728406206
"THBS3",9.05045519591937,8.34252800597475,8.53481820892267,9.799583117132,8.78671520750416,8.18203730829926,9.30159522639566,8.54561126915721,8.21999168862713,8.64653921076982,9.45710351827983,8.83129634069935,7.65389274879188,8.42890420042321,8.07088081171593,8.37578089449351,8.73461317606813,8.68613848532205,8.37909435362461,8.20487635226893
"DDX19A",8.09065168922792,7.97977951424286,7.74333730982793,7.61764399772512,7.96906583003284,7.61295046737383,7.82433902472297,8.09307758768192,7.87245235387895,8.03719303299908,7.76214452140226,7.92537513363543,NA,8.08600994775774,7.36183491490833,7.67687308313652,8.05659150149065,7.33796914007507,7.88140530346316,8.0516478780459
"PTPA",8.87818696543257,8.54544052864803,8.77280757896523,9.3433670339445,8.95089058754115,9.21939199374531,8.33206294195174,8.98848737666085,8.85098710641748,8.66851027345128,7.78025286042563,8.87810139099315,7.65189845007668,8.82786283245258,8.92065905829654,8.6455038861883,8.13394054429393,7.71274743456363,9.42828013055871,8.74526161968488
"RAB8A",10.9440266089189,10.0287514941955,10.5343911032438,9.59131350505271,9.95672439458421,9.45960687191059,9.85022770932204,9.75434098949179,10.4013637240735,10.2137513811556,10.0656363176676,11.0683512261139,9.31717923336813,10.4129322733577,9.37886354304187,10.3005289954841,9.94922933610043,9.97818113490599,10.5325788813383,9.46085478801541
"OLFML3",7.87672752397007,7.46654856346803,6.12017150738439,6.30851027477054,8.03688608744135,6.03419530345258,7.49487325981998,6.90509448254026,7.62871332295808,8.15482461304493,5.47569001719615,7.20345184540943,7.12115427921307,6.91538348819024,6.13968361522406,5.27744294497946,6.73615733344996,7.08849346013683,5.86003696577416,8.57983027008402
"HSD17B8",7.49173500011563,6.86706928771966,7.25042248887676,6.96426969161383,7.02994486350522,6.97746924240746,6.90364636757109,7.78490632795649,NA,7.03925187157439,6.90390813552934,6.44465764177228,NA,7.00819505799431,7.18374598813478,6.71569320081875,7.34931757707582,7.32838963859232,6.61293520621508,7.69109641714332
"KRT42",6.6703028910959,7.63251559994853,7.08021140434785,7.74021390036048,7.54310151058476,7.36564932732084,7.60268347698252,7.94159924900352,8.81714194058096,7.28173495648004,8.18708794329495,8.44885190293538,8.05366791022668,7.7641385085103,8.73720204805915,8.62958448031483,6.45722707109637,7.76340439278548,8.16683654013277,7.43762223048901
"NANS",8.30548668305238,8.38113353924514,8.21661113729815,7.93942285387818,7.9448044044315,8.56945309854341,8.33399410210113,8.80693523013436,8.81476840732564,8.48261212947491,7.10942381685954,8.47883162736583,8.27443985288657,8.64915951218441,8.55619538815995,8.22652722149902,8.3835038862965,7.32660503496586,8.46699522231105,8.4307878654378
"LOC100072592",10.7979924049392,11.4861643922008,11.8174828298511,13.0971450695856,11.9498838284143,12.4990603217919,11.8635963729181,12.2655099763829,11.6190434933002,11.8385778656531,12.2313139850677,12.1281343222179,10.9300687596093,12.5995128427144,10.8772444241932,12.0748248392362,13.1650412134884,11.3838652206609,12.1414814106063,12.5959312756908
"COL9A1",13.7321439601843,12.5059822313713,14.8344724431094,14.1500750186479,14.9835171758368,14.1518253366308,13.5260103847623,13.3341843374839,11.8799845349669,12.2654757727294,15.5436725978069,14.1829772183192,12.1395188878228,12.2259668777384,11.4428646056835,13.6309184696269,14.1297813380823,13.7225666063688,11.9358363829647,14.1748428649934
"STAT1",10.1713247072901,NA,10.3286752319872,9.19480494813398,10.5314694648719,8.99710016417687,10.2332824716816,NA,9.40181681127408,9.54260580491608,10.8779051753793,10.6375368952959,NA,9.79733626431954,7.65569081313923,10.2281768734717,10.5777702860223,9.89011569510103,10.4737544016205,9.96904771178458
"SLC12A4",7.05900069046311,5.75310431086691,7.17571181885792,7.17934011767431,7.12183768918622,6.73009543573427,6.763516100201,6.40853962747685,NA,6.77396770705112,7.32095148685201,6.89713083114486,NA,6.76165295268982,6.33615608741832,6.31050868389183,7.1233794079363,6.79798188447137,6.28807360216033,6.56594756785891
"VPS37C",4.94168084414846,4.96663368512064,5.85036930332665,6.42732215610062,5.04782918940998,5.99051612708637,5.82406441202808,4.52506399964002,3.85068654454928,4.96840576985748,5.74071566101793,5.79773470540391,NA,4.32443100162679,NA,5.7013058278619,5.92075533931494,5.61452147753938,4.98754659840248,4.8125469762017
"FABP5",6.3620648317803,6.94080017060244,6.88475578480359,7.49888820339812,7.53804749205908,6.46764566063683,7.18707257696204,5.61365890729766,6.69617849130634,7.97574121816212,7.12493971000525,7.98065270019164,6.22399495088242,6.93238272146484,7.07304211749742,6.80858131851751,7.66047843943404,6.74857343354113,6.90373442767887,5.9078192117453
"MATN1",8.29442157480143,NA,NA,5.93235960361353,8.19596502412275,6.64387146432311,6.04318289893906,5.52054657719019,6.41300934902046,7.72716092593417,NA,7.07045732212249,7.22339197053179,6.59222030107427,6.50991746390211,7.40107377117229,6.01554667118576,6.44032163304222,NA,8.42070187427566
"A0A5F5PY83",6.91114354677275,10.1517663034721,NA,NA,NA,6.43181399351652,6.78099182288298,NA,8.03326716409074,NA,7.12363449333339,NA,5.97787710147852,8.84265892498587,NA,NA,7.07749283237678,7.87306717114412,NA,7.3846229105099
"SRSF10",6.45541190445377,6.83321205028628,6.53072420333379,NA,7.20156523927242,NA,6.95531158783195,7.79690614822509,7.74740276210582,7.41469040159501,7.14118123087626,7.25936763508011,NA,7.424190166184,NA,6.58327048953879,7.57877833061264,7.69517806370913,7.14977035237597,6.66279012937927
"SEH1L",5.49922557133405,5.47396689875016,NA,5.64458183361111,5.35848270044533,4.80732420980467,5.2659197822178,5.04074142161688,NA,6.34650546042115,NA,7.1494135845309,NA,NA,NA,5.74466827025772,5.38479260700457,NA,5.1440132736408,6.34782609281504
"TAOK2",5.89593571614923,NA,6.30393858668313,6.26595426616786,5.52340851888975,5.23453575066951,NA,NA,5.2868140969727,6.11660307545172,5.77959326410394,6.0005686655011,NA,5.73736448746975,5.9758993331862,6.07052647978786,5.80963325751882,5.78817053870218,6.11771891343083,5.60106546163998
"UCHL5",11.0043753265953,11.0583994462458,11.1586162006802,10.915834218654,10.897644927964,11.1424549078299,11.0996092370516,10.8214752228319,10.9725853345142,11.3776159636247,10.3999261783058,11.076983597711,9.83889224981341,11.3228370756925,10.3278781652777,11.2809709877757,10.9418870546373,10.9496011244867,10.8310598068663,11.2142203742981
"AARS1",7.20600333064976,7.40734377746552,7.68455319517481,7.3041954667603,7.72642573261386,7.37295841313946,7.66188939690889,7.40514053895798,7.3183410313517,7.72202229174829,7.69147951715782,7.65194503578071,6.34875653368995,7.51453859522715,6.79982829892244,7.27423082129487,7.76549724632485,7.02780231434089,7.90509266268007,6.98483367611123
"NUP153",5.6590937502115,5.72468357708207,4.80831264702223,4.90825703133245,6.1586338015482,NA,5.29575181986613,NA,5.2737459288001,NA,NA,5.8023939334052,NA,5.67930432145591,NA,NA,6.39513633637121,5.38319801285529,NA,6.24064949714362
"TAGLN",9.88633883787152,9.72788783770979,10.0224294787843,10.0503301133348,10.7193710904846,8.16126242196931,10.0317346381104,NA,9.29890985612357,11.0280972422841,10.0530753471313,9.64150598544255,NA,NA,NA,8.7265457732578,11.8355093283042,8.96192852383308,9.23395191672291,9.90751555213184
"TMEM109",9.49304300707428,9.03770883358382,9.353357646083,9.07308274538227,10.0177416187235,NA,8.32205329215881,7.77428806927698,8.78667160765579,8.33487249970133,9.71960982629109,8.29228751750945,7.42838938839199,8.7087710101132,8.92643892957659,9.04793519140507,8.73891998495084,9.54336464622009,8.73398525627309,9.62029133660723
"RPL35",10.6610761067471,10.5283496211146,10.3388744517631,9.04659032566997,10.9747545284717,10.8169816391427,10.2548265389306,10.3701861080178,10.8616120133319,10.935690105487,10.3181108998258,10.6862554085019,10.5672409046758,10.1807583958709,10.9408820807611,10.638942140623,11.0738396955155,10.8710963246948,10.3550166571749,10.0923454651108
"PFKP",9.28031131320457,9.6529812712391,9.78751616977781,9.07606649206594,9.84887386597255,9.38958185929113,9.47164922975712,9.14995752099595,9.76891482399588,9.61926750278748,9.23472275087153,9.42851649649481,8.59023120588708,10.214851135119,9.64356649314749,9.50292931653702,9.016180337282,9.40842724406013,10.4892025936732,9.51947978389542
"COL11A1",11.487001035427,10.7050115636508,12.9133398512592,12.597349533305,12.0737680436785,11.7930576460638,11.7824842704203,11.0504718178284,10.3672510544679,10.8410355298841,13.4413627368367,12.173247677263,10.3167383599986,10.9066229186418,10.4260541615545,12.293528242035,11.5944505389545,12.1900251664995,10.8711056392639,12.0794933056665
"SRRM2",6.20068971165545,5.98370218535365,5.79704823645084,5.96616236099869,6.55174636599751,6.20931692357225,5.99243319106289,5.72793299072404,5.99647380813162,5.1506212745473,6.16803244947067,6.46871338321583,NA,5.25160272992574,5.44048849403246,5.10071540144561,6.70953782980969,6.20171815793637,5.19693905090034,6.23156446980096
"SARNP",7.80341812556725,8.62107163324198,8.28942212674639,8.71600549929863,9.13996455643764,8.24798883543359,8.62006245042012,8.71383933586854,7.98238724215546,7.75824645492052,8.61665837377276,7.94908048608733,8.28539912963399,8.37481170301941,8.19231829217329,8.44512830145111,8.82765139968164,8.20112054826446,7.41917334920515,9.2325560268503
"COMMD5",6.60155050657856,6.7252568932737,7.26564963099704,6.72799523277718,6.74805832162659,7.21065907548576,7.16264495582953,NA,6.96955653795065,6.93678683943858,6.26443045299322,6.91642678007202,NA,7.09954068034775,6.23026554333391,6.77033257745106,7.03262122645526,6.63097687135923,7.38846750715845,6.36783785330174
"PROC",5.43679835429292,6.32163755278664,4.890650888181,5.84303848628678,5.92974391915459,5.7801139097374,6.94356527555146,6.16574883730561,6.33998971603896,6.39282577364787,4.54925614889399,6.45986570658433,5.5272574400441,5.78938705703513,5.86085488849228,5.13403664968499,4.26176476231635,4.60309943357398,6.87427052568724,5.38945962495646
"ADAMTS5",10.0080720715101,9.24894922666014,6.92796070498483,6.76320395300968,7.629964754349,7.33352637972466,7.36253812647544,6.22737988932361,8.63510739545799,9.20243478972584,6.87909545870173,7.40450533299082,8.94458113349782,7.68869886683658,8.83592502909092,8.26938601293235,7.33491093022482,7.69238444808687,8.88264315584772,7.73297724964232
"KCTD12",9.47043271623714,8.70529108072832,9.05434495978177,9.23169562784087,9.26990496254033,8.84499465227542,9.24573932133047,8.95008989881326,8.36948986564217,9.27227861656164,8.80751793350272,9.35393854262933,8.42825425881226,8.78273543193521,7.70716924561189,8.56979250844896,9.67871963603473,8.76123203017979,8.74258173490025,8.16500049036184
"GNE",6.73088038221123,6.21203308639876,6.67314125846778,6.3403555000576,6.4962071832017,6.51237490985247,6.62645439287624,6.77741628472618,6.75435934311106,6.33877017941191,6.7342753471425,6.89984531587661,NA,6.52240416183901,6.02066734321184,5.94783348998758,6.51785414233811,6.09220736084522,6.59984421492039,6.41385478483464
"MCCC2",5.7928372108629,6.29735393326072,6.11192558227166,NA,6.23506874699724,5.56058707237348,5.88509317416704,6.07887046875262,6.94098870315381,6.26919026742174,4.25916494443898,6.36449012110939,5.84662437327649,6.13979975409754,6.0542003826807,6.47251348840236,5.68535112817342,6.07017948307065,5.86982380451291,6.38895273399682
"CXCL12",10.5686808919734,10.5974486767675,8.13695946275337,7.78036305634486,8.62358651716622,8.29042786691411,8.03154157837398,8.10791542604946,9.22857431912383,10.2343931652614,8.96336657850087,8.37182459643887,9.46262594595811,9.80030470733985,9.97369720612135,9.92798180485541,8.32081680267607,9.88572004867789,9.31841978248616,9.20645155838409
"ARL1",7.82678943089777,7.91358106543631,7.80930402724462,8.37959818975116,7.4341704038458,8.11453102387558,8.21164972720776,8.52460014641466,8.28974203637941,8.00249050477669,7.51235761665928,7.77393066962922,7.11036181060166,8.37798785305603,8.34225213860911,7.07196825852485,7.60486836237596,6.63470249238317,8.42854422614678,7.90010225870153
"KRAS",9.65209092382019,10.1215698077593,9.74192844562513,9.68414509003683,10.2302614795028,10.1921691666801,10.1378976854687,10.9128631061261,10.6847789897023,9.74602170409318,9.59024742255401,9.51857664464121,10.0701866282787,9.86712624932749,9.99665275151958,9.41758864104352,10.0798041317674,9.55050680991047,9.9757184146722,10.1186867721846
"TMA7",7.88718948989442,7.7428035753865,7.40351217593826,7.30561577629834,8.05456560357273,7.48866478509287,6.94761285863998,7.31317129195983,7.23826009368859,7.34859906709722,7.52637531531918,8.00848493255452,9.53657449331535,7.12898518944038,6.23624176149779,7.65060968323979,8.78661635893824,7.91806222287608,7.36676437771765,7.77443346639663
"LOC100052045",12.4609747161072,11.7614671664272,12.9970511128199,13.144152336701,12.4190645721996,13.0010107284566,12.2690290962144,12.2354254013469,12.0223919099087,10.9410780972958,13.0278176872035,12.3771872297249,11.166196647757,12.3530887749724,11.880342873292,12.017794283763,12.5324087305618,12.2044933227398,11.9135936375449,12.6118275216662
"VCAN",7.02067666493168,8.32568702272706,6.41666851841972,6.53316992191604,7.80597768108223,6.11947682272517,7.49805125132206,6.59699839742601,7.88391925190852,8.05994213495184,7.13274294781954,7.48941589374417,NA,7.16735259790879,7.45258984621679,6.58831118456255,6.42666747333821,7.03563909838557,7.08954275988586,6.80482835765997
"COX5A",7.42996666782473,7.87073160845221,7.40818187756766,8.16359038215788,7.67426724333086,NA,7.37775901073982,NA,7.89629818888935,7.87017014454185,7.77889512557076,7.58750854523901,7.52687261601534,7.49703931905836,NA,7.59865740483614,8.20378453462487,7.59629723411266,NA,8.48781881433289
"LCP1",6.02407695556684,7.47539921277845,6.85511625914755,7.63060865578837,8.47358107096263,7.06967170542309,7.54422223613836,6.77390140910465,7.27554507952108,8.83616635476483,7.25705650987403,8.7641398348159,NA,7.69853243736563,8.50119957273857,5.97966095505662,8.59614934731637,6.6125493230188,8.61781299860601,7.10571124884998
"GOLPH3",8.22874475089896,8.20155935622525,8.4854328068905,8.17851902723252,7.85642439079283,8.49553082564525,8.72833207948631,8.06325571442198,8.64478649617689,8.28490637260368,7.83623948154837,8.27087861802933,7.44246461494263,8.3251451270607,7.54077482344308,7.93429521278173,8.79900345927704,8.13954153616807,8.64674619346171,7.71153962021635
"NOL7",NA,6.81418058350471,NA,NA,6.64097886890872,6.60653328403221,6.25043680162249,6.32194735143024,7.05493640112141,6.59493989256171,NA,6.39881333549898,7.15989914396992,5.91627083273093,6.11426863998956,NA,6.27553230092736,6.16197076564782,5.99024730155586,NA
"HIP1R",5.91583816787906,NA,5.87106770963505,6.00754035374506,5.22477745198301,5.82774182699889,5.77880939672392,NA,NA,5.81760250887516,5.51571668077811,5.63274730690005,NA,NA,NA,5.62337740068306,6.02702022815765,5.92429402688618,5.58106051749936,5.49426669589577
"AHSG",10.9861494604912,11.2260889705247,10.3333633237579,11.1852327262529,12.2920235219806,12.4796533154059,12.7764894640581,11.807930821308,10.9234974176767,12.1303855803056,11.356544746878,12.9691981488467,9.42937612296325,10.7072513624808,10.6316342924891,10.1511815983354,11.7398185341975,11.3707433130002,11.6825976954069,10.8287787188987
"TSPAN6",6.98222286964444,6.63227803215569,7.34702868947748,7.76667558821053,7.49949787834618,5.78273642580432,6.71439652979437,5.63121217848369,5.92038278090523,6.6795109042538,7.34547767632832,6.88955991966377,NA,6.74607591761237,5.8695160050016,7.88835118269723,5.64304807306271,3.9965417056892,6.30504924418688,6.2435368104078
"SRP72",6.57572809859376,7.41565858452983,6.4774172680088,6.56935499496157,6.99250545824726,6.29025533988549,6.99634010797914,6.98366954016341,7.46017153110203,7.0064026171296,6.57727477123601,7.05045696536498,7.08847686121981,6.87979060357823,6.93049813944557,6.4235029998083,7.11868381089677,6.89835745546362,6.96759497961282,6.73414106674935
"RPS2",9.77513319413282,10.4304166772977,9.60685888978058,9.07027722909074,10.3370164896018,10.2159331949514,10.4476944338655,10.8963110182541,10.9662451654959,10.4121736372994,9.07023192562981,10.3533102040472,9.89658383938201,10.6463281071047,10.8422050220369,10.2552058997505,10.4549122184727,10.2560496084466,10.6188907811369,9.9260302309992
"PTGES3",9.95077873575441,9.83813660446728,10.2996737377726,9.30975515966372,9.68175766542674,9.4555591284115,10.1763629739003,9.35571843779371,9.88503666220772,10.026441050434,9.49373377607518,9.87582129406191,9.99490574906159,9.82234207235312,8.67861515273912,9.91843313666133,10.3007091536405,10.2047204321677,9.84771267542683,9.72553777417773
"RNASEK",6.6540749511079,6.36639569468538,6.61493976598213,7.21758626379842,6.54183868924296,6.74097944275134,6.83621268114479,6.13944927591692,5.61330120218748,6.55179382690547,6.29147422791516,6.65621924541982,NA,5.97964319812102,5.74548526672588,NA,7.20545722598167,6.36568176815161,5.74696321963019,6.8691678193418
"HSPG2",11.502934914189,11.0969258937493,14.1399681818334,13.9851148756383,13.2273049545454,13.0264258833103,12.7071464241743,12.2504359131461,11.1646782667291,11.4047721257983,14.2131454413313,13.4937559492452,10.6019775438627,11.9978287065162,11.2320770014804,12.0633097998392,13.3284859555131,12.0667762940805,11.5885001668899,12.3507992185786
"GSPT2",7.60126173568755,NA,7.16285764155681,6.38278237896613,7.28792581000607,7.23037247133675,6.88971098617857,6.91612604250979,7.37091396761802,7.9125275263652,7.2091585813662,7.97118179153127,6.19154308264754,7.17121773466814,6.54347590420863,7.14411076700199,7.54772232585429,7.07178659945686,7.10251038687979,6.62814204962308
"RSU1",9.35474441696912,9.32035348265858,9.67670486501495,9.93376854756113,9.88230824341576,9.77496587270823,9.64550172351042,10.0478497371373,9.46105767210606,9.8736630297922,9.11924205604293,9.41020013668522,9.33717816018257,9.78025101911056,9.66750402134634,9.3598241669925,10.0596793602267,9.5038518703767,9.10134768563142,9.84390382165744
"VPS45",5.73610391851195,5.19770811379114,6.00901690217723,6.42229213910093,5.70766209544251,6.06578772069786,5.78634356125965,4.24214477798309,5.83796702126377,6.20128780204197,6.20288222140393,6.01049959662541,NA,5.58534768653443,5.64871053231687,5.14052071683837,5.93993713196121,6.22302702856055,6.0218695484263,6.29063615813322
"PSMB5",8.37221374251666,8.51464083552354,8.40936130224258,8.32019523426285,8.59446745775771,8.64643699501357,8.71643717425846,8.56204661130382,8.53139227383087,8.71983854155773,7.88510777985492,8.3110340398675,7.6375468182412,8.8594176376518,8.04017096102727,8.44747507284924,8.50439416760601,8.06267391498718,8.39725144630444,8.32109281882496
"CUL3",6.43664215977713,6.2851562543534,6.42125986073896,6.3197996032603,6.83072516696433,6.36893947030719,6.35202147711898,5.80184678116969,6.56283748955612,6.75001176191303,6.29999089260968,6.95505147179378,5.64229467367515,6.34329411166013,6.30602257023792,6.58025638439189,6.40595111153534,6.57390465600331,6.90057256072426,5.87264904759954
"RAB5B",7.08601472855403,7.05734081425524,7.38034093229276,7.15935786079229,7.6023088982448,6.32411828684536,6.98176869172314,7.00494415125134,7.06257314551037,7.20336246378828,7.8581627079948,6.40214685665871,6.41338601863641,7.51717218225765,6.73842090522061,6.74422206080693,7.0155728973307,6.20545490985734,7.60917053663331,7.45008674269888
"ZFPL1",6.71278634281285,7.72066018623467,7.96797211350623,8.06309784842317,6.68426600481379,7.84606784739971,7.93959555541471,7.44713197006566,7.04635435478832,7.62481584905111,7.30968325242599,NA,NA,8.26743432847836,7.89733925839861,7.6987096912465,5.77826363084835,5.48122790360958,7.63662267224646,7.92236318733588
"JUP",5.79558694340906,6.15288936090245,6.15307593777848,6.69312849906087,6.99372888452498,6.5384882647856,6.70864211100448,6.86245961436808,7.4998641193724,6.9175150607957,7.02953268414867,8.02534976265002,7.3097994989949,6.96787446891652,7.60296368362977,7.92011231796642,5.95565656834507,6.92222871491773,7.35833889992213,6.56916596905264
"MYDGF",8.78200690431715,8.14004686390625,9.321437459009,8.93518287478004,8.97282473524741,8.59533169802372,8.96989117241275,7.9270376854161,8.01788174214722,8.69574711678579,8.64255098356643,8.96774684819041,6.76011040320227,8.19331473631663,7.39111805358069,8.56075797982691,8.79473846601978,8.77593075963915,7.95398088939541,8.53042680481008
"SF1",8.19085857132182,7.56814507361333,7.34449421679601,6.72941941427236,8.27254938015254,7.52789999249924,6.57545245319983,6.22099073745845,7.62205682948894,7.48494321724453,7.6743908014543,7.78879230700653,6.36626698771014,7.41700791399221,5.99653922666484,6.26553905510321,8.50242477543874,7.86983184624999,7.50320329026531,7.25956571080129
"PRPF6",7.21425606081875,6.76341784878197,6.49004745320314,6.82650033630283,6.78521187665543,7.08466422050436,6.61145183319601,6.30216333191492,7.26582189719429,6.2740694079475,6.4094092768561,6.34150377053197,6.81577814637229,6.68843067014031,7.01438754172158,NA,6.87977173135427,6.81541073921258,6.73111778675892,6.87224429911159
"PPM1A",6.7143384466815,6.48106076581777,7.51047442854151,6.2296608117242,7.17869065956657,5.81429413858695,6.7911170537645,6.64907677526497,5.81314627197517,6.85941578572741,7.86470246976518,6.97517106228607,5.82421488036831,6.42196214976796,NA,6.99721557425047,7.19658265556559,7.39808429296628,6.54374639678277,6.60723728831799
"ZBTB20",5.06205405935465,3.53463586639711,3.43240262581232,4.47803344190559,4.57937608119761,NA,4.5307877005346,5.43920884751226,5.15993961773777,4.24234060986615,4.15766432224662,4.04746659172737,NA,3.83290328218148,NA,NA,4.71859007163908,NA,5.11442436679723,3.34922980836831
"PNKP",6.18825423067814,NA,6.82637801024124,6.52467706926619,6.39992357870381,6.45246140369689,6.42299873128713,5.3728766827333,5.64464960523071,6.61585335135621,6.68155198905421,6.07766502501702,NA,6.92924242571812,NA,NA,6.50883705922216,5.50936175106237,6.47676245727278,6.19197577926122
"EIF1AX",8.56999699215856,9.54708051064617,8.13838781929801,7.93191440247239,8.88848350911782,9.66008189365107,8.93548145181255,10.0114862846683,9.92080292922238,9.41130218627417,7.30335538459867,9.00823945746027,9.78983170567404,9.24210615273982,9.70452349716166,8.8500437117499,8.89168191551263,8.71878954563436,9.27477653044013,8.27187292155137
"WASHC5",6.74829882083303,5.07263976100235,5.1099492245501,NA,4.53267253018158,NA,NA,NA,3.36023821880447,NA,5.29615033375322,3.80933954413942,NA,5.62043861553274,NA,4.24973178980035,5.23511039586894,NA,5.34948917627208,4.82505573211824
"NFIX",8.54912328337569,8.52456047222671,8.55585267134798,7.29270458999966,8.50512483907674,8.17578518600019,8.0150896968145,7.65599422813369,9.20333669053489,8.01160982651678,8.38624943507088,8.24971760752523,6.93940827370914,8.57233667436934,8.02903746487055,7.82982013712212,8.09049128461291,8.07423287374538,8.4645080060947,8.40725089913791
"SORBS1",6.67479078621076,5.9365740093571,5.30956446571147,NA,6.18931163325403,NA,5.94832222049972,NA,5.31727541487438,5.9473755520898,6.29653306753892,5.41283439561484,NA,5.70128788657997,NA,6.4269068874488,6.26886599035608,NA,5.71881356697806,6.3001461522383
"UBA5",6.73818797164064,7.070136527754,7.29365265343164,7.52913240792829,7.21275209358493,7.36956689459169,7.25291166386561,7.31577373290365,7.00777469328267,7.15351790293345,7.43913275516079,7.39979040392386,6.3432197415014,7.08782316872348,7.12127595899429,6.87347544181715,7.0886096371935,7.16095576140445,7.5659253600782,7.44863128177465
"RPL18",11.1622134054638,12.0295405109723,11.1487291958174,10.5458766446792,11.4310024464794,12.2703134527786,11.4883992101335,12.0220597018294,12.4241659096057,11.4433273111002,10.144998410071,11.3200865062284,11.881190954328,11.9437685071581,12.0172426133182,11.2583285222882,11.6044397102362,11.2746586753046,12.1723825633587,11.5616507826002
"RPL5",10.2104049938658,11.1958454796057,10.2574056213072,9.15857423140231,10.4479850999024,10.6638865394513,10.6982109021112,10.8617833565865,11.588888235869,10.6804842735432,9.51432053797006,10.6679557724432,10.2064840442029,10.7496304027585,10.6476973778234,10.5675704744182,10.6082254486188,10.1456349551914,11.2548930239316,10.1220959495242
"RPS27A",12.0842888283647,12.8369823469174,11.494520044586,12.5617975945601,12.403749034211,11.8420091628789,12.2059394836454,12.0477771021754,13.2563269994445,12.1606296314754,11.5786762453189,12.0731809035851,10.798746612905,12.8316041941731,12.237295047404,12.2266797544279,12.4767786971652,11.7442157202788,12.5544476939507,12.0131942167817
"H2BC15",13.8016739959652,14.1664619893814,13.2174030029068,12.791218446534,13.8725006904227,13.9431537997407,13.8019009233642,14.5576820118289,14.3375010653615,14.0809404136979,12.6386548879214,14.3593872906278,14.5507029068905,14.1587055964137,14.0280000034167,13.4246996892488,14.2973451307822,13.9791655157804,13.9904770444299,14.662331799287
"FMOD",17.5889393469109,17.9583602342345,18.2290207315054,18.4266486962082,18.0978199435489,18.2054976815977,18.4406303218862,18.407770600642,17.9557962090222,17.9818395078193,18.4270189464362,18.2339148329173,17.7252661469936,18.2253986404772,18.1710661007866,17.8044321710388,17.0743094346001,18.0717010363108,17.9649537834516,18.444993924311
"ISYNA1",6.12585733923951,6.42382997236458,6.34518426825545,NA,5.20506565834423,NA,5.75471388178731,NA,6.9235407556174,6.40918387703834,NA,5.7390984561225,NA,4.52343186628138,NA,5.71493136812958,4.59005436343892,6.10192539257273,6.66382538283781,6.74103423009884
"DSG1",NA,6.45633986716692,NA,NA,8.09582677639424,6.93173481785792,7.33370132762233,6.33117564295967,7.35824892378407,6.93821049631487,NA,8.18577158430554,7.30089715252402,6.94785278208411,6.08948263171994,7.83140778486039,NA,7.00500604560274,7.23782549122013,6.90580277351584
"PDK4",NA,NA,6.46302863342176,NA,6.80148565432109,NA,NA,NA,NA,5.00009539636603,6.15012396886595,5.6932545275546,6.82172519093306,6.29265211365744,NA,NA,6.18751189575211,5.41048187561903,5.44824856907442,5.59473739488872
"CTSK",6.38470951749272,7.0026882009281,7.47982282779953,6.85023810874923,7.31564361067886,7.43775741120804,6.98441929782729,6.64610937957147,6.31546521652765,7.23564516508281,6.51524580904978,7.32919189689434,7.01339308117161,7.89807963754017,7.58300104643385,6.45541948604683,8.83976686698264,5.93211204774487,6.75126921664483,7.40687239425467
"FLII",5.50581808423607,5.80396264249473,5.59432290310946,NA,6.05118893835115,NA,6.02478396036433,5.08152721706522,6.32707009074176,6.24811483883275,6.24140025166089,6.31517822894944,NA,6.1919837596268,6.08726868563099,NA,5.73763986998514,5.7079566396006,6.41834684141576,5.6605504515741
"SNX12",6.61431372467875,7.27304457565274,6.68717492613427,8.1528460108509,6.81492549843987,7.27719679202589,7.28440664441001,7.43455076521349,7.17040906016254,6.84759442361094,6.51985606573422,7.54324003836473,7.33444985562444,7.38196759259061,7.00763015673475,7.09244130315376,6.49705930988802,7.16674834905306,7.33705316590297,8.13503841872926
"MTA1",7.07742944226625,7.36007232541288,6.31138220195879,5.95506171178791,7.1956996381549,7.38858955751418,7.19086936095542,7.81517006832343,7.64426166370232,6.77847280069975,6.0214196117558,7.23429678655999,5.19056260199357,7.09717111395408,6.81791274192017,6.13655876822209,7.08991466048412,6.80103494411987,6.92743328870222,6.77501493276095
"COPS6",8.37017575402481,7.62677517169763,7.89253729365059,8.8835618473628,7.7225053842469,8.41084727207771,8.23191109756706,11.3323018456355,8.08531642556014,7.70796795402756,8.02919367455731,8.23247371183137,NA,8.3052881240458,7.40583995546252,8.07927076521719,7.94047915979933,8.16483113282216,8.057771046962,7.908611090184
"SCRG1",7.89494648782253,8.4546409924286,7.41241641963996,7.56595086637756,7.11958769683881,7.13384638475211,7.59227032401883,7.09100291999483,8.0559803521531,8.62566423332649,8.23170732951807,7.07514724901595,6.63576080181079,8.17383276954638,8.1882962802916,7.958432165392,6.60028377323775,8.37263085078922,8.4397000203352,7.5461728012792
"RBM25",6.20575764365898,5.81831944621342,6.0251489181706,6.37641679335225,6.52525729398423,6.61547299500775,NA,6.36286902221625,5.91812574492183,5.86772662120076,5.4926254039717,6.33843347372324,NA,6.36717657931835,5.14269252366564,5.76384703963064,6.82158141652129,6.0858185870864,NA,6.82157256210613
"SKP1",8.50659784513495,9.01321561659871,9.02660344126936,7.18364235608804,8.75519194792241,8.44410046370727,9.04598449365217,8.62190662749785,8.55572325802812,9.10133448941205,8.65113797686065,8.53533678517564,8.07505743201815,8.49100325986295,7.34287198433357,9.46755143935305,9.15767224888261,8.00749865810638,8.83049329840016,8.413623165026
"NHLRC2",6.88923514410042,7.28346800493889,7.92972674760196,7.22252587560583,7.5398982990794,7.36077699369535,7.73715565082937,7.91401480581604,7.34615754986984,8.02112286575578,7.99003112964776,7.80239576016815,7.57291626032954,7.72791471507114,6.92057206021139,7.64589312058635,7.83098989208627,7.45571768103897,7.83891302485343,7.53026308792494
"LOC100066438",10.3592983633876,10.1018683236024,7.42112714691257,6.35615933259474,NA,9.02431395890317,7.6853066989684,7.35145938742939,8.86267738401259,8.68125279937454,6.9176754448407,NA,8.43732752133855,7.26891861338473,8.20265682804988,7.94851185035685,8.10138552399497,NA,9.7477682331448,7.2179833854881
"GNA11",9.89458533334398,9.18295308209091,9.66922299104151,9.79636375636015,9.55500976890979,9.55477277070846,9.51176482405721,9.36888119993801,9.31801885334365,8.45023418941493,9.89023730762102,8.91542581675225,8.87729340147005,9.20522466700942,8.69918260868777,9.03777509795554,8.75246850076635,9.51606088819407,9.25853908638348,9.50496834925358
"C1QTNF12",10.1835726092692,10.0904428798253,8.52153224266895,7.76226225783614,8.35737845648075,8.51289606594757,8.97307067506696,8.72498823462315,10.5805646764882,9.77394244451262,8.60795544270808,8.38471008980663,9.09779242429578,9.00548718538464,8.196229883441,9.93888642326204,9.55089737140965,7.05963040730515,10.4471397513598,8.4940237756615
"UTRN",7.36915523751144,7.77942511382423,7.58680228632604,6.81976085440667,7.73182702880149,7.52177504887129,7.43500352145899,7.6680221544912,7.47091449975975,7.5033364899293,7.36702531777973,7.7724982335787,8.22758855692545,7.57172028509853,7.47188163608392,7.44710279266486,7.73702308493344,7.1822728210143,7.55303048888305,7.42629776685612
"PRMT5",8.33599902829357,8.48320787337892,8.67123687199842,8.27778783625145,8.54760942893974,8.0276748482117,7.83310967587721,7.2392177720221,8.15428574756153,7.73148244854149,8.39323712206731,8.02343889365052,7.27522683403904,8.45199612878826,7.99131203698598,8.58545567658475,7.18641946966943,8.47830378776891,8.30040394051724,8.92209621884145
"SNF8",7.15954357919339,6.60501451405288,7.22396149650722,7.06371175980052,7.01519820924691,7.27557781335789,6.77035003765381,6.53427975937097,6.92145979151608,7.24521673472656,6.59795751051715,7.65973128049812,5.11654798053239,6.76313170494461,6.82124769757483,6.57830733453738,7.48395195200593,6.75060753702528,6.98706996362001,6.88538041514076
"NRF1",7.04979524863556,NA,6.32338636143146,5.97332775658773,7.13267049494529,6.27391523454593,6.89320610373215,6.98526605929115,7.03806938496589,7.07554425499136,NA,6.37259502941043,NA,7.0022177030504,NA,6.33186023326286,NA,NA,7.2878673304993,6.43457031530594
"HAT1",5.69526957315052,5.39812430970061,6.10785714778249,4.62793429950786,5.57385750240505,4.31145452219629,NA,NA,5.56132273444673,5.51535202428065,5.94431134406067,6.59460124422816,NA,5.88647849161806,5.66464973581189,6.02458977328297,5.98592971728051,6.03489034526973,6.0565746148975,5.36340909090444
"LGALS1",8.40331490225617,8.11514260054659,8.29829212626411,8.6830501379426,9.82035980668388,8.10002594198184,7.99654208595692,7.54382497892611,8.89604156445554,10.1326720313917,8.88628230127051,9.01353489980269,7.5387821652945,7.28632565392458,8.90843616465832,7.39307577174845,10.5483357664244,7.84620869892789,8.64223045064898,8.25506686897904
"SH3GL1",8.39154639280519,7.95272540388595,8.9597527283444,8.68068494476793,8.35139946591202,8.33240747116058,8.58943624336198,7.68199422601542,7.97490218051399,8.72457694924339,8.30675023926374,8.78766570231644,8.21116399551726,8.25291457355482,8.0584702471885,8.23569621432077,9.29862808203853,8.69339787488178,8.142565116526,7.96321283677418
"BHMT",11.6737081246274,11.4395355833459,12.2443496006957,10.9555215525549,10.9116438908863,10.5741844180246,10.3664298641872,10.1779007953772,10.2367056163879,10.7718306158291,9.37056190543909,11.9339119781145,11.655750708254,10.0684289761363,10.0124208034332,10.0296743015096,9.72728634493495,11.1184543560562,10.5750415569515,10.7702763304973
"CST6",3.74109079897523,5.10669193708503,4.83282884413502,5.48906639946825,NA,NA,5.50530376066639,4.59985275640331,5.10958900361654,5.10246059251416,6.67965463135161,5.58615982098227,NA,NA,NA,NA,5.21754679471534,4.46622016407651,4.92940414173454,3.89711062713415
"MAP3K20",7.67289405135728,7.69050630797325,7.79597722667138,7.54937211844483,8.00194161777874,NA,8.02840598113339,7.68991672375193,7.94195712955885,NA,7.67849184047022,7.3021286910935,6.72365532689363,7.45259641844798,7.87888620835762,7.81489144649774,7.85913059188062,7.04431767392707,8.21982938909592,7.07342361932285
"MTREX",5.39592875334245,4.82818252660269,4.19155497033357,5.50148745669998,5.33519639549733,5.26515171383783,NA,5.96628873912991,NA,4.62217113355197,5.62310403956417,4.41609318256047,NA,NA,NA,4.74882453725105,4.76639792269139,5.47406388135815,4.7119071648126,5.51142570201831
"PREP",7.17487138004379,6.97199040507802,7.55677649798031,7.36792233016349,7.26274807687463,7.18980635489484,7.55975357922843,7.24608261372638,7.19462889389109,7.63903432556609,7.65696329083101,7.41598497269926,6.85728853716517,7.42777180980811,6.27370016087304,7.47722597018825,7.27375615436079,7.390484400947,7.65357553549847,7.06462710945523
"SUSD5",6.11352580437465,7.10994524241683,5.83642497425479,5.36092068127499,5.52689337431939,5.1675593737137,6.66908750064539,6.17067830457582,6.7526717833087,7.1079089462174,5.6574145644037,6.31243331717281,5.82789512902611,6.39600931182749,5.83629408802747,7.50235196829272,5.95872915712604,5.97241472817836,6.46226597805267,5.21232040065646
"ARHGAP1",8.67184847761443,8.80915609229684,9.23555586392903,9.08480482370649,8.54586763491013,8.61992622931161,8.31008747926157,8.64926916767248,8.79703106243805,8.439744181738,9.30504809365196,9.19598443593768,8.24855477545218,8.85061986446074,8.65092691077334,8.98094336204315,8.72417992899825,8.45510177052359,9.29658652993284,8.55470167872996
"CEBPB",6.72044963181116,NA,NA,6.52753782234364,7.33903325863256,6.53002090980946,NA,NA,NA,6.72668044702822,6.39881605117862,NA,6.94329025701453,5.89831523268426,5.60842282482516,NA,7.17840119311695,6.86125190947301,6.9796035628506,NA
"STX5",7.24836672192748,6.91902650468318,6.5355217726061,6.82801339501807,7.4003542279013,6.75157387091454,6.89204450911643,8.27830034828571,7.01061278125236,6.95179384819632,6.86599141069675,6.94258418793008,7.75457073071884,7.35207094440613,7.17393398088275,6.62618490108224,7.28519500063533,7.58947875668127,7.18698226731906,6.91508906313491
"NUB1",6.53720438583257,6.9886942067967,7.00445078492695,6.48243521644672,7.08642219899439,6.7073082470439,7.2370376326759,7.38000356497615,7.53948290145953,6.7850487358904,7.00898969827576,7.00335781162635,6.49298961210653,7.13061445744961,6.4596984101326,6.856672484749,6.94223002407924,6.9420148057811,7.2692485905354,7.15866789940812
"CHRAC1",5.90769234034163,6.91568125685561,6.95678161411136,6.01854196616156,6.52221002643722,6.84441509994485,6.92590470527079,6.82152378448941,NA,7.71648208004867,6.23556277147253,6.60124427757161,NA,7.89397718278317,NA,6.88837465905745,6.70137275759859,7.14229697701747,7.40386452205926,6.98773996940747
"DNAJB1",9.06274729244777,8.64622084563023,8.58499421655271,8.29345829396232,9.00531048771718,8.57422842195526,8.70862045553988,8.00879497683206,8.72087959026281,9.28317650687781,8.5077951816615,8.99725614811737,8.90575902785769,8.7588946477088,8.7545359280016,8.6551222270524,9.31678604253345,8.87152920108569,8.83342441561172,9.05286516378705
"GGACT",6.70879434295706,6.27066652475755,7.08985953744953,6.20614266780994,5.87949406658609,5.43216901798716,6.48764075072354,5.19839097914839,5.77486583461866,6.29362639534902,6.92179094868595,6.58507672307399,NA,5.91064947377446,NA,6.37376799416399,6.43599831390941,6.76882039641471,5.82796990106513,4.3782927296927
"PTMS",8.07294292662761,7.63460734990953,8.05393958302354,9.17176456760863,8.55465250774802,7.51904813745874,8.21390081088226,7.84504932014226,8.01640762479245,7.86233986931185,7.52334714710069,NA,9.71100674132981,7.66346476439796,6.2512996159506,6.3167087154338,9.09448251847966,7.42107515865584,6.81889740131647,8.68759139177115
"PRKCD",8.31346844618954,6.95967898182174,7.87672851783701,8.19649567151616,7.29041872994185,NA,7.63103535274159,7.17207206546127,7.27435337384338,7.26172912693255,8.42871163625275,6.92973009202781,NA,7.48524004018161,NA,7.68639661631806,7.69900380700089,6.49590378804792,7.11187437171043,6.083666479238
"YTHDC1",6.76188415511475,7.09889410695482,6.64278891694826,NA,6.86321153897583,7.14219304967902,6.96319603738432,6.25948253709712,6.82460715379306,6.48251525496745,NA,7.48472777159643,6.05963952061858,6.22338835622501,NA,NA,6.67286431548638,6.59724398934032,NA,6.44142154023186
"COL8A1",6.77414483780254,6.43701921003373,7.49484714706818,6.64159137788455,7.76601928147832,NA,7.73034201647663,NA,6.21793954400512,6.6078190098252,7.32706279706114,7.47564329064125,NA,NA,6.18890545081165,6.49357406199822,5.47638712327503,5.68198637734625,8.34280607228317,7.61848375094575
"GPC6",7.69018549449234,7.06028549092335,6.93692436247521,7.14706632099842,7.14167498027575,6.47986617534934,6.46102541209171,5.25879188567541,6.69959872479361,6.13502657604033,7.30764347464262,6.2032166426027,NA,7.11882482717553,7.22708464923598,6.74552679176784,6.20132380512735,6.47833019070054,6.9614523510549,7.55300601018327
"PCK2",7.54887015644882,7.7995821228019,7.714288404246,7.84776542355328,7.54214693885205,8.21277378378361,7.89215919787615,7.93587424907445,7.79744765135383,7.89355126574595,7.82691870395881,8.470494084701,6.45282349956355,8.0630802422144,7.34426781356347,7.60337824311136,7.7797991374627,8.11551401300287,7.57296996649476,7.72237459631576
"BAG6",10.8882588117978,11.0771690880582,10.713085380252,9.75536762700253,10.548858602463,9.82038543226939,10.7348442284122,11.3404328492078,10.328528095169,11.0419385488963,10.5825730926597,10.4179843843194,12.2398398150128,11.5691661437568,10.0268467830494,11.411637120448,10.218486448416,10.7141439356092,10.660071113866,10.2128793920514
"NUDT21",8.49655322035727,8.33924823486657,7.69098374366948,8.050456062229,7.98529740216796,7.93164770236579,7.95250034697059,7.8428004049001,8.36503773863796,8.03874802948677,7.39976548533845,8.45535047505858,7.64385508195746,8.21168750268944,7.92546651553912,7.62036379974334,8.25325355833917,7.87140646561401,7.98790355114065,8.19281914825414
"PGM1",11.940436751363,11.7928533188059,12.9762955387948,11.9333268035965,11.814334119604,12.0897230846397,12.3324653994079,11.8339491183579,12.2779379447437,12.2534557724094,12.4575021835009,12.0209634687804,10.593365064161,12.3048880385664,11.8657374461646,11.9445411243156,11.9072077399755,11.9903478057854,12.8152411581365,11.8391839239878
"WARS1",8.46039523244039,8.66903623438038,8.56564046551035,8.20929158613041,8.37323251315817,8.60169992225886,8.62530813274402,8.27444321776946,8.92322486313666,8.789399037763,8.12616912113546,9.11023237951246,7.4154546547656,8.6721449220436,8.49359309507969,8.46358765355054,8.45801604219439,8.29021697929637,9.38439858156499,8.33284258874327
"RABGGTB",5.7318291981328,5.58989243346972,5.75778969756403,4.15880776230672,6.00502966198461,6.17530828373638,NA,6.43362068851353,NA,4.95083720184095,6.69119919307921,2.83473484608698,NA,NA,6.54497913860899,NA,4.54825769878631,NA,6.27939700639317,6.11721698606797
"GOLM1",7.01933696498616,6.00814673216124,7.47019307680781,7.01078457539405,6.83817571853796,6.40713621615672,6.72871244095263,NA,6.10984089054106,6.45264663143039,6.50209700741992,6.27409923662332,5.10578642622851,6.44543096909577,6.15431603206371,6.67657715311385,6.54622912971873,6.32575876955487,6.22305113771047,6.60096443197451
"COQ8B",7.11657073301637,7.77765663044493,7.20592032684115,7.38236565692963,7.52292992377131,6.4557541908661,7.54859307054983,7.66595833879247,6.93926118244596,7.93784316358695,7.46872823095309,7.54424106471345,NA,7.48902689261778,7.765080878194,7.71643197338115,8.41299002950261,7.73403618189847,6.5812091185527,7.39216994052089
"NTN1",10.8542416523887,11.5660404839913,9.10821923517847,8.61370278525722,7.93996435522979,9.7665599986768,9.1074403050625,8.54126013550184,10.7404762678597,9.84630241163882,9.39966097650017,7.96952836916287,10.4447021370569,10.4180256348747,11.2635790989837,9.78943032922881,10.6277148957244,9.2898680929618,10.2554111105036,9.74570004295655
"ALDH7A1",10.6150170008426,10.1924436644826,10.8388984954393,10.5581588760016,10.5731773484564,10.3854204859735,10.4272382525853,10.1990860932858,10.8397631010967,10.4459871234422,10.292326602993,10.3168940111604,9.73403167493527,10.3717818586633,10.2331667123707,10.2949140051336,9.93793846525302,10.4417590244859,11.3842784739384,10.557470459699
"A0A9L0R3Z9",6.60302981403926,7.8131916996174,8.39970297523531,8.73125969184913,7.58452320306856,8.14423693848559,8.26811493965175,7.45194243219132,7.58618633452387,6.39085636645403,8.07002363916324,7.0685117922662,6.82365949597467,8.01857367602217,6.63065277825079,8.00559340178527,7.45705099004116,8.09172051847169,7.11461042476625,8.27613801015848
"BCAT2",7.55848962789196,7.57362140450152,7.67872509725266,7.52613756485591,7.37856464605267,7.5571412290088,7.3677087489066,NA,NA,7.16945021906036,8.00112963920879,7.18782666890905,NA,7.36602565818446,NA,7.49807104814794,7.09352225580704,8.00064593652779,NA,7.76355773504696
"NDUFS1",6.95968874658102,5.96468035279977,6.60066035333504,6.33193140110957,6.56224197626468,NA,6.49416864652654,NA,5.72112799883929,6.61314060681473,NA,6.31840349423287,NA,NA,NA,NA,6.7805123195999,6.61683743628739,NA,7.27533198461366
"MAN1A1",6.78011661253054,7.10878485112666,5.76922966578453,NA,6.81920395004285,6.55672489027117,5.32794204575447,NA,6.67019596551371,6.30716095542954,7.08505039773758,6.61789041403448,NA,6.81572655532687,NA,6.77820773199099,5.58347092930523,6.48230736002406,7.45373124451877,NA
"SSR1",9.54352064462101,9.02788917778446,9.89926421671993,9.63850904454103,9.6885248396103,8.90143584660583,8.90209858844631,8.51122595773039,8.4846757264251,8.30073391772784,9.86171190558947,9.20940218480355,7.77699177687641,9.06559981663375,8.87860585542972,9.41491287557709,8.74813687482924,9.62620763954618,8.93896231091743,9.59055943296062
"DCTD",7.59136048995556,7.01118624518793,7.56074952718808,7.33327292632859,7.2519124239243,6.64240026353381,7.61900806920047,7.02844204186911,6.76414075022865,7.9361433532688,6.55220977914423,7.99026776028612,NA,6.73876829612912,6.02849443822627,6.84502844166848,7.59231979454921,5.96733482687798,7.22354865900939,7.29539341352076
"ENSA",7.05456744788352,7.30802893277643,NA,7.53662308964376,6.83325684840024,7.24572193116917,7.35543548951041,6.73834596075968,7.13883032843544,6.9857310047834,NA,7.19815605837601,6.33897573652525,7.39043733242265,6.77140167934812,6.53133464329353,8.04550860887528,6.94057647054573,7.08305177045299,7.82726368893947
"RPS15",8.63556116918363,9.18556528509291,7.86408182122018,8.14104932291246,8.5638728649145,9.36104680378756,8.74130209236799,9.52459743804295,9.74758484126179,8.4444446112817,7.25905238397724,8.57229704986408,9.38628630103332,8.79196069102058,9.44847599031543,8.69963956393196,9.27717112778327,9.01111109645243,8.94380503544728,8.02204809877325
"ETFB",6.8611078801,6.39783793119033,7.28070846001761,7.5066970381084,6.65210600541792,6.9941395650004,7.04104668695998,6.11011874048575,6.15047322970759,7.15036044969244,6.6319376756362,6.72969968496681,6.8697902427268,6.60558905683276,6.34949193636089,6.09462379405547,7.22859742748743,7.26955223827192,5.95150654787063,7.58783342800391
"ATP2B4",8.82612935762322,7.90248282874367,8.32843777920761,8.70087809181639,8.67975066175972,8.01689754216016,8.39805099564288,7.02126582044971,7.47665839395401,7.88138290037869,9.13443258615197,8.24702653824254,7.8398680151984,8.10179300635041,6.299447889262,8.05883004250122,8.16164706867467,8.44571604174349,7.81282760840679,8.22445927777443
"APOA2",7.94988473992589,9.34692041465872,7.3114540394286,7.25962357898056,7.85011473687021,8.46041032807423,9.96767856326619,8.76327347869852,9.14610023698814,8.20378327310574,6.5542215455765,11.0319243414731,7.04815867555066,8.72585026249447,9.33785777664121,7.67556583503557,7.38201482524286,6.59901317765045,9.8747834800583,6.73554784153264
"PSTPIP2",5.63931581546055,NA,5.61928164602845,NA,NA,5.65783188038422,NA,4.44775083657944,5.61641666786628,5.70543483172202,NA,6.18439144921484,NA,NA,NA,NA,6.60913868928478,6.1364722404478,5.83150364425538,NA
"HYOU1",6.77703765134999,6.32985728021523,6.57944183755149,6.35239507474423,7.16171533705756,6.23078235632921,6.74802399560825,NA,5.52258233353796,6.65701268681527,6.43448187369094,6.85645665964015,5.76882641043102,6.31977335329473,4.89144112340993,6.27943757424286,7.5817319220673,6.43489410382841,5.97972648163073,6.9433008788582
"LOC111767503",6.84335806518367,7.58074037203672,7.37929870235397,8.64219347445359,6.8527659495506,7.26248686295006,7.25728301218686,7.17075054179441,7.11314059604317,7.16147838196028,7.98116206250832,7.71603359614255,NA,7.87818279716517,6.24430426549966,7.96046950165459,7.83642292607519,7.60448114888976,7.48651476705198,7.47160279208126
"POLR2A",5.77400128861558,5.9664657371419,4.76372435796805,5.30569665296533,5.96159915598247,5.75462655938333,5.0328964621447,6.3254891124686,5.66463363582084,5.25390269573167,5.44008577735848,4.89029746466938,NA,5.43434674501701,6.22826774139321,5.7286672498904,4.60679742909043,5.37511367472229,5.34437746025117,5.7334789893677
"CAP1",8.42813652866077,8.35401388673221,8.24541004317444,8.38166186264611,8.38131947389507,8.36526072720358,8.54513466557672,8.18554124824207,8.27399182812359,8.76140112946022,7.53929321458745,8.70384607015477,7.39005854247969,8.38335777872454,7.77287633874887,8.08107642641013,8.68311166552729,7.8848047765316,8.27605627337962,8.18946625916898
"EMP3",7.63015852363034,7.03396480670524,7.26163880451802,7.03147462644378,8.01091422956377,6.16351714399483,7.48834418335316,NA,7.30734507223847,7.10080138428206,NA,7.29164755289062,NA,6.95859428204237,NA,7.09392866210524,6.88397050671803,NA,6.93023001411365,6.863590054556
"UBE2D3",9.38459350608094,9.73231961627441,10.1699341034937,9.23497967925837,9.29028357609108,9.47081266162218,NA,8.53569350896268,9.8332082123335,8.84068247553308,9.16149970096029,8.71349859955631,8.13490817265058,9.1749273698974,9.19430702256912,NA,9.23996892725762,9.27952604249321,9.78965870598696,8.86927065645267
"AP2A2",7.45270990631031,6.88217666506632,7.23077439951543,7.22576773614505,7.15494473148974,6.90330027476493,6.85149879125201,7.11966772963366,6.6061927533135,7.48386312765096,7.28056394391005,7.43030016464049,NA,7.07490089208062,6.52492667370681,6.88422429691375,7.51347595560009,6.93740118472047,6.92409872563945,6.6154639000064
"HINT2",7.71774601048993,7.30537031164114,7.50353073251116,8.35748874555984,NA,7.09277621534654,8.07024454891929,NA,7.24110553650875,7.55014607203411,7.38267658519797,7.91793662397026,NA,7.54417650550736,5.32759226069749,7.26695058316081,7.31514343540654,6.82251870846113,7.18297590587737,7.94539265598638
"SREK1",7.1675815366768,7.10266562935175,6.66745140853088,NA,6.94234320009891,7.68135485095848,7.29825077205545,7.14968339841976,7.03310361923503,7.18358754169635,NA,7.36523979010875,NA,6.96624858484614,5.84470059146301,6.83567485443629,7.75582127516934,7.06417902872509,6.82151271618673,6.74427948047884
"COL16A1",10.2617803747765,9.12774773057549,10.552532812416,10.2315829593168,10.2030551263914,9.7709259296811,9.76986826856656,9.39425766640968,9.10341923369931,9.59375944029607,11.053169658212,9.96212982279827,8.34466512802588,9.73632597703234,8.36546973398827,10.4064069539212,9.24533997243722,10.2906387071345,9.20719451711727,9.7779956413004
"GYS1",6.46243488216877,6.71566354202333,7.35767753127853,6.57713417746448,7.37322998613927,6.46362754505754,6.43601204395795,NA,6.28792235227013,6.35143832582545,7.05348471271598,6.87003468978533,NA,NA,7.02484109285037,7.52330639446309,6.83188898440835,7.22158803266259,NA,7.20744318430666
"LIN7C",7.38450457126265,7.73321077032634,7.7871735545372,8.79185616985043,7.48121965952516,8.1341868536653,8.24861963924102,7.90618334618316,7.71575851651485,7.63020125635859,7.4847982208483,7.09780087872342,7.35189540444342,7.4320061002062,6.67248662971436,7.52786441698146,7.84671255939432,7.57597174188135,7.56939591558534,8.48544276547053
"CCDC80",13.1224957190199,13.6867980836037,13.5144377425436,12.477518982515,12.597882043585,12.8227847088999,12.631954874626,12.7258116107473,15.1601539738704,14.009185440756,12.8462154590228,12.2632919739191,12.2611776552366,13.5528589564945,14.5432427655136,14.3362428335347,12.7286600151091,12.9347826234494,15.1905542806301,11.7940036208969
"UPF1",7.48475546841464,7.18159386640099,7.17854909940314,7.68891427611113,7.52849541359017,7.47607477560914,7.57978404442287,7.72685430389309,7.40093176640869,7.70155668673828,7.08370115495718,7.28029920233736,6.7430701412267,7.50850235149843,6.64965496613066,6.96109896778208,7.72524959685894,7.21433305959556,7.05460475524066,7.36424830037995
"GCHFR",6.34591074245717,6.25024569169103,6.86149435891064,6.66443570367322,5.10717235791,NA,7.03233944529817,NA,6.00940098787037,7.44231264673173,NA,7.34422664960097,NA,5.58028925093957,NA,6.93185687708521,6.23795361009684,5.91919623831705,6.76430130751521,6.06963797672737
"GGA2",5.4582679854065,4.95779295808931,4.9273264063886,NA,4.09935026107076,NA,NA,NA,NA,5.92410399482165,NA,5.87959563783916,NA,5.17314434443359,NA,NA,5.7087486665393,5.5495371683991,NA,5.00184137951949
"SLC38A3",7.29680640090195,7.24373744390888,7.83864526202729,7.69434535796677,7.56049752050533,7.03066477813844,6.62495885655718,NA,7.04994679422475,5.74019353958297,8.29206625891574,5.44627749021961,NA,NA,NA,7.78219468833488,NA,6.45000414743122,NA,6.72515175759255
"GSS",8.98722509112535,8.20999826958024,9.28743069659091,8.44235081820573,8.60862007729104,8.83759045798449,8.95039511548293,8.27116118549366,8.39660790982073,8.61011091357407,8.50186296014727,8.86753991358132,7.78333842769469,8.24306250454756,7.49951384035391,8.19320583066685,8.60463819884023,8.20995556113417,8.16515116172566,8.36226916674977
"SEPTIN2",9.67866064323304,9.21848709463797,9.51486047487282,8.97824215298328,9.3236500247235,9.15672911463296,9.14720712755036,8.70509969314643,9.48242361136713,9.48303303215338,9.14795823903472,9.45757803938295,8.41744901445045,9.10245775740175,8.74560676320859,8.87091319490279,9.464841940996,9.24281287964498,9.09879192832465,9.41493726111967
"NUDT5",9.41191117300392,9.10386808257382,9.61359575445654,9.14492531712752,8.91064761279263,9.19040192373297,9.38871755254456,8.89145439094604,8.86891890490392,9.36779152322393,9.4253587656375,9.30516973045888,8.56043348739065,9.02503127659169,8.49601901039219,9.26081836197757,9.41604093674963,9.72206199535904,9.10710974862236,9.22925013897243
"CYC1",7.06327375398401,7.34179569465763,7.01236486683642,7.53364304195924,7.11707567224021,6.13748319465452,6.85431720405198,7.38264798657281,7.5701497730664,6.90661826186022,7.42920343099939,7.16451320669588,7.09626676237696,7.27040036522993,6.95306742032883,6.57113368566709,7.30744913075398,7.40612615108309,7.05605108591154,7.69824980216793
"EIF5A2",7.50308593421653,7.14508069345938,7.69468315915646,6.79100641728532,7.19863469609056,5.94704649566753,7.33965802299617,5.85660814592804,6.57030985587429,7.33285780840557,7.52930140374865,6.98189698622518,5.60281099288687,7.05099633420419,5.77530202280141,7.63930089714535,7.92647663112709,7.48697669383171,7.03173266151401,7.09409244792409
"LOC100059239",11.494946404929,11.5761073802893,10.4573161514947,10.9341312250241,11.961914814624,12.1711931125268,12.1455598552292,11.8214134386756,11.3995538583467,12.7667821184285,11.061918245042,12.6975774764865,9.79582161774061,11.8857992728432,12.577015154256,10.980631900481,11.3962870050106,11.6093451813423,12.3687905168576,11.5088680976434
"ADAMTSL3",5.67585373652777,6.20842518450673,NA,NA,4.73898092578592,NA,3.53009642412755,NA,5.65512644192403,5.70250674144535,NA,4.36088014786624,6.42085749970526,5.62729123812442,NA,5.50359907449801,3.08680709710986,NA,5.06481359222052,5.94848806832905
"S100A8",8.96589011851833,5.28383210440031,10.6191212127159,9.25798118838242,10.5987159498685,9.98336923307134,6.05473292033706,4.32392313829269,NA,9.8762525673852,NA,11.2401780384088,NA,7.39166085044049,8.29627329475999,NA,7.5459263273124,NA,9.72736025065053,7.74878857038866
"SFRP4",5.25490471533979,5.97335384932519,NA,6.66678364997073,6.21606001637403,7.23362262300423,5.84722587306659,7.01806844404572,6.11627758134874,7.51731481554744,5.96037443939524,6.93570885362387,4.72770066043326,6.45550103852819,6.71672704457236,5.46061910812726,7.44383181258496,3.93840788637137,NA,6.45415372045893
"PGAM5",6.3212013007657,5.81042535599561,6.26570562733673,6.36977403286166,5.95262404335775,6.02341259095898,6.14640182903073,6.28364983128475,6.67173423560123,6.43049164041934,5.89906089825861,6.49163929785695,NA,6.73284872675417,6.48839710374851,6.3384706799074,6.61813079264317,6.28443629860426,5.624406181271,6.61278780453882
"PGK1",8.9130890193504,8.22548493465857,7.92624645840319,6.82489063185111,6.64248519179533,7.45370214898826,7.76264623388343,3.62224559311623,7.30180298427498,7.53872140761498,NA,7.9658303228978,NA,7.62879525298878,NA,7.86727175102355,5.73525283709204,NA,6.67032917458571,7.67992579279747
"LOC100058633",7.60377263690363,7.86924768989368,7.45142329515519,NA,7.70483762419047,7.64550949738314,NA,NA,8.13842858061535,7.54799681922261,NA,7.55345559334202,NA,NA,NA,NA,7.50491645169715,7.08706147295784,NA,7.09149237742053
"ATP6V0D1",7.19724829414739,6.19779999672491,7.07722820918141,7.31577219784802,7.30511050153149,7.12724172452035,6.07500863697539,5.94140534016543,5.93771032619977,6.84463208884195,7.15412890708947,6.92170436219559,NA,6.67257602951389,6.46374874144871,6.96749536715789,6.99675329056017,6.85163993545323,6.31233794460147,7.19028228049936
"CCS",5.09466856575266,5.23451880506835,5.84551720052272,NA,5.83587394435631,3.11955933391825,6.26310433805918,NA,3.10377779502915,5.33998359580874,NA,5.3769067597331,NA,5.63359679759881,NA,NA,NA,5.27412945634675,NA,6.30581015952008
"S100A1",12.9953443795666,13.6202328206239,13.3009814486243,12.4379146719026,12.4900836883738,12.6831128012867,13.1249166336262,12.0595665783962,12.2517382724244,11.7155714003181,13.5112796351989,12.7324186385386,12.6310399051153,13.1537771468257,12.0568835349187,12.9958742934606,12.6950418777516,12.630903726559,13.8145350759679,13.3357745200522
"UBLCP1",6.4349524705943,NA,NA,NA,7.09805642119426,6.85098899745608,7.0246978792616,NA,8.33579847691272,7.19960222706451,NA,7.18002377224181,NA,7.62345238739483,NA,6.25961602003963,6.12972613622827,6.54173273229372,8.3774824259043,7.14219403318779
"SMS",6.36458007328004,6.01436271376488,7.47847594059609,NA,7.06653516365694,6.79948210606177,6.87406311429449,NA,NA,7.17187303256945,7.04832653139804,7.33785105362517,NA,6.81437332434911,NA,7.15478423874717,6.84490621061407,NA,NA,6.88801039961251
"LOC100053876",5.32122605483637,4.33632855683971,NA,5.86747457767663,NA,5.57510560287366,4.90445924769613,NA,NA,5.1841241492674,NA,4.24000393362251,NA,NA,NA,4.99238330063109,6.38603969944193,5.30121974585101,NA,4.61786146881068
"C13H7orf50",5.54949514060094,6.80354461119363,NA,NA,6.233213797341,NA,6.20706993166389,5.61710096294701,7.61073862820766,5.90918342610607,NA,5.3671555455589,NA,5.51618514646812,6.24078862486788,5.83569556225621,5.74541520144015,NA,6.46563160789311,5.54935731448257
"CAB39",7.11416772049165,6.16271664958735,6.89446408538647,7.02019921357901,7.31094303742803,6.24354239296872,6.44863117001771,6.24291398737047,6.35033477464456,6.50307699486836,7.313753220822,7.02906136767331,NA,6.51484133968404,5.99352924017842,6.59978372366848,6.7509290440075,6.5281487766822,6.87758518015987,6.73094659951551
"PTP4A2",7.51995108902246,7.82110226492302,6.81177859456096,6.94782766012627,7.21595452741285,7.54486309977552,7.13561360225679,7.97253951744635,7.93129641473797,6.39784052766362,NA,5.96317014224194,7.59386668388791,7.46249450942394,7.12258809165365,6.78406140310452,6.71805802744078,6.67583971022082,7.73992220667613,7.56312219262819
"THBS2",NA,NA,NA,6.31006234117612,NA,7.07509173355335,7.93045417476812,10.3820432397115,NA,8.22313065776512,11.1979660402745,NA,9.74537932130638,NA,8.46815177602541,9.06047199269346,8.74110777169275,NA,10.3386407532313,7.96479411159486
"GNB4",6.37434463637002,5.77744703920959,7.19422301364635,7.31334825985307,7.74859883460673,7.00040895101847,7.14839269781095,6.49206593722583,5.9672524754808,5.74330803342356,NA,7.52341539000757,NA,5.68965357435238,5.34518580815593,NA,6.5047784017693,NA,5.83419684736254,6.82403368911425
"YES1",8.88003213021532,8.8526046631934,9.04263926472601,8.7794060209229,8.89329376588502,8.66239286699748,8.06841099609563,7.58819644297719,8.29171796467056,8.19027189968056,9.42890043904205,8.59543634498852,NA,8.72116775781402,NA,7.32361781592345,8.2136930196782,NA,8.61138304326407,8.08325080093904
"ADPRH",7.82402162995015,NA,6.84189334688046,6.6783556089251,NA,6.43343762221897,7.88381513978477,6.05457589550415,NA,7.8639456826764,7.66007945840451,6.80945519649762,NA,9.091772206846,6.43812141656943,NA,6.36719126729247,6.86732643342706,8.26085389590459,4.40856233312484
"CLTC",10.0682763053829,9.69204577440459,10.2155894872225,10.3765292627473,10.0796830899161,9.50043089485102,8.79475615633657,8.67533621486387,9.0212435737347,9.10928774012203,10.1809057969809,9.60602269591167,8.404364511139,9.82724719261962,9.54023947067776,9.81995535993289,9.66758855163679,9.59496502826577,9.34186026618614,9.95805388125882
"SRP54",8.30368951372235,8.45883038411321,8.09339100170679,7.54824277223352,8.22578925377749,8.31168625286425,8.30250795297594,8.2728282888687,8.42831827001703,8.24057361963065,7.96014707421225,8.32858187812275,8.07286638203792,8.48195008144377,8.24775080530119,8.24883868580155,8.11436079410726,8.55987281973481,8.38648468563064,8.36945756425861
"HNRNPLL",6.40074014386139,6.43352880535487,6.3812513020154,NA,6.52915124568178,6.2385318455791,6.30048052721542,5.38706369529722,5.77184335099842,6.59636708107144,5.81958940191248,6.21575345169586,NA,6.30297160559017,5.17404612905187,6.25010012238357,6.59194803819413,6.50583777878129,5.84837755957088,5.82986429059995
"HNRNPH2",7.9945606764588,8.52065603016195,8.5578512655127,8.02969935754071,8.15530510468103,5.93188145075057,8.13418010908693,6.71195558615914,8.08712655714682,8.44864817783387,8.52451284347573,9.14891192450084,NA,8.18147841766125,NA,8.0718415350315,8.77457578891492,8.39997772770758,7.99257006193925,7.44304270657937
"RPS9",11.2223690969204,11.5868586113005,11.266814497392,9.84486999548416,11.0943654864683,11.9851426360232,11.1901514858969,11.6968023884461,12.008642978729,11.0635315594101,10.2737267765678,11.2668276643111,11.0079787307585,11.4509288366063,11.5404979097388,10.8815275516212,11.2155271172788,11.2389501121006,11.7921745498469,11.0517361838003
"NMT1",5.53059878416082,6.82131389416063,6.53830031070782,NA,6.20525757575048,6.79174905156771,6.30902881553881,6.71559077949225,6.6893848460868,6.51187553161876,5.71283096099041,6.66490185668463,NA,6.36312874247885,NA,NA,6.15328641857381,NA,6.91488853615989,5.93279182877798
"ARMC10",5.68928294094242,4.56113628031194,5.73484137874706,5.60489744452517,5.44301540289633,NA,5.13432722059903,NA,5.50074794455147,5.33060996407768,5.23386520171138,5.56319912226508,NA,4.45666288948135,4.83335065880251,4.99931859668511,5.4723588689364,5.79958894981435,5.05555233008673,5.51552243391603
"FAM169A",8.06746371943657,7.48599212342134,7.71761788705594,6.44152701310256,7.12081296295947,7.85973533509544,6.60070135603758,NA,6.86844327317108,6.47169930236731,7.54494875342762,8.33791080065086,6.87217909414608,7.3796664663744,6.64117408790817,7.82669258117483,6.95155144536889,7.62976269118265,6.71858719823152,7.36091150488845
"MYO1D",9.05334166421895,8.87327633339019,9.19317587070959,9.18060026423889,9.18001349551198,8.6680452804302,8.89980600969815,8.95620795905012,8.93784069916624,8.66323326682335,9.5674095899353,9.10240997676262,8.04271569336532,9.06783404767604,8.59978598797335,9.00409194001649,8.61854122446508,9.08374479085495,8.83795058497849,9.31062237460429
"DCK",6.12161732834859,5.97101968973083,6.07908505774586,5.73612313783209,6.2472407926371,4.77578207956945,6.37819060023777,5.40341423651412,6.33577869147108,NA,NA,6.04028618391929,NA,6.59829445874361,NA,5.84548041471797,6.41767086816638,7.1622913712149,6.35932265460646,6.40554391585888
"CCL16",12.2636432989836,12.6382756502357,10.8962729905726,10.4480737522144,12.5056262414608,10.0086045431751,11.2439248661157,10.5309656133134,NA,12.8388657940016,11.2216958097061,11.6554884721076,12.3934027682175,12.6173295535597,12.914276550935,13.113332077344,12.9847233312361,12.5578076396665,11.2645848897014,14.2961151739958
"GAB1",5.8910230339222,5.97948608352449,6.18415339784329,4.96833610057712,6.66842302179435,6.78236836621138,6.14962425899383,4.99139604880002,6.29771987103149,6.21541200719768,5.3564691754378,6.26078523378743,4.89549842229155,6.12958800366368,4.13465668747349,5.73624608352816,6.15142160075885,NA,6.39159343517624,6.32514370055119
"SRP19",7.27578126288866,7.6049964100473,6.59528123207888,7.17212887677948,7.6913820475229,7.41344407666274,7.33088671665992,8.31360721982373,7.88531433013916,7.76267583773605,6.07693815901032,7.38287013699884,8.1667190072551,7.80148886508701,7.62943855238966,7.27541816716525,7.9056977766972,6.94903095660077,7.57096210373924,7.75189580315243
"RHOG",7.37631924355594,6.59073284238146,7.48853241038017,6.74023447281983,7.20277535609288,6.91871197669642,6.63419060801203,6.14744595885127,6.63487778638015,7.03319758597754,7.38382636695886,7.3805929029049,6.06660652740018,6.53121668536098,6.43214960267349,6.40216330400222,7.19123959976003,6.65073546377201,7.03312600736224,6.22533138912541
"BTF3L4",8.43438433268377,NA,8.04556360860482,NA,8.82610773034268,6.36086133880696,8.54125113472326,8.49479005475931,8.05995820289597,8.20699922641308,NA,8.72518555971766,5.20622234366627,8.38945004485084,8.16752579596371,8.13041608148507,8.20698634957736,NA,8.28007569979549,7.97417923789578
"COL1A1",11.4415084728156,12.1798488605537,11.5500141268087,11.816770198738,15.0609201888548,12.1553454686438,12.0987720522428,12.5808943987496,11.6342225571504,13.2984567089562,13.414251092329,12.8038580576779,12.1853994013651,12.0798369005499,12.044078281317,12.1353462548272,13.5490042747189,13.0100883868713,11.5234253284867,13.2632447146709
"SNRPA1",8.5722850460032,8.61415313035645,8.0523057846642,7.71746968582609,9.01958729862621,8.24423739415117,8.41210043197693,9.48333312317454,8.78397207426264,8.733320434358,7.95816225995905,8.16476896111239,8.74387328921734,8.97796286991956,8.81141534597244,8.00057244233178,9.10177136184484,8.86877451001122,8.16190922425869,8.74792760848217
"LETM1",6.29800305740328,NA,6.24544577431381,6.19687284954144,6.38031906926106,5.69384298180415,NA,NA,NA,5.9355356059639,6.68599958869673,5.39583028761975,NA,5.76388040675036,NA,NA,5.62424637735007,6.5073822488241,4.64230267562823,6.38700876990044
"CCT7",8.57875434774448,8.64476136655584,8.6669299699048,8.46906299442803,8.42004817910244,8.4487510633225,8.46357412091247,8.32440261150633,8.77127135640529,8.68330250337335,8.54239468825731,8.75950665997306,7.61593977122622,8.88059110111652,8.5040451084568,8.50617829884198,8.80866577162066,8.66000869583636,8.56819724150269,8.76600882126381
"SGTA",7.58057350034009,7.24094789367921,7.93550549985983,7.39409024583315,7.1381004002636,7.55078437396696,7.62841943783816,6.63881052670443,6.72764368265449,7.21698903764355,7.60068536089492,7.82304899617121,5.50133641169344,7.22516473647289,6.68917966258661,7.48792128027655,7.48865271865984,7.7094786251088,7.21740587508915,7.15136988454282
"POFUT1",7.54051018258026,7.68916275569991,7.84518571346265,7.00152427937476,7.46740027961389,7.43899765504326,7.99465133158974,6.80542722915313,7.83263881443815,7.89032627403767,7.09904074953517,7.92842719278215,NA,7.42242180141547,6.55210591691565,7.51617787486549,7.84812892995702,7.48355164320244,7.88545735991869,6.57628088070396
"PTMA",6.81894680251864,7.411387865872,6.61887803959492,7.44034007724452,7.06360157253352,6.11253352168039,7.41578131753522,6.36426546714314,8.00141309709484,7.5201045383206,6.55960408815498,6.26623224637333,8.25976673041811,6.87846517878731,4.80256033509197,6.63546104675418,7.7006580402509,6.34390702493476,6.69752462558937,7.31199349143576
"CALR",10.9257707148001,9.90266944136035,11.4098609798095,10.800509634987,10.1640003879539,10.4312132022282,10.4429962449011,9.2389886361005,9.69473596450061,10.2641855490795,11.0946086384757,11.0959826564711,7.05959057543555,10.1593323851975,9.67200874178484,10.4183423782684,11.4682507057393,11.05122621513,9.94542349974792,9.81277974497831
"SSR4",9.22628690613653,8.54163156459976,9.14444722121401,8.40726211475962,9.23538100377296,7.97941741413848,8.38176873129153,7.04474043690767,8.25382337033082,8.26960183063414,9.2066004445047,8.97889910449753,8.18915100584109,8.62143967634551,7.56468383382157,8.88303873711316,8.70503117911518,8.79324974701368,8.07144255715949,8.74268525773661
"KYAT1",6.505606666571,6.87334070773946,6.97428673137613,6.61188710187253,6.61100625843882,7.11557256958285,6.86062787498669,6.80297243197813,7.49520121473869,7.00184114421509,6.85693622250201,6.83456281696299,NA,6.97619670326602,6.63670469302168,6.63293787896228,6.47738499642663,6.94568757225921,8.0236924481777,6.99044885676129
"CHTOP",6.82786855373056,6.85474879731915,6.21999789439078,6.530849371614,7.28043236243196,7.10685044432325,6.47979614368585,6.62835576460071,6.429422510801,6.11891633372595,6.24889752244061,7.19670389859686,5.77808027488049,6.90605317071108,5.87770588547235,6.01555648134325,7.5159495648363,6.96193290739971,6.02336666666158,6.71726112385523
"RPL22",12.8118097815704,13.2355210540582,12.0668188393651,11.5653059381542,12.6333230992389,NA,12.5010633206998,12.7541617743022,13.6771316026182,12.8788920085618,11.7612404946686,12.0626864875689,12.9782636148863,12.7548857913415,13.0493005259935,12.6014837146072,13.049854113886,12.7558212426135,13.0960971864584,12.3203673760681
"RNF114",7.51332818244811,7.06328319853382,7.91342292337904,7.54365555862974,6.87450966679158,7.30309186093753,7.55244015730205,6.38408452852805,7.14477827664862,7.65828559380114,7.46330911407267,7.75908330927946,6.10171247781487,6.86354899226584,NA,7.40599224043097,7.63761666295907,7.41591560757834,7.5204746056728,6.99520735107296
"TNXB",10.2410099873101,8.84419787768578,9.31864063684778,10.3672713141802,10.9554734547438,9.06723674829459,11.6598730016677,9.91740741255328,9.96961432913252,10.5952631663287,10.2448989998503,10.246348667138,9.62569800657505,9.85668511325834,9.22756575463256,7.11717742002695,11.1472391304568,9.71836032528556,9.27995863715226,12.0578210699342
"NIPSNAP3A",6.29017893867467,6.09326781692057,6.3507106787515,4.55047667814876,6.93064927481012,5.98373612817438,6.10721702989879,NA,6.40634157668699,6.24983096879252,4.61220496550014,6.75707016021812,NA,NA,NA,5.89686787135476,6.40412215206574,4.73919532007483,6.39871519296669,5.80062183963292
"ARF2",10.0206229596791,9.66905532848549,10.0895400050055,9.74275356463484,9.7915419547862,9.74876017109997,9.43110242501457,9.24246087762788,9.55198157183073,9.66161837281726,9.38760316515363,9.62362136032792,8.61334763895659,9.67008169670221,9.49136713982988,9.54929662742245,10.1046786703311,8.82647377024803,9.77255934323912,9.31897541415042
"RER1",8.35610123976969,NA,8.36120898914042,8.49629176326375,8.29306715173301,7.7698492500236,7.22096220291482,NA,NA,7.76136570473424,8.79216456172366,8.07454414423519,NA,NA,7.6510735401008,8.3725148221844,7.47878212387348,8.57339788357455,NA,7.83723413740908
"PSMB3",8.09770969673614,8.70290966293078,8.25929432490284,8.14458089567625,8.38473157161073,8.51680429788163,8.79272139548166,8.81739990986694,8.96988158387409,8.81380762520956,7.56165559855905,8.44240240489769,7.69832536889189,9.03449121033775,8.13891654995212,8.71130605108485,8.41071218112042,7.86468159643685,8.97627489937736,8.61738818209795
"OGN",13.3407656441667,13.2055573203884,12.7157562888433,12.7151522474025,13.7218186977137,12.2583426014426,14.0504786031558,13.3643556069187,12.3885081002829,13.8047335979068,14.27943192247,13.2585618220171,12.3002835959531,12.8927223002711,12.0692160001439,11.8721499654557,14.5906712832696,13.5450817650937,12.1102225316618,13.637336918037
"TMEM106B",6.03949365045764,6.50147508573438,5.94704305139097,6.55760870973299,NA,6.09756143813956,6.42773027264956,6.41746841830797,6.32208728887881,6.26774584477394,NA,5.4908839094534,NA,6.02460315804856,6.81123682698857,6.14627255062433,4.890927474882,5.75830776506872,6.23015349265483,NA
"SEMA3C",10.40912150205,10.0966383935672,10.507862668815,10.2639766960064,9.90350289317505,10.3281926125438,10.6491326196683,11.0794892618168,10.4863885788287,10.4223120487841,10.2571588701452,10.8202871393542,9.57195442905211,10.3561018429719,10.069869287151,10.8312108923748,10.8525866254961,9.93845586863325,10.9019366163832,8.34534201700244
"EIF6",7.67916438195077,7.25434918696304,7.78120597350129,7.66174763366219,7.20378383986589,7.4304159748374,7.76996723919386,6.78259569927844,6.62206559420899,7.75103690288585,7.26720702282566,7.68024597919544,NA,6.87507224112916,NA,7.70210106439477,7.87627104659077,7.47306715338799,6.90682616781231,7.41064446313745
"COL14A1",6.84180383886628,6.72694179142362,7.14025558826611,7.51586865235297,10.2648121896888,7.76220334486951,7.40751386209622,7.50992200592834,7.43325345443492,8.2727535995213,8.79903534253513,8.02739667767272,7.72775234574964,6.59663699029778,8.11960384074714,6.77150444933215,9.25545919889235,6.63348140081021,7.75620319563507,8.10576382827966
"ELP1",5.71293819503476,NA,NA,NA,5.49923216198395,5.58602958079871,NA,NA,5.19458343965981,5.22034601763235,6.37352301347744,6.67885264931383,NA,NA,NA,NA,5.57801802935047,6.07736910046873,5.69375128363927,NA
"REEP5",7.80499897851497,7.62949312165064,8.12868026322097,7.79035515793043,8.17123788422047,7.78030791650158,7.23808474902089,7.36595031023668,7.37675187065348,7.06273517023805,7.93532557669448,7.73217692516649,7.51670927526005,7.84754800635512,8.11345825891199,7.7629796323195,7.1082319743222,7.8666278499714,7.55455189155823,8.21513024150791
"CYB5R1",5.75336337377804,5.86077288774406,5.65968476256811,5.35260584759684,4.31480948330009,NA,NA,NA,6.24661165781522,5.53666537903786,5.78751050043929,6.1591445858609,NA,NA,NA,NA,4.48338910560027,5.63859157450502,NA,6.39816192868072
"NUP35",4.44188686309126,4.78732636359302,4.22510350949394,5.87014247128349,4.66185100983554,4.45264800109647,4.55657685758439,7.46162471308853,5.71776535424064,4.39537688765275,4.80676867746065,5.76499996865741,NA,NA,5.2599572794011,4.86750548786201,4.04861926895334,NA,NA,4.78483545703705
"MARK2",6.46985305939985,6.0235324196706,NA,NA,5.14874075008582,6.11723680540511,5.84102579742346,5.6879702084424,6.2485818916101,NA,5.74393603925821,NA,NA,NA,6.65134036509562,5.88206737689767,5.05792620938934,5.87312516120566,6.24747018186343,5.70895476902738
"NQO2",6.31652866635074,6.02654669882903,6.78598895769754,6.18710751203555,6.32947992364654,6.31116919671501,6.70370016306704,6.02524171471652,6.62406786986674,6.07349838305569,NA,6.04873414126131,NA,5.75533017448439,6.01843590458235,6.52685212562648,4.75474671389975,6.55591294497476,6.77564108899097,6.29215069071853
"PHIP",5.52326910419003,NA,4.79374092823586,NA,5.76887506877084,5.29647264434856,5.51173610783882,5.54143707047518,5.25426945078437,NA,NA,5.11337352236384,6.43966409133892,NA,5.62683914369495,NA,5.67830901346414,NA,5.01596533717654,4.01144551258408
"ALAD",9.66268810408511,10.0595653914744,10.5175288889983,9.16166735075184,9.75869887800577,10.4493832010537,9.75656356082401,9.27299239917325,10.0493994854346,10.4303416589525,9.40840022964084,10.2274833217097,8.57971166426784,10.0369768252407,9.68131425673696,10.5456262625283,9.59161746667126,9.67809224233663,10.6539095479129,9.7843623956292
"UBE2V1",9.36834697449964,9.39255789637135,9.97756188256898,9.97209884454767,9.39335664529789,9.68911723306617,9.60158328476431,8.7972487955287,9.16224353597455,8.9221793187379,9.63295642695465,9.25228901040616,8.72816822486591,9.20743718382359,8.99175557757866,9.29399763634102,9.72299647848764,9.5126257943555,9.12302328599384,9.74155994640155
"RBM33",5.86629967564308,6.59699545191227,NA,NA,5.15473483564338,4.9585384103084,4.16302040589733,NA,NA,5.71196131990683,NA,4.79512012240701,NA,4.81699563987011,NA,NA,5.69139785501197,5.21791580878738,5.71565339285061,NA
"KPNB1",7.55268991530416,7.40852607591198,7.75859274884316,7.48337428010507,7.8623315052687,7.1937739634987,7.22389515507287,7.05810403326164,7.02885703759741,7.08553111237358,7.47769628807568,7.56334009306895,7.05046871574878,7.43864801703865,7.11683787460913,7.49478496912245,7.40005109037239,7.32333511372426,7.93054363552654,7.38238438612341
"SF3B2",6.4271607262797,6.5791543808404,5.74276051340802,5.65827109459592,6.50543284567882,6.65593173971443,6.05029397460823,6.65936152812379,6.7487561461188,6.2586719483997,6.22689631470467,6.68592063771338,6.02447731735068,6.10588542513528,5.81376424585894,5.37170945514571,7.17984423496021,6.24669439456662,5.13731100232846,6.24202335529157
"CFI",10.9966429059239,11.2071112636384,10.0180568122363,10.1707124169154,10.6153189629279,10.3227979757969,11.772726317122,10.2601494262166,10.5040375172936,11.104438884276,11.1004807110496,12.0851623332681,9.45051289441534,11.0985145702048,10.6231361034799,10.4717098486037,10.5097923712352,11.3941426417749,10.124730516951,11.8279495534299
"CUL4B",5.35097734252474,NA,NA,NA,NA,NA,NA,5.92991561998814,5.37697243609926,6.59931959534751,5.29082364841054,4.84542351781178,NA,5.78408946519902,NA,NA,8.77212964638446,NA,6.3350755198898,3.5168229863552
"SF3A1",6.32273827759835,6.1276262843546,5.55280219302734,5.96199779447681,6.4055489192527,6.22146916726451,5.92484733396291,5.6597475976654,6.04086935162679,5.62061652643759,5.53158870461856,6.18027744905885,4.99005811292085,6.07600794820315,6.16421663603865,5.11654798053239,6.93217621490047,6.01264865829121,4.50668692370706,6.36075818679055
"SRP68",7.24287801163285,7.23245882975524,7.0429185528289,6.7376390515447,7.29591194592377,7.40619661831906,6.99815178108579,6.92702244273434,7.75538119695418,7.26860527182246,6.83442633387767,7.29685754159421,6.68800966674053,7.18060135417663,7.47039834062397,6.89321783496369,7.22302387556138,7.18637457519249,7.77601591978751,7.4564067760649
"GSK3A",6.11149070993316,6.26120603812078,5.64701140801067,6.07047656669659,5.88626784585578,5.83151587686767,NA,6.22304011650242,6.64910577016146,6.48083045934048,5.55226382165949,5.57640105014798,NA,5.69839780777077,NA,NA,6.06458585938164,5.84405621576339,6.44663082724641,5.38125537359788
"AP3D1",7.26253275698087,7.20437572115128,7.06003124021547,6.88226128671043,7.07647587107579,6.55489846499545,7.04897704701194,7.3360663140598,7.3004838624624,7.10433366401548,7.67974104779633,7.26150297042794,NA,7.23507278460272,6.80638890336011,7.1939636774277,7.24878496524959,7.12235086305221,7.46129350151816,7.01008725724919
"LARP6",6.19555924759421,6.50007393051653,6.45287422525347,6.37486310822038,5.45800030791918,6.31263092168827,6.53392004210933,5.89530726006197,6.88207250100362,6.43217300350465,NA,7.09519669044414,NA,6.40129108354791,6.6349083791839,NA,6.61049878841805,NA,6.9181473684606,5.82661065494279
"LOC100059927",8.65783096236121,NA,8.30114381657997,6.55072194646862,9.36912139137795,8.09016491050749,7.07320280401523,8.25366117368308,8.75959006122213,9.07453703058497,7.96502628202062,9.56016843786355,8.32894917432991,7.64539074231513,8.35904961832114,8.74783144992218,9.2826859763154,9.26387251297771,8.47778178771059,6.47307635930318
"H2BC26",9.68923775562799,11.6938346824976,9.54749123197339,8.98642822922956,8.30978413453533,8.79526985066724,10.978117712427,10.9933225515685,12.5141080800066,10.3941858487492,NA,10.0174409997044,11.7492200281074,11.3523221000132,10.7058688715716,10.1931369593555,8.01902166633072,NA,11.5777445758597,11.4930769301937
"SNX18",7.7325975387678,8.01571421872179,7.6920278579438,7.35480963101983,7.36746371410438,8.03766840455429,8.19946584780556,8.10405143259912,8.37346489756892,7.82949505020058,7.34289665157284,8.27654471304387,8.02878454634748,7.97075033242134,6.79818798670124,7.89641961475952,7.58034580736506,7.7475541698841,7.64033631644043,7.59447835393764
"BCAT1",11.1908483714178,10.9395618972492,11.4757495323092,11.6874068663006,10.9886205418391,11.4820917018323,11.4009503394543,11.0947354062092,10.8751943106735,11.4363732133473,11.3323053279538,11.7840943682017,10.0997855283776,11.4906254097421,10.7266700967152,11.3478069070309,11.2769219659008,10.7518567103572,11.3718503262594,11.0686471489401
"PLA2G2A",8.28224118001482,11.3244418210333,7.29771796279823,NA,7.48388589862096,6.351808113055,8.85862980339483,7.35006029731044,9.36387994254956,6.86790302449582,8.03432258488129,4.91062692711056,9.50256333007751,7.69373780527161,11.3000330530796,10.7482135824673,7.0836163411418,9.12655397864885,7.59258992726653,10.5667722757684
"SLC25A11",7.11762016266481,6.70306749137859,6.99658529389673,7.0031270063186,7.02076540791159,5.93412347958418,6.28756939193831,NA,6.38933515371334,6.56884255979919,6.11900780875747,6.46477890914676,NA,7.26054480031793,6.9227912648741,6.98918024695181,6.76089776935068,6.83098435107136,6.78780173003325,7.40440049367159
"UBE2E1",7.0576183997504,6.82911851810432,NA,NA,6.53719938717692,6.21333550415869,NA,5.79373754311639,7.45525951585366,7.09295851400588,6.58594605167162,7.6030557409292,NA,NA,NA,6.48244729156503,7.56824543965708,7.02966230874974,NA,5.79623324634903
"CHID1",7.81207443578811,7.39662239749363,8.42366102631213,7.68136943004498,7.90994308848401,7.46680294464834,7.64018295840036,7.65277457270982,8.09563471254542,7.54064512373906,7.80484598264314,7.9733731987866,6.52345126199952,7.49547793547328,7.79401305134853,7.25398395685187,8.23846366423437,7.2563306591945,7.6738213895899,7.74221957308964
"TRAP1",5.40188895145197,5.78519149429606,5.0771596191848,NA,5.85289468687352,5.6178098360335,5.30361937802865,NA,NA,5.3126984963808,4.00894584303919,5.7678048412107,NA,5.73491006561802,NA,NA,6.13959976239848,5.58152161820227,5.44479211660043,6.53200151016167
"PTRHD1",7.2279770258513,6.16535055308639,7.70128144419278,8.0347462576674,7.35911021235844,7.91338816364353,8.01801665411163,6.26135449718523,7.27042751002875,7.29212796247862,7.05846778755926,7.18913871321651,6.73461474753559,7.89088605040088,5.77868922368975,7.39797510430193,7.71330164591012,NA,7.83091264599,7.98326175558561
"PSMD7",8.48385990449986,8.33510290796089,8.69322993406272,8.28233744775915,8.59830311857229,8.87619660349947,8.45122415027117,8.21249049748699,8.72570304493133,8.29544111382863,8.61420535053927,8.4516924063615,7.3212640899954,8.91196082336685,8.27896570376842,8.69144111936482,8.19812740442278,8.84436028449806,8.75838958605467,8.90320387691414
"BPHL",7.35315729156225,6.89394506567243,6.77167752789098,6.38834557924398,7.09934193105832,6.69583956410832,6.58358327250669,6.02356061714853,6.8397518490927,7.36596446901034,5.96965430401297,6.76727395536207,NA,6.76991857953007,6.44015317016026,7.05002973346182,6.91208990677454,6.66243891587943,6.69589354599881,7.14712475387375
"GOPC",7.10736930227441,NA,7.1695986802237,7.07299484545725,6.60455153067686,7.34524276915531,7.07474317977233,7.31010676015293,7.18812722693705,6.76568128776038,NA,6.72401643009165,6.28101838386654,7.03781511205062,7.00419394974959,NA,7.54050978746814,6.7780069418304,7.15732727380716,NA
"MYO1E",6.46399869599695,6.71852822642823,6.49584204020827,6.32471484505542,6.65072053357154,6.41251621676705,6.59217457591414,6.9976375413323,7.01331279031777,6.51751567338108,6.3848372100624,6.76032380834981,NA,6.8542281609384,5.64513177133288,6.22082475722545,6.09461874867128,6.65850743165162,7.04446094045096,5.65763749144968
"IMPDH2",5.77078480765802,5.55078541594741,6.16061603839139,5.27278267374479,6.85409854651054,5.72454836632851,5.47782610857256,5.2936839859124,5.44261952565475,5.8470249167773,5.74688739971813,5.96486021332005,NA,5.46599949591177,NA,6.15524685597,6.42941718904202,5.40246960885653,5.49082636774276,5.95107870157016
"RUVBL1",8.58451953489939,8.21417305587498,8.30667347590508,8.28425957227283,8.51995043042946,8.29817382089721,8.43197157794321,7.99085838970612,8.31443891534968,8.2741109867076,8.56602536870635,8.14621929874021,7.88001880733864,8.17139019187786,7.78951000417952,8.19495499547831,8.37016543203471,8.30287231663727,8.02070668709666,8.58296324822029
"LANCL1",8.25093282172862,8.4568166568209,8.96145630896789,8.05939992180011,8.48385990449986,8.12401984767791,8.19619821870456,8.03993653044452,8.23231100209686,8.21375289625895,8.86882134870491,8.43353542320038,7.21914777417505,8.41658794577311,8.17553250764436,8.54395496637207,8.30921007375087,8.08163662560374,8.76091372078039,8.28382330132688
"RNH1",7.85332905628293,7.3717114740296,8.14806582044917,7.69782555978942,7.75308713681339,7.60063604993368,8.09809547327824,6.98859626539896,6.92708333831441,8.06161056658153,8.02504853607743,8.22614731651852,6.70306961039783,7.47886364461729,6.53621175209284,7.79291207150618,8.1918868894866,7.95023969192295,7.28907272351283,7.83166429466421
"AGFG1",5.27993455218309,4.99327611900846,5.33288831255853,NA,5.19527778570334,NA,5.17376191073735,NA,NA,4.74683791743774,NA,5.59286894544991,NA,NA,NA,4.85710421664226,6.63148511691701,4.95841263834711,NA,5.34119398570793
"H1-2",15.4942713119814,16.2908769851485,15.3011313268548,14.4055634516877,15.7829888623367,15.7962607431878,15.5687542764828,16.0381645924304,16.8007452307068,15.4166988807509,14.7906901128458,14.9419391954947,16.4801602577629,15.5203317755336,15.9331105540067,15.508164796315,16.1704518145585,16.1157730946756,15.9767147347647,15.4611880599606
"HBS1L",6.7501708436613,7.15075291788116,6.6746167825729,6.20219521339211,6.85877139581517,6.97938461498735,7.10332041635727,6.46242469080294,7.2255486346929,7.03629639485691,5.88146249240696,7.38519980950121,5.96533904368591,6.90737855719039,6.36563081775822,6.43528869651734,6.98812308576786,6.60143192495257,7.45266260468209,6.42503208090548
"STBD1",6.12819053405723,6.37905150802714,6.18921931856618,NA,6.06571979534818,5.66510035565282,NA,NA,6.99046845070335,6.64031438448721,6.47258638964922,6.47338473142472,NA,6.64330103358707,6.53175663375993,6.31845299971734,5.8144718282328,6.2746538583412,5.62101989857908,6.57124604161917
"PEA15",6.79306741925255,6.4730322677927,6.72854386881991,7.09539249186951,NA,6.25640398990779,6.68601625323857,NA,NA,6.54607945872517,NA,6.59906214648367,NA,6.16384638314897,NA,5.74798945571099,7.19238528849395,NA,NA,6.57356246105704
"CCDC124",7.24022128175616,7.43610976677522,7.10014371202471,7.17338345524576,7.75170241282486,7.51743384829543,7.41920561367093,7.13978936889734,7.56383478617312,7.11964088181026,NA,7.09384752031241,7.69367716194624,7.2644706438369,6.64805761038578,7.30232963360706,7.58965671771129,7.58782177742103,7.29893336638759,7.78053184164451
"CAPS",7.51710921394203,7.59190635866389,8.47285905076431,8.09830930255392,7.89963569152214,8.40662094313075,8.29498388638272,7.50839659708957,7.28674431306147,8.1382878716264,8.85953274273673,7.99523906970809,6.75272537148935,7.42066605134127,6.89354319949713,8.02205233681434,7.42610351486952,7.81584746855994,7.88256597380311,8.14269918129737
"GMDS",8.3678342521805,7.51341010634147,8.27279715819759,8.24285635804165,8.14650141096674,7.83025785002364,7.6241726376296,8.01749286778538,8.19480062735859,7.77313391405682,8.10197148643707,8.19520735706219,7.19090530955982,8.00952790478321,7.75658989770233,7.54449168913929,7.86534480792787,7.65305366410978,8.07634587054935,8.14996518193724
"OGDH",7.12591784350186,6.83055710361496,6.43697705677255,6.56096001214626,6.84217992126886,6.38381270807322,6.8420648379482,NA,6.87147513029292,6.83016688585076,6.33765911834776,6.51017211151897,NA,6.63381892119456,6.78078090757112,5.95560036028393,6.66013159325694,6.31750418070337,6.31999939252029,7.17822813318657
"PSME1",8.42040016475008,8.11082004966906,8.13027312984946,7.67851249561619,7.82359386236353,7.37879742183092,7.92260721500948,8.11477005406675,8.10333685099025,8.26766021936377,7.74539986908523,8.34776682291809,7.54481025820228,8.11996673516125,8.00761126298909,8.47995160526809,8.58268506796804,8.4288784099039,8.27007603391081,8.67604797849683
"PGM3",7.39582793403449,7.15520273577807,7.80742238430036,6.87939066408354,7.14915023814958,6.75353188277373,7.11154290425077,6.74674082595835,6.8123232707826,7.39345316123556,7.52798735552659,7.62914570016167,6.10666428960383,6.77885927645787,7.21212140193567,7.34765369241697,7.13701752831813,7.20337844285295,8.0371587342863,6.91017545383748
"PDK3",NA,6.8642710055406,5.96640486919177,6.70284402955596,8.38313116068181,NA,6.32959268188331,NA,6.98623979884009,6.01459063818481,NA,6.09821365451062,NA,6.65028261075095,6.11694272916446,NA,NA,6.52693097731098,NA,7.47589807920356
"PID1",4.9605773632276,5.67181165369741,5.96467407908625,6.02974277482793,5.09037925311854,5.01107705722467,6.43417205874771,4.61729197637689,NA,6.5280160323769,5.70567471770052,6.1323327329266,NA,5.98380427779006,NA,5.52980305483981,NA,4.32861864279226,6.02487602474699,5.32122190768901
"GGH",8.02481743921594,7.96999718573728,7.60877865081241,7.77209606877836,7.87021862291706,7.9938616530547,7.88679792977546,8.70256476055561,7.91404396614,8.40956550238862,7.66862627020206,7.31397212751406,8.36502282170645,8.05122419381478,7.94035800587922,8.22817834878999,7.76290649678177,8.40431319680639,7.66661390344522,8.17537496834851
"SRP9",7.21805010890864,7.55175295202266,7.88280697201862,7.09117748107561,7.19050994162188,7.48348529858762,NA,NA,7.1906387233296,7.31222317348954,6.91916732498147,7.22173346282155,NA,7.60325835183598,NA,7.84322185551507,7.27753130251426,7.37917852803924,7.21217903418146,7.78504788521059
"DRG2",7.67421054707095,7.20331683884609,7.79272391242888,7.2453823179477,7.39160383924978,7.60509038295471,7.6603146722975,7.7036573353228,7.70035599308619,7.69124382999258,7.75080688713311,7.67541691502959,NA,7.37292079004188,6.51672722085083,7.66497933039369,7.37184427963015,7.5936570273349,8.06936547463207,7.66193364057992
"RPS6KA3",6.03661441871211,6.26299019091328,6.4812913223017,5.81209825502541,6.44480726081998,5.33050356751517,6.13126595771459,5.88715871175379,6.54439807044547,6.60432263469065,6.16059818028273,6.68783723978271,NA,6.52805799205399,5.26767090846227,6.3217374822313,6.14634806364238,4.30321147746913,6.72034922858833,6.40156694895513
"H2AC19",17.3760269402603,17.3194207869829,15.8767927015308,16.4758421286812,16.7480168645855,17.2422046420858,16.4633088534601,18.0346897601222,17.6830184693648,16.6506119659694,15.7020766113779,16.0714343365367,18.3387238011861,17.1797438388753,17.2536519488307,16.5231074003452,17.3836025919495,17.6565572511802,17.3358199851075,17.1925463098077
"C7H11orf54",8.00448622109402,7.99342200117252,8.54388094125443,8.22725792612361,7.66120260149086,8.4415776452586,8.3432041001335,7.61828196977613,7.71063296431117,8.34898454301076,8.40787186057445,8.43144818805223,6.69248946157475,8.50368223945756,7.71306596563233,8.78371498685761,8.55863872163481,8.45129565767668,8.17768798806878,8.80206327524674
"ASL",8.24942318698268,8.12870072110207,8.08026438154307,7.91558024631263,8.06834901934384,7.42727882718761,7.22815201165277,7.64323656202351,7.8191114662112,7.88685227082484,7.83877433726013,6.94014774986488,7.27367169993463,7.67636546355508,7.36977904026598,7.61885634826595,7.40945419200341,7.73554569981974,8.61550902056421,8.07968482392619
"ALKBH5",5.8505865859313,6.96441045739275,6.35184997678705,6.41550656755262,6.4535542098857,6.57474953361354,7.11924549651084,7.32219991189526,6.8500979931746,6.92102122746264,5.78480815064613,6.37563283584359,5.70821572391919,6.77251673848973,NA,6.86095512698211,6.65661311559634,6.17815396533977,6.41660182130972,6.08837552669659
"FCSK",6.91343605877015,NA,6.79084775471747,6.54122087478848,6.73361045731424,6.88455092286995,6.51376419218216,NA,NA,6.40116619232112,6.84684877008866,6.70766681421,NA,6.15947865914754,7.04074537794564,6.5366755186995,6.79346601353746,6.81115680088442,6.8400812842901,6.42351295892887
"STAM2",5.9027076031129,6.54796835838831,6.60356438719814,NA,NA,NA,6.38561141951577,NA,NA,NA,6.49033904990733,5.52563198052767,NA,6.20671775438269,NA,5.82968774073102,6.62621165044584,NA,5.91833104359396,NA
"PRMT1",7.73392542111929,7.49989071749653,7.39003074223623,7.69150734815472,7.59338287975411,7.39162315661056,7.08781681126463,7.63655860700622,7.22827392626565,7.72042572978922,7.17274045078667,7.61525375808679,NA,7.68494608807368,7.27333698718151,7.64736294277686,7.56250271202732,7.22004766776886,7.45149995827784,7.12572010085212
"CZIB",7.65589084510315,6.93459134903099,7.02126421953778,7.69285844461518,6.52779741320429,7.54154635111957,6.85776497606054,7.18305413012162,NA,6.54786221070619,7.4941637410123,6.52263906174292,6.81792580023734,6.64186283934948,7.22892319222869,7.02035068640277,7.21343341433843,7.29202534767998,7.41318874996202,7.64416350511272
"MACROD1",6.28706278288555,NA,7.19044973858822,7.12678568659507,7.38720710015263,7.05294423316785,6.73476898975552,NA,6.76125499472771,6.77685733891465,7.64230505920389,6.63774795811181,NA,6.47514306807499,7.40169885288856,NA,7.10347957366293,6.41669622106291,NA,7.11850996964182
"LOC100053137",3.34317782479023,5.36017484421134,5.52987836863611,7.24801617894439,6.01792728383129,5.95757754537907,NA,6.72653754464275,6.0731438884109,5.62381546298713,6.10524229641312,5.14748249109237,6.67949934623522,5.58885035137861,7.3232187215523,NA,5.417283113217,NA,5.8126866098044,6.2349122225349
"CHMP1B",8.70981911846009,8.71039524267578,9.07818796283283,8.71047482824575,9.19031617514593,8.93663335967564,8.73663393508376,9.3577674859569,8.44894203182865,8.24230061464615,7.54835762190757,9.29889274338734,9.53127495526307,8.59606230792949,7.84786456699975,8.61239001882906,9.20238470409855,10.1634052516874,8.48193908767456,9.18711547498663
"EIF4H",7.336461619498,7.67256043200328,7.50190827180462,7.88870048311066,7.71926600515059,7.66499604440561,8.15778628590231,7.65005284418324,7.0151172842546,7.55596178988062,7.30616684143752,7.50846604144102,6.45699366051814,7.51329225241081,6.93963432413499,8.23168131799304,8.20544586414119,6.95374220382262,7.02111614041614,7.6550331380753
"LARP1",NA,6.61995234884281,6.7208266127883,6.73879729655429,6.65623015285583,7.10789083464018,7.11790058364738,5.31649538099161,6.91578325022591,7.58853775642893,5.99790446538723,6.99106906403549,6.64556663870135,6.85763490183201,NA,5.35448772976607,7.26980745268093,NA,6.34949193636089,6.43973771980727
"MESD",8.26275452575184,7.3344291286072,9.06386733224743,7.70313941189505,7.95762233495604,7.45520464148927,8.18489740274675,7.72039390058077,8.35482983069489,8.35490269839767,NA,9.51010679240909,7.82796228153406,7.82135833443801,7.24222235311679,8.1219818987757,8.06891053958073,7.5298473983332,8.12333955575457,7.83592223008517
"GLIPR2",5.33627768674441,5.31307346191427,5.80406881046007,6.3943575327455,6.76573207805541,5.61112341083558,5.18042995679649,5.7497425138733,4.97967476753743,6.16246169312245,NA,6.16328580136934,6.32475754152341,5.47838597366577,6.07563010575714,NA,7.22164777199437,6.33087526367569,4.75109331844566,6.07319847378333
"COG7",4.6736100836553,6.54325809960521,6.59384822839115,7.4897000477718,6.37046319144297,NA,NA,NA,6.11193522131754,5.95160624373659,6.71125532277375,5.87275706981629,NA,NA,NA,6.46302571438898,NA,NA,NA,NA
"YWHAB",11.1025093497274,10.9081572281073,11.0552330984697,11.3124510708649,10.8678671748731,10.9274191242418,10.8917246281997,11.3734286915659,10.6776904563247,11.1571344358286,10.8631892649747,11.0250230855046,10.2889238759874,11.0261569556048,10.3216415600675,10.8493282209348,11.0004869205672,10.847715104976,10.757536988554,11.1152950524954
"EIF4A2",10.5432272695247,10.6358198587938,10.8598980590427,10.831400033731,10.5856948102194,10.510605963888,10.5161315275809,10.7704630775784,11.1454954422657,11.0211462475138,10.423808937291,11.0179822311318,9.72769408873539,10.9584894811147,10.7573573442855,10.6849807387393,10.811459882574,10.490238722744,11.4891377528278,10.7914470110232
"LOC100052586",6.21069667283079,6.81274074611539,6.76389674288833,NA,6.76987509462318,7.02066638348973,7.1279836361024,7.80091839317701,7.18148165461136,7.05698415553198,NA,6.70444028401028,NA,7.09823437881929,NA,6.5205920528997,6.77908715333513,NA,6.97455249113087,6.67548088882161
"OXSR1",7.11052267720013,7.12350059881514,7.52166019858944,7.33809421059911,7.53528927782326,7.25012502680298,7.59593697840023,7.40373541572573,7.35401544286151,7.57770031002427,7.31950707432065,7.63372799931441,5.53295501502595,7.47041576695638,6.83054226292693,7.32690012551504,7.3830264810332,6.25784403016394,7.49438510513736,7.44009606121732
"C5",8.60786701185827,9.05596094668197,6.99526071796382,7.98358502956817,9.10345529726435,8.62545854232898,9.18596033617465,8.39524242288838,9.14100424112275,9.81150765131398,7.5844620477734,9.8590977194723,NA,8.86195613269114,9.30301345550391,7.83587134260336,8.15669787310057,8.56175031119719,9.63821539056252,9.1282128877501
"HNRNPU",10.9597621558456,10.7836562739528,10.5667424305264,10.3904004828086,11.0361562139298,10.885510156295,10.4683848680993,11.4067002852833,10.7599484425445,10.7399300303558,10.5425952675518,10.9392953954893,10.404420287851,10.9915807110923,10.6628281367317,10.104914155912,11.3537745979589,10.8413825406661,10.500693793042,10.9636307468174
"HSD17B11",8.10704764254297,7.64799157501454,7.49947045278333,7.71872098894815,7.77397550622685,6.91518164129299,6.86226525751171,6.51761043513361,7.31676392078083,6.85470466578831,7.63065497308894,6.7709820980479,6.78332917802577,7.29000400516979,7.11085549022252,7.21543593039615,7.25855846827729,7.50014890441689,6.96918168985766,8.05742141953456
"FBXO6",4.64020696590831,5.7107314573158,6.05026998424307,5.94744127310636,5.59474928850234,5.43720555018684,5.67423364897576,NA,5.79931272959985,5.86541870863884,5.93364707611593,5.19876081036246,NA,NA,5.86654740283757,5.81079804774288,5.50274697855356,5.75213803782938,5.96034176118417,5.36783248829323
"EIF3J",7.95885242599909,7.48378290998865,7.43623681538522,7.4583919671084,7.47035019878905,7.48583679738323,7.55565855979944,7.44224659133671,7.38189305193161,8.17657455681159,6.59945266444323,7.60026324714837,7.2137743442285,7.5410624548198,7.51128247908057,7.55021393668111,8.22464685871954,7.22628843000484,7.54470395494276,7.44166559554156
"RCC1",5.86164058722435,5.7561219442143,5.68732175673001,6.04281827348496,6.62709844235667,6.47169136129711,6.10518611159362,4.9990929199371,5.89221452446548,6.55499414342573,4.9674749447767,6.33596649416498,5.65218839669547,6.50818891681471,5.63481339607118,5.70769267058521,6.69435583237773,6.18039591562558,6.22843514091411,5.66425770810843
"DAD1",9.32660965208364,8.94171921080751,9.71117723098341,9.96538668040086,9.37205578319949,8.9045153165068,8.24168953657954,8.37172181453495,8.33005785218084,8.3945288203521,9.83103168696115,8.95701038051057,8.00783880169003,8.95541620236739,9.37232903300318,9.37676667594681,8.53162459161108,9.32257506749206,8.81019532199594,9.20200809100779
"ACAA1",6.34975986489782,6.25473446464163,6.62035665643168,5.97975629136166,6.74052795452873,NA,6.582199815504,5.59042828005318,5.57074307257683,6.82135511517519,6.00885744717247,6.3829652535873,5.92962635104661,5.8908893916912,NA,6.50736443898951,6.17767033709044,6.45768449970378,5.08969174740217,6.83655243590207
"SH3GLB2",6.83495428518995,6.13827241472571,7.03059022018369,7.10655680773839,6.78290814896557,6.0700224782825,6.50295376111508,5.92418426908361,6.22184598179728,6.32168814903012,NA,6.37414592066128,NA,6.31661357813879,NA,NA,6.95305889464131,7.0830403882639,5.87209276750022,6.69107326863582
"VTA1",7.62366031726743,7.20212823911508,7.89397839145325,7.94112352458402,7.20488113358356,7.66007626174755,7.70910577382032,8.0654011032757,7.31431452739645,7.56527597550923,7.54270169969538,7.63187259513091,6.59640694680398,7.58726925076783,7.13263526011505,7.14079440175807,7.76169924280257,7.45041633542729,7.51267885951961,7.74535967087381
"DYNLL1",5.82328020552494,NA,5.50786862840861,5.37591497705024,5.39859395745087,5.24367098851071,5.81143087764943,NA,5.46297879266245,4.82581851113046,5.01075528069603,5.38394032286822,NA,5.12890898630233,NA,5.04556558863174,6.16750991108959,5.81391027308445,4.86586708856971,4.29768679103832
"PAFAH1B2",10.9659648740004,10.5065853750225,11.239708666033,10.9847853242095,10.5268965747295,10.9640369928439,11.004553623395,10.2827509081506,10.7203489271574,10.7041110773862,11.0076489091089,10.719785709341,10.0771155599605,10.5508181767718,9.89449444454991,10.65989216914,10.7874769152708,11.2029579591363,11.1146653293075,11.0450577813569
"ENO3",15.251055894298,15.0491417704772,15.7743057495048,14.5338010093042,14.5605165143478,15.2051055404271,14.7341053981081,14.6354466488284,15.0374205705468,14.5786337861156,NA,14.8720914690494,13.9583511358207,15.444988329382,14.0733876907233,14.5256869912193,15.1389488961982,NA,15.0000398228089,16.7302568974423
"CHST14",9.84054335036511,9.76533948449698,8.26071389685482,7.55993988822079,7.86884234905037,7.61768866496383,7.73168525228618,7.34132608878571,9.29264181618147,8.96597174830506,7.75395313233382,7.22032334706202,8.09442022347888,8.68142792044194,8.09944706015231,9.00694888465538,7.14923063404202,8.60540434151575,9.09376634294823,7.75922096729468
"STK3",7.19447212543757,NA,7.08472398641017,6.39061074726436,7.05632405071935,NA,7.55704792534437,NA,7.10224336298943,7.40429949170313,7.14485046091422,7.60744654141443,NA,7.27685146197836,NA,7.23455680712848,7.13296132219247,7.65170828747649,7.61331652489073,6.54586285838479
"SLC25A12",6.20379728862454,6.6380489259358,7.34824903023108,7.16364514504795,7.14050705732762,6.39952058787311,NA,NA,6.85678710016702,5.75809388026685,7.17547555735459,6.48512656580165,NA,6.31073205494916,6.4769083617522,6.41085362145461,6.51559218264756,6.87863954812558,6.12834917493927,7.2474529312841
"RAB22A",8.6320146927676,8.27080397371901,8.2185126324234,8.07080872588338,8.12268499283126,7.98875278270095,7.82881397968014,7.69123448250221,7.84641054594307,7.90789512939392,8.518105818266,7.20120581597417,6.96506778252836,8.20536439137793,7.67922598692184,8.11480092018954,7.86381567142177,8.27554968434265,8.15675077212709,8.0369608844675
"KLC1",6.6474528327088,6.40337430673092,7.05408307815926,6.3599362965536,6.35285231363927,6.28360756448211,6.66387768354762,NA,6.65626357358779,6.64746346169679,6.54434899586533,7.14817915856343,NA,6.66962910084648,NA,6.7273295511074,7.45877397546013,6.42158275188478,6.1608523177976,6.8147482735044
"LOC100059533",11.5829835439373,11.9006698084413,12.4575890686195,12.1365890333175,11.6726507011684,11.9236204275194,11.8515503449365,11.7822423988389,12.1219530290076,11.6266350042859,12.0188677493335,11.5871916825916,10.8842773631693,12.0476959359627,11.3106733247994,11.5752386599744,11.7720528681615,11.634343089828,12.5902099390766,11.6984988615847
"C1QA",7.82278565431,8.53189524194185,9.07029483285198,8.36416184968296,8.57495344124717,7.38679198478578,8.83479705148004,8.89856555654546,8.83794432245918,8.3618898713142,9.41535171655414,8.55786289630848,9.2946333021783,8.42352351115875,9.78795378746159,8.37410221184763,9.04557510032676,8.32586829433082,9.26548952106063,8.71362105728653
"RAD23B",8.41333957713853,8.69533598430213,8.9634928314931,8.52612457004941,8.31456927786645,8.29276174734931,8.66003934598579,8.17210088572018,8.50813036876356,8.73941798112498,7.77698252974417,8.98632869209831,7.68517416800183,8.52899203584281,8.05552311542578,8.77860412971839,8.40092073657353,8.38958646328322,8.60746341952579,8.74074266726709
"MGMT",5.13375642759673,5.56234285223278,4.71447675575113,NA,5.3759315223442,NA,5.28582842316945,NA,NA,5.61854037956512,NA,4.39060250504665,5.1605954745526,5.37735422030825,NA,5.16089664889414,5.11440148308791,4.83644156344755,5.4747950405096,5.97916138119317
"RPL28",9.6747682607481,10.5334758640157,9.11450095904944,8.94821877822793,9.87792173820382,10.595865016004,9.99306369812198,10.6488027983053,11.0835933336314,9.94925560060994,8.52260913479376,9.64892636242396,10.6852345159971,10.4066697158745,10.6844435256358,9.74116355861671,10.0458279323047,10.0294214516161,10.4170672743818,9.23543187582304
"NAE1",7.59374648566172,6.99122968485282,7.44009169666961,6.73438748455463,7.14787468512026,7.3192168859714,7.15435068957404,6.73982460974708,6.42316927576118,7.1812971712881,7.21632928060579,7.33220952022545,NA,6.84826321830688,7.23040503764995,7.17570517814735,6.87685702261245,7.11193578703593,7.75003294025097,6.85156656645078
"AARSD1",8.95281290800634,8.57103741648975,9.49656385684871,8.42785374442933,8.48620866520034,7.7902418050676,9.13146555123129,8.56693876714953,8.16295466340387,8.82636401959144,9.07880382246988,8.94942432695045,8.7627323745444,8.716490530241,7.65699022985965,8.66555133287025,9.49815189364043,9.02947139341147,8.68908055192818,8.61309804468487
"ITCH",7.12874389142792,6.92131610884901,6.5983564779453,6.8040681766794,6.71834781984541,6.11030745753744,6.55068273733705,6.32764330529283,6.90134846902051,6.7114642906952,7.06159532090189,6.38796706675058,NA,6.71620474862612,6.25404789151444,6.6009356767268,6.35218938997937,6.20733631744715,6.65358126984077,6.75069142091662
"QDPR",8.99585781052388,8.82926156272606,9.09548589084719,8.3853526305319,8.84492399549197,8.63487195738505,8.56349076348517,8.099093008029,8.57990985607599,9.248670744728,8.69697162576721,8.69475106917346,7.50782504396654,8.9023211177699,8.14266270867682,8.94174582662536,8.86919580767788,9.11019095038635,8.85075558110508,8.50294523709795
"OLA1",8.01438754671605,7.89597811963554,7.88159522461336,7.50805307143929,8.07897310594055,7.82547238552845,7.78117199290259,8.41960008251381,7.79942623767115,8.47041653896651,7.16146431537128,8.05544054771038,7.96968674680497,8.5486681092674,8.78075010955277,8.10673357219518,8.33998496897424,7.82752736753242,7.82074760310213,8.14600909524255
"IGFBP6",8.73305951132499,9.25646667572929,8.10041400751543,9.33375347407142,8.78412205980613,8.03113903195622,8.99512280144983,8.94469205169898,8.67105193897313,8.89301251452329,8.39098565733199,7.36742478888809,9.09400326133222,7.88556382582142,8.38083233444314,8.20199507587903,8.40693534284747,8.07984431905354,8.09721550807813,9.32458641406282
"VDAC1",9.36462276621149,8.92430863989535,9.63452035734873,9.16664404690195,9.28693186190882,8.7066268777808,9.00917664108716,8.59111202929681,8.57294878087734,9.17482902798254,9.18040861664556,9.183151036149,8.389818813353,9.0996711686013,8.91558750989882,8.93911730472749,9.09712316023586,9.18092464339273,8.42058845015053,10.249879974881
"NUDT16",8.54726909247846,9.13061559195789,8.67298731774644,8.76783708437854,8.56188085635049,9.2224946653996,9.15085890910898,9.4402054783765,9.69964737337152,9.00417537404353,8.41004505488478,8.70855846802677,7.73004728515173,9.16964302321195,9.07154067346133,9.04476348583163,8.48772893995885,8.54065060761777,9.66928977744579,8.57751322769676
"ALDH2",10.2277156471609,9.09598364649733,10.4860884067538,10.1905878220132,9.97743884840546,9.6465645407121,9.62067650369424,9.5336285007282,9.3678919436366,9.77772211549666,9.65761824299409,10.0637628098344,8.96159656864112,9.76453321415337,8.76115638153282,9.51829028289706,10.3862207016119,9.82754644698743,9.32826739378394,10.3084346945254
"PRKAR1A",7.43420754219917,7.2685762516712,7.53092425130922,7.79859715870172,7.41291225437792,7.85670405874984,7.45029782896155,7.29385641389254,7.3225171007332,7.83996822158344,7.47463728526319,7.46888104299343,7.11741230427922,7.47293196216059,6.91265820530223,7.62421094644411,7.35294191103237,7.69382638031913,7.18026559727511,7.30349183125089
"TOLLIP",6.15397701197731,6.71237159300785,6.78712074014497,7.26218418734841,6.64804993478578,6.42485390888321,7.01260312061093,6.34564826111902,6.0195801665213,6.39420329604986,6.59319099446548,6.60009223462866,7.34084711129218,6.73615796053059,6.03151345121046,6.63174553712057,6.86941392048053,6.11646102415316,7.04969774449827,6.20471992213055
"APOA1",14.8032145318116,14.6644212058967,13.5470298548751,13.7976416324651,14.1504290210336,14.6040379862501,15.3268118324918,14.3482554667171,14.4001078465577,14.9256892464486,13.6226283234671,15.7230281879145,12.3266769457339,14.112033079314,14.2535475229873,13.9004284831599,14.5303056989847,13.6527518849618,14.3206017335092,13.4626005713262
"NGEF",8.44591020928938,8.12213148411956,8.94308152420971,8.37439263226508,8.24694987352368,8.30543118287721,8.48789551178021,8.65403914264027,8.60380205174191,8.19371242086154,9.24602198778449,8.19799931256755,8.27240680481061,8.38158578183954,8.25688136499397,8.02065692230882,8.28264474204477,7.90712794982887,8.62254746517558,8.30924299618391
"PEPD",10.1565408970367,9.66456424185098,9.74982541758868,10.1123195024366,9.68532840574254,9.80062418426823,9.81699068906691,9.46806230136771,9.34758189105772,10.0711098150518,9.8539109876087,10.044488362121,8.90130609936944,10.0731879711702,8.69680665579205,9.75804444562377,10.0750495541434,9.87648224687763,9.6165823743713,9.89580087801031
"KIF5B",7.09763138539579,6.93145172123775,7.51768759687846,6.89461715012466,7.43269377918026,7.00371832250827,7.15875645826832,7.20192117138595,6.65051764957835,7.06130599795188,7.43645249130468,7.18497089057641,6.80808098141102,7.02699884065439,6.97298543494792,7.01100245972055,8.03942114542097,7.37192746398985,6.858078980114,7.22810721255793
"COTL1",5.92029541624426,6.8487121281737,5.35275811652094,NA,5.82702973197386,NA,5.33767439519412,NA,5.94906488891628,6.50721149043865,NA,6.49696666812637,NA,6.63848145671909,5.1907177120731,5.59407399003324,6.23982950683185,3.26563981281052,6.46052130329838,5.74100893693165
"CCDC22",6.01353960181904,6.08031679282389,6.71759606830475,6.31638834333831,6.02759301564028,5.69055421020617,5.98990469973354,5.86004950752055,6.3204056758782,6.74065528944765,6.10347393151243,6.69882040004309,NA,6.21776966360789,NA,6.34477383587309,6.63822769601206,6.17586402297225,6.4729424096104,6.33175778543252
"PDCD4",9.81316765603497,10.0165514719389,9.48624375279277,9.4808961019708,9.60815465388382,9.57337736442796,9.57993475809374,9.80164866615594,10.5193532950281,10.0756839772209,8.99234047575986,9.94834316397832,9.14254644568095,10.0474139549177,9.48709569332427,9.45069550801497,9.74694233924194,9.56485658251838,10.0842974791256,9.93423858274475
"DAB2",6.811996672205,6.46776787868717,NA,6.50054901014638,6.8216433329417,5.76068641699907,6.74494007599882,6.33546323424829,6.3800515145053,7.36482944216298,NA,7.26542638615618,6.76434416630309,6.20298937497867,NA,4.76034735002295,8.0848291707926,NA,6.0674244979933,6.86618988058001
"NME1",10.1028339661855,10.3116650845306,10.9877523589076,10.5942682903452,10.4280247297276,10.9860612920346,10.4900798554338,9.83320412856312,10.4494474172316,10.9744151424972,10.4183140782747,11.2324582651998,9.55232785411278,10.5885770866601,9.82774219775911,10.8237636282017,10.6405671073975,9.89471216669206,10.6656216828429,10.5027671200856
"PPAT",5.93233785361038,NA,5.94270956703774,NA,5.68382083983768,6.31415642633285,6.02840652832149,NA,6.22750805529697,6.46605823036947,5.36027128070096,6.56546503318063,NA,6.04965462497152,NA,NA,6.58235304261496,5.79720689286525,5.650338284529,6.50498354978338
"SF3B1",7.83540610749609,7.31279647118831,7.26707349082323,7.22098557824702,7.85292156556833,7.44817223556215,6.5519512743096,7.67435470870856,7.10632258669724,7.16022394003555,8.10776178024306,7.63549584873758,NA,7.42931980829906,6.73509191483748,7.28010534896453,7.03873799713752,7.64905881855425,7.28019768768669,7.72752875098959
"TXNRD3",6.9450345887491,6.91058802939257,7.49631260245614,NA,6.36621631045529,7.39598074730275,6.60570514978805,NA,7.75694866876207,6.57222889970681,7.34818224891644,5.86367652526997,5.81713717624534,7.27425411306673,6.45507485529754,7.52473912691721,5.52022455854279,NA,NA,6.8470919843462
"ERP29",10.6776396530499,9.45933732639321,11.3935614031861,11.1122118940565,10.0095787369217,10.4113878459384,10.349834220331,10.0881237836507,9.26783609259467,9.84242317459162,10.9289146676495,10.4869866719,9.27984727927802,9.25486060819107,9.09834379477165,9.79352249750914,11.2242547583433,10.5813124270264,9.45478605264661,9.95313623715892
"A0A9L0RSJ9",16.3981678090846,17.5537688410334,16.5165224720406,16.0767898647132,16.864288237729,17.4057539530883,17.157558244661,18.1825928452735,18.0828919693632,17.3778174481222,16.0801238488083,16.770374597704,18.1007592847929,17.3443419913592,17.0621516528528,16.9870807949952,17.2335454637986,16.7530581223765,17.4566496198774,17.4666106637171
"RBKS",7.12478160808896,6.72974167047398,6.58255505338632,6.29599624894094,6.01593628957784,6.24190527524401,6.73004117338907,6.49641259386845,6.14878913890587,6.83912927716871,6.40661406870131,6.63234593976109,6.10986995982607,6.1552752349315,NA,6.49876251928734,6.1318015178187,6.91080802375333,6.58405372050234,6.82807598093213
"GOLT1B",5.83149807993952,4.80123615537212,6.11610842581801,6.88543176512463,6.06967038951559,6.36642954147412,NA,NA,NA,5.47537768513491,6.6895557803852,6.30959651782967,NA,5.98569302994426,6.62170072446556,6.12316287150388,4.82325763782653,6.05033385798042,5.25616055504286,5.1821438727066
"TNPO1",7.51243422917036,6.94212200688111,7.1534772696828,7.26502184109835,7.58007778133339,7.40116497377562,6.45542734763418,7.89483865012236,6.5381569685333,6.43360276908273,7.15266833180321,7.05661943473696,6.05705899349671,7.02402060913153,7.03210769516992,7.33207516746686,6.28728770935241,7.16522962147344,7.13716690321127,6.95034142448988
"PLEC",10.3973068198252,9.65666437391044,10.1433768194924,9.99773743951545,10.331476420136,9.78580375484546,9.70905935992023,9.60803169688225,9.95310855858306,10.060325868101,9.95245853516554,10.1220550019498,9.13132465405812,9.86025811286645,9.60417518799918,9.61260033000424,10.4287710299923,9.97361792823647,9.67693297541761,10.4202818884229
"RAD21",7.01341495848587,7.10021658514079,6.9063877931582,6.48702489196088,7.07368944070491,7.15970145293363,6.83022108038042,6.58770818098457,7.08045129699805,6.88235691953108,7.03104735496388,6.85429185890617,NA,NA,NA,6.79609035292752,7.00861375633168,8.17973916313542,6.70497709434746,7.09039355210864
"COL2A1",16.6485318146637,15.1127858576122,17.0559061658093,16.8505405238104,17.36790797768,16.4774015853584,15.4169155728888,15.5684992080168,13.9568764584349,15.7106089306046,17.7895428901098,16.659901975953,13.5238105294936,16.2151821205178,13.8855559122995,16.7615055673406,15.9344309843688,17.08760781493,14.4434663207704,16.8478146243338
"SERPINE2",11.9903940601925,12.2332816236453,9.86744443187368,9.87776117645281,10.5687167441276,10.3121747631819,10.7278963246272,11.1967821829432,12.0559679703051,11.7532918714724,9.91220571368833,10.3223794283136,11.0745748782211,11.6488276077451,11.5185440347943,11.0933646950671,11.0809219442934,10.3435503636102,11.7719934940939,11.603208837748
"CAMK1D",6.4879979541955,6.00241392688693,5.8337393758879,5.99651319516656,6.00218986293753,5.40703248431373,6.56273306051138,NA,5.69544831145387,5.94316519406462,5.69945018439289,6.2085419112401,NA,NA,6.49995870363661,5.5373925835562,6.26593792326048,6.43671949834346,5.92293533575546,6.77954555772123
"IDH3A",7.6656221970663,7.58734997710613,7.35978260773635,7.74212381740537,7.70184800010525,7.53672087958369,7.44615936122433,6.99578303984654,7.05164696036439,7.48700859623941,6.6506551038358,7.51311604890356,7.3501048718518,7.10919599121058,NA,6.75818325157502,7.63264246837794,7.48210830088315,6.98137420695638,7.92634308140285
"MBLAC1",6.61185765278429,6.14900202115565,6.58722090379413,6.70641841029435,NA,6.22337616909589,6.40885584601538,NA,NA,7.09176450245742,6.65343734110235,6.74089894207898,NA,NA,NA,6.59526470991786,NA,6.14091184727006,6.61033582513218,NA
"FBXO2",8.64758099184089,9.16475158368116,9.16706154777145,8.70270073801082,8.29081870624673,8.60875726251067,9.04285572978042,8.01935924244774,8.96033420973882,8.61401823758181,9.062955884966,8.78260786121008,7.67102125052184,8.55377022595455,7.46275924832616,9.29010001636188,8.31606297682783,8.99638283432926,9.08769182079255,8.17728792029789
"PRPF40A",7.27881894895341,7.66993821961736,7.44302427669056,NA,6.81357065831309,7.19220644085448,7.57227550283653,7.08946281533637,7.18383957379403,7.28290863391636,NA,7.58599675046882,NA,7.11128972381148,6.99069091596002,NA,7.65646619289005,4.53607105904757,7.10510963402522,6.58750626709301
"BAX",5.81099282873716,5.70112914087429,6.53402582982744,5.94283963022968,5.97418626008072,NA,5.50169236124722,NA,4.99542847032267,5.38327088347171,6.78685898405336,6.48840272269985,NA,6.26930270849207,5.55205656172264,NA,6.35104520234622,6.28011172970501,5.65686365772796,NA
"AMDHD2",7.4537444793633,6.69722098974963,6.98784477782895,7.05414648069079,7.3285522728922,7.01919112509096,6.76476084469436,7.23111255118517,6.8580407529175,7.75973131052566,6.90569734142067,7.26282799506075,7.83429925794573,6.83506495231148,7.23212482462296,7.7091792359077,7.77647006039335,6.60658297302625,7.42053117255118,7.38122882773441
"PDE6D",6.65557833448516,6.65591388452421,7.36324197256167,6.99635145479765,6.33452142381866,6.75884390057641,6.93197906136703,6.79321666395319,6.68356403483532,6.83281748733975,6.42421810286809,6.92027808154824,NA,6.54498293042471,6.26633876801743,6.56538693377323,6.72885981606069,6.82389885686094,6.55779129651753,6.29694714247827
"C2H1orf50",5.82539588066228,6.01035601881034,7.05085767768426,6.9868580255961,NA,NA,7.15305670926437,NA,NA,5.80696923800583,6.91291191751084,6.94501859675415,NA,5.49470187153975,NA,6.47395789700849,6.56133487469322,6.7073194790385,5.54652062098292,5.89584250263774
"SH3GL2",6.7101750362672,7.29173894315227,6.71032833024059,NA,6.59952325768294,6.98127120820775,7.44740824299766,6.2347554332508,6.66557217894688,7.65970499993434,5.95099517076657,7.35416563850282,6.4033320950196,7.22930146736368,5.94491310800574,7.63531120916261,6.08027177612856,6.7748741339622,7.52879566035724,6.25534578706506
"GDA",9.10939459786417,9.95305531278426,8.22421874535911,8.55688887285657,8.72575993875805,8.10244881944441,8.80925902259747,8.00461639848007,9.73554634418734,9.79439736991766,7.4199400401754,8.51082513763735,7.91325626173696,9.37007769340247,8.71262667501901,9.11890240538988,8.99106298084937,8.70143341781294,9.9173760737977,8.82478819912929
"MLEC",7.504660985699,7.25920401832213,7.76863453023441,7.56786075269094,7.3540165004035,7.54264273976721,6.84535788856536,6.01077751297735,6.6449025304422,7.21878239112366,7.67578508182258,7.50287329182204,5.55556358814182,7.36345863136813,7.45113627646703,7.40466039856437,7.07614429218575,7.62701682594622,6.98981309097075,7.43079733599275
"RPS16",11.5729746042138,12.3360356920738,11.5834030822767,11.2419109736148,11.7914816103459,12.3838620635477,12.1138444843632,12.5977717055076,12.9745239061825,12.1459702748736,10.9499811643267,12.1584563410055,12.0281863579201,12.525334414989,12.5270636451608,12.0528607501369,11.8587300226018,12.1083884630757,12.4950228589437,11.6741265909504
"TRMT2A",5.44331694009742,6.15610263681658,NA,NA,6.01972630114574,6.87355867869755,5.98148046416602,NA,NA,6.49494095206307,NA,6.14534062841853,NA,6.02161088002849,NA,NA,5.49189271909337,6.15375978499126,6.26923648877247,5.60489524925526
"ARL2",7.49053175758421,7.78049595495444,8.0838623501498,7.89891219101106,7.5215925121783,7.71369268429029,7.62968601844483,7.44372859536699,7.8812563178069,7.59007061233685,6.9918687641598,7.22310475778048,7.15805299023154,7.71816656267363,7.15125919604089,NA,7.43957183593911,7.58618987370893,8.08976981676591,7.83450945495896
"EIF4A3",8.06392851203174,8.46080269781731,8.06611840095155,7.8364511556515,8.36705063174292,8.07041588412471,8.38351346182596,8.28768269750121,9.01244384703325,8.29694383720565,7.7665098685098,8.38667272399514,7.48004328615625,8.58715119244184,8.4347916246838,8.28209500629393,8.06570528794055,7.85822885998035,8.68683757060281,8.42610288057479
"STXBP6",7.68038332961859,7.54619323023191,7.70435128989356,7.40602632932558,7.58640610716176,7.29580197828864,7.75956638955869,7.96070126334968,7.07134914094644,7.15201855742072,7.20708876121435,5.79314941509311,5.9189471856033,7.77028528947391,7.41027773622697,6.84337083017017,7.28888737571594,7.19156976486564,7.43598525244185,7.50559136950076
"HPF1",5.87101607021039,6.386389977683,6.34916086378481,NA,5.95000152114992,6.5849723102306,6.43771740160649,6.29420950179659,7.43471660094626,6.78627016907146,NA,6.65493620461414,NA,NA,5.89140349564624,6.26323938470031,6.25839372890683,NA,6.88984236587053,6.81081987118816
"CTHRC1",6.01766165260917,6.77618783082847,6.21608079518714,6.25246721589891,5.52029263178353,NA,5.29961313788219,4.16314303734358,5.96964114728604,7.44351195453934,4.4521821345512,6.393551231758,NA,5.81365273060553,5.2834648508961,NA,5.1541540956651,6.10757376038126,3.83774536240628,5.86330277692045
"GNA13",11.5937423692015,10.7483717641705,11.675186186416,10.9464537058541,11.5187393684899,11.0519447551754,11.4674213557192,11.2759778028892,11.0965193642321,10.6250480224953,12.2044164560632,10.434281534753,10.8957961542642,11.5900048534936,10.9902579630553,11.2162155335975,10.3390676033759,9.58365183656706,11.4492157719136,11.6126621489901
"LOC100067869",11.7618138707579,8.23415340997679,10.8803609076253,11.9836362351437,12.341073833994,14.1030986276679,12.7508359458264,12.2969107015266,11.4766450751765,12.5437504819597,10.5554100928705,13.4067316161043,8.92849803449532,12.2133846412757,12.4571290696187,11.0991042110023,10.729151341129,9.649862432145,12.4067445211522,12.6506790567023
"TPBG",6.81086150492904,4.87250402967019,5.51132483730511,NA,6.91730217482521,NA,6.11359465450246,NA,NA,5.58248720923024,7.49259079612571,5.24205490157671,NA,5.68293416615714,NA,5.25726271241439,3.60915716068501,3.55933365044311,5.30554164536456,6.89149920022134
"JCHAIN",9.19073374217441,10.0654567215765,8.12437030963247,9.09983875360881,10.1322522842631,10.0638655189184,10.3043247708713,9.12198338887528,10.3556283807573,10.4808809448027,NA,9.48176328423545,NA,9.07193078241266,10.1057851662502,8.83665843501836,9.09921003634813,8.17373179321,9.94125599646668,8.80755945965969
"B3GNT9",8.91000996026798,8.967887479601,7.56814096815677,NA,6.27843939162551,6.34277442052995,7.15133854215361,NA,8.14663061604119,8.1886709900836,6.33629655500113,5.91964912555255,6.74724461881702,8.2511248099804,7.82847062450723,8.81778265159367,6.4517096556055,8.02992517773101,8.4578074262402,6.64338185728649
"C11orf68",8.20904562514408,NA,7.87980727015985,7.73678772669943,7.33032140775799,NA,7.86449822302918,NA,7.70505381745142,7.82384368828567,7.46528586828034,7.65095657494421,NA,NA,NA,7.67009108318735,7.86712736424487,NA,7.86679336039347,7.8732234397254
"COL5A2",9.61250307032294,8.67479514311741,9.48963378898406,9.3575675938082,9.6191460175278,9.06921058879805,8.35282825592372,8.17676125936507,7.46956184519687,8.62798378729964,10.4584951013365,9.0666375174419,7.53696635511952,9.01736569334213,8.01306099205837,9.18692600885239,8.61632580500252,9.61034130405582,8.01267493958261,10.015158793113
"ATP13A1",5.941987099331,5.2891668484268,5.7109919127424,6.20399159617409,5.33960698623922,NA,3.84210190357185,NA,3.44559816313147,4.81363553257567,6.48088277865461,5.01176985349903,NA,5.85498341805523,NA,5.57642588472204,5.7634604340146,5.77440835299257,NA,NA
"SF3B6",6.36578661327205,6.28060723743717,5.36422978243063,5.90797253488405,6.62011346194934,6.30951287489279,6.18130807461417,NA,6.66744162821593,NA,NA,5.44958114123702,NA,6.50258817957027,7.42349954370307,6.08122387710204,6.14318562323818,NA,6.08363139605494,7.03935638013159
"HEBP1",6.70013536097376,7.31769668260453,7.21126998672824,7.20269748569113,6.43421663334958,6.63128072453762,7.05994366207095,5.91865537216776,6.55897868799243,6.94583628732912,6.70970198259292,6.62761048627404,6.5893394251244,6.74474117477439,6.27577682261679,7.13825617467085,6.77591387053791,6.52977967641787,6.57079492929789,6.98636061772402
"SMU1",6.78744198998582,6.81555053852097,6.91990049357417,6.20800175695953,6.88978075019474,6.60427384700429,6.56804592724563,4.57902059671227,6.79965667986642,6.69493885687967,6.6132985121245,5.89989679578064,NA,7.2010350548946,7.42959080461957,7.11472865537666,6.55065616098602,6.49744896527489,7.01196078854987,7.10898791298091
"HADHB",10.0729600192484,9.75625860372936,10.2041708978189,10.1417558005653,10.4891701884417,10.0903916107159,9.93931969979384,10.7786085738258,10.1026183674748,10.5611508345966,9.20426888990546,10.125937097365,10.158506169327,10.6761655374545,10.8965883263176,10.3107091980744,10.435911013983,10.3218069233636,9.88725692308609,10.7634421867848
"PTK7",7.92171904934113,6.275412039486,7.65509143639169,7.05240343658917,7.62585434930704,NA,7.36654744736855,7.25621000316524,NA,NA,NA,NA,5.7854162379283,NA,NA,NA,6.76241177682328,7.47932328971828,7.34275312370952,7.0661154378473
"MPST",8.77719930144147,8.64307080841474,8.5959828388316,8.35300736027681,8.24179788782158,8.16322124154271,8.7737722204903,8.97643524083847,8.75064121979575,8.843000627029,8.38421051616105,9.24033687701952,8.3563735888443,8.81751172577379,7.55277032834678,8.45884278287927,7.90751740222333,8.00989703762911,8.89478808410317,8.73413518711456
"A0A9L0RWE3",8.00607093228409,7.27012863202656,8.81670114838543,8.55502139882552,7.25458880154109,7.92423021073395,8.340008743108,6.7690728845995,6.73182465589281,8.36342487761471,7.98480979348056,8.62205214478057,6.40049828081961,7.8460820945426,6.45662475304071,8.2552630259607,8.30747763378393,8.89694798634963,7.31502798682955,8.27464324435926
"APEX1",9.09688236008306,9.47730650047875,9.49281916202116,8.57517183446233,9.35709505790153,9.62865991503909,9.28487289536911,9.1936786549334,10.0396866869536,9.70790310254756,8.5596760695781,9.75356459202472,8.16967596913199,9.54680798841823,9.09189054569091,9.37104677997317,9.7428888153216,8.79531661393179,10.0705020044459,9.35385870619131
"CNPY4",5.93665950960432,NA,6.28484955924856,7.95502012192213,NA,5.86186176807108,6.53276373031684,NA,NA,6.76018252677992,NA,6.95366974140536,6.41626547507286,6.08071273982883,NA,6.52210422293344,7.22712161744918,NA,6.19935746958604,NA
"TIMM44",5.00872585514642,4.12023718938089,5.77295291270413,NA,5.79448361294801,5.10662037445152,5.60646276760921,NA,6.44747567010002,6.06359988482092,4.75939993390412,5.78226964021136,NA,6.01396633603981,NA,NA,5.8010823361121,NA,6.26394626379272,5.71222094961302
"MACROH2A2",8.26859126301778,9.02178573446599,8.21494232864836,6.88824117392432,8.44564010662226,8.52769121344582,8.0196584263015,8.51352703658143,9.43690376829939,8.30621345492888,7.73221164540103,8.10686103058575,8.81743103047278,8.48864905765442,7.74513916950125,7.84525329043282,8.97823506732314,8.18400577320694,8.49893476573176,8.22775023273464
"LOC111772362",7.86586011119342,7.96821554749057,NA,NA,8.70417061451065,NA,9.97796404642644,NA,NA,9.16302901131255,NA,7.85823910676011,NA,8.84029997484761,NA,NA,8.00019171602562,6.31916753997845,8.64828591998648,8.1945680091552
"VCL",9.16537672485445,8.9873505834767,9.11805251460869,9.22459956335874,9.53447371767616,9.0961341237898,9.52959515078835,8.90824174832068,9.00410671739661,9.54930775580423,8.88166751228565,9.3453228049828,8.35331087758486,9.12619654684446,8.47538724378821,8.91141060604213,9.62768064024229,9.09024704786104,8.82784924121356,9.26006875850221
"ATXN10",3.81490035423639,4.86225006313057,5.27451193717629,4.73558290377244,4.46816649228432,NA,4.94376510452196,NA,NA,4.59277917199663,5.27171433671108,4.61941342186105,NA,4.86248787110043,NA,5.09122789487809,5.00532455852197,5.66004854699805,5.1769473240305,NA
"OSTC",8.76627896725801,8.04907547774002,8.50284080993695,8.98962958097134,9.00239728696391,8.15569797895847,7.5454621438477,NA,7.67723032590133,7.0091445029273,9.2092866812207,7.51969817823486,NA,8.07404499969504,8.59078861825995,7.99874355764666,7.74988226836829,8.66482371674773,8.12805038779296,8.3311243667772
"ZC3HAV1L",7.66742597767884,7.71438761361235,7.38265258204659,7.1255154223471,7.77897403377245,8.10630806021699,7.8663118538114,8.07167688747965,8.21423819113546,7.40100424743125,7.44376418646931,6.76578365193142,NA,8.37329415127347,7.41945819959655,7.75828736275787,7.52251894766692,8.23920425404873,8.13802573232449,7.85903842660295
"CYRIA",8.23576982159031,7.15957048386239,8.49996915917735,7.47742168127868,8.86481811817741,NA,8.12063948886796,NA,7.53122147367349,8.08566658836838,7.81487868667681,8.29760489661844,NA,7.30105996891231,NA,8.29941088111967,8.64360038344553,NA,8.18524789201958,6.30208116009316
"DIS3",7.30741655130066,7.69285947596035,7.51630032777965,6.80630639975387,7.47993294255892,7.67711920223206,7.28598031743856,7.77255940761496,8.26292838276061,7.48855059629504,6.78425347429875,7.57678566515955,NA,7.34070784492556,6.98910575609258,7.18033382964969,7.34800892830784,6.98292331999077,8.14591778772164,7.69642615945271
"PPP2R1A",8.9197595934331,8.47250768035165,8.99045875221494,8.78748084209829,8.59103411886446,8.54088802463624,8.36205031195386,8.07995190945728,8.40646170320358,8.35697797307064,8.60096941767009,8.90080674750795,7.81356483657238,8.44011769533675,8.35596464101264,8.38690963355884,8.67838678657923,8.475643609917,8.73587221943235,8.64484746862175
"ACYP2",7.31769966558041,7.21558439590622,7.62648739190263,7.90642258809062,7.35023259326728,7.31474799572659,7.04704512370125,6.31638374470397,6.83627561464637,7.2134591087991,6.66075953122891,7.04900299985072,6.37921216427083,7.16310204128477,7.19150405207565,7.50085828829338,7.28660856013509,6.84184946143624,6.85683269219805,6.79447170799705
"PPIC",6.58834105047099,6.42853662169588,7.16559598942911,6.85193224522036,6.82409465872585,6.78084590217976,6.46439540151922,7.50012653671035,6.63844308076786,6.95636264965048,6.13914270219217,6.06945402130408,7.65028276136828,6.80217510401874,6.91123324819267,6.18998996246104,7.29836858273315,6.06825890356025,6.62515195156144,6.02397286764808
"RPL38",10.1396796557914,11.28080234537,10.0345910721137,9.95985485426072,10.9621893690935,10.6693490217222,10.7531052126818,11.2473568049823,11.4665395444456,11.2770616901034,8.68794330089959,10.3689129993534,11.0847341065784,11.2077539301857,11.1081944573813,10.8731279677239,11.2452926617314,10.1741502689122,10.3232774695528,10.4324575952309
"TXNDC17",10.4286237236834,9.63323534019733,10.8062308171132,10.3067735717053,9.56185594953093,9.84210840289048,10.0572335029735,8.71087401456957,9.35797600426123,10.3156681328516,10.2292821731915,9.46149721710145,8.807472967921,9.19632289123656,8.66532973896496,10.0874378270029,10.1366968368514,10.5022209126978,9.20279838816736,10.1074948387565
"LMAN1",7.52240907808195,7.27669438877721,7.42814379712133,7.9816843463398,7.53219299816518,7.1208357318897,7.00876806676533,6.32950247875982,6.60509962699114,7.93941769220301,6.66970368143283,7.63915628215172,NA,6.71759786493547,NA,7.10737349474724,7.7865764699584,NA,6.75313183927242,7.86539883432429
"PSMA7",8.83595055649843,8.60151312426784,8.90619364433249,8.64385619469683,8.86784113686378,8.79728683606233,8.95814973611087,8.56441352807784,8.62880974315433,9.22599173776777,8.54444471475348,8.92166862102404,8.22515711863618,8.94316794910449,8.84425970908065,8.82864768483837,8.96692670459593,9.0260569255241,8.63429919089945,9.07976666211788
"NUDCD2",7.33819719419119,NA,6.71296239173955,7.72524208077135,5.8905886472119,6.5817742174986,NA,6.43567920469784,NA,5.96316199515245,6.67117985390348,5.75676578417842,NA,NA,6.43004069844166,6.8555605756068,6.11288396273901,NA,6.03873943149343,NA
"CD9",8.79109884343345,8.98280518036068,9.55045518507924,10.2209349168009,9.75431336832417,8.29523077864528,8.9620097415633,9.21781456429897,8.67283905893441,8.76372663037008,9.73323817631465,9.17531925657301,8.38646618901323,9.39454644567969,9.39177199947818,9.78599183276365,8.24990781852778,8.36581209287915,9.02090131225992,8.90683981159043
"RPL19",10.4198110128991,11.0441762052788,10.3137129914159,9.298548281224,10.6915094301038,10.7276424906725,10.8611330864983,10.8301419904218,11.5228617720694,10.5661033451913,9.52102582834413,10.763920447408,10.4636793209258,10.4784205806146,10.8017579980666,10.3151230911755,11.1855987149585,10.9982823421286,10.9263295163568,10.3789966326392
"DDX1",8.73903647775879,8.13389310151049,8.76121733394132,8.59037104151878,8.88391270966486,8.4561413676522,8.51266753543008,8.22568269907864,8.34659139989677,8.49914080352526,8.60331920907392,8.6749548227904,8.82544813546168,8.68761811717675,8.56571891213802,8.39370845056923,8.80130982621669,8.74004745215847,8.33957849012472,8.85184885958352
"KRTCAP2",6.79484623871252,5.83738001286995,7.04418858710813,7.51893283797646,6.85744556100562,5.89708972621892,5.36974975855868,5.22633355273732,6.23802813108654,5.79470256168034,6.90054408343434,6.78969633001008,5.3637267546774,6.92790106560833,7.0108352350766,6.53352493299678,6.35557239927193,5.80864916629315,6.33131973741987,6.48699715372266
"LZIC",7.31299111269901,7.00441205390206,7.91034010522609,8.02361704682121,6.86017570064985,7.29296023574974,7.41691988833817,7.06655587258816,6.74416016053227,7.28058788392414,7.18731905077898,7.08767105004867,NA,7.05883566079592,NA,7.57814926718306,6.57920665876756,5.60017668653368,7.11699324383714,7.66980799792191
"SCP2",7.77478702753268,8.06780943802282,8.49018750073723,8.10665389539257,7.85921619146013,7.87884200388367,8.63035542747139,7.54147445753703,7.74235149153102,8.21160085268811,8.49913933038999,8.05229092418944,6.96290481719274,7.72669112962654,7.30039448599934,8.41816542968067,8.39564377170598,8.43535820409761,7.54803130426724,8.25360836534497
"PDCD6",9.6332555082802,10.0391345440727,10.8726373918243,10.2758914442732,10.0948578937936,10.3450060447284,9.72395817995516,9.02436390194173,9.83769350171938,9.25223611278981,10.5900915259471,9.82686873743276,8.45855406875534,9.89057077160169,9.38515781707969,10.5148977360088,9.54788057448798,9.74819335019001,9.83166825964863,9.79091272552672
"UBE4A",6.10739953674583,5.91471758900865,6.05993781372262,6.15957187873451,6.3068413724809,NA,4.86897019763927,NA,NA,5.90176449607941,6.61194306541939,6.19480710009898,NA,5.91357353173187,NA,6.44670668404368,5.67177741603696,6.12074430453385,6.09420503276471,5.96467530205214
"GRIPAP1",6.99258300332912,5.53452298000729,6.37715845009957,5.40347036478359,5.91553659735214,6.42821937186453,5.97329697143771,NA,5.3292509319996,5.84929392856577,5.67184948026567,5.52243159823922,NA,NA,NA,5.32250104143293,6.0722318793833,6.36989204438285,NA,5.54101992017502
"PDAP1",8.89278031382995,8.85883117381346,8.6967704340326,8.49844885188354,8.87032288276261,8.51477291868618,8.73456946533644,8.08196954208537,8.88323952789946,8.88017750209764,8.23359621323771,8.56767649132552,9.05723253488426,8.49287020873296,8.16367369705738,8.14214020443571,9.8428332549468,8.50515595459073,8.34805963191155,8.74972250776698
"NDUFAB1",6.85597552417903,9.68791155586688,7.78422988211361,NA,8.22250046699887,NA,8.36003828637959,NA,7.43850155573691,7.49477664010744,7.57616296588167,9.29303355570486,NA,8.11712093130839,NA,7.84853084197306,6.88098645886361,6.75615955433338,8.7079149372855,8.21103797748278
"LUC7L3",6.07445819833419,6.3611151355926,6.28055084971605,5.57094206251471,6.63090862517264,6.18222601759444,6.09734274087062,5.69134778065152,6.65316418910066,6.27574197502233,6.79465142705232,6.54452258711776,5.67605377035867,6.07239025619663,5.20310420944871,6.1846682445265,6.78431698815013,NA,6.15465721654255,5.96828862372486
"SPRYD7",6.26725673885391,5.99264561392707,6.78948629078347,6.9146702342155,6.04012125142141,NA,6.523122828092,NA,6.06949102127001,6.21149150107454,6.85164172238606,6.33989851355558,NA,6.31217494992635,NA,6.73804812072409,6.24600739987862,6.76736913571636,6.10326894828942,6.63863229668455
"HSPA1A",14.1181840940785,13.583671900432,14.3123523711182,13.7567091979559,13.9974451165767,13.3833358531451,13.6642872606707,13.7299539033349,13.5735584233153,14.0445271971779,13.4860888063405,13.7445904959788,13.6274303868152,13.6241134039253,13.3303433102607,13.698909914504,13.6485588007049,13.8390247737845,13.6101732369142,13.8462097952159
"CUTA",8.71482640490027,7.18392710653742,8.37696380220518,7.40466405549308,6.82810540140505,6.48153036140249,7.78427416233386,6.50250514442115,6.51746118021955,7.96615046706299,NA,7.58256569035976,5.88964545493642,7.17350664325453,6.58230875068504,7.83435796608097,8.16482720534473,7.5923840086591,7.26338293776601,7.54272229645226
"WASHC1",5.56035038545534,6.64308543177494,NA,6.10877429435589,6.48376608688433,6.63252268726992,6.48338747698855,6.15160389011256,6.3821702193929,6.77227079770284,5.67905995711038,6.4720654429315,6.33488781690672,6.59374606184691,NA,7.28541119834303,7.31179768372273,5.95153136332553,5.73847130714928,5.92294521497152
"PGM2L1",6.88419059968357,6.38122374059296,6.76258938378382,6.43970390224336,7.38205494078324,6.35357750709137,6.8288479311094,NA,6.47634357704506,6.83744698889956,7.95263833931438,7.1129120195397,NA,6.93994296629532,5.21100382553277,6.99886156407221,6.70488051123423,6.78117567224756,7.44294743576146,6.55047091569638
"TPD52L2",8.50065183727603,8.76708166677908,9.38353537362221,9.5116764359454,8.64248874365476,8.97690900427929,8.91177460923574,8.49035406101786,8.37667283372009,8.49719067937159,9.19182715340572,8.76734006847587,7.9085340621177,8.52066003879486,7.32504806331369,8.57925660848454,9.05632052660794,9.14579384666012,8.81518413764344,9.0028085618291
"RPL37A",8.81349684542096,9.64190216671981,8.38024797681819,7.76356523736374,9.16266057562806,9.30375296541123,9.03917083613017,9.3491613477524,9.91000997968032,9.36042626053322,8.63206982936507,9.49110313747286,9.58805700882552,9.58109329595087,8.1084458812866,8.98610294751753,9.33361557542339,8.91970657453068,9.62042459983601,8.86649588679217
"FAM98B",7.28014245276494,7.20549652029578,7.14760761695762,7.46998667086347,7.62346822117896,7.14887523228848,7.33500345054774,7.3993689250042,7.32717585204839,7.20437893636265,7.31113035112609,7.37310144464439,NA,7.59294701098273,6.75384441456283,7.12224857138931,7.22452681126897,6.8184556262526,7.3838099596824,7.8672161091735
"PFKL",9.99006656695978,10.7693807998577,11.1262390929698,9.47274994286938,10.0703371104814,9.58139850716156,9.55467973407398,8.85023218207918,10.3088992594757,10.0188562401444,9.77229646368514,10.0581122685934,9.00554751195821,11.4982887966145,9.68985946962084,10.7544940509681,9.73148820734147,10.5422816870226,11.5420969729966,9.83722541511457
"CHST3",6.26145209100988,5.42617135956779,6.91432221337829,6.1220371581176,6.34173175060534,NA,5.92741478952648,NA,6.3095685390416,6.3200533536828,6.58108924453765,5.78693486936836,NA,6.03506422119916,NA,6.83905156006936,5.65850476547352,5.32609134722036,6.42596016898333,4.42947117502634
"L3HYPDH",6.27338285661474,7.83263937133602,7.02422108149533,6.75441285966893,7.09705634110703,6.81420248188029,7.34238805836745,7.22305905162398,7.21238250233854,7.45401808807535,6.19317131892342,7.15257815233372,5.33020541377772,7.52397232634154,6.21722480326545,7.3701744128965,7.18901941140549,7.24554413137228,7.50482347252189,6.82674931933514
"PLBD1",6.81756706902929,7.71897182070966,6.99831177839864,7.13497427974841,6.44829603880582,7.04399282956047,6.92748177062987,5.53304460840596,7.02543734739399,7.57184732960999,6.95552780798545,7.82563895400117,6.98062613322922,7.34206757284835,6.48665638816998,8.01741727948729,7.05320154204901,7.12000078472647,7.49909640053979,6.78602315450716
"MAPRE2",5.67910965170952,5.55841965161824,6.8290198768078,4.80788058738617,5.62903400096012,4.10994530367142,6.16628561001235,6.29242666452075,5.69811574208639,6.90524363717865,7.31622711990603,6.77848672712847,NA,6.41918702835538,4.08672516951278,5.75785713388975,7.20226322855818,6.46881610203529,6.14761133597305,5.61105019400753
"QSOX1",9.98038698195483,10.3700575032502,8.89806278021222,8.89738338406851,9.48800981230028,8.86717729326512,9.42421958325329,9.23621084366531,9.85007671473199,10.2752300929891,9.18869917459156,9.77408576431167,8.83294191677961,9.34136235967075,9.14197939707407,9.34398889368189,9.41876052814813,9.36787429035076,9.75989224401646,9.99803841382075
"SYNM",9.21276941722551,9.21091126558229,9.30040239583226,9.04967730466185,9.05187154614898,9.32288481961637,9.21126830709444,9.04653302283728,8.93506490094048,9.09404423226915,9.36257714580722,9.19363650675724,8.50576196805746,9.0773944196399,8.32153095068288,9.47063213907627,9.23743622085017,9.2310909070519,8.98958939962017,9.25658682956848
"ANO6",6.90560330188172,6.43201221500129,6.0933581303946,NA,6.78747636223682,NA,6.36069638907815,NA,5.39990299247827,5.89010401368721,6.88660600168662,5.62661407260494,NA,6.31498343887957,NA,6.90879168180485,5.42717447626656,NA,6.12383212670728,NA
"EMD",7.01075708510066,7.08432459616466,7.09110484005342,6.81203596396474,7.84511721885253,6.86857094428734,6.33909265951662,6.4480932391783,6.53374075323846,6.77995938795552,7.31496093128113,6.67089159478661,5.58178816055563,7.28482283537303,7.29883241591425,7.26262249848593,6.92279655459822,7.34750917659939,6.78552442257376,7.54372016962201
"OXR1",6.50701016622494,6.90616538137651,6.73123742807953,6.11994655029344,5.53083318562485,6.81128568214954,6.69615155969297,6.66353434168446,6.91763755280164,6.80114060448846,5.85260768695822,6.83868947284973,6.58025638439189,6.29128261546457,5.90905627283414,6.76759588496023,6.44271109425387,5.97704903810659,6.45189933878057,5.40285483375563
"CLEC11A",12.3633471644532,12.1944891942052,12.1656979974644,12.0628450238624,11.7813035264097,11.4005396979015,10.9503669875183,10.5376069627771,11.4310937744137,11.5755046515758,10.4778595399428,10.616931539351,10.6496092067086,10.9509133138038,10.5072711582538,11.4714748117196,9.20448693111183,11.0982311800577,11.0667369866263,12.21213692059
"ITIH1",9.19898060938737,9.99886227042883,8.36795777670067,8.50358554792415,9.89946379211824,9.86779944073831,10.5285306171328,10.1397678118862,9.61813331614427,10.8222891584741,8.14210506571861,10.8393561637005,7.89009843458446,9.85291606624689,10.4939474463303,8.74230113653721,8.83306307536289,8.82893851022719,10.2061826971602,9.38931548147992
"ALDH9A1",9.21998903344057,9.81317043918395,9.80120649080465,9.32158331327607,8.8862523614189,9.60496814809679,9.40821201448927,9.24920526800251,9.73934300278227,9.65462612994613,9.60997776111565,9.64676326224549,8.80454377385084,9.78325785604149,9.42313605904762,9.8592183665121,8.69177100824624,9.39413227215459,9.9310189074995,9.66843621994894
"S100A2",6.5919243894373,NA,3.95134195595013,NA,NA,5.79486843827723,NA,NA,NA,NA,5.65454311473403,7.05206397431589,NA,4.62099383308117,4.38316252689547,NA,6.56226275272473,6.54325581954742,4.79295899632749,6.26005732389369
"ATP6V1D",6.92534136886492,7.4630809615329,7.19703623134285,NA,7.49079702883613,6.71192970900056,7.83466622062828,8.21025533100728,7.93867309467134,7.74950151447147,6.98337248956394,7.46253382943836,7.75023507246056,7.84945083710007,8.34861480164279,7.48153909060066,7.37455008783415,7.28214579954911,7.98095754895684,7.11231425393731
"SWAP70",8.62002534643965,8.19770063173589,9.00980700480666,8.39689781537755,8.44776867170365,8.81597353102326,8.93247968503674,8.73737505586316,8.91652987960076,8.604441498678,8.11814691169444,8.85636787980758,7.58541221282516,8.64610918828028,8.32424301433288,8.03777313355351,8.9209361646518,8.76707259327908,8.8848025725028,8.16359665348693
"THOP1",9.02909303496797,9.07259706685154,9.15680933161379,8.63375035428174,9.08998538977382,8.97956615880646,9.09093249942984,9.2064598685273,9.01577498104515,9.43946131010785,8.73361054721412,9.13382879333486,8.34239191224581,9.31808404161018,7.40865224812013,8.87406620030575,9.14525437218087,8.51100780499391,8.74790454585428,9.17686385126136
"ESYT1",6.15015524775875,5.70393582208469,6.0479339319283,5.85361739074734,6.09196010321084,5.6688178795697,5.11042244719203,NA,5.03896535671368,5.6997997089528,6.44622049729545,5.50786519347186,NA,5.69581251041592,NA,5.81614424720323,5.3600875574196,5.85771296189658,4.82105367756292,5.57360415380079
"COL9A3",8.97734168809079,7.72762913442419,10.1884105570115,9.7093077431947,9.58283222385777,9.46789470310473,8.09483300068159,8.76053160242341,7.48700406470832,7.49621839053842,9.79852819280854,8.75382645787326,7.12276329842237,8.02292641526804,7.37351428156261,9.62847951800755,8.63440711376982,8.86228951730403,7.45006951356261,8.64626427044219
"TXNRD1",6.76992845707383,7.34306522399843,7.14891011302722,7.20381262282965,7.54945445530642,6.67904707319227,7.26257063930273,7.42959810773963,6.74694023486873,7.66122601492357,7.63631225597964,7.54010707086098,6.78498078421523,7.29422727687459,5.40379034837588,7.04636470740673,7.15917928094473,7.2021626415575,6.50115955460346,7.33297617145587
"PTGR1",7.6642464209708,7.51600555894739,7.26297590467331,6.64774115361015,6.79997917118995,6.27103556894587,7.31573369945293,6.77927921124693,6.08680138209075,7.76523046230941,6.32361960898604,7.14550364061644,7.16178263571349,7.69122329509374,NA,6.92552724821848,8.14625413848493,6.98860172901902,6.93190680338541,7.5674253059518
"GALK2",7.95736330367648,7.89364723205117,8.24196860644473,7.57778613752583,7.423371937337,7.86860212021984,8.14366642151186,7.79469940773843,7.95188271521259,8.31677413549229,7.72936802462709,8.20686210917637,7.0658591798151,8.33247584804422,7.84612124014128,7.98636321057693,7.6973428413768,7.74930477378776,8.60089258700219,7.57825225111357
"PMM2",9.10143688331343,8.74557777899118,8.84382489659972,8.50084451050957,8.65211711853267,8.45833580482813,8.74348559850232,8.09532925156342,8.47385782190546,8.56394404165173,8.53745722066317,8.64879039785986,7.58782777789333,8.80436142058117,8.31009480264094,8.57445089559495,8.91457518039851,8.83692701559473,8.76963043818626,9.27827790952558
"MCTS1",9.13611418880926,9.05956721972906,8.16368645686576,NA,9.43811421049745,9.68549292955727,8.32443361499692,7.78843349177606,8.91404889857874,8.12051226454457,8.77981040678541,9.04629016057071,9.05330243704821,9.13497508036371,9.70925128202165,7.90757141517839,10.1678743194326,8.40642136721349,9.24459182690307,9.3760629228492
"RHOC",11.0604150850508,10.5573378427684,11.080855641741,11.3993159348272,11.0427210983907,10.8453353535082,10.8395573708247,10.7122104307409,10.7268039796239,10.3718773089908,11.3064885209141,10.395378653605,10.0257179207701,10.6061353823073,10.6012326960888,9.98863729713545,10.8571849603725,10.694919004066,10.7449331169004,10.9420421677009
"IGHE",5.32683375074498,5.27044222999194,7.47567919356574,7.98727846817568,7.17215154501354,NA,NA,NA,NA,5.96847072139112,NA,7.71857123804459,NA,5.38098837252987,8.14908381007854,NA,5.53401649176773,NA,7.9675594859545,6.66683042527024
"ZFR",5.26694708502048,6.03146526590676,5.68001085222201,NA,4.61309246055732,4.74812820854917,NA,5.81473685433678,4.87494967908449,5.43591154018795,3.3777182297906,5.50172251638787,NA,5.10297644406517,5.19767764502566,NA,5.36378884598757,NA,5.54203020931809,4.79790890382132
"PTBP1",9.7473091351555,9.30190311959684,9.85717059800604,9.4769444115718,9.81705511253156,9.39552114893915,9.25271594325894,9.40050335765099,9.21105621453704,9.47243248162609,9.58688608470669,9.81138601340786,8.84605990401504,9.74810417550223,8.60744407855301,9.32261148417355,10.2122090914937,9.58750948956343,9.35609962315769,9.93746178750241
"FAM162A",7.54463626794122,7.87731386265784,8.83678860317395,8.42164682429413,8.0384564539989,8.96457468940957,8.38522722309699,NA,7.86105128643406,7.54897510774539,8.85309198203616,8.36248978457556,NA,7.9443797263405,6.88639345086379,7.72539645523326,8.4182007897458,8.24847680135357,8.21772965552536,7.9929676734584
"LIG3",6.08509283905114,6.30478763430581,6.24923843310928,5.72831866751354,6.86729716391583,6.72383368064736,6.66599582654282,7.59786321154126,7.12314310854045,5.81493968541715,6.22277946262985,6.23442583271307,NA,6.66689052288556,6.47252176649682,4.66889592726833,6.44988195508354,6.45662535856297,6.49565822150742,5.74396253193181
"TBCB",7.99118577050036,7.37607847055409,8.25769325363935,7.29699366273282,7.37175750355439,7.58111658745688,7.44010949288209,7.121087198603,7.15368922528013,8.1918223118247,7.43789999029384,8.60574135162366,6.21292014887132,7.33209151232538,5.58847862955444,7.56064934571317,8.40307216616966,8.13651363644486,7.44438654199557,7.25504102702985
"DIPK2A",7.84551503534801,7.63769090067813,6.90332247814222,6.59618188510665,6.72188096456801,6.02181509339525,6.06752461020658,7.4404127134022,7.78797046712522,6.72814476911454,5.98992830909509,6.59748073098421,NA,7.65630853491074,6.83814134162771,7.6065693518169,6.94704559891128,6.69417846819021,7.37245240533989,6.48273314609982
"NPLOC4",6.23348886637182,6.49004817475196,6.5491340944832,6.70977466436194,6.22344599914071,6.52072307677415,6.36795278968507,7.5772564270703,6.26735317008497,6.62833460206973,7.102971327174,6.5008250892701,NA,6.56080095469708,7.15323646289102,6.74900188835708,6.28884252243058,6.03010439847191,6.52799583592874,6.78715345324812
"RAE1",6.74661222222183,6.62930127379775,6.6413034634262,6.4043409741441,6.71556889633511,6.89238105411595,6.73298551354287,NA,6.43131416415282,6.79968348538817,6.78796584224934,6.83361368950478,NA,5.84057524328877,NA,6.51632913123899,6.80334858331856,6.48979995628224,6.49968206980164,6.94458628469898
"ALPL",4.65813308923707,6.39594342341097,7.75424424856126,6.29768830775856,6.24208221958283,6.35933659041275,NA,5.87617914331834,4.98828151646142,NA,6.93728890461149,5.9268998656249,5.41568513375248,5.09405132349211,5.43064480203079,6.41900789150789,6.07047899683407,6.02253751703421,5.36208783756845,5.97082661708867
"MNDA",7.96671201790821,7.11728646751055,7.033059719412,NA,5.24536371232024,6.26862744961112,5.6637877358015,NA,NA,7.97162508113629,6.15586756303018,7.56192037340292,NA,7.61385561125785,9.11123505678403,6.90072947627836,5.66159268637855,5.82222173532408,8.45044847184524,5.48125448803246
"MTURN",5.42083524449233,8.74815208545254,7.56483123255313,4.6812804611341,7.01174891614162,NA,7.88231423449213,4.35757206682175,7.33962505886364,6.1920556928926,7.23967098716195,8.3055028476151,4.40889203151859,8.13958154601724,NA,7.63694465475022,6.40841656783904,6.58223091007498,8.87902841640252,8.09792268436612
"NCKAP1",7.85044731884945,7.48977512580867,7.69799880907223,7.60686331360859,7.52036214372061,7.10262621307248,6.96790870456399,6.82900337348505,7.25334857007411,7.12960966141129,7.90109399957589,7.59855053515989,6.37633349671786,7.33344860134741,7.55815112164093,7.54123566888903,6.97611108627806,7.42998021341933,7.69702470315838,6.98911701370938
"PCOLCE2",13.3672524337265,12.9634582391043,12.6250511425259,12.5816855437691,11.9916219505394,11.3922767333427,12.9092352151256,12.387793701367,12.7059354229796,13.2154038402998,12.4236480730759,12.3623785268385,11.9476569789381,12.1695188014241,12.2246554920607,12.7684497663147,12.5110680229622,11.5524485794771,12.7647603023893,11.9683666291614
"PRSS23",8.0536887848422,7.54265980656974,6.59670455334556,6.42071372215984,4.90782790970301,6.30487345317741,6.3620933544223,6.93754789205535,7.39593003912449,7.16549054327625,NA,5.85588584316645,7.26966932810821,7.35998268112433,7.16955064546018,6.83723879338737,6.76636961555334,7.21630268728419,7.63791304214091,6.97539528359929
"ATP1B3",10.0033427636458,8.88677825783734,9.68426970224396,9.32461200538045,9.72271144382258,9.33840477262708,8.84171828236198,7.89819785240952,8.31193378489766,8.33889072442656,11.2645886054631,8.65248878258569,6.90710324585323,9.20305786694243,8.47299433701813,9.69557471942755,8.79648507316458,9.52310544079137,9.01522214533531,8.72329866684699
"SSB",7.04338617048359,8.38469956855493,7.35327126856302,6.93597944786416,7.32119800005831,7.44682898985614,8.04564965784104,7.43284902250243,8.28535174108504,7.64519177943341,7.19010566132163,7.79963865148897,7.18331631668793,7.6737649106751,6.84703768595665,7.03140502327275,7.33231693744315,6.0454075442352,8.0589564687577,7.63177065168726
"ACSL1",6.13413111585276,5.74034984113347,5.93755887145864,6.1336528037011,6.45009001473215,5.93966146515522,5.66007465842298,NA,4.91426258342893,6.0517676026189,5.76630111622953,5.22785133469421,NA,5.90284577847929,NA,5.66005192979088,5.81203781605826,5.52492700614859,6.30937745686763,5.70557601151337
"MECP2",10.8498750001082,11.6310319949726,9.7742766499691,9.57607091552211,11.0814452509804,11.099417228228,10.867967871254,11.2691208138446,11.7644015285023,10.928710863711,9.45269572685783,10.5241870077319,11.485939312495,10.7238641202553,10.7136927381655,10.2857463187885,11.0937786254477,10.8137245502623,10.9090837212883,10.8985474825022
"TBC1D15",6.85826733585666,7.62162049806652,7.80268339040891,7.87549531239329,7.24850434836219,7.75577229080913,7.79455377798114,8.35022394770999,7.96054600887592,7.26431885045302,NA,7.52080036468288,7.68269588208866,8.06675643355969,7.89978169648127,7.0142042246694,6.50336332330672,8.01926947819362,8.01761812314409,8.18104528395474
"GREM1",12.5599476432456,13.7194324085429,10.7754072744799,8.61161457686199,12.2041965485173,10.7350174042286,9.54488488640345,9.13116360396962,12.593977403862,12.5809909640616,10.1091727483089,10.4980102110015,12.0445121564249,12.5481938650251,13.3028288389463,12.6212834845522,10.4321171539553,12.3365167316042,12.8806863183139,12.4151670794819
"HMGN1",6.18289775409082,6.68283208617044,5.61380633343056,6.18511724139987,6.50012276595111,6.2541661475496,6.08157528354603,6.35161320902234,6.10214941957083,5.2988141191828,6.02302844468605,5.81600495091208,7.37213130247983,5.89591110842848,6.77529978692438,5.14683996193955,6.75275440379348,6.57526739793491,6.00811802003811,6.56373720536895
"ACP2",5.12865067848194,5.36408211016802,5.95642652222774,2.86241471878548,4.24523629610731,NA,NA,NA,NA,6.204539027436,5.54340687825256,6.28908041713438,NA,6.25842823803131,NA,5.53365568120291,5.91862453929094,NA,5.64677506960119,6.32870516123962
"ARPC1A",8.12308372323766,7.45548691400412,7.64864026124893,7.92952051729052,8.39103267794752,7.82869186406346,7.7734879796827,7.97730389616501,8.00820047756779,7.73814346641734,8.01317118913902,8.35792051522567,7.40744356226161,8.06495489604518,7.16635309273429,7.48013363587098,8.34453282171028,7.50910907091976,8.00621569228999,7.88150324242523
"LOC100050760",7.64642015958394,7.80577021287844,8.15834979821027,8.53149594090865,7.04490356846161,7.13232634404947,7.98294742447662,7.31177581331804,7.46287347232771,8.49518087531419,7.01316480265591,7.84711065783584,NA,8.0349466687073,6.19791696314472,7.82082531983598,9.00204641891713,6.1276954886647,7.25797882412398,8.07437159218906
"OTUD6B",4.72206840103859,5.82551614137022,5.99650443307888,4.59540783750583,5.67362483249198,6.01364033445118,6.00785456649101,5.98339358232403,4.79016456984531,4.93039548948443,NA,5.63678257448385,NA,5.99258833426656,NA,5.45174682129416,6.52575546950282,NA,5.08134823809755,6.33953846991011
"RAB6B",9.62354382315357,9.5500421295828,9.73451634293638,9.88252850022051,9.49152774585668,9.59286390810753,9.39175355479851,9.86536372578674,9.71859365869207,8.99032708776808,NA,8.80004137309303,8.23532353885942,9.49150339609421,9.37550164182758,9.57450002168309,9.32509137706259,9.50698831039332,9.80033280038125,8.82927977768284
"ACOT9",6.30668928140505,5.89144459451425,5.48133127513189,5.4935210554636,6.09387399428865,NA,5.5308259517529,NA,6.16248923701682,5.74554240643284,4.93693528476916,6.06043583799659,NA,NA,NA,NA,5.82209080538238,NA,4.66043876507346,6.23304215467427
"STT3B",8.51773197233283,8.79455972889897,8.4980043629721,8.84387599910422,8.64103643874894,8.57203022440037,NA,9.3818792884651,8.19100218486052,8.39997703527923,9.24011763054477,8.65689085604646,NA,8.43510313105415,9.21109344202327,8.63402067587464,8.49778598458267,8.29923865689533,8.34425349265467,8.8813009972666
"APPL2",5.94638001671953,NA,5.82288904286867,5.56637116705658,5.43157332926288,NA,6.05853174084716,NA,6.50964482466182,6.18566376149896,4.94770624564538,6.40730967065757,NA,5.41033313698105,NA,NA,6.26054168032121,6.23559301241789,NA,NA
"MDH1",12.8365092135655,12.5861990787811,13.3469130149409,12.6979679115027,12.6745301671745,12.9439355119222,12.6919168287359,13.0592004471784,12.9575310287348,12.9604394258048,12.700239539578,12.9399055615638,11.4980297743641,12.9941963437174,12.6868337798522,12.8441775923989,12.8879952212586,12.8780981868025,13.3149006052337,12.9515317308882
"MPI",9.95548784823521,9.83383211105323,10.8893222706408,10.3497048746147,9.92513575640872,10.0699101696824,10.0063588172042,9.72681396019758,9.68695020014103,9.9977971613954,10.2108997621235,10.2049416943766,8.51676221082509,9.8398401472915,9.49995866047497,9.78272460063428,9.78762710075943,9.42856799176055,10.1716413925931,10.1728225853307
"PPP2CB",6.5992625827482,6.89987044886565,6.70891948351048,7.47429176766152,6.80990140586028,7.09433757213595,6.4201143696369,6.2059442679127,7.45271381750633,5.63790639917823,6.65673655242477,5.73668355654898,NA,6.85288372356631,7.1630006136504,6.70614611394153,6.62472998051889,7.07790006033656,7.04179245534336,6.96257584226927
"RAPH1",5.95009293951867,5.78280189076268,5.06911206341037,5.62409497149293,5.39168384515707,5.30524594671452,5.8430951356437,5.16022962178689,6.06531909336479,6.02039122938589,NA,5.31473965128922,5.0111078912794,5.82164727060441,5.9526049751703,4.32529844183967,5.61324358685968,5.5407327042512,6.11967804706556,5.39327092411198
"SSRP1",7.25445017186243,7.71775322602376,7.41856100601998,7.4009798764288,7.64786297772562,7.83888380527047,7.91354862051513,7.48474850477976,7.64877441038188,7.5926365014649,7.33230563883212,7.76463014070126,NA,7.65118916086751,7.65872540947204,7.2611666748676,7.62330286069343,7.25459731261711,7.84568787533708,7.71674032039907
"CRTAP",7.68716597277047,7.39841821279206,7.17202081489134,6.6985118642088,6.28710237691248,6.33324426834883,6.22931965358606,NA,7.0942860707242,7.12186075663266,7.1842089008684,6.41603835547331,NA,7.0168665153535,7.05390196958001,7.38388220108529,6.35734623473634,7.16951960486528,6.99469635634841,6.33810134163316
"XPOT",5.29939082928036,4.93758978681562,5.18523933257877,NA,5.37088460511459,NA,5.19439661269103,NA,NA,NA,5.41949853034706,5.12521049567402,NA,4.43368657320206,NA,4.95566746795016,5.1310404120835,NA,5.32951591189125,5.64491421305268
"ADAMTSL5",8.49451002913829,9.10666175158097,7.2027563894821,4.20992699582125,7.47582338575094,6.59388219585062,8.29913568977298,6.85334959944071,9.10867189059011,8.21923984976893,6.58757737023021,7.20873523335441,NA,7.63802848015929,8.4046459898338,7.82517591928639,7.15791237425903,7.19746584706723,8.60939580573527,7.47727044817833
"NDRG1",8.81102600595425,9.00185409936199,8.98497630768139,9.37996423010934,9.1353247300048,9.44169364443117,9.62806826334179,9.00810429206719,8.68247070750689,9.60832455192854,9.64190048032488,9.49807925661911,8.30408374404001,8.96005022535605,8.40221691457178,9.26833284258838,9.97855130486894,8.97910837294953,8.88938298596007,8.97284558560587
"NTHL1",NA,3.97200801245601,4.0598899623439,NA,4.88887569534372,4.64691175847135,5.07685506841112,4.96060450593723,4.883299164731,5.16455714280005,NA,3.7360718700085,NA,NA,NA,5.00752084091179,4.78369952397747,NA,3.76170964249796,5.68489424300773
"NUMA1",8.27345188975972,7.97802948838983,7.73394740481053,7.39018964105392,8.41283414720718,7.60223012659985,7.23546295124041,7.41098965013503,7.66571035965911,7.36180709358225,7.72209659189773,7.74414164477223,7.30466585010021,7.7349152723889,7.35038497758802,7.60996385487199,8.11800932969604,7.84055409862686,7.3952926996921,7.88268612740365
"C7H11orf58",5.45004177328643,6.06338038595546,5.81266280300303,6.5520628037222,6.27524891723485,5.50500753172357,6.35740112622505,5.93813179908805,6.2573238311318,6.3501608325356,NA,6.00304022545431,NA,5.71074075991949,NA,5.21423801915099,7.2537001404583,5.68923395475244,4.62414588155979,5.94259150765379
"DPT",6.89251598709161,8.30713204919864,5.95970419226731,7.52461282817972,8.53787522615486,6.47512269498402,8.12254851226301,7.54865270808618,7.38055453535231,8.71026450803999,6.75971964022638,6.82859191143837,7.00962774934126,6.48860107320829,7.39822499134362,5.38465937460727,7.31037083400292,7.40358209894042,6.28109144604019,7.79918465156885
"PPP2R5D",7.0166086673297,6.85039413627368,7.01716729233227,6.95107859542596,7.22672293786581,6.48933757746572,7.27275663035413,7.22795017826629,7.0405490066129,6.68721849721697,7.37899592329867,7.12239380104199,NA,7.18426917569263,6.44695654288128,6.66321129293193,6.95450820059411,6.77965153143102,7.13975059623918,7.16798587599853
"SH3BGRL3",8.66275754395281,9.41849856095407,9.64771606274091,10.6951202972608,8.34373812474663,9.1702536852207,10.1432871650267,9.49092348981967,9.50628002047909,10.1742767916961,7.82252524064611,10.0289645410797,8.97745953396119,9.63937610004146,9.06668182617708,9.82886542371862,9.32235252502517,8.5465941540191,9.59764470742248,9.56596500963302
"G3BP1",7.72370007350176,7.28880084684699,7.19279496785021,7.48850526907539,7.44327453993639,7.60691319037791,7.32271955547198,6.95200577847158,6.89023083960967,7.16818230992167,7.32894877199967,7.24073754123889,6.25226469198831,6.88258372774422,NA,6.98190885825119,7.77337334979229,7.88080647635187,6.9410922901399,7.23913833493468
"U2AF2",7.92578470589747,8.54368855532799,7.06931929677783,7.18246758340635,8.3236494103713,8.63290920115357,7.83853036631059,8.88616743741546,8.67494845642798,7.85020780957855,7.37751157632806,8.30009454418917,7.98577611475478,8.4034972100633,7.40308281768622,7.40348991698599,8.52898231173304,7.40735905338024,7.71562495057085,7.90269818791997
"LDHA",14.0070641222792,13.6517438148378,14.4915143082716,14.275241184305,14.1057551184649,14.4075285536455,14.0127976282831,14.0935812594613,13.9955992478602,13.891602066851,14.1535729955661,14.3017713187011,13.0742896875981,14.0003755884577,13.5024127738256,13.8514842614541,14.0160394360682,14.2586280863203,14.79887147085,14.0847255140116
"CDC37",8.62250587447621,8.56193895505494,8.73897644285195,8.01570084655489,8.49457447651692,8.55610830526151,8.44588660782152,8.44145750160934,8.48959546206213,8.77754948585415,8.11171807612409,8.48928385305841,7.33899215946257,8.46464652998845,7.33800324836459,8.39796910523188,8.96447285705398,8.27727154692177,8.4619683585194,8.41876534598509
"CNN3",8.08326839855431,8.30894985905048,8.5702748069713,8.86539837811122,8.33507243538627,8.27090482344981,8.5512745944959,8.58683070599421,7.95319443010425,NA,7.88204942073685,7.11547991613872,8.11364816499143,7.86524441008203,NA,8.2472464544938,8.86339190348962,8.67202846640613,7.75761496280312,7.84276971890739
"TOP2B",6.82263398638875,6.85824068350043,6.33781767469541,6.66971959557307,7.042336726063,6.29196527040017,6.02175797037692,7.24731584890029,7.35927879798119,6.33464541042995,6.25094648319917,6.580807923575,NA,7.00079072991847,6.64652680588267,6.13246525198577,6.81357304529321,6.77134186977541,6.6992613788638,6.99827253881848
"COPS5",6.86818619687168,7.30138169055681,7.18003490330532,7.0435508229065,6.87170565247521,7.03340595681009,7.14201960831333,6.69661185145638,7.08503952087526,7.19118310887485,6.97460575181152,6.73107901513101,6.82935588648821,7.25217866560395,6.23196102811883,7.12749221882778,6.85818921894723,6.75972251638829,7.41160066387108,7.26892093471537
"FERMT2",7.53602535529538,7.68749226594976,7.92043306523626,7.73228466318758,7.84136767082297,7.7186888718089,7.69268885859603,7.85647772793532,8.08377256444545,7.84822728438802,7.95649610683859,7.70132161119232,6.96965520378433,7.83137355423905,7.74117669250397,7.53353811016072,7.72094973773542,7.75097580288381,8.47333271316466,7.65370765701452
"SOD2",11.7816203796223,12.4898599848441,10.1754491649018,11.1192036092492,12.0207758874588,11.6641818642159,11.2283215277921,10.4030545467892,11.9616791846573,11.7644677870569,10.0813460601708,11.8959246503356,10.1730635259725,11.8267060318486,10.6920646906604,11.5005296711609,10.5059556027447,11.257711739996,10.8873994282413,12.771968577934
"CHRD",6.00468318885392,6.99252094508332,NA,NA,5.12051576720818,5.99320806334089,5.64710395289964,5.82617808157761,5.01730572642137,5.83034635221376,NA,NA,5.98054573337926,NA,5.1286424178988,NA,5.48741476016051,NA,5.8740961301078,4.56545680091593
"SHMT2",7.47560731129463,7.08556351084165,7.81886132030088,7.39932037534652,7.78284375153182,7.83491278138868,7.64376136812999,7.215445848379,7.13321783315602,7.42390128860734,7.25237511097611,7.44229456441173,6.99260863762465,8.11501244239734,6.35491412232311,7.37917343775431,7.49483057398707,7.76213066547087,7.33887284732668,7.24647658731675
"MRE11",6.08067691966523,5.60403633599601,5.84358717888616,6.09834824484869,6.45503803219974,6.29350376378919,5.70007043085569,6.2514958282674,6.23391351568539,5.6487485227728,5.92864961075151,6.23629434843974,NA,5.99500753625636,NA,5.88692084956586,6.32122388536728,6.19645263546382,NA,2.31477323625177
"INMT",8.00776471785849,7.71650528715698,7.78007441609946,7.9243951147482,8.81090833853625,8.38478113924751,8.23980944610516,7.51866805938204,8.5141924921041,8.24739192388213,6.66252630716404,8.05094209342066,NA,9.1472842532526,8.3462859882967,8.02377280904369,6.91562964043799,7.85142561715308,8.94588368092969,7.93386604067319
"JPT2",6.30512920721348,5.69552741521071,6.61363653793673,7.00499441122533,5.93926581795983,6.42017442273345,5.9948773269059,5.14521402566885,5.33437986113334,6.20643186119838,6.10973728774176,6.34416012480279,NA,5.6658687555032,NA,6.23315836955134,6.96497967034916,6.30815562122008,NA,5.99422006462448
"DMAC2L",7.30083709303697,7.1162004306384,7.38816820436369,5.26568053270671,7.26981425858736,6.98300503995818,7.49957673160029,NA,7.39786585326706,7.20859882959505,6.82354631852363,6.78729375869933,NA,7.23196808501479,6.28507124107973,7.25706081159399,6.97960477400659,NA,7.23056681914748,7.4967408576613
"SRSF7",9.72323862060522,9.94026359720645,9.40234479419408,9.21740896238871,9.86772186445935,10.0305283881568,9.80761601410886,9.99614443694897,10.2751778002614,9.24021644507983,9.72387966934328,9.17010818653626,9.84366027548566,10.1192867031398,9.77160160841377,9.94317268062786,9.46150963618208,9.43256787766662,10.2497310399209,9.87812768857731
"B4GALNT3",7.97630506251612,7.87577423341569,7.79820167781338,6.71131556414484,6.71706399649217,NA,7.15723338533241,NA,7.52875454092363,7.48597264690854,6.55778922481978,5.98690117617543,NA,7.5807727140021,NA,7.7963763894634,6.27874718461546,8.02078728300167,7.51770738748045,7.03323615253824
"HSPD1",9.29373529604712,8.50065599181436,9.5178307439567,8.95667310970911,8.87324501696746,8.78092907742426,8.73083761164257,7.72553050581941,8.13002230221827,8.82430535507696,8.85022204408058,9.50450017904184,7.6642464209708,8.39935220890846,7.99978100767171,8.52907718196921,9.36287346216299,9.41212144526166,8.18674989041905,9.24595957027018
"SLC16A3",8.65547864371137,6.53184068195664,7.98105469237496,8.28021095389975,8.40672019262069,7.59396990428596,7.83173994290344,6.37032039526467,NA,5.82017120872713,9.15184303769287,7.64530580029933,NA,7.53518339648098,NA,7.93969504352971,7.6081738940134,7.52718718462167,7.83654090410779,6.91835111289887
"LIMS1",8.45654505970668,8.42120445136144,8.64558243670194,7.88711544750971,8.74270195087619,7.68705235595621,8.83937406976343,7.92911729411871,8.52854290630811,9.17216121322473,8.55345939980173,9.27492414064026,8.93723523703383,8.57899121569616,8.74246214309864,8.42572655951751,9.11277159198023,8.78123233194096,8.83575132259094,9.04081721915361
"IPO7",6.87403881432986,7.14306537004861,6.58399253307359,7.36666426351285,7.0354539865175,6.92524630969722,6.59961075208941,6.9181282236484,6.47116293940729,6.36488231625637,7.26129241332014,6.5046861931314,NA,6.93390267951017,7.10705458363351,6.68002174954072,6.90052914948619,6.51049995377782,7.12185450034064,6.84117054429736
"SDR39U1",6.30803641762953,6.89849774065865,6.61239071361314,6.18062089742777,6.34022211234608,5.36059573416145,6.89771837695337,6.27293774047947,7.43573788030819,6.61190857468181,6.44983131180157,7.33614450390488,NA,6.97355639423797,4.41600802109753,7.01233464358112,6.91742796051578,6.5044274670814,7.11954357240872,6.41932016385179
"ITM2B",5.02887062886394,5.85224078365382,4.10181451768473,NA,2.83828856474179,NA,4.66385753116725,6.41308433714859,4.81868956677401,5.4816611076823,NA,4.6825130935191,NA,5.54174232711231,5.67685292158661,4.53196622490414,3.23864030009433,4.78047866584788,4.90016485060156,NA
"PAICS",9.71600313582203,10.6216529258222,10.7976983402814,10.6417286907811,10.3219251678651,10.5692487622967,10.2797084595212,10.0526988549664,10.6058225328891,10.4514089848624,10.511658733286,10.6923153049286,9.16037331542261,10.5749601462459,10.3153574904236,10.6109897028305,10.0261193996655,10.1348125218562,11.057171132219,10.5524424523706
"SLC35B2",7.63339073996128,NA,8.19901494110242,8.0138847860443,7.76893378421966,7.23519286126647,NA,NA,6.48456630637894,5.59342819817729,8.41825805145506,6.63349506170436,NA,7.2504378044265,6.97449617581642,7.30372400866791,NA,7.4923497511619,7.16409551704476,7.28858300921477
"ILK",8.21471183097434,8.76383737589448,8.60454874519949,8.46391210433916,8.7065063023698,8.86381374579482,8.82207961199735,8.74830762198803,9.49223183848542,8.66579392434257,8.57110266423363,8.3303674929512,7.43250261776026,8.77017351667728,8.61988467286067,8.45453064147492,8.69554940654568,8.46431233263815,9.19590765964713,8.84150539689879
"PAPSS1",9.97168019094924,9.6044090812197,9.57049354277983,9.09462382531419,9.69636430093268,9.69342416043263,9.24016654714668,9.03174829707123,9.30968508007941,9.28966628949584,9.87353791185658,9.67086645978072,7.97246022029837,9.87748039016213,9.32955658582863,9.27141041427509,9.32987429113965,9.76560529200598,9.38185679122191,9.35090801751415
"DDX21",4.77112840101294,6.74969802728077,5.22173117616146,NA,7.19708185613695,6.61259244174834,6.8529646324993,6.47966865310748,7.38901084808219,6.76317748384111,6.03622842085367,6.97007223173773,NA,7.37838566720575,NA,6.36621910919915,6.88902492440231,NA,6.65665677592547,NA
"ARPC3",8.85908427613992,8.79037907742026,9.18249215641776,9.37692043225937,9.03370685427734,9.04134604826472,9.01854362189202,9.40680798465395,9.51173395875519,9.16046138222307,8.94586598163134,9.43829544193482,8.48385990449986,9.3501459887603,9.24468114835097,8.7952504232717,9.12519749962545,8.92748070571392,9.50672673828032,9.11329779380541
"EMC3",6.15722540516958,NA,5.76615264659691,5.43752573919839,5.90728531292119,5.41145623286364,NA,NA,5.70723201193827,NA,5.92320201455579,5.71746700407603,NA,NA,5.12189863490852,4.92102163220889,4.86621090929893,5.96366559171378,NA,NA
"EIF4E",7.03846225128099,7.39354956716458,6.97165201698634,7.28552635656479,7.05793627395854,6.95333643925944,7.41810556765968,6.80749330043197,7.63919817794402,7.4758579472765,7.28447100360225,7.18378535506046,NA,7.53901911585243,7.22026368958181,7.02349277342086,7.42933649513603,7.51549476313127,7.39713077958759,7.45149746961645
"CCDC6",5.80470675282492,5.67527610725865,5.60438589253975,5.5208198951541,5.27786081368932,5.82494672430309,5.58111584049065,NA,5.04809627727623,5.66133595693552,5.39957291664668,5.9752623803904,NA,4.30118231849757,NA,5.22719205968722,6.14796829435136,5.6466125470537,5.37126927782295,5.3970039902958
"UBA6",8.19589851310786,7.92266840635471,8.22750106955551,7.89695514751651,7.90648407504689,8.04641262622611,8.01092934342626,7.91194387610605,8.04108610690257,7.96313526291518,8.26067264413484,8.28616728001227,6.92078179153378,7.82276127534673,7.802162707175,7.80861565633709,7.92381784200138,8.0262036398174,8.37277622678869,7.76783729771026
"RNMT",6.7371306029299,7.13642843599753,6.41993323052253,6.61892781436656,7.00226638608917,7.06267802087799,6.39698190760824,6.08633779009675,6.99293740921318,7.03072446548246,6.92757141428999,7.25856976335491,5.56771894689623,6.99228037698593,6.32591824894743,6.57651269765608,6.77752266448026,6.33482225759063,7.1230697324159,6.64039292007754
"DPH6",5.30310955589413,4.88921534476638,5.44866867275665,NA,3.88958529899422,5.6760042979095,NA,NA,NA,4.91667774116507,5.08768730000348,5.56774481842763,NA,5.21745712530889,NA,5.32813911806026,5.40245126588571,4.05469572760627,NA,5.15454607250153
"CUTC",7.22672076233343,7.09642770402276,6.82491418982108,6.70465937380423,7.32685672603146,7.19531458550735,6.57289144623672,6.6659174004192,7.40573228479955,7.14041418633766,6.53785639999581,6.29519906467601,NA,6.86772775955296,7.06289157258829,6.88713984499088,7.50883969439385,7.1073889694667,7.17319419823963,7.30933619834435
"NIBAN2",9.34617323075734,9.22835489509038,10.2664501704716,9.5536534364679,9.59695773371599,9.7791999449532,9.2814174528404,9.25340769644957,9.46465733433771,9.14806043849022,10.1156674776954,9.80063922941327,8.36051911470085,9.18045269986172,9.01212985987429,9.31337479148009,9.38093781479924,9.3880158288442,9.48963248598893,9.64209114794397
"AIMP1",8.73669216034028,8.45267693096295,8.80767987875055,8.28650597910642,8.6468802723185,8.5253180941717,8.85558810155714,8.19654229335885,8.34137695152256,8.88377311741449,9.00492227387766,9.08923240145043,5.69936908144967,8.47137975239871,5.92124896579241,8.42248583019455,9.11969192943088,8.63333413132496,8.2270677548623,8.65334800647548
"EMG1",6.61309112137967,5.63221136876128,6.4546377843176,5.98206555016976,NA,6.48372725139427,6.02611607416077,NA,6.54314036297611,6.34460162270606,NA,6.81435544624724,NA,6.22561547560467,6.69492015665752,5.55017417882253,6.96807831939962,6.36019750842325,6.56861290100856,6.29360369794249
"ANP32A",9.65911727644101,9.64493212404141,9.73833077701686,9.72998224246665,9.53086399978159,9.43496152894127,9.98742652973871,9.60368272060366,9.86218785934664,10.2601148955622,9.05908301413093,9.26257195717047,10.8391625244081,9.72345047614431,8.85494505761528,9.63173191764463,10.4248242932724,9.29379574593581,9.50371843814385,10.0775509429406
"GALM",10.5061465856897,10.1299403118217,10.730108702102,10.3007183739829,10.2885472263278,10.356383536137,10.1485984171144,9.52927420839601,9.63226445621341,10.3408418690599,9.91814858066889,10.0786099484684,9.37072109766494,9.645820533675,9.34131291801911,10.4769490184987,10.2370425435398,10.5745371838735,9.96409596772673,9.85750063016711
"CCN5",9.77899128279242,9.86946166480974,7.52300723705702,7.13788878710757,NA,7.48049720366682,8.04289258147261,7.06314522193107,9.39342307300857,9.76621993362704,NA,8.01763247527348,NA,8.31339904883854,8.68937089783041,9.26431168876983,7.09876137752407,7.55108158643509,9.4416460608003,6.55668064945517
"PARK7",12.5408501138058,11.987699325521,13.1549622349291,12.6583344039426,11.581537311479,11.9342882164179,12.2196424783006,11.1863486032922,11.4189788081169,12.2913430622162,12.440669274869,12.4986246223508,10.8308072782307,11.8749036868893,10.9049503742064,12.4127408235563,12.1693644017243,12.2415288651179,11.9841543188972,11.9265322306917
"PSMA6",9.58427496003128,9.07000650953041,9.62853716933937,9.11938559775988,9.36157105168576,9.47868393142553,9.50332246656668,8.87924707438788,9.09553050574266,9.67010792012284,9.24963803854498,9.46900583580934,8.6623546933684,9.52774589679365,8.97258011364899,9.40254085525825,9.45384005268066,9.66096896137541,9.0966998939084,9.60154408890749
"PDIA3",11.2121850329667,10.5395621442601,11.231967256999,11.33786678597,11.1124318946078,10.4565611648554,11.0478027041973,10.4225602741299,10.1640673627533,10.7206711027314,11.210244542596,10.959566923984,9.96492553707809,10.5606779368101,9.9601808784601,10.6534167371888,11.7507374066868,10.9578509694902,10.0751537193708,11.3341433746388
"SAR1B",7.10832284911474,8.20847755596366,7.8887953935956,7.36239381661509,7.03248519917207,NA,7.39121508169291,8.02098110726898,8.24224150095729,8.04203428323931,NA,7.86419751047715,NA,7.53800198049382,NA,7.54236308112749,7.2747759435038,NA,7.36928394455578,7.59744489963783
"GPX4",7.96508430829888,8.25671678892359,8.50794908474076,7.62921930553703,8.49274102486808,7.77525250435445,8.14917681794213,8.32709961926177,7.85293088339766,8.18425740706485,7.84018086487544,8.64145569250737,6.90504479863954,8.45795577700013,7.59087203013759,8.09683345060609,8.22127966010284,7.91219250170024,7.91753811814569,8.07559835835448
"MYH10",7.50622301831726,7.226796351681,7.52041514621795,6.94094739707149,7.42161616163255,6.74283095591522,6.96469284955904,6.54460561634448,7.00935051112149,7.35359249106544,7.49744073781478,7.39493256853843,5.96274665425227,6.97080001252759,7.10960288634031,7.41816239765183,7.60967244297662,7.40858317996714,7.14574947455315,7.23680841826916
"PRRC1",6.8695413434113,6.37219509472369,7.01994286317391,7.09238768740319,6.07798327890081,7.44222841417746,6.53987077922632,6.8903376116321,6.74076348328666,6.48948059643617,6.70634232484528,6.38124421853198,NA,7.51866680769328,5.5242130042698,6.39462819529492,7.3688219651062,6.80998550653074,6.82272400068497,7.3316398984202
"GCSH",7.01513160585771,7.10672737280372,7.48252562711758,7.28390910536081,6.87004852772891,6.70899618688852,6.29725026651686,6.08871091538434,6.90301096305842,6.72369460771784,NA,6.62590844167376,NA,7.2044136522173,NA,6.87471767629009,7.28031564708263,7.06564278001552,6.32167910880919,7.11369727730508
"NDUFV2",5.3718973067542,5.19188028199067,5.10239237602266,5.51682962236971,NA,6.15082275604588,NA,NA,5.30044509826477,4.68561751154911,NA,4.28466187750738,NA,4.87255892386552,NA,NA,5.09932229198835,5.61758639245412,NA,4.22804468719427
"GSTA1",8.45260878653144,11.0510261606573,11.5203100261853,8.10841448693141,7.9273577100733,10.7545123280436,9.08162084244037,5.62748073471102,10.8130448043081,11.1467545176411,10.0439904836792,8.80542992235164,7.387446926356,9.51992382136596,11.0778972162613,9.15400523104325,7.14350253193002,11.2679252748208,9.20998617979041,7.73577563032041
"POLR2C",5.83410897930548,5.99006771707832,5.89628981575013,4.82208623464472,5.84957401778876,NA,6.39340750581457,5.95778035341443,6.30111444023616,NA,NA,6.00842799075923,NA,6.0120039240194,NA,5.8845237561079,5.8352432235145,5.28113289075956,5.19107026815973,6.18544933451751
"THUMPD3",7.40872083037396,7.27836816228931,6.79632561259225,6.92938928523866,6.88179937774651,6.92101185984578,7.462929881555,6.94659697491543,7.62438815862368,7.22870087234216,6.69675394639568,7.16849353281928,NA,7.25372923137108,6.92708468129978,7.02830106229321,6.76777459841168,7.1775533676101,7.63305195729945,6.14544500462551
"MARS1",6.75378303087784,6.61599181642248,7.05862553922865,6.65856885820843,6.9654699986364,6.50722408897006,6.62307917476112,6.33335104144736,6.53011847171864,6.55667060132094,7.10818765264317,6.93854583765172,NA,6.89164119739542,6.53783908344456,6.83234743027736,6.66993287124089,7.20563778853981,7.00564327014886,6.06563381413276
"NDNF",9.86410021485092,10.5520692728832,9.65360693182414,8.6947659606737,10.0748427791086,10.2556809698307,10.1328766109837,9.92277795472944,10.9800622378132,10.726876530353,9.099753431599,11.9113652031921,10.1066014158989,10.6955235101704,11.6941786376052,9.82370381926154,9.89313515126545,8.90896513266533,10.9674054841711,8.33889683769602
"CARHSP1",8.36280225599457,7.64963134709102,8.15508338963406,5.34137795965001,7.68206484431476,6.30659582863596,8.20347932388981,NA,7.1073720293579,8.4515551152879,7.66499547499928,8.03799606118981,NA,7.80454911515123,NA,7.81092000901783,8.66833108013733,8.11365749497373,6.63926213806497,7.19839286357074
"GRPEL1",6.31963465088656,4.26052959081308,5.65419087436095,NA,5.25256147273158,6.35052271273898,4.99717568495878,NA,5.24690780932288,5.52256474835658,4.40457090154971,4.99743583523227,NA,NA,4.25653435088967,3.71627780461197,5.47951539903454,NA,4.95062233298969,6.62095906908071
"A0A9L0SDG9",9.79156378659953,9.680795189151,8.92157658328043,9.3152402293726,10.2504454822064,10.296392215689,9.46182105275535,9.31249276614352,10.4980883153727,10.5239036581392,7.73104429041799,10.1506186074647,NA,8.55745941433886,11.595527296299,9.30388256683483,7.92804282691872,7.80406361677572,9.83649563683844,9.21967706694601
"SUCLG2",6.08753994125577,6.1042149970645,6.11398705829632,5.13321463646906,5.96732918205361,5.71730411255942,5.83277588746886,5.96852064459895,NA,6.43531633953426,5.80183084575867,6.42668080323587,NA,6.03051294207128,NA,5.84781559589878,6.62290980065312,5.42401498825373,5.59906083086961,7.11989050455574
"DIP2B",6.77104936840159,5.89394594032883,6.45705482716487,6.6283305101641,6.35145020376562,6.8363704171323,6.24857868756357,6.62001679906881,6.50246320026537,6.56128441329365,6.62062725261469,6.47058145867834,6.15342025674864,6.41564566976005,5.94729096380442,6.08627751184966,6.82912977861892,6.28176133557969,6.36216251603874,6.2452302754436
"RAB35",6.02947297117133,6.45744785900503,6.45965025484953,4.98822505999463,6.60546406253571,4.5498659496182,6.30776808821154,6.39294058324897,6.98467547947429,5.02219054388236,6.85579414218976,5.47553621885849,5.94966796476487,6.89986101499065,6.41495410072096,NA,3.42657245025251,5.73655421511113,6.74746373727962,7.05442132849492
"SERPINB6",7.80058446631761,8.1544502389021,8.63906742205929,8.01884177101296,7.91150234340816,8.17801801761125,7.88033247792127,7.93376434779022,8.38206235680389,8.25634333403367,7.98303797754458,8.08837240910504,6.94173307823503,8.05587756853567,7.52337385687104,7.81879988156243,8.23111338144716,7.71932934414866,8.29467457721535,8.15365516443016
"GALNS",7.66272115325762,7.8722608756679,7.83204367374851,8.51360646642336,7.76455513489316,8.60658510738372,8.02989901472117,7.71725434874598,7.18946768423929,8.0009285230416,7.74008907538405,8.33967085732972,6.59882880675356,7.95223189166844,7.40725989565453,8.28608786508086,8.84428495115625,7.17607372305442,7.44859510365167,8.05030980615601
"DDB1",8.54556972076309,8.12670970524806,8.44887265280625,8.40301590746466,8.39309029607608,8.14068727466731,7.89986867812424,8.00652168832442,8.08944951103407,7.95325123790772,8.29913995307719,8.01484887799278,7.23153276051082,8.25428091223091,8.08805977923821,8.2742819622277,7.86867395272718,8.05036912243145,8.21004638848181,8.62198336479997
"PARVA",7.1213240683091,6.69201666663159,7.66347514641466,7.31453473619251,7.40741207579321,6.98576760749936,6.99260125401616,7.15656797173699,7.16774964345684,7.4896299973281,7.4806305874284,7.83557661638717,5.88649609565884,6.8926276582532,7.43297538027868,6.98465256166627,7.54359129262651,6.98559224886617,7.34770923113766,6.96551811745346
"SPIN1",7.19882533806472,7.01448904698025,5.86630286044415,NA,7.302588344462,7.28982340581722,6.98324063901945,7.69419168576667,7.76566716259299,7.11485926742273,5.34042957975997,6.41943210690674,7.77455111539739,7.11257753658339,7.54454900179782,6.1342727947961,6.60765538604961,7.12123070650508,7.03801757605649,6.53982344757545
"A0A9L0SEY9",7.57002182924864,7.51245463672332,7.99597196552479,8.47550525126115,6.86583125629293,7.47446465778794,7.84317576643742,6.86904043353885,7.73721862934244,7.60135053706148,6.22501782547259,7.89212547686295,6.30224565938569,7.93035876036741,6.73129240220239,7.71252319098467,7.82387864744802,7.63309340506378,7.71366154238794,8.42858470568061
"MAP2K2",6.95682849089179,7.14650893723989,7.41736408591879,6.80033903451695,7.17328862918841,7.20666063986701,7.14966385014778,6.340363769175,7.39934117516074,7.28920789515855,6.54596285026817,7.40123467567765,6.60785575612969,6.98419219891315,6.7057184171162,7.16196631694537,7.29301694108117,6.84992224251498,7.09200723308222,7.21960105204387
"CCNY",6.32577994930517,6.18678564631068,5.85346718638668,6.31819235682522,6.27661390334271,6.10572835179058,5.27261457697117,NA,5.85850354401321,5.21360774681291,7.11460168970552,6.54332303274053,NA,6.12494369966484,NA,4.41586969305795,5.76612435541038,5.35683912493763,5.9404956762595,6.5163607384098
"EIF2B4",6.52785932134765,6.37540841940575,6.5320262301914,6.28740544667323,6.35016595282643,6.01593882859594,6.37166700195251,6.74163780205993,6.88062307415066,6.53110661487009,5.86913273985872,6.32778483425931,NA,6.12060301031619,6.35119904638597,6.18663913333661,6.55852635111833,6.0790656201296,6.78430991585852,5.93486152919577
"A0A9L0SF58",5.5086762107037,NA,7.09220770477803,6.55944997796802,7.08523101795694,6.9888106013286,7.06145209606598,6.69060933850627,7.90897121934906,5.36212525313403,6.2982898873019,7.9228660681542,6.29015813002191,7.27538097011133,NA,7.48430322030997,6.98532166180361,6.77015067044525,7.2920679128152,6.84396829113841
"STK38L",6.28863519639012,5.61678793914936,5.88693498328552,4.74846999524238,6.63738340839721,6.7394090922416,6.20329527810529,6.9714275397697,6.17603896568875,6.32809548792047,5.9157277187375,6.66695478501401,6.04769057944982,6.10259508334536,5.02591718240729,5.78240801467441,6.47064133318036,6.45191582853346,7.04610208528323,6.17709322477182
"BLMH",7.5925595107776,7.42223157088664,8.00423428744394,7.77534278721505,7.99512289850303,7.82704080293509,7.89489145412111,7.24088500376737,7.85481353147123,7.87953510166038,7.62628378664372,7.98892479763502,5.63508141393531,7.53653476214451,6.91786359582366,7.51140411334585,7.731768386525,6.89115553880539,8.40078126649513,7.60237584512403
"EMILIN1",12.4148942384123,11.3396068360048,11.9260991287632,11.0050058195261,10.8739907016576,11.0221172669786,11.2769625896231,10.2303287475504,10.5694592269012,11.3969367833458,11.4434635214458,10.6628148025907,10.0835867256104,10.9141302067679,10.3595273759446,11.5975852240656,10.7357010657788,11.5876005919741,11.0434861560698,11.1546995114895
"DNAJB11",6.55167632686771,5.93209612436462,6.33919069304687,6.58244851770333,6.67744428999472,6.32799769280812,6.49892000474492,4.73375498094741,6.39877444653327,6.70212882439242,6.29291686806683,6.9043011598854,5.18006531928049,5.82926101913495,5.78466167469472,5.91563845711511,7.26031048399203,6.62692051073697,5.26195029646223,6.61935462216389
"LOC100050685",12.2270876771781,12.4325302659435,11.714408928821,12.0745947225403,12.9507905098745,13.0493327408243,13.7302075718742,13.1134125304458,12.3427715367108,13.0427611416733,12.0304577310555,13.5869484886798,10.0138361523103,12.4498472978063,12.6627653680897,11.1842241743224,12.2349589763773,11.2479564270039,13.1385852050868,12.6904027349061
"HMGN2",10.7491608540341,10.9446045667001,10.0457822311152,9.83271359302418,11.4744998114456,10.7091831314323,9.83790439656752,10.0358769182181,9.64640276689305,9.83950111670905,10.0002030954597,9.33023773519762,8.39278157065335,9.57357945533001,9.46299872031277,9.54199977779804,11.6236297070678,11.0063567277639,9.14639469832596,10.6601275730356
"FRG1",6.58228894966704,7.66028888384928,6.41838138422903,NA,7.33308072369567,6.89123091489573,7.27634687984095,7.27682636654095,7.58256872806945,7.30129827816638,NA,7.20690472328603,4.85857818197398,7.12603074380457,6.09414177928795,6.63418975433009,7.1696176634154,6.47080365658838,7.27221043878895,6.62290006760635
"A0A9L0SG57",6.66401651629008,6.23066404908719,6.51102956272909,6.59127944641227,6.0630281765935,NA,5.60327923705426,NA,6.37785681191187,6.52690864367851,5.97889307718191,6.50872832292888,NA,5.82386072904542,NA,5.92573986792832,6.70334614422953,7.03244029943885,5.40572307715857,6.92596844198486
"HNRNPA3",9.38685547910276,9.38661350164676,9.38588051886255,9.9495287814798,9.56543168905283,9.39271181537992,9.27857106980082,9.17841313069696,9.11909769639861,9.45911868298846,9.49820464893242,9.61663364167936,8.29485692287048,9.64804343143659,9.26964067054731,9.2211564889874,9.71240798629302,9.39123778450529,9.26908747853368,9.65635793673449
"EFTUD2",7.4075762571283,7.23813730640894,7.67109360620269,7.54021944904116,7.70835521420862,7.04948339104707,7.3750431445291,7.2692485905354,7.17279652259891,6.94122382462777,7.86308914934925,7.60420264865271,6.22128497514422,7.46401385683539,6.97621629637923,7.48653874219597,7.2421171978038,7.31600539020999,7.03632177782258,7.85447339685433
"TCAF1",6.37135810792632,5.81278096539731,6.6888225298234,NA,6.48598220830481,NA,5.85308000602193,NA,5.87547696929937,5.61584110466479,6.19946586147994,5.84555264820279,NA,5.9668099521918,NA,6.09754829832983,5.61621954670659,NA,6.35567292945078,NA
"GFUS",8.58860935840121,9.33510686787654,9.14188975364269,8.58362561914702,8.45637245111169,8.94969524391089,8.92371483430361,8.55765183141184,9.62181407988256,9.14261571731521,8.20532206737752,9.47107066159862,8.20876595998425,9.06956835439129,8.33120752744567,9.07932465879936,8.82557737500255,8.18566661232294,10.0126345579011,8.78927490991912
"GPT2",4.50879230821615,NA,4.59979159117419,5.01893175601769,3.2424343024219,5.88195181116689,NA,5.52855437246905,4.28792165812947,5.37098750961821,3.46299886901078,5.16055516638746,NA,5.34557237197861,NA,NA,5.08245915052118,5.08569047305399,NA,NA
"SEPTIN5",6.76732774539224,5.57629530379672,6.60676575071702,6.56579812165742,6.87606989943685,6.44864432990142,6.81534608894745,6.44621252675162,5.39691308650644,6.27905774094026,6.13450969481798,5.79579620979845,5.97159679342691,6.37120552106144,NA,5.41191246675687,7.01833725616958,6.37486110304513,NA,6.97280561171494
"NUP93",7.23065522320869,7.02637843849956,7.12922566661836,6.62629110670331,7.11477314389269,6.81009965963491,6.34351680150912,6.58071746210734,6.59411923806547,6.76439951570456,6.88040310840993,6.6837149702428,NA,6.8263490476144,6.40990439752562,7.20037682999415,6.87519049739938,6.85315820587474,6.78902534746215,6.70682769234759
"ECRG4",10.8795003342983,10.1632337911607,10.4370395444894,10.7260447496286,9.82400003161262,11.442463989808,10.4954270880757,9.72164812961653,9.64031796316361,9.73463776415094,11.0722680965906,10.5401774473741,8.91478273421944,9.4444180630602,8.13334199533548,10.5395121723183,10.2424636875812,11.0853217516639,9.95906702172358,8.92442056260065
"PPP2R2A",6.53573000831236,6.70819463600021,7.1156199846774,7.06220439933782,6.75512467125933,7.38499218159145,7.16956898027498,7.37388061634719,6.23998947181218,7.13261894210596,6.12547738530004,6.84261372967188,6.85192811228607,7.20881281887391,7.22560034909529,6.81398093415916,6.71353918452851,6.16442263821591,6.64820591071789,6.8925109922459
"ACSS3",6.73398522573314,NA,6.58875773782997,NA,6.64382734556169,NA,5.56671879746158,5.75689441779359,5.67850239019461,6.40309193988061,5.97227889496044,6.30375109309174,NA,5.29414102358053,NA,5.25025050171651,6.60423438415589,6.75435530026658,5.03722502819204,5.27902889199515
"LOC100066977",6.62314832063775,6.08930962766268,7.16152724111706,6.26362142611744,6.57941756122927,6.5487283793016,6.05278097309389,5.84699006494684,5.96102185897568,7.12084946669004,6.16554540206384,6.43423670982656,6.67721177277151,5.84464212928791,6.12444625054368,6.29321406561047,7.16166443314695,6.52217943063737,6.34543262511723,6.03963299103013
"SFMBT1",13.2717970254983,12.8785610336342,10.0540193824816,9.90920016737548,8.35528087300982,NA,10.8828236706659,8.20048924517158,NA,13.5082249208063,10.150908681366,9.5638418452012,11.1122050042059,NA,11.419305015789,13.0440144022441,9.52199680172386,11.0441352766511,12.7391065918551,9.26333470631417
"PSMD4",8.36118720374748,8.73410278667422,8.76658924942468,8.52392251220578,8.43413756034663,8.59743192215392,8.67808791902262,8.23143070197504,8.48254969548163,8.42110118591195,8.71369792318141,8.37482675946513,8.23238017866038,8.69000137927947,8.15159500599568,8.61012612586513,8.53626897548878,8.93409933751681,8.66969362419234,8.91772010303504
"LANCL2",7.72051023390316,7.27165131467257,7.71261999399896,6.78320546470818,7.4640523639405,6.86074817245162,7.2967443807301,6.9129492771261,7.30583620805623,7.9041479286814,7.712030901483,7.80876476508533,NA,7.12487106502676,6.73710337116782,7.43543963571972,7.49940252299749,7.30759518153146,7.48174908166596,7.13858278526998
"UBA1",10.5786593744429,10.4382129337197,10.9346572086919,10.533237688699,10.3165016337535,10.2329128274825,10.2885395524077,9.9788256308098,10.5552086762652,10.5456604577854,10.5972030084889,10.9786208114114,9.25749940821046,10.3345549989708,10.1230539662123,10.4998691266396,10.4399919981938,10.4958778187058,11.2240103607129,10.5116878641426
"DHX15",8.94542337544028,8.96515984683954,8.79548862951938,8.56311007280801,9.15094251007196,9.06459441599626,8.61555607138858,8.37900462423993,9.27089243479765,8.54979390021713,9.12798073625336,8.69286782941858,7.6766916995678,8.98561360235719,8.45951306954274,8.60613996404386,8.8793392725324,8.59619742590614,9.17168690123241,9.14124990668935
"GAS6",8.10374957266359,8.26683020026463,7.8248666255404,6.66825770897928,7.48264903040811,7.08145356574519,7.8081301984495,7.58639989678333,7.75225427167811,7.57605164258317,8.49699329274869,7.50444195963796,NA,7.87006321048502,7.07112640889939,8.68883544730066,7.37856026000168,7.5617308692226,7.60414860805894,7.17175727978242
"ANXA11",9.48062928954341,9.33150525483445,10.1485506406538,10.5626697746501,10.1475502601097,10.2431695122403,10.0428716206708,10.2107405904243,9.3873483847921,9.25584607215416,10.7036777151382,9.8690809971138,8.99708430343283,9.89504500983463,9.0749583563927,9.947489604661,10.1000939331162,9.31959995493404,9.42159507268531,9.60901364888293
"PFDN1",8.44797942068572,7.69555949187417,8.8578496601861,8.3658935699224,7.5728977602935,8.26674915876285,8.41960905651538,7.18613281259739,7.50990692557744,8.33693413832426,8.33188505877111,8.5127713913355,6.71007515397658,7.62454949475949,7.25094411021594,8.24175479705709,8.52460358205873,8.54288806924141,7.55025215467192,7.93208779905066
"FAU",12.3514991426758,12.785655750401,NA,NA,12.583655414043,NA,12.3146298894982,12.5100155887201,12.7493694674191,12.6485547389373,11.3690340658288,12.3504159690125,12.4185865189844,12.4181484982807,12.0835526203237,12.6403873408862,12.6795959754337,12.4198696016707,12.438388715668,11.783428786177
"PSPH",6.67953406824956,7.77421509620982,7.85654161118449,7.71373772494962,6.91425600240365,7.56450675674812,7.70073693251449,7.11233278116314,7.94374412634658,7.37664633671851,7.27455851797134,7.84387039517493,6.20229971484771,8.04323996640595,7.26300723087817,7.94483882479004,7.34069571467427,6.76575596733679,7.96942897989936,7.84977477165748
"ILF2",8.51970595588522,8.23623095182864,8.70243980958401,8.58644236916986,8.72354639069573,8.22325667549983,8.07950215877915,8.39752855381765,8.46976190432783,7.968209991961,8.43531711483149,8.4100699513911,7.24381715032124,8.60207497097382,8.27474102674131,8.3574955739209,8.39752261602632,8.48065222530505,8.90636563975551,8.78455048023124
"RAB1B",10.2578388802199,10.5455022313144,10.6951372273632,10.714552899754,10.390441808294,9.75700760262001,10.0273417232152,10.1710158093307,10.4240398212874,10.5174505415648,10.4730420924039,10.1836036374471,9.5109752925331,10.8218274813763,10.2379676333257,10.5219281421544,10.1912629830059,9.44762402859286,10.6334439670452,10.6196147320277
"SNX1",7.79370157023082,7.77268926088656,8.10268293377766,8.08814112713116,7.87821137994898,7.99773092904806,7.80313706762149,7.43109746222729,7.7953436232612,8.09382953706667,7.81251125115677,8.12274646391283,6.97367821344157,7.73780087768535,7.27607241815098,7.80676767533839,8.26735726237925,7.77666738342443,8.00457768262235,7.64551919640174
"ERO1A",6.05056646698525,5.8705459144342,6.31883262095654,5.72512971008845,6.07957899169455,5.09771508211415,6.14810904461749,5.74555414661524,5.84072647391259,5.83577817485036,6.27676395429074,6.45833506454512,NA,6.17913438977761,5.3610422690643,6.06397373541876,6.31088987598511,6.59416436269552,6.43383171296922,6.31747078314383
"ANXA3",8.40866622637403,8.56857262890034,8.1619105670993,8.34864711087401,8.39722203858297,8.40226668405903,7.92074058748441,8.93593098593722,7.97697223124273,8.07395816633303,8.70558080811357,7.81814717416837,7.98087663067678,8.54510848281189,7.38754452767411,8.03606631058345,8.31386836341205,6.54456042636191,8.14086979863093,8.36716639376144
"LTBP2",8.83373163948556,8.85582291424065,8.88506939762795,10.4213467417668,9.20235690956328,8.32862491432934,9.12352365958047,8.64216706829766,8.25045806556808,8.64968198956233,10.387100270195,8.97074424304544,8.89312837449657,8.05966218768995,9.41212285689763,8.62690520889599,10.2740209327652,8.22023487419478,7.54161554259189,9.43733469265918
"GLS",6.61956948907511,NA,6.7509337132069,7.12165234445026,6.48776376998878,6.5627807054417,6.50863899622801,6.3737873374511,6.41506181973428,6.38688345656811,6.73081742076342,6.29681608594319,NA,6.59957512206119,6.40467725163778,NA,6.83778898804147,6.65671516868312,6.27749577098328,6.69279848287738
"CACYBP",7.25333694674778,6.44807116668987,7.13779753957094,7.34376592324246,6.73193694648233,7.07350302737548,7.19634471470966,6.60341497647836,6.65196022753472,7.51255896690909,6.63443752181553,7.56922014189509,NA,6.58856168844013,6.03420955683056,6.75466902259424,7.81581742019818,NA,6.66763315920937,7.04959347345407
"RPS10",8.99823578567422,9.8170983404981,8.88289874390539,8.96118369780797,9.79582161774061,9.23872294505741,9.60571027734452,10.2252638971646,10.0541627442782,9.58327107099876,8.47902013779181,9.66719148338797,10.1269323418271,10.0427189557661,10.2138267448026,9.2865445113682,9.61697120831479,9.25279883370574,9.42499349872272,9.50788220154144
"FUS",9.59806482922958,9.90644294189919,10.2356245568692,9.07886583838504,9.37736165174893,9.34762861923794,9.06896597742211,8.84353681034455,9.58780045201393,9.37900510733608,9.56369899518407,9.56719939748408,8.04006878310292,9.42390819623961,9.75609473058014,10.061967819739,9.64190369311302,10.0502966263025,9.43204100215937,9.96303011046149
"CTCF",7.06458819623785,7.91544323836768,6.65104573324484,8.38778053233323,7.31342598615503,5.8669750023611,7.00729316727921,6.14166414515703,8.07588398683754,7.32664888506537,6.07535859031844,7.40574620143596,6.18102186796204,7.37694598271919,5.51571873865581,6.07936785393462,7.65759910682083,6.99513395565346,7.22212388271768,7.45989861860737
"TBCA",7.60527875846111,8.15108604026569,8.28515316697877,8.00504792119639,6.9874859976582,8.16647803444432,7.67773250279689,7.64825533003639,8.16112708665173,7.50490519450677,7.93135388665627,7.58902949281139,NA,8.13347266400063,7.24047377033911,7.46498572347905,8.5059552243286,8.75862067998507,7.92394360485745,8.15817222595905
"LSM14A",5.78198973336185,6.3150749972207,5.600346107145,NA,6.29319815337857,6.32092412306658,6.45227128647143,6.61538609823374,6.46708639853211,5.68520709522271,5.32490241986318,5.26809016443431,5.15025144747319,6.30921180903491,NA,6.62056985114442,6.33220967081275,6.17137753636954,6.53117084681098,6.50356020937537
"CCDC97",6.13058942107064,6.0123306052092,5.79481962843836,6.58400394186825,5.18203843359146,6.04724558029291,6.8182660925384,NA,6.6187040685264,6.12926142734031,NA,5.91509428279943,5.90352687381707,5.55776735720546,6.38908796085219,6.1882912678499,6.058184772994,NA,6.10492059489383,5.82206754404842
"HP1BP3",11.7508069373888,12.0735594490849,11.3126963334041,10.7610705098945,12.0070454427825,12.0639499500051,11.6183487326573,12.1201184724948,12.2649083988543,11.4257668113007,10.7865174041279,11.506406504869,11.5097507723025,11.6715926243821,11.9627292194552,11.5283255083161,12.2245645908731,11.7886821986114,11.8266274926049,11.7738363178489
"PIN4",7.18307320626512,6.52300276249367,7.06428180270771,7.18665089758152,7.52427412582327,6.89512548380114,6.40452339727182,6.45432094443124,6.31255136172272,6.90360094524974,6.48516568962715,6.32142225009261,7.1034016709382,6.74769599228621,6.90611226282546,7.0404309083388,8.00642102204565,7.37489421783626,6.00244892945742,7.20263394103559
"HOOK3",6.99494962710163,6.77143844886301,7.24868520788191,6.78698482205097,6.83211961250589,7.1102578054231,7.07754401236239,6.88455773125745,6.73930958324092,6.91572654192345,6.99071971629958,7.128715357023,6.26956976955929,6.7313976399878,7.30194006893408,7.02651014091695,7.04859393454457,6.64336675909682,7.20867248776954,7.00275907872166
"NEDD8",8.28028807492946,7.75409430092747,8.91235093914367,NA,7.97681810295888,8.02028110926113,8.57718586103082,NA,7.56850159421643,8.7700004412595,8.09406209829872,8.62697283384287,NA,8.29589594941115,7.37176617290448,8.72909462128034,8.26182777656305,7.72993832757625,8.2515598376191,8.49022810194411
"CAPN1",8.43245429806559,8.07647833132477,8.18106297355716,8.12456187605082,8.46260223658586,8.00655623063618,8.10604417948461,7.97917839189668,8.25692270294639,8.3025439951308,7.9151425565622,7.94541452418591,7.82576332282615,8.07536339233697,7.8862420335469,7.9380219849405,7.95635777068236,8.0551643072132,8.59147125055229,8.17344046920403
"CTSF",7.68351995173874,7.35479593702041,6.21797027507803,6.56208105155725,6.76442782594122,5.70990673827324,6.52617897700615,6.17296281748526,6.68589932017873,7.39811301268312,6.63317561054084,6.93278280949476,6.99438446980174,6.66826035519529,6.87797309058437,7.39043620865507,6.59779170504707,6.69605978279703,6.8683064904487,6.45230303902013
"DYNLL2",7.35615453849583,7.61474666101335,7.76186118518824,7.65284124984682,7.35266519017105,6.34660154668159,7.11290956262824,7.47544865734851,7.21385860097087,7.60871979474928,7.36978534932939,7.61730747968297,8.68556199045765,7.04156157890454,8.11059450803011,7.72075253917648,7.53861113546235,7.04975176247956,7.30547414536339,6.8577030145623
"RPS13",11.2810591258568,11.9730371400437,11.0939290502287,10.4989251719709,11.2789813094216,11.818212833444,11.4485299368066,11.8889430097831,12.497826600436,11.6152343428792,10.3466179335083,11.8172806496156,11.6026738395724,11.8379123850276,11.8512677181407,11.4432137809197,11.9483299921114,11.7558215045225,11.8751413096046,11.2833394313146
"RTCA",9.87747679507146,11.2493807133053,10.6893446867316,8.36819578062081,NA,9.3839700587979,10.8985796388866,11.1612944795302,11.1090755708354,10.7654072225047,9.99033274878699,10.6053872119265,NA,11.047057987341,10.1130320823018,10.9312145831878,10.1633257187276,9.47901365507432,10.6469562891327,10.0981315042916
"CYB5R3",7.9290291953406,7.55917781453289,7.96142681370466,7.5967381050669,8.57280839596041,6.80867222395098,7.29400144865061,7.19057658609204,7.44137424891126,7.39950483791156,8.76835946698218,7.73340070461914,6.80260390426844,7.70483349005537,7.75466046942193,7.15928091527575,7.58813148347609,7.58248275532497,6.93340922226172,8.27324897606544
"NME2",11.3948717191086,11.3078349902156,11.8280187317557,11.3215480952174,11.4399534027114,11.771490194874,11.3580685987876,11.432241212592,11.6723670548198,11.5050101655776,11.1812044323578,11.3352532764388,10.9059793799689,11.8500469489921,11.2416549475282,11.4022160919718,11.6386124255877,11.8248093378234,11.9442923002744,11.4543954072928
"PCBP1",10.7184870530989,10.4833873646441,10.8331345842549,10.4628435254438,10.6784879510716,10.6432589444628,10.721229602837,10.3151583093318,10.3827284400997,10.3824782725546,10.6651056633803,10.6440421047842,9.62057310359504,10.5815533197834,10.0754177129643,10.1166282873315,10.8036857082861,10.4252416467611,10.2339089025274,10.8143321084519
"SURF4",8.48028814541005,9.08350109923974,9.27027153224865,9.11564668258268,9.38520367733638,8.05651308169026,8.60551593687221,8.86019859297475,8.72338529200836,8.84503727425208,8.72653139528431,9.60926864263026,7.7337766004375,9.58474767742801,8.21519705269209,9.47386994560227,7.84520372561462,8.39628324348779,9.18260212843798,8.24232487654573
"C11H17orf58",9.58079910198441,10.3588814724566,6.02370930740275,NA,6.31236394411788,NA,6.88312256409977,NA,9.61385080354888,9.69210144699148,5.5601342230218,5.26168544774005,7.03517142374013,8.00562249932215,7.49069512555117,8.03467446782484,NA,NA,8.14991229261709,6.89028582175558
"MOB2",6.97288845343125,7.3316179857421,6.18604005732942,5.46730850273348,6.83519163734948,6.95989700484643,NA,6.44158807323851,NA,7.13399257906967,6.60483866380069,6.48712363312208,NA,6.71023096494621,NA,6.92143759839063,5.97830689314096,NA,7.76341886127914,NA
"RPL13A",11.457483139822,12.3191211727366,11.5732529736331,10.5529082450092,11.6963436069643,12.6372750817698,11.8875845858897,12.4278210964533,13.0886015304099,11.9247317637612,10.9028182813652,11.8850731903036,12.059800084916,12.3231948840084,12.358893477098,11.8338314483278,11.8822203713573,11.9590798255166,12.4224560402072,11.4840661492328
"COG3",6.03197514372965,NA,5.82060278509862,4.40576088026273,5.61422106995742,NA,5.8780660458468,6.0753496349122,5.29658317829573,5.79905394715264,NA,5.55198846221384,NA,5.87708849786278,NA,NA,5.59047468246834,NA,5.86248490336541,NA
"WNT11",6.64624065523884,7.06465769411961,6.99291169374561,6.98977955355705,7.89489635152888,6.18449912995201,7.0386836056864,8.10983296465335,6.11878224124566,6.81737915906008,8.13737261519368,6.50596221922205,6.44216443438704,6.70204001700666,6.20387715280407,7.54587734193663,7.51155127482646,6.3763789428748,6.45008324830627,6.82928469973621
"C1R",6.56709049313338,6.00538050242367,NA,6.12676522533003,7.09045433573169,NA,7.09282155487909,5.799038346672,6.03503202178399,7.46421699749092,4.87849220732012,7.79416240605566,5.43750757112366,6.34898864271574,7.43910080344492,6.67170160342733,5.86011481169125,6.23189494015563,6.40747930705692,6.5927367428317
"MAP4K4",6.29473762582463,5.99769699744765,6.28897343925384,NA,5.47599224119278,6.79023705684392,6.19438903991593,4.11064131085534,6.04998335662815,6.00335123674241,4.92455403309788,5.69877696205368,NA,6.43976520511321,NA,6.16191121442195,6.34399530296609,7.86309479305427,6.21365310620223,5.35613058068707
"RAB7A",10.195152521055,9.85519022065553,10.1820443797084,10.2072917674478,10.0490020059594,9.92170303141854,9.66111520077391,9.73182217237126,9.56219235744196,9.96338049931363,9.96968344563142,9.90800594825358,9.57775005099464,9.91641719446666,9.47971698414601,9.90013599371228,9.78160408690852,10.0345308229985,9.78632701376372,10.0314313146269
"GMFG",NA,5.27722244262428,4.98518034206487,5.18214675433476,5.20032289773756,NA,4.51027903736551,NA,4.58562670488014,6.22268713339156,4.10952531046529,6.03022384721103,NA,4.01680986725929,4.31428713058914,4.38771375419575,6.00750344834391,5.11903284955068,5.6394031239002,3.69592465634882
"CSRP1",10.6035942996577,10.2033368772351,10.7428148764784,10.5095654963828,10.364104213602,9.91645184851357,9.92911885305987,9.55405615767788,10.1263661289488,10.5570628166169,10.5072747489319,10.308774038424,9.60427803124165,10.147132793894,9.33418545066247,10.3591552685319,10.5140465386239,10.2438226417619,10.0895027441853,10.475991069232
"IAH1",6.37581069183569,7.19070027754004,7.59617248497772,7.1651256131329,7.81151017338009,7.82398945223829,7.69535470883111,6.48983511208649,6.89699983747925,8.21554641166238,6.83337567015222,7.69220674719814,NA,7.50434524433013,6.86688990387875,8.0463193769419,7.11643354542079,5.87538107745775,7.69879025507699,7.01583001718739
"LUC7L2",8.23374681630071,8.29725165334028,8.0409997788826,7.50504577083548,8.27111851525026,8.61072682899842,8.18786350856139,8.36272369329267,8.4936627349093,7.76968840708279,7.51116991212505,8.10144158419922,7.8874559196374,7.75707049430209,8.06449009384417,7.62180392839943,8.55501592656249,8.03484935093081,7.83526163183751,8.04699326242501
"ITGA6",6.23732645260057,5.49416961173431,6.5905789972946,6.5262632808166,6.1084325359559,5.60764363080897,5.73211735284498,NA,5.17376424328711,5.84491293220661,6.52646343294774,6.55489795100941,NA,5.35074985369187,NA,5.91811731988919,6.20282618118035,5.79485800533371,5.21470037260497,5.73589318587591
"NEK7",6.78518492119791,6.74165532813953,6.83952986059919,5.38874019739449,6.63561436614639,6.80104773132872,7.124086700896,7.02316818765336,7.00168503152718,7.42217144679601,6.34225816617467,7.2044767741191,NA,6.82783393655432,5.65685172425688,6.89789427395412,7.28774363080906,5.73187645965181,7.09630345257034,6.72372034819463
"LOC100060547",7.45022194852454,7.85281491324323,7.91177742551518,7.67580055887833,8.08076664892067,8.27959418403771,8.2718427313282,7.98739046690791,NA,NA,7.50359048060756,6.31109425807366,7.19265688915164,7.71516747491663,NA,7.25249352605364,9.21566658238776,NA,NA,7.97195830254322
"SMOC2",7.09882342537427,7.68200735451903,7.07297893389671,7.86873369678051,7.9022586252871,8.23840930767062,7.04376465851762,8.94213584477054,7.82977778495905,7.37797686495444,7.67294826627878,7.87039327150421,8.88618940803261,8.84676112957513,9.61264513804348,7.11332300631949,12.2722976120082,7.46211058079001,7.53939849661524,8.05315032182182
"SLC2A1",10.2005128227183,9.03140564355158,9.29440512013884,9.08817527142632,10.373028664511,8.4134016531564,9.32285658038728,8.05643385023731,8.63331926279625,8.70149661923882,10.97177635616,9.07035000207184,8.48735502458659,9.32092563211237,6.71126735640073,9.58940708752454,8.6720699044365,8.26469913693836,9.05463439868513,9.19815985038423
"NT5DC1",6.98759126335161,7.29875112910673,7.61494543674572,5.74183160264959,6.38381959682269,NA,7.17205212373594,6.3145692862096,7.16904424716572,7.58207967359225,6.57548169895926,7.24650384057658,NA,3.69847748005149,NA,NA,6.48846183275452,7.03749583867738,7.07230153184867,6.11495074730367
"PTTG1IP",7.31035528911598,7.45290938503208,6.50793860426575,6.98829522503709,8.21489627332004,6.97132292512289,6.22036470431847,7.20450308305269,NA,6.51943129872801,NA,7.2942197781047,6.86560247327616,7.8118360975322,7.51253247107183,6.64271150193294,NA,6.93250905220345,7.95245249791337,7.74388964651986
"S100A9",8.32713523752811,4.73350571553464,8.55982748840884,7.39141374069537,8.80900525760464,8.14248772161051,NA,NA,NA,8.57939299951352,5.81126134940133,9.5296807187686,5.87287994544801,5.02735523125617,7.88457957591344,NA,NA,NA,7.89077694258412,6.26146828982693
"RWDD1",7.26379420604279,NA,7.09649458526593,7.15627483716787,6.24357718374476,7.09591471223185,7.74039190533258,NA,NA,7.05077612461547,NA,6.55172402338463,NA,7.38413132260746,NA,NA,7.11264059805943,6.71514073441979,6.93942236071878,NA
"PSMG3",7.35953080603936,7.46822184839703,7.59475658774606,7.01718047486325,7.12964513301846,7.65285025518354,7.54106993814813,7.15161319324221,7.86939253684417,7.49782407721308,6.99921817682664,7.45392407519526,7.19916101097313,7.49866313408742,7.59508932515986,7.34112254141195,6.72147571533421,7.76046020937016,7.87948632172697,7.07766363758813
"ARFIP1",6.9507421673233,7.31389960982074,6.95367889892281,NA,6.51309645370298,7.40484519409069,7.21566152983382,6.93028880388929,7.02248073888048,7.2022421922559,6.36458362871145,6.95068643762272,6.24928123745309,7.00971981101885,6.56308109649172,7.83967722118718,7.06806650727445,NA,7.55760685706768,6.50916056542504
"RPS21",9.52485740560572,NA,9.42609833042742,10.2896706777144,8.80338003168599,9.56223063646833,9.66985841494737,9.46351120278623,9.48539523216932,9.42334109820909,9.05260408763127,8.73371735431465,8.71048162269803,9.75562045715985,9.02576944549781,9.68751743931662,8.28860596187343,9.37698937287716,9.48002129639621,9.86450686715703
"LMCD1",11.2605557512727,10.7544709127578,10.8663807178966,10.184130248162,10.9197325164997,10.5639507809138,10.8508349451298,10.80570571162,10.7027926255232,10.8825973845538,10.6230160332094,10.3772874379783,11.3903862946356,10.6261621239721,10.3925094729516,10.2492589974555,10.975496371926,10.8287896426654,10.8428676857941,11.4074463768044
"OSGEP",NA,NA,5.98502730355042,6.43603230043631,5.82248428371527,6.36377450434269,6.41494564661729,7.10151929162072,6.49844266980759,5.3952428305727,6.19755394135136,5.74746180941753,NA,6.57436810952008,6.50160109930818,6.51416057739447,6.0176037277124,6.16704686689168,6.73985141064294,6.06287492233774
"DPYSL2",11.3740306660407,10.9009499811986,11.6392729755679,11.8667211138884,11.5359531634984,11.070510555738,11.5552121577173,10.9635944589472,10.8336837973085,11.111174803916,11.8942452864727,11.5324952452509,10.4878528453356,11.1874677337945,10.227747602054,10.8435619233225,12.0394101912181,11.280645663764,10.5444736704615,11.851329881282
"RPL32",10.6552852259821,11.4299571025265,10.04945607709,9.85922124031299,10.9682878693424,11.7197628694424,11.0875543394466,11.5043455888262,11.8307343970261,11.0549736204421,9.82634430543406,10.9525727878386,11.5364032332668,11.4606154469729,11.7957935936893,10.9380457084559,11.1251989617013,10.554985806948,11.4418072209091,10.4446257879262
"MPP1",6.41824432379255,6.65932194657034,7.00277624075993,6.11797163831938,6.91192601843855,6.15300015259298,6.7069598878287,6.33707310491746,5.76502481822834,6.52552978024787,6.25831486189572,6.48977051902679,NA,NA,NA,6.54596923120068,7.16433603024416,6.43317300731339,6.05848376321271,6.53550359997646
"TWF2",6.61707384194377,6.40818314576778,6.61114762247863,6.8548405141778,6.58561226403343,6.38973674754062,6.81689797480909,NA,6.79826552514745,7.38987201342747,5.31052119706207,7.32060791716631,NA,6.44146354825678,6.43607354993847,6.05351318916092,7.4138073695505,6.04089737050233,6.89784280208385,6.59100077138232
"SRPX2",14.7522719468662,14.7207303179056,14.9718264532012,14.9993766952999,14.323952745518,14.4732601068826,14.7883219699799,14.1448080495903,14.0294405991037,14.7548762416099,15.2828619880559,14.7665070898577,13.0440144022441,14.7023979435611,13.9402977447017,14.6605221078809,13.7759707307981,14.7075482966788,13.9509562990388,14.7716126189443
"PLG",9.57339978138605,10.1680036378283,8.42658131021675,9.02935207078661,10.6559090837008,10.3686560096862,11.1058238666304,10.351959532132,10.2280156616648,10.6870564095089,9.22774783822228,11.2263224361283,8.2766877344185,10.3454980671213,10.749517002389,8.78647623781511,9.42206741581802,9.3799802281419,10.4831197359547,10.2380830739018
"STAT3",6.16629973650611,5.83184917802911,6.30983926144287,6.4493961493723,6.15477593526256,6.04466676021633,6.17700169216364,5.70469012940369,5.88530204127455,5.85510475019885,6.30421803462773,6.33064547388727,NA,5.97365911321029,5.85406363651668,5.96249040638689,6.34248948986271,6.37155924386185,6.14262762990178,5.8705105791429
"COL8A2",7.10495247920577,NA,7.305558444482,7.27410576866656,6.27061206225724,6.86543442799891,NA,5.6451634577156,7.7388470507062,7.9923415584991,NA,7.21352940982061,NA,6.97805535347634,7.46871011941559,8.63830873314886,7.33942753186633,NA,8.16033152186797,7.21116969889358
"PCYT1B",6.76032707320319,6.47475861053376,6.51658667941458,6.78811098994542,6.44671571277547,6.54218018632442,6.51013577628389,6.07704710556308,6.18666899066486,7.09955543976266,6.64317586354498,6.86029364446331,NA,6.18341831568636,6.33934576809432,6.48693856095335,7.1709124198179,NA,6.31686503837538,6.10151199494227
"RPL24",10.4747518038183,11.2184578583761,9.99200839562358,9.75101231816697,10.7917712970355,11.2199801731039,10.6082650132814,11.387301094222,11.6490506775737,10.8682814979423,9.52967505391158,10.4591175077953,11.2840054559962,10.9856374664871,11.3465181516429,10.493619188876,11.036125495479,10.9290004086,11.1308375593704,10.4094654395931
"BMPER",7.38758311693267,7.83418771037011,8.29956162092828,8.37781409044389,7.72902345730548,8.56233754445076,7.91182582210657,8.60941745754504,7.3628260225132,7.73660209734377,8.38038113366117,8.00501846643477,6.24156722018626,8.13823722509992,7.41819852686271,8.36252844702377,8.62063169090495,7.67281702804977,8.10111536133231,6.94717908416375
"ELAVL1",7.89971368263069,7.53715077339304,7.7416126292137,7.74393770782987,7.7102249335916,7.67295433595051,7.78263714595432,7.25875327865359,7.13467472005291,7.27009064681026,7.96333517974727,7.66560849749583,6.25546722157998,7.52689848015444,7.01966065526133,7.54895159462512,7.91090558962144,7.9809802596782,7.48780923525607,7.4673835369279
"GYG1",7.95115929809484,7.86091463043418,9.26007347463732,8.05673515880342,7.89226429912795,7.46169533630821,7.30484150983676,6.24118745858249,7.41883865811022,7.85924570070416,8.91321631867263,8.32699357119082,6.05117411104568,7.94766530493027,6.69296089075511,8.67456974790272,7.58662384828152,9.06795625010913,8.44456283131535,7.60091410797106
"ARL3",9.5500851430419,8.78585862197785,9.94784022721485,9.70509222779458,9.83305912771687,9.92624926644396,9.82421255255723,9.86927114064087,9.03056954094587,9.50590648314679,9.74135267598194,9.43528613413427,9.78505202799135,9.484770124467,9.36868570002344,9.44190730354382,10.0538996915673,9.77402592257316,9.29968562327186,10.0422901759916
"GSTM3",10.2897165226472,10.1180530039879,10.5575025709813,10.280561824025,10.1235186151058,9.93108121798183,9.97354719171833,9.81450147106016,10.2795471003057,10.1426729448506,9.78358344165978,10.0525418457477,9.08953110240853,10.0825137107734,9.73755601618063,10.0032160363235,9.9087730240161,9.95111337863279,10.785979873941,10.3855890609155
"NQO1",7.91990590004172,8.48548389357948,8.44230759789793,7.4349072538564,7.87654350089564,8.06669678793043,8.13066315482607,6.31832419705505,9.04378006082219,8.23122703129547,7.43056987944116,7.94405675470587,NA,8.35716410542856,7.69358019445402,8.00738100160284,7.47599960576464,8.19722014785954,8.98427549194266,7.46248812008605
"GALNT2",5.96731176481658,5.56722922709639,6.07610705814313,5.78863229633449,5.82460139903549,5.27224809917053,5.39857288443958,4.94986590388566,5.7405024101177,5.72539506579712,5.9853058122048,5.929149950626,4.67249349171428,5.85246681847282,5.29575512169144,5.74183289025499,5.54534408791132,5.94864346755382,5.69671636360019,5.60782469138581
"ASPN",9.45193137017676,10.9672202683529,9.21606247221531,9.2375663186868,11.3359897192575,9.68160451782315,9.78108843829844,10.1234831403492,10.7525046196259,11.2299475578243,10.1739603035851,10.2224915724081,8.92113251901778,11.3872828921161,10.245037466896,8.95939913706771,9.86322723616669,9.91744462805719,10.2645222366139,9.8718690890946
"PLIN3",8.58138234981915,8.36847985622179,9.34167495380611,9.5718069214324,8.66174478606131,9.41064980192072,9.16750327043575,8.44908606088922,8.07079514211363,8.46363196452905,8.9230170566958,8.99984073165477,7.23971787284233,8.51473704460866,7.57946660223429,8.76715000872596,9.31126225646997,8.83194981082851,8.02783479169761,8.71107599603026
"SNX9",7.78655765835666,7.55643715157347,7.56230872931387,7.65582048119952,8.2306753153422,7.43502506306725,7.75669840530506,7.57029623351151,8.37185755894577,7.91617286717218,7.44549438506827,7.68501049591124,7.02421387301979,7.70179000717648,7.29704154008195,7.33350088172682,8.18044958619773,7.4011871033267,7.94457911004925,7.68852496656327
"AGO3",5.83946463127945,6.58390774389439,6.2968486439412,6.87591166315366,6.57229180507525,6.11479511854036,6.3950926539755,6.21876176396014,6.21420509510448,6.57755536622908,5.72013136006425,6.52421775695903,NA,6.21412083305918,6.46839191328137,6.3554643559733,6.55360237461547,6.28728594854689,6.81315923331381,6.05332003364082
"PACSIN3",8.05654917967173,7.32080939790637,8.37384780309467,8.20229388819111,8.27888201772611,7.96043071487906,7.66663000255893,7.62295298366725,7.51745400776338,7.94266286384362,7.82093099941826,8.14298438767769,7.76739297513471,7.75996056246659,7.44620656575054,7.90559799312297,8.3227726233289,7.7860333309001,7.54044257192353,8.29763440781256
"RAC1",11.096924011744,10.7291924197924,11.1120467254827,10.1650753031617,10.7087792507611,10.2867819826283,10.298289878854,10.3960517020638,10.2484374283071,10.2257762264305,10.8954196734151,10.1621462501593,10.2245585929616,10.4539662313096,10.1722898306392,10.2647813492314,9.98312079441842,10.6742218205135,10.6705217244097,10.5829201993987
"MTMR12",6.63394277103771,NA,6.56220823927009,5.13972030267607,5.89788335525803,6.61394298608946,NA,NA,5.98466120940925,6.19047519661941,NA,6.13605156645919,NA,6.00502332374076,5.38190672514903,NA,5.89169360110482,NA,5.81034163335667,6.21393431089962
"SNRPD3",10.3653025058854,9.61956707647802,9.66069836301917,9.66777076399384,10.3419939385032,9.60052931753697,9.77368630476116,10.5810821924433,9.58418855676216,9.9130712211655,9.62991520583919,9.6306200266921,10.6102379063176,9.84722010522545,9.69454132647872,9.64851192797798,10.7125494204715,9.64494306672784,9.38674073779271,10.7438980952548
"PYM1",5.76177456678709,6.22744614865261,5.69015735172327,5.88738183739118,6.40361588738199,6.357412228329,6.19661095700015,6.11250775425324,5.5893297829783,6.34176985643201,NA,6.70599786796548,5.93626595281857,5.47496239965724,6.14406637321035,5.30306949754668,7.43055253690953,5.49912061578828,NA,5.84093594217229
"PPME1",6.92348474490181,6.44641701391554,6.74445552119474,6.52891911090973,6.67566165472437,7.03690033182907,6.73779277497315,6.7953711684024,7.05955873610592,6.59790641756209,6.15422579943948,6.50326359833397,5.6251280284853,6.88104630859506,5.96332191800012,6.40893258957624,6.64845613941751,7.16814843231526,6.95203685883118,6.12110475674089
"RAB4B",NA,6.79705351892455,6.29209218986829,6.57144695511288,6.970053228968,NA,NA,NA,6.91442852057584,6.76174625475824,NA,6.61914467261847,NA,6.54671911621987,5.67284975574803,6.82501085366084,6.2340487412741,NA,6.63428397251269,7.55886597092188
"MYH14",7.27095321680476,6.67442379834963,7.45499028905014,6.96109620254685,6.90635923225692,6.6295457031789,6.30262236001198,NA,6.93626276175807,6.6967213955589,7.05999316821997,6.49537308598089,NA,6.6516905280339,7.06113039346236,6.88959776689219,6.93059491895692,7.19295202785662,6.80946909200177,6.86773699398128
"TMED2",7.85677401323656,7.45877902678165,8.26362884286855,8.19813559545037,8.39526533427468,6.76830217665119,7.09967721804534,6.52523123788867,6.80702745766818,6.82479753882338,8.36921782002845,7.26408871902132,NA,8.31093718397917,8.78354932165596,7.82375490165805,7.38872507578473,7.02449025866911,7.44724346195728,8.75221611689323
"MYBBP1A",6.83941391136914,7.07209775122736,6.97034493339155,5.70039903144876,7.36064594945372,6.9727681822407,6.09997542822033,6.50737332068236,7.1798355600029,6.35624432140375,6.90874345919795,6.95819311294777,5.86970912526101,6.76570489352565,6.52992946520605,7.08997434116358,6.45488433868819,6.91220465156107,7.13150660871974,7.0172376206838
"ACTL6A",6.67830293675757,6.25950262049906,6.32191702998192,6.46634816540093,6.59519563072813,6.1312284711347,6.78834807186777,6.75705542172342,NA,6.72943186305066,6.28966047910744,6.81298640493496,NA,6.85143160237894,7.19480036773855,6.53245532756993,5.7832475028416,6.40849036055581,6.76716877566819,6.10309526304888
"PPP2CA",9.46738065873749,9.50162756173913,9.43615954750352,9.55001847136224,9.15697956623619,9.416906728123,9.35891581000782,8.99523797728546,9.5452367024474,9.29912294248505,8.83653252903551,9.40202716834965,8.45048801710476,9.53526226233859,8.59300261543373,9.5379472423295,9.31375915206124,8.24974716713945,9.56874247165518,9.45285013009935
"RTRAF",6.97707728830407,7.01612448062222,7.34083734945571,7.1810546175352,7.17107632024958,6.20000831532526,7.08904184656597,6.11494986871111,6.70710451365883,6.8081780992247,7.28611956369283,7.39368672316325,NA,6.83307074869005,6.00873036643969,6.90407341468331,7.25218205240462,7.30335862880024,6.77245871754587,7.02580302955375
"VDAC2",10.2667980208193,9.49084461518914,10.1608394481951,9.7649300235984,9.96166605071012,9.47433304270994,9.48275358691975,8.91186828038544,9.28892631093386,9.65121240733589,9.76341126991541,9.87337090825542,9.06268411967339,9.48791314999789,9.43903562794763,9.38261562799995,9.83642978194568,9.86916765198979,8.85962162283777,10.5342126911509
"ALDH1L2",7.65320063253288,8.46342615971679,7.48698457009642,7.40234040333153,6.71117916004771,8.5304983337102,7.63884633797764,9.10416149251895,NA,8.32351304936036,6.23352361709601,7.67037229352225,6.33213578594181,8.20840737731145,4.95962079602686,8.26017443846613,7.71934559008162,NA,8.82038685155677,7.87496256405587
"MATN3",11.3071277500164,9.78729781569162,7.40057971763244,11.967210900619,7.51374160826649,13.691207603585,8.10234628000543,6.80106777310745,9.38497283447958,10.9118043970363,13.4652013071521,11.0590949569336,9.11407849790102,9.09744759802048,9.27631489173947,10.4358929780826,8.61410586471829,8.96433590201562,8.4348549009913,11.898625571169
"SEC13",8.0521145100057,7.41302959580916,8.41681423199375,7.99225425584628,7.73718947313719,7.90999747357719,7.81792242332336,6.56214733280433,7.24818038008135,8.08988008280436,7.96894472780214,8.09934595497604,6.58462904578927,7.56839887750395,7.03380612518949,7.64298844359506,8.41555769859787,7.76791832436213,7.36564424348432,7.49102057412727
"THUMPD1",7.3722222347796,7.56475981118809,7.23223220710031,6.88070164283072,7.41995242086773,7.56001034377025,7.40383063685448,7.89160153673753,8.05271027399407,7.51472898596634,6.50353523846958,7.51429451866992,7.03107201738263,7.7428590389628,7.51861101874457,7.21939091384369,7.64135492246832,7.10331701683801,8.0622858114055,7.41844930908128
"RPS14",9.04489480787931,10.5668955341409,9.22285489365553,9.53458370023574,9.73131600911356,9.8525793143561,10.2598341972877,10.6164650929062,10.7887126320726,10.1806382445898,8.66388302165517,9.98194316195334,10.9968400809363,10.6896982587729,10.4348955809156,9.95697356487695,10.3242550748079,9.55711326547043,10.4224660541706,10.1141221397109
"SNTB2",7.69500279153817,7.93271013472238,8.2343034208835,8.04688287376971,8.40470752463002,8.32182924243123,8.02102812854945,8.05923986920987,8.24041673925938,7.73251576606273,7.83313054044867,7.85341794942344,7.58073737156453,8.01400803952113,8.08163839071426,7.88370595400235,7.98209209241371,7.88319276886706,8.36147366576402,8.40112389999939
"SOD3",14.5164342795391,13.3404194423796,13.4898757422914,12.6815851628101,13.4334439681524,11.7597794465678,13.8450524537116,12.0345952468587,13.0426984332039,13.8464998915399,13.0730060358838,12.8496449017146,12.4967734139055,12.8709919184481,11.8235686564532,13.0630744825898,13.5832662327842,13.6892710254674,13.0702495967322,13.7326438571609
"CRIP2",8.03479397216708,6.66494695726026,7.47266350815884,7.2153622905996,8.11606198086464,6.78745413750682,7.48074167356144,6.19323566699008,6.71912144196004,8.14779068253733,8.23582144912829,7.17577270598283,6.03739421336268,6.55113135715164,5.82574335673342,6.60400066043612,9.55692022637268,7.2620125898185,6.95975385977131,7.58629630819529
"HNRNPUL2",9.62727723983313,10.7424467188185,9.4165606597902,9.43688383240616,10.0592378608987,10.5063045316096,10.0997120752105,10.7469789586831,11.0217982842069,10.3887373750812,8.88870390314926,10.5815052109602,10.1996725707756,10.3399656567645,10.0070341029425,9.55948125158747,10.1270998464276,9.62998717287526,10.1342082812119,9.57259901105703
"SNRPA",7.90231294831503,8.32777721347965,7.43509095802364,7.45111511126465,7.96094525837639,7.33841309356147,7.94301180883419,9.06713568479804,8.5598039391209,8.34519672895416,6.95730049775762,8.44014854056576,8.00069359009207,8.10727044053776,7.86136334871979,7.43425483380445,8.76589837151695,7.75579385214561,8.00800962821566,8.05861186092357
"MAP2K6",6.56552710661394,6.39403587019894,7.11437997507728,NA,6.50146918781306,6.46188098390177,6.46625223228686,6.76748280602471,6.01771900829531,6.28077488669186,NA,6.39521371344433,NA,NA,5.47010544829647,NA,6.52820192440142,NA,6.83846421496124,6.31904968280867
"DHRS11",9.01845179728309,8.64157642268961,8.88953734480056,8.49405883296257,8.52803063639405,8.35243777984265,8.89707707979315,6.83982504153935,8.21002648142355,9.16967684900172,8.15713229070159,8.39704841797888,8.41351669850628,8.67411242790207,7.92946132203928,8.81269522245168,8.54094084456185,8.83469034421077,8.89179147725325,8.79338801729134
"AAMDC",8.45109363215691,9.09294544189901,9.21990312878548,9.36758082752354,8.31218086856954,8.95797010177551,9.16521008650953,8.43826820912772,8.89014845445045,8.25010639107933,8.71649832571936,8.20169025835211,8.18468801832818,8.92142299251096,8.28158624796921,8.95699198202434,8.57308467479893,8.67608428159549,8.99784302375213,9.36734340022303
"COL11A2",11.549933812062,11.0227068843576,12.3741116573374,12.1539457406873,11.9328717554992,11.2717264030668,10.5521643741097,11.7944644214397,10.7094050434794,10.9994162242182,12.0650531975665,11.1514759320413,11.1537550412981,11.6006135180973,11.5824047411411,11.8588493536775,12.1097549729915,11.7311534762894,10.8784848932649,12.1985744766281
"GPX3",9.74322972468577,9.70445692486171,10.1332513313602,9.20199757571028,10.0255850037503,9.05098492491152,10.5905354855587,9.31932614525259,9.18030803182899,9.68494595667579,10.2178084936056,10.1895887827828,8.85211212223252,9.62488286763626,9.11977446375396,10.2602283937557,9.81231073366769,8.57584325620861,8.96726210364434,10.260212446989
"TKT",12.9586959966345,12.5687650198145,13.617241785132,12.8648141255581,13.1148689163447,13.1188160983526,12.97330131279,12.8397478342028,12.9095778715583,12.9979108422496,12.8915617252745,12.7813562650821,11.8457944605489,13.4925573637314,12.553436013533,12.9569050370651,12.6585794365121,13.486143817178,12.96391187564,13.0309290041497
"CLU",16.9713186799341,16.5809695436053,15.4753954036959,15.1398684580297,14.264214836646,14.6720596300164,15.7242430023231,14.0081008476448,15.6213212233845,16.8757652318413,15.6179473756357,15.5737615001944,14.8925869374142,15.6615299937671,15.5897877331486,16.2336460812406,15.084249766648,15.5713632945699,16.2029316525984,15.154562659838
"ERGIC1",7.77817103244803,6.76196697094259,8.03482825122428,7.68707472942352,7.92180299055061,7.22906211038593,6.58694957509422,7.08351279002793,6.65794211202359,6.46105381976382,8.04086853502807,7.51118754787228,NA,7.48296481802977,6.07734759423127,7.35615628650619,7.18262009792958,7.9828168868868,6.97334742225008,7.657450333508
"BHMT2",12.0411218095236,11.782161251258,13.1089810778225,11.3447717956447,11.2854054924821,10.9781735029919,10.9131771994032,10.0720557921637,10.6603059892464,11.2634261276117,10.3089037785498,12.5567036017793,11.1866600797201,10.7376834926279,9.87045690946081,11.4511557096088,9.35607693256527,12.8352949095462,10.9738633029543,10.9299901681222
"A0A9L0SWR6",9.64682550043474,8.83482436525227,9.98669234929825,9.41583584378341,9.4538285321522,9.29358432484694,9.14178980539711,8.80461409943558,9.05260660279366,9.21974181380297,9.34906893954877,9.42212318926521,8.50324688247226,9.08243613645786,8.51974649008622,8.88109324324619,9.44941850732653,9.72676595151823,8.84489670628193,10.0471206393565
"EIF5B",6.37746651613453,7.01752807093818,6.38811166554243,5.59401790627692,6.79001635399572,6.91376962008064,6.77147996264916,7.22141435090717,7.30835470001496,7.04753585347206,NA,7.02432839769185,7.11193505616166,6.76004230003851,6.60062357807269,7.21043116165877,7.33095257498336,6.14625330960424,6.84258305594771,6.65744372385458
"PURB",7.42522329715225,6.90133692107985,7.65749158878114,6.96765846515389,6.66175571104748,6.77757009573628,6.80879318514078,7.13834961448777,6.66349274156038,7.39458607909316,7.00434752376835,7.2790273277789,6.7000176889639,6.71893888934257,6.53433854420926,7.06437077055855,7.7936859938289,6.99835890836825,6.62332905901631,7.10790559401482
"EXOSC10",4.46425260142518,5.06401096031384,NA,NA,4.955565311732,5.48847212468759,NA,NA,4.03478133067856,4.72125239292312,NA,4.97396005706304,NA,5.06930895639924,5.44475957264417,NA,5.28211773904701,5.17801389613015,NA,4.85882081854635
"A0A9L0SX36",8.54198927326243,9.02485256295543,8.04962405833258,7.79432360992803,8.19454017916135,9.36918105776432,8.34670283456802,9.20395097412415,8.58795627309302,8.35985806376189,6.92590154838277,8.74194060633073,5.33735903442927,8.25736533986516,7.53836976851746,8.01438583978693,7.71191087808903,7.84985524129842,8.10846059354325,7.86216049734009
"LYAR",6.5790893412117,7.0087923660644,NA,NA,6.11894120470013,6.83398759177356,6.340724452718,6.90321328187057,6.24141805983455,6.56222951672765,NA,6.58344014356281,5.90017263435735,6.45083181682718,6.40002667720725,7.08578922606222,6.52278915122796,NA,6.09697211767281,5.26583034453713
"RSRC2",5.55692286523603,5.34140231503201,5.62175787818041,5.45274022423568,5.53422908650847,5.75770549653807,4.95431313978272,5.9326726355676,5.4972257426885,4.84883109999797,5.46080859206146,6.02456762170263,NA,5.11755784759812,NA,4.51070672542615,5.93714628076799,5.45934647056392,4.84523544161564,3.6230333742493
"FAM114A1",7.21282732990946,7.37324269732898,7.84325779887405,7.92127274357576,7.26022127833764,7.46316049688398,7.94120390325348,7.20987501969967,6.98026064035491,7.37264890068505,7.57383439468521,7.52473862933532,6.97806350748524,7.25867343318363,6.53286244003433,7.17299768795228,7.66492440627743,7.37346494202446,7.22066716417352,7.04441771502443
"PPP2R5E",6.26336962158901,5.91727974194344,NA,7.88116777452573,6.37182380390255,NA,NA,6.19790456534338,NA,NA,5.73528323906625,6.44985264027669,5.62034065064865,NA,5.66020580806475,6.36364130828161,6.55676880292154,NA,NA,NA
"GPI",10.6092646261847,10.0756893628137,11.1666623759532,10.6059293030237,10.8464332101838,10.4168979814414,10.1652394970389,10.2545273826507,9.94024989615123,10.3305224773553,10.9582748980169,10.8138131020693,9.01848209587336,10.4897304442452,10.2065365927526,10.3204430382898,10.5725331822862,10.395685384692,11.2458378443402,10.4639309866493
"RUFY1",5.74404189470539,5.62911682175838,5.31586664837433,5.53252885861022,4.89539892523589,4.94819308538067,5.02649487350073,NA,NA,5.84306976523442,5.69332979248461,5.68752307277699,NA,5.1403706345446,NA,NA,5.96581073234314,5.12517668133343,5.57557449708893,NA
"PTBP2",7.04467387263506,7.65096834166251,6.99053731037807,6.36425069549057,7.10180791855227,7.47755908905072,7.22547624203691,6.26790385867953,7.61554948573456,7.01457282440804,7.2831188099288,7.41707369798399,7.00092612236126,7.23053993271043,NA,NA,6.90658901465382,7.3853265476502,6.89101366676119,7.57258066763685
"MTX2",NA,NA,5.0849572994063,5.27995940956179,5.41626870894896,NA,5.72661861333096,NA,3.77338975255182,5.59937266860067,5.95679332645426,NA,NA,5.53428114303993,NA,6.16914511366313,6.02399335866511,7.1172393200813,5.31799386067769,5.33649967110691
"AGK",7.14565254688426,7.57916615099437,7.32752434133405,7.4159766631014,7.09547895728535,7.21237415909115,7.2600011060854,7.76679598019326,7.89504416325592,7.22995051724704,6.68355858776167,6.99582781000912,NA,7.48742989004419,7.20453789674042,6.98009864534469,7.29015857860579,7.3332569658031,NA,7.55449437377481
"FAM185A",7.13464214374435,7.73197897848108,6.55833086407896,7.03448928022271,8.0293970763324,6.84267728323154,8.00659047983163,8.02258502492751,7.87418813942944,8.42891612052338,7.24722129633164,8.25438434804493,6.49808988371176,7.50120273755964,7.33269112447662,5.86743827734238,7.63464074027629,6.10361886204507,7.50641008108625,7.84634194391205
"VWA1",8.60374183249065,8.63511776600814,11.3211193459822,10.9256855418193,10.2387791495189,10.876252543992,10.5109361578304,9.97394571536941,8.70152782152803,9.11231801678481,11.8697911434697,10.4661481133802,8.60761766678699,9.77271610190628,8.86168303100436,9.76736334999756,10.8424904130447,9.48249323790477,9.25481985647738,9.3073610893333
"MDC1",6.00188371419442,6.31074401129287,5.5407422178813,5.07991967413495,6.04419067290978,5.5486148207521,5.49419312518599,6.1437363748578,5.91570826174761,5.46674240554016,5.41528013383029,5.77985348801382,4.97765581073413,5.76667219560438,5.55659196681174,5.44035178739094,6.63012371740624,5.74498885064315,5.48580903082674,5.6942434734586
"RIPOR1",6.757050471519,6.76763885791967,7.24485161752846,6.23125712151908,6.61627712192,NA,6.03345579504572,NA,6.17368928814499,7.04032866228154,6.89431997333697,7.07372966558296,NA,NA,NA,NA,6.42347866689338,NA,6.18824830869185,6.01526036330946
"TMOD3",6.56346992593268,6.49599035224739,6.71622374881127,7.09389691925723,6.7292409024833,6.72220211286673,7.02968039360322,6.35543098936236,6.4329468386486,7.23122249659265,6.54140838069995,7.27123466040872,NA,6.70549778881682,NA,5.94357738691737,7.48707662113116,6.78394907571105,6.23697085439421,6.48974784030088
"COL4A1",8.33813590729328,7.4569709864379,NA,NA,7.0517162747748,NA,6.73891423895162,5.62328521832829,NA,6.80961199438781,7.63777292024697,6.66302249170195,6.87893653678911,6.78775943527048,8.08390013144386,6.62813701929394,7.11136420991815,7.8999947777521,6.73855391860288,7.65003610381838
"LXN",9.1385303145512,9.18033750839748,10.0051108556291,10.0250640539698,9.21586581329514,9.84626967858255,9.32000567359415,9.13485570603863,9.13349777567867,9.71488443065549,9.21698566827606,9.7463579439003,9.32134541331196,9.70882266644999,9.06897525715805,9.53026548000343,9.14280770581927,9.9615453303181,9.69199434607552,9.51323763568225
"ITGBL1",8.72875003412368,9.3895830793769,7.73153785926264,7.49715067934558,7.60823642167702,8.05908711125381,8.92626737111656,6.72979504713105,8.49781217756805,9.3054132151399,7.60513788011032,8.40443660892612,6.76639741308946,8.14441326143975,7.56649306949435,7.59669603647174,7.53475312203151,8.14848543306786,8.28383543927367,8.2079684686326
"TARS1",7.8938313056653,7.43498095234933,7.90017815946234,7.38109701180395,7.91997720516142,7.81903742704083,7.76689486505183,7.70741558326239,7.89388189330192,7.89576853395844,8.09761656641699,8.30372726819752,6.32979326693875,8.05830295594304,7.70933795095125,7.57436990617134,7.99499763515472,7.81174146809258,8.57287322948079,7.57068538613419
"APOD",10.833027993397,10.2526845682504,9.76651130340031,7.81919361556472,9.3905882677708,10.0845852676844,9.82039549191634,8.50484035741364,11.5314465526848,11.3459731061294,9.69480870790581,9.91747578997536,8.7142247805944,10.7009698527762,10.8115031148781,12.2523800567616,7.96258157521283,10.9787508879711,11.0760914986012,8.69798149874071
"CDS2",5.5532230601551,6.42545952618933,5.91637079911644,5.73878991107326,6.35455870434928,NA,NA,NA,5.44968631295253,5.56374870115678,6.4025480697089,6.36735253257861,NA,5.22366839866272,5.76401680036103,6.40438586665977,NA,6.01478462321781,5.52024480789527,5.20543609170437
"TBC1D13",NA,5.59976371499997,6.29057004824949,5.72134745139045,5.87702770020248,NA,6.28509333182239,NA,5.55381937108862,6.14613078586644,6.63060954479773,6.71472938086786,NA,5.84907519838106,NA,5.33327001369926,6.55187567853123,NA,6.25360565391173,5.50793317493384
"RBM14",7.29290225430041,7.26412029211397,7.16830410016289,7.11520385457857,7.36239117431654,7.00201749817594,6.61400153851386,6.54317554936515,6.94338223031876,7.07977015673898,7.11990212041098,7.48575948375114,6.3073963041664,7.05263724549999,6.47959893781637,7.19547248699664,7.24742094027692,7.43139153870225,7.05774400176984,7.21412506819647
"HDGFL3",8.49269651839376,9.23491981523661,8.56788071421919,7.73528925030523,8.69298564733867,8.51074051795657,8.75057098230119,8.3217394767583,9.39611803789867,9.14508787393004,7.46183642181354,8.8900852971081,9.1514883768279,8.53395281910975,7.63726965419189,8.50237161235331,9.5101703778373,7.61680558536377,8.7497217012328,8.72789867228897
"PRKD1",6.78151883640083,NA,6.62573213192826,6.7716407467525,7.23370890774421,6.83503816798079,6.63056121975749,6.62435687254746,6.06004820588372,6.10290460720557,6.87066457742514,6.85299794496158,NA,6.20482853236479,5.42350575691744,NA,7.08045469989657,6.70184787192698,6.56526523234373,6.02098954355793
"TM9SF4",7.67671371396359,6.84585836366952,7.93193710941885,5.91398444622357,7.79615520148506,6.63505430956219,NA,NA,NA,6.68286066544135,7.93336213961848,7.12591480531881,NA,6.80781141169196,7.87097965513096,7.58823965646687,6.53873473510371,8.34480890055934,7.24043266721601,6.80826955488104
"SRSF9",8.10546155869015,7.94478676260032,8.07144033662284,7.44669613632107,7.82233333434317,8.13047094561137,7.92835548088456,7.57240297025858,8.47589601783491,8.53820749563296,6.80936144274479,8.0003920094973,7.72421120003754,8.14111356451651,7.63853668636004,7.69224938432324,8.75552108094201,7.89775216485283,7.79386751507304,8.37968925660453
"WASF2",6.22385833446165,7.02985161298144,6.4420774266562,6.95605622456607,6.73680346804366,6.2475514496543,7.41004693844357,7.74404970644001,7.41646650729583,6.67826297114781,7.25052101329055,6.52951817544161,6.35559959605752,7.14135807790956,7.55970798996775,7.19004838086175,7.07892992463815,6.50015286890229,7.07965425822929,7.36546624751327
"EEF2",10.2525830559409,9.88969941493696,10.272426394408,10.0070583497648,10.0838330826275,10.137709302993,9.94349607086665,9.88224548171521,10.1187241713404,10.0408982710852,9.93228492492178,10.2766214033612,9.10564946145419,10.0152956494355,9.78055572027363,9.79741056136466,10.2590540825764,10.1810183571036,10.3046627821875,10.1629445866615
"ECI1",8.63793361779716,7.83825671834394,8.11381752585649,7.75741507784584,8.21843485884577,7.67158746643319,7.50074966179726,6.96278377201921,7.35560762674099,7.90954903999497,8.02140596915191,8.19364820995612,6.53521088443383,7.98401250366134,7.48939050577684,7.30988768027291,7.91571539209536,8.53039742579361,7.73531655473789,8.41627951635567
"PON1",6.19139122043941,7.07953986079096,6.10070659657109,6.4643707879932,7.24175768700008,7.8925681027039,8.40587011986667,8.08412250065207,NA,8.12676757310653,6.53228011098185,8.55193866778761,NA,6.8604437376797,7.44268635435198,6.11668641345878,6.89480430683249,NA,7.92528145641065,6.00930630103405
"ADD3",NA,8.87864007509132,7.80586316037379,NA,8.14474093317098,NA,NA,NA,8.52410070261261,8.25480277272496,7.2960736518413,8.31565565545043,7.20632325232216,NA,6.91414716343213,NA,8.73106006553112,NA,8.41862262891136,7.63922491546669
"PRPF38B",8.15258700058361,8.36138842460681,8.72855522673126,8.67112116521525,8.69843571975878,8.57914909701556,8.86122664884192,8.84578947235437,8.54511024794922,8.3983251564454,8.97546403144248,8.23639092025969,7.79047765328874,8.61459890988145,7.6279251897533,8.07691352970108,8.29055191089233,8.30864806073094,8.55431694314463,8.47082189886045
"APEH",7.65827767950491,7.34424568844944,7.63568732920557,7.44800715638592,7.25019011731254,6.73329711531126,7.30765524702811,6.57204376832414,7.1564469310217,7.15899613633831,7.14783193550309,7.07647403722565,6.7257919442206,7.19094082520193,6.88794560072332,7.37196272798564,7.11744419373527,7.60622467646174,7.67897571605079,7.40335481770206
"CISD2",6.82148656866117,6.87164170998514,7.37663044069261,7.64402184632231,NA,NA,NA,NA,6.76282859934746,NA,6.81950934080604,6.41213994245489,NA,7.04293919005951,NA,6.210580551481,6.98131210320763,NA,NA,7.46116721472875
"ADSS2",7.44878745599322,6.35609638740261,7.98605222011259,7.41468615381704,6.94472813338195,7.53820794275252,7.00442000008077,6.47705677770217,6.91303044887999,7.36006472675126,7.35369857669144,7.72163782065176,5.17055864381733,7.01190451896605,6.70384161457428,6.61635764509578,7.42784457982,7.11338454079064,7.88413712173018,7.13726468451373
"COL6A2",17.7235394265594,16.8081311296987,17.5802121734803,17.2408676999483,17.7183160071248,16.9632578947518,17.5591940381743,16.7323777088091,17.0142537288231,17.4800671425485,17.4067160500721,17.4845259157302,16.2669626431584,16.6117213156812,16.36637645791,17.0932453413806,17.7284133012536,17.5242519225579,16.7079510894767,17.7091650711193
"DTD1",6.48060103973138,NA,6.72548999153192,NA,6.72640047126095,3.2715588169826,5.55805758102797,5.26602673413453,6.75956051380495,6.73700517007367,6.10744359572573,6.77401396848712,NA,5.9351495355863,3.5212399299778,6.93663084041038,7.20438812441768,6.22864696933474,6.42426509976359,6.10881648198433
"ENPP1",10.701563606595,10.0489383514244,12.4977645111451,11.8916475344511,11.4193884934749,11.9087858649108,10.8272557592008,10.5969566889407,10.1881859771448,9.38647576500395,12.3539644444308,11.4985149121947,9.44472579042434,10.8086495088132,10.2703619348199,10.9597552246301,11.345565975853,10.7737703178749,10.1498910213225,11.0095060265787
"TKFC",7.58343237236784,7.44011408643711,8.07623833008584,7.38480411020163,7.43659311714031,7.90405269860988,7.17454570380835,6.97446942394387,7.76726531973658,7.83873796046976,7.78318424265147,8.06898965562941,6.77472127998309,7.54851469172256,7.43601443409008,7.71774848717075,6.99422419718724,7.68441798432862,8.40700833711643,7.42099699028721
"ADAMTSL4",9.15472969580902,8.59744630749753,9.08068098412267,8.50543815485185,8.98091385365777,8.80021412481607,8.88643568139888,7.81076489027818,8.26499948972265,8.88610148004479,9.6139480786685,9.10527623089212,7.5529008125909,8.45379210777609,8.67315575740705,9.23488143460699,9.00498159519434,8.76374500685056,8.24863911349744,9.07170936449862
"RAB23",7.87044314551649,6.6040041656292,7.39361394917375,7.55557041193825,7.33446396211216,7.02703263797227,7.3705117515174,7.65721622966316,6.27563163802853,6.1753547715953,7.58649818964339,6.7827258610357,NA,6.9012917928895,NA,6.73327839359622,7.1836720482791,7.09120008875134,6.78319956519531,7.20007306093057
"RPL29",9.62021855264784,9.96944649457391,8.97466282235034,NA,10.2705902816412,10.5290054519719,9.82911415153959,9.56985886254529,9.73122832757235,9.79040826852355,8.948333209643,9.86585629401812,NA,9.22426420021653,8.95190553842776,9.13688443077255,10.5005484852263,10.3380698698334,9.73961178735352,8.66088541482813
"SRSF3",10.31784154427,10.5907577776426,10.3549623426387,10.4386167792577,10.8000747432163,10.715513713287,10.7040436396028,10.8695088730354,10.9928437790132,10.471690622315,10.00496174971,10.8276572718604,10.1341908578746,10.9781983063743,10.3400972184472,10.2762751896786,10.83111571214,10.4783618473793,10.6963074792007,10.8467041409764
"PFDN4",8.55971876621048,8.05507065650631,8.66957737612147,9.02027334055769,8.05978280102843,8.94237339013865,8.29044873483605,8.24836086707765,8.22558335078132,8.12867265077622,8.18869945884552,8.52809009860478,8.54547133364969,8.02880958121868,NA,8.1675137644194,8.35617804177182,8.77054798541833,8.64378570545462,7.81812105647503
"QTRT1",7.19588291855004,7.40984860661553,6.85727977397986,5.78061133472032,6.36112248224797,6.54361026376121,NA,6.74358205037126,7.71735936810648,7.20545336074058,6.71428883021255,7.1721322514317,NA,7.57384571914114,NA,6.81540236362779,6.82507135201138,7.00784444171111,7.68513591074472,6.68036568095646
"A0A9L0T229",7.32945679266606,9.57074672458646,9.27299129777895,9.00487813710939,9.75052041024703,8.91919448826506,7.7219244410954,8.69146425453252,10.1747407289596,8.53325456827508,8.634230630365,9.36308624680641,8.58426197210764,10.1687825399722,9.64925850410719,9.09748427469934,8.06745524565775,8.25484831958778,9.73172243884578,8.9996908560029
"RBPJ",7.26510875655929,7.46486517623632,6.15834196015575,6.03784255099817,7.36524879680184,6.94849425722655,7.27950320597049,7.11677394001262,7.96353273687807,7.46267592670378,6.04403673334309,7.31172817794729,NA,7.08075169269711,NA,6.24823384038556,7.12457746047945,6.8557351172549,7.65627431326703,7.23793106996115
"TRADD",6.06917063396564,5.45113117255037,5.91085192287033,6.21403565085917,5.33017737427425,6.38756051054724,5.7448080594031,5.8445393701665,5.78306874583673,5.98311978910586,5.84653965169696,5.20297589601666,NA,5.92079181176815,NA,5.02936216357609,5.96747982648485,5.93431422754481,5.77202961236008,5.18945809601612
"HSP90B1",12.6454520849056,11.7723467030156,13.0605580386073,12.6156061891777,12.2658460147824,12.0532222302178,12.2312165044653,11.8477065641704,11.5042098997207,11.8504540449796,12.599518047589,12.712520565395,11.0292723433652,12.1081077387613,11.7714554281664,11.955590388973,13.0945396887424,12.5783284740791,11.8620581562735,12.362968944262
"XRCC6",5.89338659728682,5.02311100079171,6.09568365874295,NA,5.92494794456405,NA,6.47746775816612,6.02183797977067,6.71161200331684,6.1124141159924,NA,NA,NA,NA,6.23394286140633,NA,NA,NA,6.26050158993554,6.48096000153711
"CMTM7",6.47647095102033,NA,NA,NA,6.3625446023351,NA,5.21124992572094,4.85309687245329,4.69584899268508,5.26598447759738,7.3222438689959,5.75946838238836,NA,6.07057235117221,NA,6.28346016288926,5.57307514664923,5.98751207266355,NA,6.01318931651607
"TYMP",9.89030512176474,9.98887596611168,9.89506166421659,9.99282996692822,10.2445655631101,10.5004528007752,10.5834455066424,9.87393897195702,10.1222632357571,10.1478250788054,9.89495452714042,9.93419754429308,9.23063883124513,10.1315074602613,9.63905578639645,10.0128427917686,10.0300076933423,9.64176781389719,9.79361593768968,10.2644404835298
"LSM3",9.38215859033904,10.5106790784311,9.3283620046475,NA,9.65480343658174,8.51881082946472,9.58715091897462,9.58244105004528,9.53728107580284,8.37895827232022,9.03618769674939,8.80942981844163,8.4615378846151,10.1366838885765,7.98148515630938,9.72409303900668,9.22580780402692,8.4735607049052,9.80539030792593,10.4496888419955
"CC2D1B",6.01942821806546,NA,5.95368828726369,5.9938067813264,6.39125921528801,NA,6.79482974977614,6.02996174534658,NA,6.33623875513958,7.11712188961694,5.77438635347512,NA,6.33631210765924,NA,6.03578796968072,6.81102571469625,NA,6.35390859239446,NA
"FKBP10",7.94591204192873,7.12727863747547,8.84932716460938,8.53928928720749,7.63503039511174,7.84763812567205,8.1597745976457,7.30632344550732,6.96321715879954,7.3315370609565,8.20124409431887,8.17492183977342,NA,7.49255175671255,6.48155453405642,7.30094354462781,8.92315313382743,7.98636628093237,6.84130663234101,7.2673408691285
"ECM2",9.31199691281796,9.31745066541776,9.40496973925803,9.50259409577076,9.61136473610938,9.90254529185711,9.35258758569781,9.33170334900003,8.91092104022404,8.78480451014166,10.0986452809176,9.06083459253756,6.26727738771534,8.83790076434136,8.24350998235847,8.82096577005955,8.68711773108922,9.16231593479291,8.32161565716857,9.39224124605601
"TBCD",5.75624408311704,5.16435958004172,6.5431343612432,6.38443775793056,6.18428438631431,5.97027830813497,5.79261933126064,NA,5.48872585996198,5.38738653001277,6.5558351865422,5.69622343753627,NA,NA,NA,NA,5.71548476703851,NA,5.94720458243615,5.52279505052271
"WDR5",7.70461163624112,7.56357246081864,7.44857333080875,7.02649208860536,7.21417288873953,7.41733003170555,7.24942040826381,6.5414594198414,7.6090033341101,7.53487664015348,6.73870150966672,7.33481390854011,5.49037586615816,7.39904287255839,6.31641455985185,7.51482062672623,7.17688031601347,7.2889237346937,6.97782821332108,7.06036505048864
"PRPF3",6.33982527006743,8.56401048183525,NA,NA,7.42510987189011,7.83325525888934,NA,8.39034538335647,7.49676944203337,NA,NA,7.20236483346505,7.89263782926376,7.84068674188197,7.62170621090024,NA,7.22023319977583,6.92044862964808,NA,7.29405727972537
"PACSIN2",9.29950962628392,8.95889265886898,9.40752492064566,8.9540702214759,9.09592299350023,8.78625021450519,9.49247047847223,8.59511355822849,8.95560865616164,9.03832354431783,9.62604714589426,9.22286945681241,9.13935911969555,8.88905103503511,8.16540592050318,9.11132401126716,9.04851177801387,9.13258578500409,8.94153717734598,8.96427032628512
"PCBD1",9.63059208000503,10.1354486139232,10.1281614817722,10.0461895130805,9.12927370303544,9.48227085425663,9.37809304210572,9.74998398302996,9.50316711484574,9.7840365109995,8.46480321235748,9.38104770882945,8.61974253575222,9.30303705871634,8.39777803690586,10.173683430266,9.5298268492959,7.88793696443298,9.4182524900803,10.4564022782797
"RGCC",4.80046245690763,5.48093736368535,5.69314413345512,4.01009408038093,5.55357560254025,NA,6.07314103496258,6.11985886033044,5.36233665967146,6.10612731948836,5.730464197558,6.20167117600818,NA,NA,NA,6.15184016214318,6.04574704217732,5.30615648927071,4.68846990223049,5.76764243288642
"RPL6",12.0198163069162,12.3791211593359,11.7528348319899,10.6683119828195,12.2175238784116,12.4055465204867,12.0396173598531,12.3529389684455,12.6719507104571,11.9641812722305,11.315126884489,12.0530642952672,12.0949970055659,12.275615040965,12.1371387496191,11.6970989556928,12.3475599923243,12.3515657857134,12.3086972646546,11.6630296363355
"ADH5",12.2756991652444,11.9160835369714,12.8760851252673,11.7464863721435,11.4648691570256,12.3527040424834,11.900148854106,11.3136696463858,11.774780297118,12.365203656172,12.3023336610939,12.6236895124479,10.6590385297584,12.0130046793749,11.3575361959583,12.5240178276832,12.0601878817301,12.2586600207907,12.3424432064297,11.5718228570161
"COL3A1",12.7869725498683,11.510940653905,15.0496744880617,15.3700177915173,14.7394985225563,14.7317141218504,14.4288742322409,13.918238031832,11.2183663802412,12.2389845688281,16.1917393855901,14.5344496636208,12.0757067296057,12.1550116360113,11.3970055205791,12.8222750621375,14.9374454927678,12.966213586529,11.4019235517207,13.5026976513756
"BUD31",7.37495536964452,8.2381995804024,6.93081162397381,5.86233895224288,7.41424052765096,7.4453220871426,7.67251502133302,7.6727965459691,8.77403919499871,7.85648315685398,6.26657997692975,7.59673602385938,8.19631328530431,7.91193836986646,8.30779191500671,7.35036631868093,7.76410735470352,7.24080458831417,8.30600893615834,7.26059468243026
"RAB1A",7.63158447359578,7.58568754865393,7.91713879443109,7.73370327271188,7.55918912244907,7.5352529430201,7.41454402984381,7.781287539472,7.51247156434818,7.56405816237483,8.34187187460764,7.41822076976055,6.17164828621887,7.95741125111457,7.4121563820102,7.63140874359422,7.65392892726716,7.50482888522576,8.11831421459747,7.72898071337604
"CPNE1",9.18292850805402,9.20003560616286,9.58835732646342,9.0106890881311,9.67400812647018,9.37518827947943,9.46962658327942,9.29034687258083,9.03364609336113,9.07965323523053,9.90773513087212,9.57038703263577,8.11882353987102,9.44043162602857,8.6317088698178,8.92657609437689,9.13622267953205,9.16715597028119,9.17741803474496,9.76190276117272
"MFAP2",9.20261294524685,8.02029589861786,9.50643861535779,9.72537701579591,9.47118693767601,8.80849411639092,9.00043935045584,7.84685737871106,7.29348112415996,8.20545164963596,10.3293928109712,9.14088058019287,6.52955357098296,8.09623059138564,NA,8.58761107654688,9.58496307340923,8.28576369374613,7.47760837756116,9.3948817644737
"EIF3I",8.41594186705741,8.14170025847786,8.16036211440832,7.88022899704062,7.74375432805961,8.38946792751696,8.28619849737924,7.46712716797956,8.03774891380736,8.00402640944941,8.8341841267903,7.49895814098822,6.57524386725641,8.19636544470553,7.81729624236973,8.48888815335923,8.27250899730793,8.37591488712345,7.94997756665148,8.54422527243125
"PSMD3",7.61856322263035,7.34552323771737,7.68980855367997,7.35186215345913,7.66271177377329,7.0718659711022,6.83168562848637,6.65375825472491,7.11066367629255,7.07105631759066,7.6235474442219,7.57477450867525,6.15562835029527,7.34961935490568,7.1901954493384,7.56666214286831,7.13155430982232,7.0676719184944,7.43992967956263,7.48986372130752
"SERBP1",8.31106338142273,8.55447909064699,8.42105346539529,8.66336069699855,8.68213007122729,8.54313390373888,8.52039797308876,8.35254451020341,8.50470201556936,8.56019576530751,8.05629134195213,8.87995628141303,7.39360233397085,8.56757300537108,8.01038645075513,8.33569103981319,9.16059688218372,7.99318051357237,8.41604453411142,9.01105654640346
"SLC1A4",8.53026849168997,7.64180633171133,7.57742224503303,8.40905654669756,8.26053365110979,7.52921697007101,8.09285450255994,7.50154850804064,6.80284828030688,6.88524010645719,8.72154193376127,7.49442282560749,NA,7.79626649689136,NA,7.95491993126266,7.14797801984791,7.660148576409,7.88853885281459,7.63547680351937
"DDR2",7.34447980765404,8.69714164831371,7.4046095127128,6.75264506056057,6.69619993548875,6.69945104672771,7.65351882828854,6.2869850552671,6.81812084642153,7.50884791844048,7.41627370739774,7.10150938227669,NA,7.6161848920823,NA,NA,7.03135774536536,NA,7.61771954867661,6.84840509778093
"DNAJA2",7.88857892505604,7.72643148532443,7.98786787556787,7.23006571105523,7.996966197285,7.52041641405354,7.67649386205756,7.17988934047183,7.73283229543213,7.68190430969963,7.75728209931517,7.3769772031695,7.77956723262128,7.66659601007588,7.41390971905732,7.76429723041541,7.83223780811928,7.96687163905597,7.6389600286941,7.57686251276488
"LRG1",8.18945459300721,8.00945310348576,6.89087827282331,8.18622640599195,8.57719112054125,9.48891836740244,9.29815555582509,8.43554379151595,8.34308607346224,8.52620144127608,7.40636664861298,9.07810395006561,7.35381722270808,7.76290116557276,8.82675427026878,NA,8.14454721839458,8.10902747432352,8.22869077249916,9.35615705555616
"DEK",9.76328365224497,10.2406161558912,9.20669567630409,8.48059724984353,9.98649922051615,10.1023550491459,9.88466682189368,10.146032276691,10.6659369673668,9.8191301121449,9.0327861891701,9.6855458421953,10.3105541183689,9.30989042174416,9.76150207344181,9.13920848467309,10.2680495405822,9.84400660130918,9.79734598397673,9.56241106347905
"PDXK",7.58519134369995,7.81920163163866,8.91522625768181,8.73519673665391,7.95400343424191,8.27553110181843,8.68308680930333,8.14290748898951,8.06878773294981,8.7532096870364,8.35186906470349,8.56549335404722,6.82009563820642,8.45587143983737,7.56141928735235,8.53695498496789,8.64067855193319,7.92464215409617,8.67750283495785,8.07270957287584
"TMOD1",5.58757188263445,4.21354535833988,4.53624223309729,NA,5.13126911088352,NA,4.76565032686735,NA,5.51493682422038,5.88130494350439,2.86198476883022,4.8828887182764,NA,4.72243341962075,NA,5.34347836245392,5.68855111973216,4.56235362016849,4.25497586584605,NA
"HNRNPM",10.4688849233496,10.221342417432,10.5963691461234,10.4804731233713,10.357744156089,10.1723375947188,10.0830366843248,9.74072624778767,9.90629528527899,10.0304292873212,10.6591523267287,10.4423547309222,9.31277430548086,10.1228412669371,9.7135124444586,10.1578187518785,10.7603651043728,10.5177706953908,9.70828110931616,10.4913873933537
"SEPTIN10",7.4379105430915,7.0492541673942,7.27507477213797,7.35787874333399,7.20592212692015,7.02896586751364,7.17721212771672,6.6348035240073,6.49319702466644,7.25240489885978,7.29914771840385,7.45663431914456,6.46362223958826,6.95087796106977,6.88302053384678,6.81116783185787,7.36538823039747,7.2595457339939,6.6552468517193,7.03640817524198
"MAP2K1",NA,6.82007284323811,7.69968662324275,6.4458230227706,7.07034020945313,6.84129621121203,6.65356863000593,6.13696223056638,7.16486183086271,7.6642464209708,7.42750472488816,8.13054935655568,NA,6.62449504301684,6.68733649053119,7.31505538220523,7.64461797575769,NA,7.33537849250051,7.06328848256511
"GLT8D2",8.46974269605187,7.84781081680729,8.32209719029798,8.29580566502636,7.66904570129606,7.86326070291282,7.56117271047038,7.1549097310059,7.6368850125361,7.41039043670089,7.91315446366423,7.36633199462428,NA,7.99740573729238,8.44871003572566,7.60047664783098,7.54461165902877,7.7915446463224,8.07841200186759,7.70630259702255
"DNAJC17",3.24047163150828,NA,3.09200754078686,NA,3.69203799558521,NA,5.06856630647765,NA,2.84917727208929,3.08819852855034,NA,3.60813154570292,NA,NA,3.80225940063416,4.19207887875887,4.36206932201768,NA,NA,4.99540612644081
"ARG1",NA,NA,NA,4.87917582866993,NA,NA,NA,7.57891234538007,6.85320997424388,6.49287970878077,6.31214576219648,7.76895321919757,6.5019006061043,5.64295720773325,6.52670635001718,7.00835044290656,NA,NA,5.68416148275377,5.9133606611758
"PRDX5",11.510544560311,11.1570266969933,12.6647170068195,12.4977467468104,12.0532877392014,11.5887417051672,12.3943284406795,11.5139424852773,10.6399404495339,11.8171288496788,12.259354383964,11.4813622719363,10.4210035883887,11.1176078887375,10.8609898881735,11.7420554913849,11.8470960278711,11.6618772000903,11.2146988924509,11.7411934426743
"UBFD1",7.7836153028736,7.53109903591112,8.2831247276369,7.62350060631369,7.64505048101711,8.01115961146149,7.68900022123277,7.21784279231343,NA,7.7819341651772,7.45143277954332,7.89581290419781,6.63046646326025,6.82378912161853,NA,7.60480963248394,8.27109192780989,8.22941969261605,7.14216912569676,6.83212885716583
"ATP6V1E1",7.12020616291048,6.6334818642256,7.30895312620728,6.78169672783741,7.17716395193558,6.97419895447969,6.99384425275446,6.65228816619338,6.76540745061247,7.34133078788648,7.90598585615616,7.2698064937548,6.92373109990586,6.81048651082782,6.77705898103484,6.69314814170923,7.80651254763991,6.9602143437772,6.43567920469784,6.94221815707542
"DCPS",7.41669742379907,6.60606925111095,7.17314627839442,6.84851910397848,6.64678152453029,6.95165984024782,6.83497792164356,7.82632249081995,6.81376905046076,7.51877543145726,6.89761597536445,6.86586961330642,NA,7.4999946602898,NA,6.70261793329709,6.91078711151528,7.36347508673778,6.48487587919999,6.53065818616773
"ESD",11.0257421641839,10.672992735624,11.5373118954152,10.5792683812497,10.6715710946995,10.4881406480028,10.8743593829015,9.99015063614223,10.146995318581,11.3652948932879,10.7791308624075,10.8545996751722,9.65412792154939,10.3826568779621,9.86202188685712,11.0525493807763,10.5545933914641,10.8882756746207,10.3934978036265,10.607250553097
"LOC100060997",7.60694959085867,7.5273697432498,7.50907740955302,7.36048386900326,7.05487951625622,7.69035166720401,7.49067085460803,7.20051928747738,8.36208261230324,7.75694566231495,6.45769179065194,7.69810590684726,NA,7.82686661743242,6.95484094151869,7.19243668672321,7.55838729346721,7.13263021641428,7.79948228971456,7.5182193784901
"AK2",6.30931585852319,6.36387928299057,7.28714958429411,6.5493200736514,6.92637714109298,6.12869677932564,6.93658319807752,6.82297044621069,6.81516812948922,6.71591270086023,6.73226806586999,6.51539168467977,5.5607870777987,6.02310669107038,NA,5.43716858460776,7.35729820159028,7.06273464530965,6.5112211861218,7.47873825568104
"STT3A",8.50836177624548,8.34401662140817,8.80390612278653,8.88852669529675,8.84283404480723,8.17379151103183,7.87096156241737,7.53905294793517,8.11848835778353,7.50172859966754,8.84612255624178,8.27836730835984,7.24625020257473,8.53650358581779,8.56318027805407,8.39969530545542,7.71041353670937,8.12758780139875,8.42294878498649,8.69447290349154
"PLEKHA2",6.65269507950231,6.30062248832764,5.97307661683974,5.69435695193664,6.3649758339915,NA,6.23817316870555,NA,6.20123716971158,6.6586972922948,NA,6.16583367627794,NA,5.88417936031582,6.51922312933718,NA,6.79526926237386,NA,6.67653676822654,6.05695746884025
"CTNNA1",5.45446929583426,5.58645176062352,6.04133677963924,4.86941138383095,6.47249314744791,5.97932435617822,6.35923556018928,6.08085190018573,6.12712019513978,6.01676362020608,6.20685642484806,6.35233622574343,NA,5.93306704500201,5.95969845853168,5.47058108510887,6.64599614425424,6.15184731083727,5.93758468373809,5.66785070959339
"NELFA",6.62119698007065,6.2685062032602,5.55653781228658,5.36519464611655,6.33082331530084,5.38359597935476,6.32802201544821,6.11762608364338,6.12046659527587,5.91719422216483,5.26462369833981,5.09807237607719,5.31227186113232,6.11020467364446,NA,4.63212014234882,6.54345910884211,5.00157598398468,5.75375831630062,6.42963079364673
"TAPBPL",5.35921636209663,5.72107829788585,6.19257924232994,4.37197695050921,6.23703278570219,NA,NA,NA,NA,4.79946177102642,5.90961213366705,5.8817866464465,NA,8.27407994272369,NA,NA,4.81082452307715,5.71865168845911,NA,5.81963598166487
"A0A9L0T8B6",6.90084317740348,NA,6.66567005425817,6.35425994809154,6.5208644718459,6.20170799008464,7.00125863291424,NA,NA,7.08306730757679,NA,NA,NA,6.56840014200489,NA,6.83453357174417,7.03401749966345,6.02093957852057,6.53328938655418,NA
"AIP",7.85820907091646,7.24552883589325,8.26198753934559,7.46016955038049,6.97403557447339,7.51227660325503,7.86808928948018,6.86412853412638,7.26437048426041,8.08075787637425,7.60879675465813,8.05389061816151,5.89686787135476,7.31697121144188,6.10252880007731,7.86370864651059,7.74182667379739,7.85666933611372,7.30895224272517,7.17670854610172
"CCDC25",6.29311918645178,4.8404136341993,6.5672298286169,6.25988473223929,5.97999234989123,4.84711019886378,6.4719964532849,4.82622375003386,5.01051307053828,6.64327065596456,6.63785141657316,6.88593393436963,NA,6.24567067873802,NA,6.01774982818463,7.41085554989084,5.78036538159225,5.72235811575431,6.37464786538796
"CALU",8.45447296842839,8.24562830810343,9.00449589811566,8.96884628971984,8.26925272502044,8.42944050978763,8.77605162821658,8.04776416498403,8.33372219905127,8.73146254593591,7.86993202421272,9.12323008777154,7.4608601798987,8.24826393915373,7.2340768770109,8.69559545851961,9.34782056196454,8.04148462601944,7.99620111092132,8.34209723981527
"A0A9L0T8X5",8.1342844191687,9.16702949769916,NA,8.63810232301452,NA,8.26445254997136,8.00332106221932,10.8437647379259,10.2635644058037,7.88249502690617,NA,NA,NA,9.90341707853884,10.081073301765,8.90814148367777,9.88025352048556,NA,9.66062025808186,10.3124793868198
"UBXN6",NA,5.50819974672551,6.2737048329262,6.49620833165713,7.02826454658267,3.94930645687909,6.68177260001244,NA,NA,6.19970238861169,6.54303601989761,6.55987754807667,6.05436279711553,6.14516796300106,NA,6.33386465219038,6.46878976081981,6.62126952709716,5.92812718958904,6.15738167079731
"TMX1",7.78073642101443,7.43757463013812,6.86713445234568,8.11030395671374,7.68049727129625,7.63453913226057,6.98001391441164,6.94860008026127,7.12083340575449,NA,NA,NA,NA,7.36177107373872,7.88270144857267,7.68263387858226,6.19422016376156,7.44740389387929,7.48545678546488,7.27841009045252
"SIRT5",6.752068304793,5.21606678937369,6.57108391439765,6.40764584595776,6.54922842121263,6.372477678549,5.89932731932425,NA,5.66826617785047,6.93380134511908,NA,3.93976916918652,6.1192670057305,5.64606534516402,NA,6.07242913588346,6.68434959061275,6.87210984583941,5.37641224423817,6.91953385108526
"RAB2A",10.1896032847561,9.51663270867072,10.4646899277512,9.89172105492622,9.71551892268808,9.43826833889489,9.53703903276302,9.06036298624344,9.79432610588592,9.7870865254792,9.88579429698245,10.0484049240373,8.66608976397374,9.61786032729218,9.32427202352997,9.56350277080741,9.65228075344698,10.168417297893,10.0033630264637,9.22603198943615
"CDC5L",6.85702845964244,7.59546765869148,6.36309735515764,6.46078772041391,7.32000393224383,7.70136197221574,6.88013550540831,7.92227632639906,7.75374333620828,7.2394121288999,6.5007920556685,7.58406163660473,7.59552940351146,7.23777555502393,7.18874569822339,6.59018837582974,7.73856372664172,6.66065074956673,6.79199843613614,7.09263705848805
"PRKAA1",7.49312817380054,7.48246109868636,7.4580040787552,7.05063151823253,7.60488830983989,8.05166070111344,7.89604713345475,7.93789756813895,8.30945391798261,7.59804973676229,7.41362486103676,7.8070173384998,7.79345424464422,7.89251508120839,7.99552429530461,7.00564327014886,7.97694807240759,7.17332937171581,8.03430412597963,7.80063831360405
"TMED7",8.21253564551658,7.69427438161642,8.09842859897214,8.59421101085278,8.13400835082741,7.56971404162844,7.61049383255279,7.48597598556719,7.81527122303047,7.67547785228988,8.13384068561341,7.95990932483854,6.91297970910703,7.87489077979704,7.97924158831093,8.05308743534107,7.90917267706448,7.74043941555398,7.29744472432373,7.97611003875302
"DCTN1",7.8177471191372,7.46975225360815,7.70955625907262,7.28261953318678,7.46897437495869,7.42345067634688,7.13960219246509,6.83062433415308,7.28377396122108,7.49937500084457,7.5416186449791,7.59298442932018,6.34572259484698,7.38300912396361,6.95684368369483,7.6586177835328,7.46448439859731,7.72107140576025,7.44151870490236,7.37354237283972
"PNPO",6.64184587359458,NA,7.61875857364801,7.34643547415384,6.4137516162102,6.57811077055932,7.30627416398278,NA,6.63626641643992,6.94347378017315,6.47412518728593,6.7799632888947,NA,7.28107820358534,NA,6.99165819682146,7.10002289288142,7.23195664951994,NA,5.75018758136368
"PSMB7",8.59959210114177,7.61000209545317,8.3980753489776,8.0115311045649,9.16939095481269,8.19966345951636,8.55566123351742,8.06928505591296,8.02235978091873,8.14274720878668,8.45538643373682,9.39402727490599,7.31182969898199,8.11074294767988,8.63415248639948,8.55668449747284,9.26222364940063,8.40213539077589,8.11459379412186,8.6007502759585
"CTH",11.3441985042778,11.1650288577751,11.686770272481,10.9000642172118,10.840397530751,11.5531126085413,11.2915244713052,10.4275913804916,11.5416579374996,11.2540576534232,10.7364525222514,11.4382493095027,10.2311959900603,10.494966449196,10.5711613005663,11.1710774110146,11.1116010160803,11.3581745982881,12.0142974948786,10.9765507324658
"H1-12",7.86761126264114,8.52276231860396,6.78816739061179,NA,8.92256498399594,8.96040642387841,8.36932523166323,8.48754996672886,9.27369927420665,8.55246153636397,7.08202182715754,8.66202841233038,9.86723892286822,8.5632286767215,11.4754569160182,8.96131544006812,8.55292178168455,8.49820624859941,9.324112698702,8.73602889191029
"SNX5",8.91573291445501,8.89142879927088,8.84143731610288,9.11163768658024,9.29396047842152,9.19968447575287,9.13968244801022,9.41421057162695,8.99794598490864,9.27500178100773,8.68574849109596,8.90958853271903,8.98492826946681,9.23413035575277,8.93003041534199,8.8415786301491,9.49404716137692,8.59441024623115,8.91958290992779,9.35990876256997
"ATP5PD",8.40716729466706,8.03395004489311,8.41415961682231,9.64283418556941,8.34224924751478,8.58227412744212,8.71118741695341,7.73311378779522,8.87464692657668,8.15995342038623,8.64587643812937,8.77549228551587,7.56351269543841,8.76134767819399,7.66998440291349,8.65050281193649,8.88105263515544,8.99315124282502,8.14777128409071,8.88986793780805
"LAMP1",8.90707495731176,8.15602883691023,8.93807545757271,8.84997834649226,8.45096335538243,8.07446224056221,7.97762918398421,7.04016392879782,7.07592463022123,7.82657895314308,8.42604582294392,7.84564687952972,6.64327860590693,8.2559120976379,8.18251526444693,8.48636855266006,8.24040615304976,8.46691009464815,7.8169190189527,8.3532059804279
"CDIPT",7.5979355147189,7.55038158001503,8.02291139448991,7.72780472277795,8.040048968754,7.56157377517841,6.88144355755417,7.36285770111535,7.31548791014789,6.92925864711927,7.56325411565456,7.23119239961056,6.93509516120004,7.61809373062072,7.69195701761684,7.79450827587976,6.85364685304743,7.82595046499068,7.45515320784544,7.80851399541088
"ATP5PB",7.08732655490204,6.68734364529853,7.54226470761432,7.04900194091536,7.76053944317492,NA,6.51209165870918,7.18923482983895,7.28526625088604,6.65144440253478,7.19413787672565,7.4034537211243,NA,7.11526045612612,7.3165159072692,7.03604794519901,7.12571545706342,7.56608874760084,6.62667084320842,7.79170022909713
"TSN",8.72186948946995,8.75008745211262,8.51939821615089,8.85619850522586,8.67677376632312,8.38100630061089,8.33825634416386,9.01463631507619,8.70816392595396,8.59092646472562,7.9079499919738,8.64590200159321,7.96218514257983,8.91711119430726,8.79644774364488,8.94410767859668,8.04955698256489,7.89598431801579,9.43530205409537,8.5684985549186
"FH",8.78703519011862,8.42931686560168,8.85166585261017,8.11712424357002,8.59613422577888,8.64158394785289,8.5389375210481,8.04463552111319,8.6163806012417,8.87838898411757,8.44809160017722,8.70614503037502,7.88518511966199,8.45058521585355,8.62292217016807,8.55881067967948,8.72869899844172,8.70566799973547,8.69941482600022,9.10999931905313
"ARF4",8.50328088005925,8.35616830323122,8.65665341095851,8.83390180429668,8.72809483631022,8.91145690957267,8.72117686211247,9.15387574922582,8.59724132124084,8.55632668428559,7.99358331322387,8.8339675786544,7.54013895388121,8.64153110561866,8.78933036248371,8.36406994185797,8.51507402506967,8.42060864662137,8.9920991008328,8.21683579674428
"MAFF",3.61267077859532,5.34665606201373,NA,NA,5.01845862268155,NA,3.25204475148735,NA,5.50452797223567,4.09523038113566,4.06602337546875,3.50011950587625,NA,4.84117859377878,NA,NA,3.3411257947195,5.05934460733858,4.15861098598788,5.47813663657809
"DLAT",7.2196355877707,7.8153714286136,7.55814001691364,7.1418234604394,7.87963378173443,6.63381475570419,7.64812804726413,6.73512406995528,8.12171922783229,8.02972816043614,6.81637430738662,7.78267631204708,6.66605059397589,7.985499758405,6.75173162888875,6.95449897651224,7.75724447807956,7.10085591341623,7.28138156799493,8.45331818890912
"SEPTIN11",7.92724970728442,6.85695376830624,7.68655326387047,7.27528117102761,7.46584830847998,7.56318397953723,7.02030948900826,7.28900461506529,6.60409574674153,7.33990759995276,7.29459975860562,7.55075350021641,6.9606446050689,6.82488108181894,6.13238322978135,7.00688707207714,7.42092958733191,7.45734147201866,6.53759106793351,7.61444658998133
"MAK16",5.58388820719638,5.50533903765615,NA,NA,5.05723662151117,6.22572102951799,5.78149924962019,NA,6.4457025516315,5.36621210208385,NA,5.64508666662612,NA,NA,NA,5.97337057816603,5.4330462374129,5.67826406571175,5.44121830882415,NA
"NXN",6.31816439624167,6.239851334628,6.4353119004288,6.49000759179403,6.53571333588949,6.64704188557217,7.10217348797997,7.73176479313657,6.20281785890688,5.34506438849482,6.41782136559243,6.92702366902276,NA,6.29931550604486,NA,6.31348678956431,5.88517838025518,6.32941864720006,6.8064275668148,6.75756400952132
"RPL10A",9.70900553665321,9.8077186497598,9.68754085763663,9.2692017847045,9.80187930685839,9.45060222307468,9.45770317324528,9.40391595437298,10.2595420973601,9.68809466492019,9.13758977319356,10.0217240585913,8.86920804571945,9.84289951776761,9.90877755290804,9.46349134125483,9.75417725645139,9.62240198885201,9.99921074464719,9.68697894274978
"GMPR",6.37948924629445,6.44230664174488,6.29849792923656,6.19228894658937,5.50260295963597,6.08596182833416,5.7515811311741,4.77830717413272,5.03145736867083,6.42285430288927,6.55086457676792,6.5582910996439,3.50381223189432,6.38854532624977,5.83959903160316,5.9126755710881,6.46160606945585,6.95207481936303,6.1153550439638,6.25774898031145
"SAT2",NA,6.97980948832678,6.14767151374617,NA,NA,NA,7.31344486947498,NA,6.99682633046516,6.65557833448516,5.98766954476832,7.1074811614538,NA,7.35333769330633,NA,6.78893686391127,5.01956016977186,NA,7.12826161890265,6.07803746157852
"EIF3E",7.05139221790432,7.22387803103429,7.20026097167209,6.97677127588648,7.29726929073832,6.76972178889915,6.3803824295954,6.34813324978688,6.82761196974183,6.57922969496433,6.76896286709573,6.97136456993768,5.94386024832813,7.10316084306761,7.18243010109697,7.09538713851011,6.65366003960561,7.13107596087077,7.08126886409353,7.03806783598337
"LNX1",7.35756663584921,10.0079103573757,6.6083879894284,4.85870937554098,8.96970944224752,7.54647500770344,9.18859050404749,10.8551318455872,9.26378281528699,9.87992536845731,5.60408204140532,8.22449317333554,9.89012767615937,9.28635450715267,7.25996836581972,NA,6.8478100977101,7.80094696155472,NA,5.47465259896181
"TPRKB",NA,4.4449313874335,5.60727353925365,5.58170610671573,5.44977840723356,5.62750128330084,6.14130883236501,5.49549573921301,NA,5.35507529207807,3.57150022938802,5.27450740332999,NA,5.62361642825547,NA,5.97781154309427,5.88066131203911,2.85734012080779,5.64376739297125,5.71588120015795
"ECHDC2",7.4353366789669,7.85645148652909,7.73538270189719,NA,7.4771804547733,7.65582692654379,7.82305423541236,6.52689144864425,8.11473850366443,7.94095917958264,7.00103644586226,7.68865259506298,6.25904260739927,7.76852665441753,6.86869061019682,7.00208313111451,7.87001049420341,7.94609468256701,7.66190268373867,8.15669664505423
"TIGD5",5.10331194506965,3.10224397888892,5.80161702198884,5.3192769427574,5.59749205184133,5.2070719500242,5.08485568680935,NA,5.57529759545482,5.60335212533833,4.28535044428705,5.45387642967102,5.21681123629067,NA,NA,NA,NA,NA,5.3584863370652,4.83673123450166
"SART1",6.87538869677846,7.54162986088382,5.77847644329532,6.48063048796147,7.45997947278804,7.80324858166149,7.12282546028089,7.73819963393084,7.59964540685581,7.04158990431846,NA,7.15933431524486,7.88129616379907,7.16991649437971,NA,NA,7.78521777798786,6.77304885990838,6.31518119925337,6.93340477794549
"MTMR10",7.46878829193252,6.03384415906385,6.63229075226478,6.63314730387217,6.51701520197496,NA,6.67870425070058,8.11888601277295,6.230736009927,6.32448905749097,7.26416397042387,6.85542380997469,NA,6.79379739112367,NA,7.12605602155723,6.78881599367741,6.88748043886128,6.64097545576609,6.138045696131
"FAF1",5.81853427100376,5.04477208877705,5.65693149623677,5.42042609169774,5.34473860106875,5.37544105174666,5.40882641952538,NA,5.38904919735804,5.68845438073982,5.76976914959494,5.536400987834,NA,4.88111991620498,NA,NA,5.44712912081556,6.12298985834769,4.69954894077989,5.21938837352488
"CCDC8",6.08265477535842,6.11683883389177,6.12646604246637,NA,6.74218416976546,6.41009039491451,6.74028283876082,7.00808146100008,5.38083244380898,6.1874282608227,NA,6.50738972468747,NA,6.89851344898881,NA,NA,6.15473589277936,6.09011724776585,NA,NA
"SNRPE",9.37404890769732,9.71582908891935,8.87164373428212,8.48471575724608,9.52698634564326,9.16780070691701,9.55158089791131,9.82252559175157,10.141524157462,9.54646876541396,9.12533880233411,9.53680231123685,8.6517576199618,9.96280041342379,8.13727432141807,9.35591759382789,9.59855545274247,NA,9.81563388025318,9.83272278519245
"POGLUT1",NA,6.27684739360947,6.27095892653172,6.60582953674259,6.38230236683364,NA,NA,NA,6.34288742002413,6.06610849618826,6.34383277163197,5.97904740235431,NA,6.23524658979081,NA,5.94604021552004,6.17143240479639,NA,6.64689558826321,6.03414670790059
"RBX1",8.25561048435125,8.04708170259857,8.62603304503952,8.0783316764489,8.24521392294525,8.35994097032771,8.65471919092678,6.81686581529202,7.99243895583623,8.42370243975754,7.44833706395345,8.30175486428045,8.20427713303252,7.73622482174624,2.31477323625177,8.27131417724227,NA,7.68274737024508,7.6465566377825,7.41367909395708
"PCNP",6.02717121553572,4.69378292441395,6.77055205881593,6.06090192515977,5.77818466863907,4.86899750698188,5.61622719102578,NA,NA,6.20977695219939,6.72304506430523,6.17389659568472,NA,4.41220166269153,NA,5.71838009244213,6.786714541429,6.14461290795592,4.73970151191976,4.8779406137706
"LNPEP",8.2613767377695,7.73607722607964,8.34798412981598,7.80335058587495,7.93133691673489,7.54944104102297,7.18413159415874,NA,7.01666030481702,7.22308597274109,8.26206081759832,7.42574655206725,NA,7.68694242843514,7.73918744813405,8.40178505884955,7.22987133233059,7.93777250067053,7.64527356745901,7.61204227792851
"DHX16",8.73468581057093,8.6122657118392,8.42893964407654,NA,NA,8.94701104213869,NA,8.4595302101978,9.16694595392749,8.02248866718162,8.70821085546972,8.05667230591417,NA,8.75290005225173,8.29779224348687,NA,8.35226076867839,9.00539907298171,NA,9.13928266301689
"MEF2D",6.47857156134565,6.5756543886075,5.96295513751146,6.08386550711289,6.1413471477134,6.29893481893102,NA,6.83354364051574,6.71021956155226,6.7481467709026,5.20092804282803,6.26206892125976,6.29958631115744,6.23038283336462,5.79774577693989,5.67108993373917,6.73469690282977,4.25174875782798,6.37168169349357,6.44534990363041
"PFDN6",6.87099567415617,7.11855455996711,7.23525137079596,7.64684943823285,6.72344752395301,7.50681226030413,7.95000901651486,6.84654483501322,7.14123356573314,8.10641872000067,6.71260984542726,7.49584460469099,6.48267404503668,7.09421807262397,6.84862777322776,7.16489364626881,7.04662186659031,6.12530261509255,7.30152890982507,7.82438765673435
"CPXM2",5.97412622694732,7.80249475091984,6.85999744512751,7.07464519093983,7.76210046241317,6.75519258311879,7.7767618894334,8.30629315422461,8.61870460617351,7.14303875645592,6.26817903772563,7.58117106232734,6.71858506593251,7.17481805068213,6.77004296356984,7.85556572944012,7.40361545202016,7.07949579192347,6.94343451793462,7.10187171827926
"H1-5",10.4246219319443,10.6871082110067,10.2218302803536,10.0018510302558,12.7064960618018,12.0758243820267,10.3604857377176,11.1367063826981,11.6098658860595,11.8746780437721,10.8336230732224,12.320768867689,11.4707275322618,11.6103805246822,13.4776944868016,11.6080711402671,12.3600666178629,10.6629926359661,11.8978994736809,11.3807763595472
"RBM3",7.7851944945021,8.93917554626655,8.52533024299667,9.39726429075946,6.8861616895141,8.98304876813503,9.20353941385475,8.13190320002799,8.54876091549421,8.28128121738496,7.40264931093062,7.85682977672982,4.50749157178427,9.53890714546586,7.96012436524056,8.29689108820361,7.49078108110455,7.63120824216815,8.08410792129834,10.1459836619309
"FBXO30",7.41150985365995,7.52571134411002,8.17100475026814,NA,7.61824730125214,NA,6.9874174270333,NA,7.80388606302292,7.17297778359537,7.33680489318691,7.43163777981375,NA,7.2549104845527,NA,7.74522766686646,7.0301402824956,7.72818428302432,8.05197262394563,7.34772675425847
"RANGAP1",6.92689640979678,6.79495629046553,6.68502448393892,6.22625778018706,6.72484663550942,6.60530149782333,6.63298368187945,6.89175242748415,7.01151282172776,6.7338559764449,6.44398002851819,6.58214498797609,NA,6.63003646287495,5.18210847177004,6.97826024908473,6.85487557207987,6.79036759151828,6.73439322405893,6.63162319918907
"RPL26",8.84485215304734,9.67678468551486,8.48779389190709,8.13799264500674,9.12661683023031,9.73161144691777,9.19694257608122,9.91086492525938,10.0714838862524,9.2045464962145,7.95441973900333,9.41608658393194,9.85121537986196,9.35922780263285,10.1278650751912,8.98383373033058,9.41336085582615,9.12417253351916,9.65001327318153,8.95823575040341
"FASTKD2",8.8283268520155,NA,9.41076030659585,NA,8.90148606445819,NA,8.80345988232309,8.95887942687842,8.18295844521234,8.95293137476347,NA,8.66704267938169,NA,8.6945286242367,NA,8.67063656117415,9.2196070044347,8.55569038144823,8.48626650053271,8.86334532335419
"TMED10",8.69544417685401,7.93639858869044,8.77512725246732,8.99843709670123,8.55819117193674,8.36748634742576,7.52376499475065,7.36081261360239,7.51140655773238,7.65088151606664,8.5844211024804,8.54224220878522,7.2339039121688,8.21749627255213,8.36800396321735,8.44260842310682,8.36122947651393,8.61361271049731,7.46264096429752,8.58773284958743
"SNU13",8.53498280308877,7.99713330023127,8.27723400008478,8.12024650448589,8.6124899791764,8.18913014936816,8.61341459339362,7.53461390302123,7.63528682375101,8.75048338754364,8.27209860559846,8.47641233429457,7.22742773426733,8.36367439799743,7.30676135811966,8.41010475125369,8.91167583661253,8.18881620374501,7.94300981841713,8.47703493118067
"SNX2",8.39368152874595,8.59543574280757,8.57913725376249,8.53390524579683,8.63290232426598,8.67961006344694,8.53383842085451,8.44417472983064,8.73281135853563,8.92997709520478,8.40592365142825,8.7896245510734,7.7588525143779,8.73442117210253,7.83543834012846,8.25369191577003,9.08008025882233,8.38718328704757,8.87674063420168,8.45027888029429
"CRABP1",7.81034101257717,NA,7.82077018647814,8.47818216986134,7.80428626818888,7.24700517926419,8.34870247716507,4.90646211476213,6.85570756848061,7.65691554761841,8.24002765591721,7.28771796245863,NA,7.14020929615101,NA,NA,8.90232192898549,7.25166804160676,7.73671480267977,7.45370095287848
"MAPK1",6.71599245854179,NA,7.50791326990533,7.37706480463749,7.03123469666925,7.29433573517128,7.4361358324671,6.99931871894224,7.4217225237712,8.27915256695647,NA,8.4637715738977,6.55505893877968,6.50397839887519,6.97134958985869,NA,8.2346577410232,NA,7.40512163868444,7.80676939277567
"LEMD3",5.56928304736345,4.81571485400758,5.03399590838467,5.23520731986189,5.21889159838608,NA,3.70290130659771,NA,4.85457501364984,5.53331357416761,4.70486982478523,5.48607619318272,NA,4.99176061486809,NA,5.82157636367926,5.12038636062143,5.53308771497056,3.35406875330844,4.69363665422072
"SERPINF2",7.85950659721269,8.31374688060185,6.95827488286567,7.56149182730423,8.66943565894527,9.07463536605357,9.4857178216981,9.09151403174103,7.99792215797467,9.11933052183842,6.87555232668114,9.88847668303116,NA,7.29846390812332,8.829642141576,7.05673131705282,7.65033097363465,7.26064049761195,8.87094395690786,7.77292749024749
"C3",10.7141694650671,11.0841663960429,10.398655642272,10.9913847082147,11.9780077376739,11.829616392458,12.0020926521782,11.6117326082625,11.3465456669098,12.9461721975433,10.4362566364284,12.2883735895701,9.67140119886798,11.1582977328317,12.3999302888968,10.3367112010131,11.3170471851783,11.0293565817457,12.3563032179062,11.3263347371558
"BZW1",7.06792767505672,6.73259032074051,7.2577995549186,7.1455658441197,7.48705353208319,7.32862487381238,6.91111988717897,7.01647896223862,7.28254375928603,6.98172489268136,7.38019652498721,6.9101443296119,7.01586761172198,7.28755705639258,7.07486034779854,7.45384045115231,7.30466164111477,7.14447611911729,7.59135484881142,7.27189075168033
"PXDN",6.02114721566868,5.92956267221069,6.24370160444504,6.10441523128179,5.80127254820847,5.70619761041222,6.34739716929222,5.78975083497495,5.81086612927968,6.41512019233035,6.64161381301991,6.08950992439053,NA,6.45429620192117,6.52806416409914,6.4594266699652,6.31966215019744,6.13872048808431,5.58586638243165,5.51961631823182
"PALS2",8.95009421157851,8.69351663886178,9.05119009594771,9.0683338502919,9.70117342571509,8.75786885935914,9.12050202473212,9.62485330597133,8.55401641608396,8.69752842661453,9.41215299663926,8.68816696101815,9.35420257407226,8.86510300668902,9.10494963782882,8.47081120669982,9.15472260402604,8.62866454523681,8.4260126238934,9.68360490038404
"DNASE1L3",8.83811439793167,10.489583504247,6.50120805010937,6.88949752822246,8.79088099282745,7.34132479568462,7.71089444538161,NA,10.1938414559031,8.72228147507731,6.93060048124526,7.8054816551019,9.82623749276455,8.91904592884464,9.08103407987481,8.72167446327888,7.68605131874953,8.55387920405215,8.36628313490237,9.58734590517609
"PRPF38A",6.45082068110106,6.78616438449248,6.64410143188915,NA,7.08401461801618,7.04110617534406,6.7848705363378,6.93566769303037,7.14621599418707,5.92665536145046,5.59299822831844,6.46661391486395,NA,6.88548552697631,NA,NA,6.29493615626785,5.96984719952702,6.20975088177706,6.97013809451071
"BTF3",5.61020771242907,6.16067017677714,5.9030810591456,5.91679301545398,6.21437664808698,6.08830299699859,6.09047039077438,5.12513629814144,6.02788467305092,5.09366884577091,NA,6.29354537932028,4.80633998016682,5.57488777741462,NA,NA,7.31765931675559,6.50291794507523,6.4446458495018,6.36348755995028
"MYL3",8.44132381136294,9.24566399741184,9.48331126150248,9.18894535438193,NA,8.20742160391776,8.81132035334742,8.49718424919555,9.31198178588797,8.46840590249505,NA,8.18233229220506,NA,9.42034903719007,6.74538865161887,8.59709029730571,8.33232755924626,6.88459605470821,8.49103942436574,10.2193184412357
"UGDH",9.83279130625922,9.74016433606161,10.1055020135684,9.69608667082409,10.3083168817526,10.3729543808046,9.84481742728512,9.33572187541941,9.58058030524458,9.92721034299182,9.92793153707397,10.5343021787031,8.47803077473048,9.83627024448439,9.7274607140742,9.80606883679392,10.065294165197,10.067826338816,9.85701650103319,10.0819663347817
"MMP19",7.11540179224744,8.20700373245363,5.86159486168949,6.58747735422625,6.20704699055399,NA,6.44513945104879,6.01781950134426,7.33074458251721,7.55422721697777,NA,7.73613843315307,NA,6.18868966344248,6.31281317366027,6.46676123111405,5.63093781917298,6.10536205864553,7.92087853544143,6.3510720983893
"GOT1",11.8478048242033,12.0408263317984,12.2598276269494,11.7017781528752,11.2183737302154,11.5666389660736,11.5127067159735,10.8877999937395,11.8198555718197,11.9797789322442,10.8399955484358,11.6888110675983,10.2154567037864,11.6835530931368,11.0053963421335,11.6716464353691,11.3879546618254,11.6735805202345,12.2785495237607,11.1840400069441
"TXNDC12",7.88431619842686,6.74779102150731,8.31520068939044,7.91928708534603,7.67923894022458,7.75087280106899,8.05823797948123,7.62158801199925,6.71634329667461,7.93261310944841,7.59509590032263,8.11228782864401,NA,6.94253860702978,6.42439908162427,7.36356386554046,8.20983068876491,7.92328998310218,6.22521333557365,7.83298783112619
"G3BP2",6.15953986181052,6.22584586867073,6.53980806740834,6.63781172172564,NA,6.52400999370733,NA,NA,6.48675132540087,5.69130945749589,6.429120500244,6.09328461064166,NA,5.66215025615761,NA,NA,6.77138666854533,6.4537578636732,5.80725637702315,6.70851298366578
"UBB",14.9220506763302,15.2351135962578,15.111316489268,15.2036190656994,14.6264560277256,NA,14.4896642170036,14.0501909437733,15.1044132539455,15.1317910864085,NA,15.0873465685718,14.0102439040125,14.3980263306781,15.1443897436977,15.5799840714362,15.0142868061783,14.8831481031427,14.7458502496799,14.3549700118635
"SHMT1",7.7447334913258,7.0454971064266,7.46563913576123,6.81503030758311,7.40855287698635,7.95282446325647,7.34737207834537,6.91021017889963,6.49717164729601,7.52393182699354,6.72933146797613,7.1372354421894,6.43712064677306,7.43057552286914,6.83615003468955,6.84058996495843,7.40711001928647,8.12076506059653,7.21915815684018,7.04796120305807
"MAP1B",7.03232548996903,5.41633149922833,6.44401708261409,6.22017215456238,6.86169329157321,6.74443235553857,6.99017664543364,7.00982089172242,6.18262077633554,6.79660951683893,6.27877944852174,6.56213858177572,6.91491620008603,6.19409461077583,6.06381295817388,5.16815117963601,7.9709235626628,7.01072517910829,6.31853014355786,5.67775194736677
"ATP8B2",8.06211923167719,NA,7.34578554707374,7.41954985797115,7.37715980307114,7.09863512921383,6.97086017068798,7.09855900674012,6.84848063336997,7.25868269345074,7.76486831126923,6.75535631113869,6.08881713036695,7.32259765155393,6.87408317986413,6.95931932430053,6.8935578102625,7.62844126551857,7.20678576887172,7.13980467066395
"GRK5",6.88271393638276,6.31844928112731,6.67613975988439,6.90921536924085,6.73801804171136,6.77096462783412,7.01016324660395,6.81512554153975,6.82595046040136,6.53439921682033,7.20553993357332,6.72085483572755,6.53740515481859,6.28959900716186,5.68543817183116,6.1962627720665,6.59348283060318,6.58547869654316,6.61166444366811,5.69707518073096
"PTPRG",7.53319991192629,7.19181389009086,7.17700686749923,6.06366457640353,7.26139706411293,5.91625996219391,6.57004639690207,NA,6.78797901926834,6.96529022668547,6.89042270801187,7.09904219707487,NA,6.58096491075421,NA,7.41305784443395,6.40032142897071,6.47609762991381,7.26760161985133,7.30468738358353
"RPL27A",12.9750974981369,13.5140404202619,12.513457930614,11.952639965163,12.9837068911582,13.5098676699502,13.0852248689083,13.2111206211625,13.8184832645625,13.3948990467714,12.0542550810622,12.953990249927,13.3447380050442,13.374996592798,13.162127904748,13.1344111914716,13.4292288224683,13.1543792611444,13.3636800060841,12.6311681323383
"NIBAN1",7.49454413617165,7.79001561555991,6.99407502593237,7.64549569670353,8.02212151022727,7.31084596195399,8.20834781992187,8.16914635811238,7.83704026199758,7.31335979046828,7.53056075570011,7.77074404380572,7.26132432693691,7.50594754903928,7.31832188494944,6.76004954367986,7.55260719442983,7.498794801063,7.72826678861676,7.59927589716881
"HDAC1",4.99436437342432,6.50704662270364,6.36927830934799,6.05700409912655,6.57770323592333,6.80276803079717,6.25489025431982,NA,5.9767380019974,6.42595077616848,NA,6.34802920682048,NA,6.47328484472382,5.82938922595263,6.26130057126487,5.96410576723406,5.51798770295292,6.43068085920997,6.46801931211661
"ARFGAP3",6.5687061822677,6.4974746634053,6.44611049867466,6.49391996852764,6.19486989619676,6.3821551826616,6.57415424304871,6.60165602514441,6.46936742872518,6.63169094666049,6.22088278698201,6.84849965147431,NA,6.3569392058609,6.18238623289817,6.35064370050624,6.80994355079871,6.84072878403364,6.53461275819024,6.04845600805241
"RMDN2",5.61657801327024,NA,5.54900832599283,NA,4.99045777984112,NA,5.86381033871698,5.64087989785097,NA,5.96486257081599,5.07899302986664,5.29139808266388,NA,NA,5.24368838453348,NA,6.06186306512624,5.31965927548251,5.27527967171693,4.54123879337316
"PDHB",8.37524154753764,7.63626646726483,7.64429417737706,7.74923318999489,7.67294372007277,7.33206719581149,7.46025181601702,6.8105911429508,7.0997266553973,7.9811134991964,6.94307693344107,7.70433922020244,7.12844593661681,7.14764248711526,7.18709753849864,7.24158466085298,8.09929256682926,8.03802889751078,6.66035369859516,8.81921046273008
"SBSPON",4.62278862024841,4.51426444684343,4.14388240576366,NA,4.87280238745295,5.12737575119422,5.49027521142378,3.77669103700025,4.40158714726637,4.73481049851699,5.21427450482255,4.89744726244631,NA,5.20995023543683,NA,4.43890231056112,5.97429709864493,5.45508307135699,NA,5.501615762606
"ALDH16A1",6.7040318427728,6.04843533492081,6.4646613111668,6.01651986101124,6.63439603436339,6.57333884684715,5.76041189002545,NA,6.67336316811756,6.42008512659906,6.20484639508681,6.45720601197216,NA,6.02806739702665,5.58418488774121,6.12543910398758,6.02929360835521,6.95052510552618,6.84733731541808,5.35967990052123
"NUCB2",7.82830329147764,6.53389273620338,7.90496406777578,8.17617958130315,7.33176817167386,6.91985108859393,7.46636198242327,NA,6.31399784970068,7.30959524484682,7.32541057187309,7.67160688631813,NA,6.5773689268773,5.85047050658413,7.22561263004133,8.27385491385921,7.00646473778286,6.6009575353282,7.67628982038501
"CAND1",8.60968626341575,8.62376788903533,8.68638390334371,8.66920222385457,8.7452495472645,8.33675874701463,8.37809064801051,8.57489121057244,8.37828142718566,8.43321880724965,8.91602814879906,8.52394359358627,8.06208306704121,8.56124847721409,8.60971673816798,8.46867735245513,8.57743676470664,8.62338144672054,9.35988847320285,8.29636666033423
"RPRD1B",7.53742653301008,7.55320126911238,7.60708906998369,7.14852194204401,7.15226039292153,6.9231538813937,7.48355120553729,6.53009197717394,7.32123195082803,7.35878702288138,7.10714363482139,7.53919638155555,6.10406371927702,7.2834693007984,5.41774991121708,7.35863225409243,7.70509357142533,7.44609092755273,7.61095884663644,7.31662781350403
"NAXD",8.01590763471518,7.09764235402265,6.84507775545393,7.45358444295873,7.10292856232395,6.55146866238805,7.70542837951719,7.61334665557922,6.36968142150279,7.92415172697568,7.64877678055328,6.79958031203268,7.60463017318157,6.88411759607168,7.15475711632186,7.80034609742796,8.08828988075988,6.69242612789278,7.10364404422829,7.20941208231555
"MYO1C",10.6664109570931,10.3159881431183,10.5758348098065,10.7009821763948,10.8910220402967,10.2818271705682,10.2753708631539,10.1015110383594,10.6332684456733,10.1108702057273,10.7947300651232,10.3478858489236,9.28945916278838,10.2460189888084,9.82200189071975,10.0218024151375,10.5267657682246,10.3609381759108,10.5102021419936,10.7312948909633
"GLUD1",9.20686288940057,9.06824314361853,9.15071807970952,9.13117518193338,9.67040671382866,8.69164341547199,9.24307835760695,8.71685119851061,9.23756445173892,9.42970489775813,9.01072484317212,9.37031136830944,8.50831222486076,9.36248072159122,8.82077924910086,8.68436158990741,9.24832576784517,9.11377476258136,8.50716346616211,10.0018033810517
"PRPSAP1",6.27066814038508,6.65444636184989,6.76508651766037,5.9757104936245,6.49055600226665,6.53384935831525,5.98778358486142,6.35012705876153,6.79432035781049,6.26195326544357,5.47916740429443,6.57073939868806,NA,6.45239972071188,5.84240847484675,6.15718085647373,5.71857685022162,6.05490836158097,7.02271378091495,6.23896912082911
"TTC38",8.70494486641623,8.66622162227285,9.16485099466966,8.22901735311052,8.58529867578714,8.61758697915519,8.89383516602954,8.31924105633008,8.54685237105044,9.00107674075515,7.89239440176074,8.57002927167346,7.73808865208316,8.70200395762952,7.60443394198177,8.67651817624953,8.19991811001769,8.58680280059835,9.00931951853628,8.44866722051559
"EMILIN2",7.12358742200983,7.17999159298395,7.13512595416125,8.60535360422578,6.35814915307682,5.45223312764224,7.73567220745558,NA,NA,7.6791479393112,NA,7.34917420231576,NA,NA,7.46115111149725,6.63041840436394,6.33579277886535,6.09993084018425,7.654907606755,NA
"JAM3",6.48219701594902,NA,7.18930058905718,7.089831558606,NA,NA,6.60703279893084,NA,6.1915663052314,5.06960222277426,8.01668271213337,6.95953785608534,NA,6.39274537634976,NA,6.80705965549301,6.64717903670118,NA,6.5094418541458,NA
"GNAI2",10.9527683960831,10.3268043137931,11.1052157270219,11.5511921072098,10.9935899916831,10.6508852522261,10.4388263333071,10.0211702843839,10.0661446377543,10.0545390128413,11.7830110048098,10.6796639397587,9.73954723973808,10.6594984608598,9.7179330599262,10.7102654186577,10.2064202597652,10.6425209547385,10.5817182481493,10.8684174195711
"COPS8",8.00139936376616,7.47371622774044,8.00976378275183,7.75250503818106,7.86071538721813,8.06844428239328,8.2802843276752,6.65730743113772,7.57415092766297,8.17487365856354,7.52187199304601,8.06755556260342,6.1318568057593,7.6816191559483,7.02667212594363,8.18474767438532,8.29660226520448,8.03339237919038,7.70203571480885,7.34902941056525
"ARFRP1",8.09624497495625,8.04408349668857,7.74819958261461,7.196489147066,7.30128120512492,7.72776309997149,7.73425080294608,6.674581528368,NA,8.03558680141031,7.04444504087325,7.42060796790464,NA,7.51238848526831,NA,7.95686096376213,7.53165672481582,5.11207029958808,7.51499093152236,7.38778749860531
"SH3PXD2B",NA,7.59720136088215,NA,NA,6.20025119356302,7.50033334475551,6.52468527733108,NA,7.77395457411338,7.14771464323815,5.10614966599762,NA,NA,6.32798687944311,NA,4.97451786603787,NA,NA,7.31621647251568,6.36213633847965
"NIT2",8.45850734738259,8.18963287240673,8.72617527283232,7.90429320957229,7.80280633175964,8.15040617980164,8.27800632235848,7.2347434996873,7.63810216692918,8.40195315863062,7.65583336209643,8.13550887956042,7.79575042602403,7.99912627157236,7.54826747643518,8.67971217199196,7.91214158398917,7.95831556272279,8.44216065549813,8.03416095181054
"AP3M1",6.9522085205794,6.79309845461031,7.02720113525005,6.90270681411994,7.35554241007967,7.39033733504747,6.71278135403512,7.16920746976338,7.40942047640809,7.46596728575081,6.75784924425005,7.77545881196899,6.35104959994517,7.45504892669474,7.04807241185248,6.72555216093916,7.41619599735083,6.99989242002668,7.33138425683312,6.97706699819252
"CDA",4.69697418279409,6.55075517916605,6.81878643135515,7.53918855084305,6.38538979733622,6.8798967496632,NA,NA,5.932918368923,7.38364494446632,7.80661375890973,6.24829363077876,5.45909182894747,6.55431114117732,NA,5.38094332513273,8.38184116795417,6.03809885042995,6.89466872148613,NA
"CSE1L",7.67549149691694,7.45405541446863,7.40586694199834,7.39284399259286,7.58147738559002,7.22611402842539,7.25119884194581,7.23637831870451,7.26303076254423,7.18633041868661,7.84592846091288,7.16182688561905,7.09801241643132,7.33791699696204,7.15981956675896,7.42638183630521,7.21873062945619,7.39610612928764,7.90285689163359,7.23389296046058
"ATP5F1B",10.2815042862837,9.66031069790384,10.9272728859981,11.1717717455367,10.5140830772127,10.290933003227,10.2429175244024,9.77846150506849,9.60273013253387,10.0015055484519,10.5176758904248,10.5570968618998,9.52547348969462,10.1086051394726,9.54889835392423,10.2897402342994,10.8481595988112,10.5696559848537,9.15630886526682,10.9697098347529
"YWHAQ",9.15769943574452,8.98483288781346,9.43931677215141,9.5682835964501,9.29674966791426,9.48538203363344,9.37260217032371,9.45478605264661,8.99545955514884,9.28637560484008,8.90984133753799,9.5847002040685,8.29141097824355,9.1508929536244,8.89108284780253,8.92970190306144,9.50144624730885,8.49390698809201,9.29368809399987,9.02206420284645
"PPP1R11",5.20753037950012,5.76190056348162,5.59069563862676,5.10709179908413,5.27131454670421,6.02007310319058,5.97097048701286,NA,5.49307583553023,6.29219280405224,4.79133338085153,4.60581799647598,NA,5.49087091517762,NA,5.48696623796955,5.39668369019722,5.7485292675933,6.13442256830076,5.79820206652747
"NDUFA9",5.8082765395873,5.3820849370988,6.30720810414748,5.29679544533658,6.10121645242474,NA,NA,NA,6.01341147633915,5.7858362043096,NA,6.16130942823515,NA,5.30702081839651,5.9389442151882,NA,5.63398150484275,NA,6.03571925337347,6.11285181757597
"RPS23",10.0244579879082,10.2873191471078,8.98743779430074,8.73756498069094,9.94782004502833,10.3628987735401,9.85851628668857,10.6915048903589,10.3614484907084,9.92284095872229,8.61906479780406,9.83927044098743,10.6750288064937,10.2035116974423,10.4203049359442,9.68007637840011,10.262597308149,10.7250772885334,9.86061628469404,9.52309338898762
"LOXL3",8.51587862444006,7.79201842792889,9.83700478371853,10.3837381459753,9.45761689793182,9.53221766933108,9.31709316124905,9.83816959467825,8.90139361538722,8.64362282078304,10.3527099428945,10.1567949386575,8.25052103542757,9.32755932431774,9.1262620672418,8.53951855707202,10.6652947404326,9.14938547055179,7.80089433606876,8.73840783510534
"CHST12",7.94461677971929,8.80706213880951,7.11302267227073,6.73593175973597,6.31514054205558,7.09151124078487,6.6047567115013,NA,8.19623662463027,7.73970499176272,7.54950985889534,6.9988591413337,6.42525619404007,7.57923642319671,7.09658737294525,8.38106245258661,5.8242106373881,7.79743867748461,8.20377411506152,6.21958742873216
"B4GALT7",5.3082625156458,6.22179728935415,6.76802580084251,6.23916298689832,5.93216731749856,5.31098947313636,NA,NA,NA,NA,5.83677916011934,5.33662122058767,NA,6.05965663241396,NA,5.90681583716549,NA,4.93760484516529,NA,NA
"SUMO2",9.75460175738242,9.28839304701676,9.92502659975986,9.78467914385183,9.08107387216799,9.1387227425482,9.36610374828074,9.10062947965428,NA,9.53170997775065,9.80188643134648,9.25935568340484,8.57641017424471,8.96385004989825,8.51056842849653,9.27707848506064,9.87385067263246,NA,8.80425399998072,9.3040025039947
"GNPDA1",10.118391479535,10.6802371046612,10.3869089706413,9.82273991435213,10.0135935151842,10.1490220342269,10.1894252495053,10.0594343691133,10.5741770146639,10.5751556348976,9.70809473218211,10.1300650427003,9.48274017088015,10.4613266200954,9.81802193887415,10.0782627275348,9.91855369567787,10.2817290659717,10.8950088873009,10.067813740966
"LOC100065786",8.06570347634528,8.7229391346011,7.63393297014494,7.72651910945651,8.37471501835534,8.28365345484361,8.63619779843747,9.26577984551238,9.28208260288892,8.81862781471016,7.0074012129208,8.55980637290745,9.5070203582385,8.85663305741153,9.55643833866912,7.88218515252514,9.02673464033523,7.95285130559538,8.79787915632869,8.63541175592635
"DDX27",5.07835832389068,6.11242736737282,4.00668171813342,NA,5.95524681359099,5.90437344294227,5.68107885281012,6.45851356955368,6.71773950822668,5.15717232033084,NA,5.06553193951381,NA,6.04269133390874,NA,NA,5.70545943221442,5.19859226569262,5.69066773249775,NA
"USP5",7.35193399225913,7.04269891385619,7.60539097775288,7.3000403367769,7.06493891466032,7.27432355130664,7.35812758181588,6.40086199220618,6.80118248649363,7.5853386914727,7.212745207161,7.81641468083759,6.39297882670478,7.01539153130538,6.6908812015202,7.39428399746812,7.57342862239302,7.53863484359377,6.85032813525006,7.08774053238027
"CHCHD2",5.95832723101202,5.88460231987701,6.06210350942296,6.4133668255357,5.99988266253105,NA,6.12432532884836,NA,NA,5.66496865795519,5.73282473996127,5.90954032590272,NA,NA,NA,4.22701201093703,6.96648264858246,6.25068308423853,3.43945668789933,5.93736688743589
"RRM1",5.07045984193112,NA,5.33758447898024,6.0346802761293,NA,NA,5.09360165611276,NA,5.98902266094856,5.64274238174124,NA,6.05116436186336,NA,4.54686525810699,NA,NA,5.48292625154855,NA,5.5893321482144,6.61403573801451
"KPNA6",NA,6.61313838068141,5.91372970903175,6.57894431162784,6.53213428005676,NA,6.25264280798737,NA,6.02288151610821,6.02610846055591,NA,6.3198340400127,NA,6.54073600712881,6.02427610053386,NA,6.05455993887193,6.571411147844,6.23307002760067,6.95935729590995
"MAGOH",7.48366180542931,8.22379137654227,8.47708844430202,6.07778119237292,7.58792838288938,7.41485499577098,7.8272698075952,7.06146089180419,8.39016753457921,7.32830032699325,7.46044445542261,7.91612382555098,6.93739012307537,7.92387088298759,7.17113558528173,7.69367716194624,7.42436537651646,7.51061079734124,7.90702993129227,7.79716880486052
"NUDT2",7.99806703461052,8.08246883922181,8.08931113624261,8.23685645310161,7.18287002669153,NA,8.12478087432073,8.66257422302548,8.43283606287354,8.46598551239501,7.72772154039755,7.91942348612114,7.06863822747348,8.37966438790903,6.63913340772388,7.98460909290683,7.59750530584099,7.23366861172345,8.04218805600571,8.25201079448519
"PPP3CA",9.12249686504586,8.64760526318683,9.12898968108676,8.75906724772711,8.77683795409222,8.82952629472628,8.58553057736765,8.3456115519736,8.69554258124418,8.3278720962154,9.13974099272125,8.54011535986351,7.28138340728972,8.54680878295164,8.17796271549384,8.80817352636281,8.71733953110455,9.1751401440367,8.69159636712116,8.59145069714947
"AOC2",6.21834230205907,7.311492884539,8.8346912332866,10.196861553477,9.04346846949678,7.70464984080648,8.03324002514914,6.55153883201863,6.90462172887586,7.02744140899852,10.4407710899214,7.9986875570873,7.02639324552983,7.39411792801355,7.20185329197303,8.27757825639641,7.05000594595675,7.83361359602322,7.32323172037768,7.83837927173793
"NAGA",7.83663943244232,7.95444464933598,8.64847193857106,8.73332396335712,7.54840060062171,8.19617982842393,8.0049147726816,7.42167120398678,6.89147527718413,7.58701621679795,8.37176447117206,8.08135786231781,6.65780689153679,7.92829696703413,7.73379564556511,7.14578419706256,7.87466665437649,7.9634203059227,7.18834988808121,8.11720975654205
"NAPG",7.79715027060882,6.52862378439039,7.65893518902184,7.69966220956246,6.94347938792198,7.25982784712826,7.65485372808978,6.73321194397615,6.41694963112391,7.25505522924739,7.09187042446936,7.55915729357543,6.218479954984,7.03441629648784,NA,7.04846495721812,7.59455224076489,6.50884439143895,6.8640611277624,7.04178481360122
"ERP44",8.18494867321687,7.31938535796093,8.34114178822751,8.27286216671199,7.45277521430202,7.86140894367712,8.05106971392836,6.92065230881321,6.90923321875775,7.70979307751175,7.55721566418171,8.15011715495788,6.21571572187035,7.10593826000744,7.19652387667957,7.70536180118332,8.29894875183792,7.53736032768713,6.92876236364422,7.75330930965783
"IDH1",10.3915462876193,9.95809918035935,10.4106561327881,10.3378414567584,10.2346408570565,10.0360213276824,10.0237529579885,10.0425014271329,9.67552196311965,10.351959532132,10.0273891880693,9.70457014322249,9.38281462529434,10.0867614227625,9.63044571651451,10.1873669467631,10.1586259770431,10.210446705531,10.0082385519558,10.3648754931048
"EIF3A",8.38739907857598,8.24738466496872,8.46655936917178,8.02048878395658,8.50079604052075,8.03939239533693,7.93621535978084,7.18767295540772,8.30193075771694,7.98281230354381,8.19424032222747,8.26894320605873,7.41709843119742,8.20363117894338,7.92228736899815,8.3010771720976,8.1549788929533,8.25649806628093,8.34616555781568,8.39763791527731
"NRAS",9.65562451104353,8.24207306167471,9.34455085522304,9.16910836945219,9.35878179668632,9.51018379210584,9.34360350150247,8.8407709836835,8.43677361632041,8.48463685093281,9.08471501145356,8.79549747421908,8.39601321096466,8.20988802053478,7.72894425460162,8.5823440527137,9.22240873823632,9.22408345941394,8.49691869782587,8.24896094694459
"TUBA4A",10.4357977329998,10.3075724081115,10.2314662382439,10.4866047516845,9.78497622868703,10.0800467967696,9.65749169787763,9.70931764703981,9.94448078124566,10.1983914386283,10.163132227434,10.3045980798154,9.90797289633157,9.98322805268569,9.65323107671745,10.5057812620547,10.3187695558366,10.3161029927701,10.184353130315,10.0726689999791
"EIF5A",7.6596991153821,8.25364679927048,7.51273543303484,NA,7.22388490727698,NA,8.50855628630638,8.1015975341909,7.64696819569324,9.38171368203199,NA,9.93737081429753,NA,8.00083919914297,NA,7.72247629468221,8.99378091011448,NA,7.80386123892102,7.95189876640507
"PTPN11",NA,6.68896976889139,7.27803034087647,7.06059843676605,7.16723941165679,6.408409703117,7.17091938480995,7.46013204939581,7.09157863570178,7.08814166079897,NA,7.12024702234933,5.95353788196412,7.14625996007383,6.28192252758178,NA,7.3336469364322,7.51994081657955,6.77102287375714,6.92217821647542
"GDI2",11.2345033917436,10.9737289952548,11.4406855618164,11.2614328510086,11.0073744020158,11.2272023519135,11.1193892952584,10.7956178862535,11.0574511389543,11.3006606362574,11.2858033179119,11.3118592209279,10.1652776435309,11.1749940496527,10.4873167303417,11.0709190722543,11.1048378497999,11.1511139096427,11.3281341438712,11.1223928389503
"COPS7A",3.50520753837989,5.61373372455644,7.18510692544187,5.57582029519221,5.42033222060063,5.76383076593951,4.72964004077602,NA,5.11689253633691,5.71860551003265,6.17015612686717,5.84176903161226,NA,NA,NA,5.01457474589481,3.9408429267162,4.14531200879948,NA,5.91044782179095
"RBBP4",8.49851311953463,8.19626287212738,8.60648748109685,8.79608076214679,8.05015090415937,8.39160590995794,8.41466041561551,7.45818884610854,8.06347253813424,8.45319965369334,7.85124564906656,8.41236335312007,7.47368457516378,7.75839180005955,7.34883715999349,8.45676485775377,8.67582278493522,8.21604203471293,8.07342261892364,8.44670619968756
"BAZ1B",7.10355839225648,7.20093244154493,5.89861856892457,NA,7.27483371330025,6.70172384954922,6.48570818002513,7.87652708381862,7.70876846805377,6.82884922780883,NA,6.51768891546857,7.17326443492358,6.75334240436645,6.83474729705229,6.26879652505389,7.05916149422568,6.35465948066594,6.88032542818846,6.2787543300032
"REELD1",6.77555890189793,6.46996001106102,6.41061978667774,7.29111438254744,7.48863585866691,6.7201285017769,6.59833301648366,7.04898360354011,5.87326942288548,6.63653092903049,6.85459376760267,6.35113959603794,7.30838574731835,6.28107692928182,6.77339503999718,6.11217407804805,7.25640446499419,7.14888268793237,6.42749070631812,7.18645161486368
"AHCTF1",5.22669238947851,6.57191561358708,NA,4.45311457645352,5.87258924524668,NA,5.9755311840622,7.51156022048546,6.51153231962996,5.67158319686177,NA,5.47120798827594,NA,NA,7.1255154223471,NA,6.49828397243445,5.52903195691377,NA,6.19038609480184
"ABCE1",6.74245505147428,6.49872122716764,6.48741599884003,6.33727766864849,6.84968429227924,7.20031349620611,6.80731653367676,6.86563344757379,7.2224548199376,6.65007330696343,6.61762130300357,7.02142195203174,5.65662176404546,6.59037971761932,7.14439139173903,6.27581130051871,6.60622844287935,6.8200763328879,7.31279647118831,6.94889387597461
"CHMP1A",7.65086470943,7.25749992456754,7.23906251122332,7.63774516117339,8.4495160655352,7.02537722886564,7.24786070124656,NA,7.04191849144425,6.90053440537892,8.69310206852414,7.90954783677686,5.76033676321373,7.8175862531937,NA,7.53505627372702,7.62560169747999,7.56799298641498,7.54364277136549,7.88554325492758
"CD5L",7.22542953961502,7.93064193813175,5.79175095479147,6.20982179795618,8.08439570373982,7.63885672737199,8.1752336526768,8.27617531931318,8.33985402031335,8.3145178008337,NA,7.78424419993789,NA,NA,6.51418168453903,6.01134230458184,7.04236005106003,6.51642791448487,7.91373605298667,7.2862006871344
"RTF1",5.98584024425165,5.40107634599504,NA,5.47197104245961,5.78323806016057,5.50106500894646,NA,NA,5.40668876027459,4.88556239142597,5.9952183629342,5.03883805077348,5.73496280666414,4.15381307327859,4.61816735051181,NA,5.88736036087744,5.74227167798892,4.76251422459903,5.85524854722985
"NHERF2",5.5340321802482,4.6319225971759,5.70764531972414,6.15702423181939,5.80679264508772,5.36988861672895,5.46000067596984,5.59455527636731,5.14646947977095,4.87773775958439,5.94185468488083,6.02311788115758,NA,4.63809780759491,NA,NA,6.09070351825619,5.47790762815315,NA,5.84299106368806
"TMEM33",7.1687980633637,7.07655011785042,7.36945156613548,6.8601324755208,7.27611236980303,6.07733446488174,6.78976744812139,5.47695747907092,6.31723502530378,5.45357692666225,7.64031601091566,6.93427697023951,NA,7.07187794534996,6.39361803178922,6.9747198218686,6.16516890966391,7.39435707831374,6.89924521619417,7.37893713949433
"VPS26A",8.2448041876223,7.98345054840905,8.44467231322801,8.45900806045877,8.10987797793188,8.37901737938621,7.92520183728707,7.78650639564055,7.8313423817849,8.49327806863364,8.47192413838973,8.64717229490294,6.73004268144068,8.22510033435175,8.37678185467383,8.08642506110234,8.28648562223133,8.27254786695977,8.79574345440943,8.10408322443258
"BPGM",8.12929663509554,7.11360096145144,8.74118354385119,8.22546199127778,8.71656819716967,8.49986171427005,8.73906477345485,7.82162213776209,8.20849551411587,8.25939337346253,8.63607308744754,8.40043121932831,7.2090510398074,8.74826722907102,7.54330002488061,8.25020295690657,7.85290326623558,7.7167576261083,8.31687512976877,8.05480442388967
"TSNAX",8.38001417289789,8.47930767317401,8.48322838466898,8.24101465480423,8.30068917341415,8.69580041948217,8.6999152073186,8.43098710005145,8.50277646486242,8.06508476901861,7.61556015818249,7.88838205009814,7.94333153620213,8.60483023732835,7.95198411645217,8.20406556227099,8.02720025143062,8.24488435406857,8.33553258445464,8.76314243139659
"ERH",8.68075858831163,8.9269742154985,9.1318910827065,8.80497874612423,8.1894946804566,8.87875001762249,9.02639817517975,7.7782392741687,9.06245227238466,8.69952850904397,8.09960257573781,9.02745774860786,8.01657970960325,8.69618884548805,7.79598983391523,8.87692528366668,9.08565430587247,8.55109440206419,8.68476420553581,9.03150050865182
"SEPTIN7",9.32054295553558,8.80142896729097,9.1263544246002,9.03278259037471,9.41839097657093,8.88260068376177,9.00652301836712,9.14033717593684,8.74347719911166,9.3947378722209,8.65590517956113,9.08631151717446,9.03977288989334,9.21764158584865,8.97907290110698,8.62431920601265,9.48458809927973,9.20670403938803,8.45360898301381,9.15607597711457
"LOC100051878",5.03535653665835,5.9482655014598,4.70172746062074,NA,5.03182312693611,NA,5.35738815652456,5.32431860302529,6.83800592570485,5.6557358046076,NA,6.43122892749179,7.41131198798351,6.56500904178139,NA,4.80690748141099,NA,NA,NA,7.85128486466526
"AP1B1",8.30890141118419,7.36730960967961,7.95473579897062,7.65431999558024,7.77074825514775,7.94090919956081,7.88828879581706,6.9901744428585,7.78491909918988,8.07017712142516,7.62097371504738,8.19175715177667,NA,7.9342583415606,6.76849861877905,7.72789744501985,8.16017952686683,7.89354223519507,7.95934588744213,7.65634605072369
"VPS36",6.72822828016016,6.81026661848555,7.24733048015229,6.9008954120873,6.76724875834772,6.65437515451875,7.08514533081964,6.81353537052945,6.91909239820992,7.04418721555556,6.95064483282429,6.82214045173192,NA,6.68973092516444,6.44465588533012,6.73927964776589,7.13831032473694,NA,7.00682946158581,7.23227638377121
"FGF1",8.16224399275002,9.17469187827031,9.03297468629893,8.80724086963161,8.32797374318856,8.45195904109067,8.94108216649148,8.42542902241928,8.86001457226609,8.37588567171348,8.44992700332117,7.21054128826868,7.85465980717016,8.73882434936335,9.52184276476262,9.4881031038147,8.04102478766253,7.54855993468574,9.37073468227459,8.38501230471257
"DUSP3",6.50428367411758,6.80171062448539,6.85617971105042,7.00955789172169,6.08350696678201,5.77406280070885,6.84374580355221,NA,6.05644254982682,6.89478789122059,6.42262618573149,6.40844910754026,NA,6.84976983859988,NA,6.76903700251261,6.81631774484281,6.78881324475539,6.13081963915526,NA
"POLR2E",4.91803259533402,5.52012434702335,5.49052563078907,6.15355045890228,NA,4.9953774990204,5.6095208329241,5.73357969434486,NA,6.09929216002137,NA,5.83143737657606,NA,NA,NA,5.46582032987022,5.3047629763326,5.58633796839146,NA,NA
"TCN2",9.60181595725459,9.99463306785938,8.41171822764546,8.29852937948037,8.82403548007151,8.81056209406775,8.95323154471705,8.2443621668885,9.76440009631506,9.40002280525794,8.6387209262694,10.0133841289478,8.1053469770913,9.02197242981031,8.88074196773555,8.34315582013275,8.92823177740775,9.18632236422821,9.07898941368266,9.48458712806138
"TRPT1",6.98056211239676,6.42082649750989,6.02894770605335,NA,NA,5.79725002437434,5.8827111069643,6.39065300798526,NA,6.23810067147836,NA,5.86138360848476,NA,NA,7.16139006975022,5.54136414676471,6.56008433242673,6.09424765181576,6.07958418545763,6.17923168554143
"CHP1",7.61685792299128,7.19616499211564,7.97559589411662,7.81280850738737,7.18169448795204,7.3980086489404,8.23584362757604,7.16133344476653,6.96799108519318,7.54177833405606,7.58984867111727,8.03502564784076,7.04331762155992,6.90448385279277,NA,7.38030758097081,7.84148485673728,6.89679649193162,7.15881492487156,7.30608171815606
"GLB1L",6.83613506453391,6.89026599414685,6.9506472681994,7.10099757163051,5.99032220034554,NA,6.09250840882705,NA,6.6433662570482,6.91214246005041,6.52486776592124,6.49315049676134,6.73694258349323,6.72558996469562,NA,6.84173795709921,7.30920484374204,7.10475121693233,6.36800675356438,6.39986969178509
"ITPRID2",6.03411955041894,NA,6.15111608451083,5.3362958977253,NA,NA,4.79655531457747,NA,NA,NA,NA,6.07288717010849,NA,4.73619651425797,5.54737569867474,5.52221329958667,5.55309686423951,5.92703584435479,5.40977844725922,4.88589626623656
"DYNC1H1",7.44743199516927,7.60230126642405,7.58041770224318,7.33959620835142,7.75621957848487,7.03857877688461,6.68942201878778,6.39470633865684,7.11955379024871,7.15609216448417,7.70651492672476,7.3150729626282,6.56008354482818,7.32891928738408,7.27796998929062,7.53647142010598,7.39273393773551,7.23797666381954,7.51922863522378,7.27039226269954
"ABHD14B",8.76952783407836,11.2406686018708,10.6069209096793,10.6346592505861,10.2559326444826,10.9352751545365,11.1127440553419,NA,10.6970991485025,10.6173139115412,9.66642793774817,10.2318104451833,9.26788083451097,11.33058368364,10.0499994021247,10.8664955401659,9.56037683888331,10.535727728447,11.0368730051609,10.3697136432125
"CHAD",17.8514101531884,18.0846271171734,17.7145026614209,17.5083653452954,17.4745416838164,18.0650389151886,16.8182440891149,17.4522590980399,17.8208523214348,17.5900518243296,17.2435395531681,16.9793244172011,16.8191738752587,17.7031545835163,18.3981770592221,17.5287787508956,17.8550856597214,17.9392593847093,18.2236486597683,17.9721364151525
"IL1RAP",6.05846393368952,8.03523925813564,6.65362439593228,6.67454316310356,8.16524058942657,7.26534292010625,9.18337926751646,NA,7.80236260771795,8.65369351653539,7.45878460759985,8.96516323356058,NA,7.73214454175255,7.8802765451166,6.94986806490941,6.64975734866196,NA,8.26605258974662,7.51419293165846
"PODN",10.7374766287224,11.2325098995846,8.72397924510274,9.40602778158348,9.50796829023229,9.50713762704266,10.3231205975729,9.6292313794235,11.2260665458834,11.048408832734,8.55750804510827,9.71888940126349,9.17898078363516,10.6831530495597,8.94061994331875,8.86182122414722,8.72186141575953,9.75167724751145,9.59028305492421,9.90399388427334
"EPHX1",8.93852964666132,8.46841104258294,8.66186196815305,8.54755981515524,8.36929814782703,7.15036484038233,7.2090002766442,NA,8.02629343768004,7.34992648133579,8.59091643357333,7.88541223567573,5.81306530894871,7.9510808219926,7.67623219033787,8.63187501860787,7.48133018036668,7.87985571538032,7.87290436842735,8.65122686464493
"THSD4",9.16318353017265,8.06941616153542,9.50346300947973,8.17178723370212,8.29800536299086,8.81853723333481,8.20525690236538,7.40790199785566,7.92428667738764,8.32592583995707,8.61219848472256,9.15243694007092,6.97161749224435,8.19497556099247,8.22425292166261,9.43529235702877,8.52090618672828,8.67408584593516,8.23201094104576,8.20644145213492
"HTRA3",10.6217514203487,10.4220147232245,9.41397864999851,8.62910233927968,10.2604886772811,9.12953235204697,10.237177372124,8.97935829437129,9.93365913950259,10.7856838919637,11.9351925663742,8.84062071624258,9.83270277176771,11.4040237268626,10.4140179596531,11.6841581797139,8.98567329559386,10.9864227520513,9.40378172578188,8.67220706039049
"ECHS1",8.04087971716395,7.85934965598464,7.63934793219942,7.86343251749361,7.53662586982041,7.77357187935404,7.66345523541858,6.75102993725992,7.6540773007538,8.01374621696105,7.0415861747424,7.71744410700771,7.49714976003802,7.41818704691154,7.48203785516683,7.38702613239477,7.5499632048025,8.06103226956695,7.01374269703216,8.39926155333851
"BMP3",7.17899593260746,8.44781076121927,8.06784755788481,6.35106176485134,4.18781664931612,8.95266778655567,6.55380416608512,5.7392827025524,8.90776870216333,8.98489906476389,6.81790974763267,7.31755102821235,8.53609629237979,7.93782082746377,7.98951325423228,9.88180140944881,6.98683260269624,7.79947013222989,9.65701784707538,4.95242897501921
"CBFB",7.0249530763367,7.38621185227772,7.38158296212689,7.67712759967705,7.58947182867104,7.39954276847435,7.95946319365183,7.64637433657598,7.72348104618976,7.84153517988405,8.0458522422975,8.38891107770559,7.57613365093328,7.67509422087104,7.00945932539392,8.15188151215473,6.86255961713971,NA,7.8573219876901,7.47285982688602
"SRM",9.89880847228165,9.19112866761392,9.93972941515096,9.3854680214206,9.65134522787577,9.69804627525341,9.74883743600948,9.32626202824335,9.10629896510177,9.8157135031262,9.87641423345815,9.912034962091,8.61033474254233,9.68163124599759,8.99850649774669,9.81204450152692,9.83987881622438,9.91150173648974,9.24743470332589,9.64497096126662
"RPS24",9.25971300789019,10.1986215260591,8.61239470484157,8.2110958575804,9.67791698263238,10.0575947473058,9.89780419196611,10.2721774324269,10.6708694291592,9.72625411227794,8.13011782123989,9.72672575207498,10.3316113188769,10.2212274841484,10.187682432475,9.52182104533456,9.69314672759521,9.38285433086116,10.1776523938194,9.14628174798279
"MAPK9",6.56117534646079,NA,6.8408759194206,6.17601521411517,6.57599913091877,6.42673518276817,NA,6.63346508611941,6.36563192908464,5.32609636783959,6.47102579202212,6.61533634464113,NA,6.48740767359345,6.32019935516049,6.35186963938959,6.75761152588417,NA,6.91354034870573,6.31000666781436
"KRR1",NA,7.53938840367758,6.0066140235619,NA,6.46353481564465,5.93659040157124,6.87548183757784,NA,7.69230303794681,6.41691702976512,NA,6.55049283302209,NA,6.55936528592097,7.0765053825077,6.61473888813731,6.39349407477689,NA,6.74140695349633,6.2805618416524
"FAH",9.51171947798912,9.82052085404947,10.4452472196298,9.66260099888077,9.34958720963663,10.0969036136537,10.0195284784788,9.80881359829161,10.0763585458251,9.43351093959496,9.58270016938841,9.90455319975541,8.37388097675881,10.027383137335,9.48349254435655,9.87732970897042,9.41012210842341,9.02287941698524,10.2800846530075,10.234155547775
"SNAPIN",6.14212872023046,5.48515468573363,5.17814582967076,5.89760795015227,3.94846384045677,5.41564971850871,NA,NA,NA,5.85788236650033,5.39228616422943,6.27575559634498,NA,5.12337474411077,4.55151233832531,5.60057862881359,5.79437111216112,5.72233350725943,5.38384329500318,5.1690756287474
"SNX6",5.99260579707265,5.44019329857884,6.31723385393094,6.40901986554133,5.76322019253596,6.00369150075395,6.16151109594878,6.09087011918151,5.5929105196546,6.56359515653432,5.50067753931678,4.93716094424045,4.87320453301937,6.1664056406142,3.15988793906996,5.51418741414649,6.30347247433959,6.65347592057107,5.96331373682071,5.86570675709352
"GLYR1",7.7797610939894,8.35207467041677,7.58833870311441,7.27295054592544,8.25906962626085,7.95151047424789,8.23781437497534,8.21695817995929,8.53626628735916,7.96164840079404,6.60904700146975,7.96775984552994,7.10871921249973,8.02144413738334,7.62444657761256,7.71427049329907,7.89327702446189,7.83660299499324,8.04458407458305,8.00004196478415
"FARSA",7.38598418349704,8.03844629696807,7.07149463608896,6.90604383348798,7.25847830230889,7.41014058994985,7.24084702328159,7.37226063504259,8.57522355689793,7.24083308773978,6.88797032592135,7.50975101133038,6.45871549641508,7.69009773434504,7.43472025827184,7.1873108270422,7.19801252571419,7.75871063403041,8.52476048259569,7.122088654277
"POLDIP3",5.85359445953033,4.23859723618907,5.54483846345451,5.22247618459294,6.12939106945408,5.4613180226588,NA,NA,4.24036264630955,5.23152627586209,5.38779076674313,5.8905381145004,NA,5.56625014408411,NA,NA,6.61565254577943,5.55355766365193,NA,6.22847294270532
"EEF1D",9.51486966331315,9.2526634327192,9.79093875269583,10.0291450650212,8.92490319066901,9.58882541159076,9.60915936556652,8.62495546537619,9.07763914846636,9.59721933892845,9.02591492023158,9.31143843228387,8.32282288535074,9.13174456235732,8.39278436267596,9.49179595971192,9.98775219963564,9.3637278591458,9.051487519623,9.42725348632718
"SEPTIN6",7.17612891265794,6.21999495455865,7.15764761366954,6.69125352539478,6.6631382018807,6.56163202438834,6.89087206308597,6.06093250924357,6.04282705262436,6.72219893214181,6.83898249226627,6.78390192511894,6.06286580323358,6.38482436229398,5.57747113122148,5.56200897379408,6.59628292312593,6.69772799468188,5.53448449060581,6.57486198923781
"GLRX3",7.9147819307765,7.67393007396379,8.08707640506689,7.5713781067689,7.5709442515982,7.82105974309025,7.96959297709498,7.80829051054711,7.38409973728941,7.8118798342397,7.89062218323165,7.7978845839339,6.52562121133199,7.56087210557147,6.85996964970131,7.91260516620942,7.80054053917394,8.20684530565621,7.57722914829441,7.69218996934189
"SFXN3",7.34217354014091,7.5357170254727,7.35474331491987,7.36934810747705,8.22413588696851,6.49848053999332,6.80000271317509,6.93902824775705,8.00632397805127,7.40555899600588,7.07235199328623,6.97674849822918,7.43829884999538,7.0457760581842,7.04393717231536,6.59374759171686,7.26828792484649,6.97931796484854,6.9959521667352,7.85782100594828
"PSMD14",8.27064021394462,7.95148789930714,8.43996277881826,7.94303304550155,8.2485257237247,8.34398931272755,7.95406994517666,7.95263480805079,7.91212525314111,7.75545962583722,8.22643563847438,8.10529801580526,7.5418438570948,8.28518312866334,7.99768581354732,8.01211872982391,8.00820641389923,8.48722306843084,7.90878932988039,8.30193877043392
"COL9A2",11.8361024554972,11.1027677764817,12.5566903577575,10.7195044467268,13.3088713792266,12.0172890810722,10.9708910479688,11.4419336816068,10.2099461453838,9.89287649083715,13.8010129718791,10.6117337595028,10.5353556491418,11.5791952732672,9.44323733904762,12.6849982065042,11.4778907800038,11.4516455949977,10.7017552780679,12.9199822521691
"PYGL",9.69317504506188,9.38163789166549,10.6132186626052,9.73461252465024,10.1535026449817,9.73609312464978,9.44527606962231,9.35274751843827,9.47903579207415,9.23761699123676,10.5488483787199,9.79440616760497,8.44804908856868,9.88657059393755,9.97879911657213,9.68401551738036,9.66287736962777,9.90357830555148,9.85324833715551,10.1357084406718
"H3-3A",14.9994644014798,15.4017746272921,13.8176568908535,13.5808562423546,14.8425306778499,15.0013048311585,14.6155480943445,15.1390753800518,15.7017977243879,14.8057183269127,13.9448922981285,14.6596393088645,15.0047156955083,14.8104920640123,14.9862992887376,14.4650449713053,14.763290736727,14.9615866761318,15.2605123582013,14.5971199638319
"LOC100050355",7.90993942352883,8.2626655315511,8.74326158147886,8.75601900513738,7.96234001503369,7.73364880046491,8.23027986403506,7.74209531384738,7.45154100404619,7.66742153251364,8.0308603342737,8.32040014034711,6.88713984499088,8.34694024740758,6.46179427768463,8.68223219892445,8.62320642806739,7.95671115502417,7.85214025543436,7.89504454836794
"MRGPRF",8.87007959232185,7.08827579651004,8.92634097412472,8.70769391676808,8.9620869848215,8.50854370949381,7.61283149534948,7.31444195680597,6.83501456012151,7.17075054179441,9.59805488331517,8.99468411256554,NA,6.4610508340689,6.96790222194318,7.2136679430859,8.86070294756316,7.97076364253935,7.27070215113673,8.13818010683248
"TUBB.1",10.1450099634521,10.2914042613524,10.973656701002,9.92987567961252,10.2845201009846,11.0063283689126,10.7890771941905,10.1192976896689,10.0291016457017,10.4266885653383,11.0805076918386,10.4770227341148,9.00110328690396,10.4836180912905,9.88941917520573,10.3878705894584,11.0220146584779,10.8525326377124,9.89112246279247,10.5237673813906
"RPL23A",12.485050184154,12.9332601408881,12.0244096306313,11.449343314904,12.5241278893058,12.84492586724,12.3746371596198,12.8622612125625,13.3101995419519,12.5953627082842,11.7726713386367,12.5908151755969,13.1878104595109,12.9265142685951,12.8938040738359,12.4459490304807,13.1144792738589,12.594040283585,12.6647928330156,12.1682853103731
"HSPA8",13.9328161176947,12.9159723282116,14.1915936459092,13.6526220215349,13.5570712200652,13.4642355148723,13.4569111735722,12.9840454860204,12.6495557848971,13.6082859070975,13.7598373698003,13.6218024010609,12.6608801173164,13.2771487824129,12.7857801927269,13.5205101549134,13.9853350452193,14.0927941467901,13.1161139476976,13.568301170162
"PSIP1",7.99978842199656,8.42698138177987,7.73015850351641,7.30718607838553,8.60660769255878,7.91536123507871,8.15131013908712,8.26428687834429,8.64765171051705,8.25178683308127,7.42367485225903,8.49905295228936,7.86627137986836,7.88870305957659,8.02224491720946,7.99696436023123,8.83537009185938,8.53549935634493,7.82358990096912,7.81066638718149
"EEF1A1",13.4842119976489,12.6820946962792,13.4706102912275,13.2437681466526,13.7878003938416,13.3290293898879,13.379324711348,13.6941367893797,12.6297181139801,13.7047813858242,13.3301779793003,13.4549935883554,12.7436699018142,13.8744800155957,13.0747288711109,13.232227729608,14.0529182307211,12.6929288456012,12.8391407305967,13.6034444381026
"EEF1G",10.4947820367352,9.92094138596567,10.6699290751217,10.2022555011992,10.3037771431428,10.0131735343891,9.95186006774044,9.94502090885731,10.1691351694979,10.2029543503707,10.4662961932537,10.6313175683904,9.2989324405952,10.0238286693465,10.0861565257468,9.98364767164063,10.5681731939196,10.2608296083049,10.5061959684247,10.5759590691188
"FIBIN",NA,3.44387861419883,5.81036548304235,5.03342023805558,6.29483657295107,5.03305552793255,6.84982860760323,5.81183116697288,4.4953980243293,5.79693889724842,7.66340835925218,6.58670632460181,5.32272730930464,5.39300831607215,NA,6.02599510943636,7.38078232413841,6.07205222238054,4.99468113319179,NA
"DEFA8",NA,8.99309196956763,8.59083810373266,7.03809004415444,NA,7.72648510907063,7.51984026347013,6.85484387711382,7.03938979509403,8.48696856145114,8.33389891706537,7.10514416087222,NA,8.80070598490776,8.48309236914041,9.34690697975896,NA,9.31329628191725,8.25329524603738,NA
"DEFA23",NA,9.74854399206098,7.55364103864909,NA,6.50821048049513,NA,7.52814408468576,8.69597710611839,8.32392476422837,8.55475810077629,6.49920268965101,7.16061994995184,NA,9.57001597561048,9.27931323173643,10.5620285403503,NA,8.52331057204639,8.24525735173594,NA
"FGB",12.8551474367089,12.3506027426665,11.2856186773046,12.888976979912,13.284877251695,12.5828940090751,12.3470952743594,11.8615219610558,12.3085159157626,13.2744473230178,10.9872134553455,13.7160501090138,10.2371754200997,12.3649183759355,13.0234943991466,11.6320762468552,13.0693551936667,11.5385177473556,12.5742366998883,11.9140219037495
"SIK3",4.487343352872,NA,4.62949429083419,4.77641191249446,4.94547004236949,3.80700569859981,4.36176905803166,5.18375838755081,4.12360313753398,3.61184033380322,NA,4.54688296576882,NA,NA,NA,2.31477323625177,4.0928251973153,4.27676682079622,NA,3.43463969678095
"PABPN1",7.02977916179177,6.66157333885729,6.80098790721464,NA,6.84380663182618,6.96829086736676,7.34865445296556,NA,6.30517650301255,6.47013662539404,6.84825910568015,7.11768226286069,6.38710862183586,NA,NA,6.79403777743727,7.23706177452934,7.10966508321556,6.59554276816894,6.71579703247038
"PPCS",6.94613883489662,NA,7.65131127236736,7.22869589572545,6.47106628797933,7.20300947498685,6.73632997870983,6.9251784197103,6.52127102835523,NA,7.25819820231788,7.08887567866059,NA,7.00564327014886,NA,NA,6.58838479442746,7.75406942393986,7.39877474801574,6.60490366457598
"CSGALNACT1",8.62740858858686,9.29203640845661,7.51177288763006,6.36137414501547,6.60964702993679,7.23800263439424,6.78612839338023,6.61698362698409,8.12625438521529,8.19526906695445,7.56456260494879,7.21706928671938,7.35609610500634,8.24137592637055,7.75284374642828,8.31884870584678,6.05634571563339,8.27953846235852,8.53201553557244,7.3251241438712
"ERC1",7.00963493855608,5.97769164057121,6.83180968910372,6.05298682668865,6.43116617960654,6.33678779710164,6.55527760277082,6.31290912404951,5.8428964167654,6.60036253447541,6.64775240627464,6.61023611578937,NA,5.99980042965642,NA,6.30430982213272,7.14066192106019,6.61122001247385,5.96682457768626,5.88648327684589
"LRRC17",7.82537207235639,8.05339830677024,6.73445603361512,7.10993231331762,7.47862249221371,7.05624986986128,7.10096538096266,7.93974891003477,8.23068469707103,7.41191036095903,7.23226058562095,7.78013328031245,6.61193398291639,7.97489944856494,6.99657613485029,7.07511986120604,7.61165506613721,7.44143442942629,8.13646394982202,7.27983767524401
"ABCF1",6.93565386846035,7.62821278303314,6.56571754765967,4.50253125867227,7.16579126581188,6.02909736097321,6.90987465142148,7.56150455152529,7.82830992703492,7.33004829732608,6.61055071832831,7.25221923747687,6.18916108570044,7.25653807980246,6.41254121621315,5.98188935619296,7.46287445564179,6.5769481623572,7.53847717361925,6.7295496368669
"MXRA5",7.23774491312693,NA,NA,NA,6.37495483342293,NA,NA,NA,6.0623513164979,6.86929054254284,4.69309995682486,6.58810431907546,NA,6.36167345514921,6.20002428233522,NA,6.5121797213095,NA,NA,6.1359231079791
"PXYLP1",8.13881050355065,8.58633047108628,7.76019782720807,7.51314854797722,7.40172298814885,8.24243169898764,7.79086911802635,6.49936759841836,8.80983370721622,8.38073936544181,7.73667087403388,7.88698342651743,8.16439172027079,7.65218436875028,7.95603469602259,8.22102704021852,8.44541005518319,6.98402312031162,8.54164496130337,6.24722923860126
"DNAJB4",7.7653648819472,7.43056077633316,6.94246133541269,5.651953810342,7.69256559874949,7.29145075475564,7.43207581167838,6.46430007263499,7.28790522213375,7.51156706682117,7.15876084460058,6.84020499955793,7.957512180844,7.65740387728079,7.64004105823849,7.48934926801943,8.14301203087356,7.45301873823414,7.37932063518414,8.09639446391661
"EMILIN3",9.47702353807137,7.83134873327087,9.05662980684902,8.25154464127017,8.07391880057408,7.33979278878953,8.49035305001105,5.19180463959838,8.02095216391183,8.41921038728444,8.7647371666354,8.16816819527521,7.31354374769891,8.10391165076636,6.60655211969307,8.46612744115424,7.5426218881786,8.38320072220406,7.10971930293268,9.14383150675003
"RPS27L",9.44805463147337,10.4781962563589,9.10302073193583,9.50591083721451,9.47477082174765,9.95608443132457,10.0875772739356,10.487128738543,11.0067192377878,10.0353521374163,7.78644305221218,10.1950910914647,10.4275822366528,10.2573672640153,10.0936098764956,9.74963722373579,9.62389555931405,8.74772932859755,10.3663509988741,8.93003448890295
"LRP1",10.3383904385027,9.78410862618425,10.4296799822027,9.98694605618466,9.9106203391839,9.25960335474811,9.69670286769914,8.93931843142878,9.16466284943652,9.60074267689273,10.2616575402004,9.80581903630415,8.20135743174878,9.63493806226566,9.56514968095785,10.0557847497769,9.57057689685333,9.78484858458397,9.33885969396808,9.69921708006552
"ATP1B1",10.0777962444548,8.62634073521559,9.91607749123717,9.35960689810184,10.4741509049195,9.85663232071318,9.76113484698051,9.08813976768572,8.64944720326012,8.74367313397649,10.8268906456183,9.65544220290317,8.95889027155332,9.65078568829161,9.04873273672847,9.59717439269046,9.90152643666952,9.8151007240267,8.96066550688801,9.65276402568169
"TNC",12.0618709853891,12.1008012548574,12.1517049127264,14.8434365223409,14.6845104049392,12.959611897851,14.1819951220149,13.9676856019226,12.5385357658015,12.6699241535179,15.2065897569328,13.0523254919772,11.4566018191851,13.4521753388214,11.9992836502724,9.49532623114511,14.813808106959,12.8074153465084,11.2933369437901,13.2032611756038
"TLN1",10.462184167362,10.1800073828222,10.6534460198952,10.0733346718333,10.2757486413118,9.96753669614622,10.1951717758947,9.53779443961137,9.7222459363212,10.4418175034158,10.2385749596565,10.4813775664066,9.2761704740089,9.99369368215363,9.40490406079283,9.93605924575303,10.6828617906517,10.2959892485827,9.98956075320962,10.2885020573591
"COLGALT2",8.07571314362446,7.9660846416088,8.6366238477577,7.84230264751727,7.75458611486996,NA,7.38368474527898,8.19494706426977,7.98420633288481,7.6716446924428,7.97307565410731,7.91435147174507,NA,7.88149914828836,7.7874038416023,8.60134363527109,7.5280681965802,7.28768542076893,8.09897707732694,7.5561794737764
"SDF4",6.4455726436727,6.05342192734514,6.9106684847252,5.64037155349648,5.00400441315154,5.47146012529055,6.26127287046217,5.67962981770605,5.10172516629104,5.9215215445845,5.87622789204372,6.24297917262253,NA,6.14345817400391,NA,5.92042972601849,6.5103239454645,6.02558431854304,6.15628076679378,6.16409934948791
"ARF6",9.9654844793536,9.63043044104664,9.91049210127316,9.76023396468012,9.58967505281125,9.26314902395801,9.21886151421456,9.36024307978499,9.21448657590838,9.36396668501814,9.48668410932293,9.05465002035356,8.86496678725983,9.42707711421762,9.2351976916472,9.34088433377402,9.5540419491041,9.32569871400384,9.47229535352485,9.40026952874299
"APPL1",8.16896103088145,7.80931378472231,8.21083919267759,8.14287095970993,7.77252035455421,7.94593390830072,7.99286397461491,7.61606581424566,7.82524448040295,8.14599363398443,7.91720190054145,8.25135031001225,6.92631590002959,7.98222202965346,7.14782518111059,7.97083545231128,8.30410116299389,8.0665731596042,8.06601370634257,7.88863396624594
"CP",8.67370426137849,8.28698563210867,8.4960084055373,8.09483670901638,9.0612326405559,9.49647539212464,9.69269861881572,8.28527622661654,8.41552592668443,9.07706700374761,7.94253965741513,9.5811556272383,7.40920628833298,8.46939408146681,8.4706149251568,9.39663221954712,8.07447888867141,7.85292087987076,9.00666820083445,8.30020953972859
"CMPK2",6.54322348656185,NA,5.63173221937617,NA,6.05353802112619,6.45447361099197,5.33286109909228,5.3786649766884,5.82912356851932,6.61829137034231,4.64640122092711,5.88836653049238,5.92612556319165,5.96890581785703,5.84728196858225,4.35578095790988,5.91637160754174,5.63375150812067,NA,5.33160865682051
"SELENOO",5.73852396713395,5.75898151290295,6.16947925884381,6.22411267276893,5.78556919497238,5.82009915783699,5.41303967271085,NA,5.4301450626056,5.8100494714129,5.40274856085264,6.07627589590327,NA,5.83242139566714,NA,NA,5.79668583572544,6.25529454012055,5.92054633699275,5.76197105603959
"GPS1",7.71281340377902,7.31003158346278,7.99772589575337,7.9274870002353,7.73875145923049,7.63628995181979,7.3241408994989,7.56324120385055,7.48087335825042,7.41810900227112,7.71574858922863,7.66740168028991,7.03769708664348,7.59040801194483,7.72436584272914,7.74882421456793,7.54883050633711,7.31917987563139,7.96563365860496,7.51095582241948
"MTA2",6.14389192365701,NA,6.81317116961588,6.64315819255386,5.89294992351482,NA,5.90655516821001,6.60583449645307,6.28288270779641,6.42743986269064,6.5715531797981,7.37162794228911,NA,6.52955068652054,6.06920475878936,5.95277694551483,6.94104318513687,6.27810981175981,6.83333745591568,6.03671115018594
"DHRS2",4.3661432714723,2.84791162703424,4.64741615795548,NA,5.39533741610332,NA,4.02610583806632,NA,3.70702985597853,5.06112730119083,NA,4.63530065329495,NA,4.50269446688184,NA,3.79074548903334,5.31627476072755,4.39171584200481,NA,4.63354097151508
"HDHD2",7.25171597475132,6.60752495861758,7.29630505319805,7.5880416288834,7.03716769917813,8.3756195612276,7.75054712650581,7.83302587032359,7.60127366233042,7.4191723468705,7.02761904737896,7.23559210648224,7.13899641218148,7.6483810798245,6.80388523943464,7.16345090820429,6.96351399606533,6.73273252657173,7.77288304803194,7.97967549404646
"ZC3H15",5.57837771736641,6.38302741205612,5.83915916801714,6.33867687774047,NA,5.5965732801937,6.2183242423758,6.66783612122777,NA,6.11445996113143,NA,5.93841556821631,6.64111762057681,6.23179390805508,6.31453406163374,NA,7.0561709439548,6.18842797472111,NA,6.27089332408319
"RRS1",5.0230046473282,6.4271242602455,NA,NA,5.64057269700368,7.01618655190024,5.81379029386846,6.52172409539345,6.790728954795,5.82699639832052,NA,5.66030054300755,6.68199899809429,NA,NA,NA,6.42495027832839,5.95425007177256,NA,6.21756984201473
"ETF1",8.24142973486132,8.06066979653305,8.14450892881427,7.85838691983861,8.09199891556953,8.58961324969218,8.36700707344938,8.20851364236352,7.97279345233067,8.41188829628568,7.79227826912394,8.62460542470297,7.35945441106003,8.58179969603615,8.13527997807438,8.16967596913199,8.50954377010479,8.15276180191732,8.09186428825538,8.18487869528607
"P4HA1",7.98829067297051,7.64000831369982,8.56156244448425,8.16161184125041,8.26331235710955,8.0345417109935,7.83973995267097,7.5841614659702,7.39427707702652,7.71275377838045,8.19724964171992,8.35367114920002,7.08023610065434,7.66832888001267,7.64417384946328,7.66853103484586,8.55029991034362,8.22593557453994,7.34902841770559,7.71909969936453
"CHMP2A",6.68515595340997,7.55480269379483,6.90935853072658,7.26986697394405,6.420480726624,7.27017546053616,7.42778403115993,8.67813181275414,7.85147472638761,6.71271908044573,6.56757930917602,6.61396687230582,8.47463056871437,7.56384423152667,7.67308271089059,6.95618703044451,6.82278575281674,6.86576198454519,7.72459070404518,7.98976669426826
"EFEMP1",8.21633022232357,8.14690965983551,6.91298919225329,6.96593485069127,7.87168823020485,8.32430174888115,8.40173372092894,6.92861307621527,8.22216056548801,8.83130451739928,5.73792182730925,9.35784234488191,6.16870456557009,7.30959118126802,8.06031237114633,6.7510375465641,8.19530092594893,7.36615804805989,8.57509046520609,7.43621204917359
"SERPINH1",8.79680879127233,7.62397672915188,9.87133751961853,10.0787208964024,9.40418184799978,9.07740354564127,8.69429794831876,9.57857791099085,8.07294441607394,8.48087992570322,8.75316891776527,9.15821835662117,8.30660888695666,8.94090896622479,8.09549399229694,7.62304182748774,10.1316875932833,8.94972765069816,7.85862538478575,8.97567136899349
"RPL36AL",8.6937445701556,8.86143753689676,7.87038117204442,7.65031670951241,8.85651832481151,8.81320784494178,8.47462543481926,9.3723649448279,9.14972772610312,8.82860441381788,8.18378757245744,8.15664515560812,9.56715303435063,8.63515829307484,9.13945395448879,8.30881394493035,9.29573834244613,9.15939678389292,8.59671515606114,8.33480512777513
"PSMD12",7.26654443106397,7.03738872076039,7.33637438857977,7.08694471433252,7.34283783509374,7.15669890463363,7.03377911615336,6.62618677702001,7.22970377206538,7.1627840392334,7.07553759778842,7.03910157436371,NA,7.3109056002816,6.96973777459671,7.22398757691399,6.92088632084946,7.1808291410694,7.45650444048357,7.38963464856586
"HEBP2",10.3328619600248,9.78100723899458,10.7066399007629,9.56464461206666,8.90764043867435,9.02748040690616,9.84121782772402,8.36437425490487,9.33582441010888,9.9746729138403,9.28755120564341,9.79777807955361,8.42428343289579,9.03147464263136,7.86527722821088,9.71242760343776,8.20184470672353,10.4739561571105,9.36338583731575,9.63775771036291
"LOC100071548",7.05597515475537,7.39234456512148,7.32595553067315,7.31892523387075,7.11346707225521,6.79586858178783,7.70393980932275,6.66179936470849,7.23960982978576,8.2264117846556,6.56108030036701,8.06580836858179,6.30507980492071,7.36486592837788,6.45128051071745,7.08451434010218,6.80720970102239,8.19232107706346,6.78034640423427,6.46256334965836
"F6PYR5",5.64361595263443,6.1008048138551,3.74829393724985,NA,5.77541476649477,4.57472649353325,5.6189237765799,5.78089710812525,5.52602956027797,6.70397284070915,4.47701964535707,7.20553684700594,3.94321823547095,6.05213265458867,6.25955560953206,5.90401500078801,4.99168950106681,5.83367833190879,5.63126486952712,6.40358673487778
"MVB12A",7.78991272749029,7.6547923708675,7.83628599465103,7.93579462177863,8.130584694997,7.65032637580268,7.59959425494756,7.39248591267921,7.25616729917091,7.62142599909225,7.84402121052395,7.4702516770911,7.25845664752237,7.4030640552782,6.89884859812413,7.22693336059644,8.43803153100935,8.05343957998591,7.34002223490568,7.8020419863257
"CRP",9.58772495759946,7.96455515328746,7.84817365875559,NA,7.95922227322723,9.12661083487386,NA,7.73637064151846,8.24756583695203,9.01212106501947,7.4911555045665,7.82856083569918,8.67527109260311,8.65792027894613,7.9320840460819,7.74184469226228,7.78365446366912,8.64013311498997,9.18003889911965,8.98104652462472
"LOC100050599",11.0186786889511,11.2589568830335,10.6398063081608,10.8677450894713,11.0492751767347,10.6831844675372,11.1278664191763,10.5518318408554,11.0434555836134,10.7336758271977,10.6703844851765,10.6006903589245,10.1414832966381,10.9229152023667,10.3998195836773,10.9433311991932,10.7002626257657,10.6139286707673,10.8486093255601,11.2538090837185
"AASS",7.6966427577376,6.7237836168464,6.91889800188884,9.86305908854363,7.98204546904783,NA,7.15998845987787,NA,7.90524153712322,7.08434556536713,7.19568286239523,6.57728507322014,NA,6.91979421077869,NA,NA,7.00602124692029,NA,7.35423486303135,7.5480668588532
"SLK",7.6213767266153,7.35199138797953,7.34216308415815,6.92793499183237,8.03412497480029,7.35507645060908,7.40634570645579,7.60874786707992,7.4199819697826,7.3235952880078,7.35534286485145,7.4105826368609,7.2569452357914,7.40402074849757,7.57054072040683,6.72051707720661,8.15016765346638,7.44445800851771,7.06845230477257,7.28337836181782
"SEC31A",8.82406979731298,8.33127733591732,8.99853780462864,8.80942284957939,8.77937144316446,8.74379278939296,8.73290683372189,8.77943743971563,8.64624941784731,8.60187053316255,8.72913733722311,8.74696328616555,7.9185239792571,8.9087898002889,8.65621691373224,8.52660910830462,9.08863058224807,8.60944316957465,8.65439902281154,8.81422278105001
"HNRNPK",11.4335064645408,10.9334231157512,11.5025450545799,11.4593109945765,11.3929189796527,11.1866059176274,11.1691314057287,10.6407268808218,10.8058574046922,11.1735612615457,11.5550301922864,11.5769238819871,10.061967819739,10.8927818950721,10.4683675627062,10.972952146744,11.6977208395721,11.4358246262325,10.7191807229403,11.2449798637412
"EEF1A2",4.22012397179871,NA,8.23821048454287,5.18996539573761,8.01640670668746,NA,9.73692035394271,5.69806433185757,7.86617354988322,9.31738340280355,7.63457045945114,NA,4.60077864910448,NA,6.63211715421795,7.35992649285538,NA,5.90272139042004,NA,NA
"IPO4",5.66237898882571,5.68611698401955,5.99400806118695,NA,5.84318288445946,NA,NA,NA,5.86623690457652,NA,6.09968268366942,5.39892818751762,NA,5.7176370344302,NA,NA,5.50592406284031,5.83945978767604,6.32980786017521,6.39631861520289
"MVP",7.4726218913053,6.55539225817538,7.1262272900382,6.46865397368259,6.74380664949887,7.45255861661001,6.74193962683124,6.95555206778664,6.50120422340759,7.00035597057223,6.16275886381174,7.09025129963624,5.08094136665551,7.45812382157574,5.41332081687295,6.65150013251771,7.40823277434303,6.76145108284286,6.40035348430161,6.71857174187626
"RCN3",9.56673259191011,9.39803880045393,10.6828641271589,10.3966139940201,9.54879813336643,9.9737456045017,10.1045110042249,8.87666971335566,9.43387547073992,9.78106875569187,9.51760817972913,10.1400302834987,9.27212470797448,9.51680631345678,8.62896909068919,9.83795032752186,10.6141646322984,9.56841472813926,9.15001024137862,9.44050791607152
"LEMD2",7.64956959837827,7.26553567735948,7.81701307209408,7.54478899199058,8.20292776210042,7.26854047537284,7.42236826137455,7.33293874538751,7.38295692849458,7.71444743811666,8.16606221704245,7.60905475526276,NA,7.27848094101493,7.16799981804419,7.93619851370302,7.95790033682228,7.76958960763908,7.41576300867627,7.69484785771807
"FABP3",9.19350508677205,8.12424010097099,9.17998360787011,9.44460463082197,8.12488729926938,8.77818978276865,8.36362488973624,7.50528865079248,7.92720115831931,8.73708224018761,8.95418146107118,7.83907131597787,7.21641842897523,8.52448331626078,6.96410611422265,8.80597861899174,9.21234921086842,9.17835251521431,8.12143166175403,8.70190525618363
"SERPINB9",10.1620123862371,10.0249172860259,10.374748607102,10.2949432575226,10.0886194843195,9.80644957525132,9.78734261390177,9.86138120378545,10.2842564526789,10.2698520574993,10.1339866812428,9.65195329389766,9.21566874568296,10.0568582281684,9.62191760161761,10.2164307894547,9.47108502123451,10.3715753408088,9.97054425199519,10.3167250651373
"LMAN2",8.71221600108857,8.15960166674696,8.30503062994486,8.24841185951776,8.50338372453428,7.777087403213,7.59348368402726,6.5235283733916,7.77244210849937,7.65590245903476,8.12349711792036,8.41746819097343,6.86369949471301,7.96531161591515,7.95796226474326,7.96189693781915,8.25758904795137,8.1411552159813,7.8962898681097,7.91345375078958
"DCUN1D1",6.33414367885454,5.73526728104695,6.63345671474844,5.75819715152813,5.85819382653536,NA,5.90390228878755,5.90942461102583,5.62510062027635,6.07672313248177,6.13684468287013,6.69390827944832,NA,5.39676141774335,NA,6.00669194946063,6.12095435622599,NA,6.37018699605413,5.83827216376756
"NOP56",7.01794673881651,7.12116904614636,6.85390824542097,6.74665729904765,7.3476767296812,7.48978937764577,6.89913870241344,7.01467661602611,7.93693989553911,6.97245338630351,6.67616700830026,7.34310477587836,6.70796190029507,7.20221704675825,7.38391089510045,6.60766971190276,7.59109032976414,7.0564418222371,7.39387955594394,7.32356733057129
"COL15A1",8.89894037699962,8.1173275523049,9.9369031637653,12.1198779006584,10.7566942731653,10.0224028247025,10.5615728508805,10.656627075902,8.8879412022906,8.74151250377411,11.4235818878648,10.5611562562519,8.55496454592136,9.5316514970443,8.41825267710774,7.82241339874441,11.4040349306885,8.68391461222027,8.59329044453925,10.3274075107675
"CD81",6.3414638777119,5.45554961029908,6.76663848757438,6.87104754829251,7.35142556757749,5.53555848129584,6.12889661514015,5.3412557976122,NA,6.09401606487502,7.3236971059728,6.41412958565726,NA,5.05101062735423,5.87222081564328,5.62018306952739,6.69934118052901,6.06330160920706,5.84609949817317,5.30807640866364
"LOC100061656",6.57448223425004,6.8320122837406,5.92828745230846,NA,7.80755061886421,7.49729581882665,8.47058668359455,7.99483605490634,7.6456525516021,7.98604888320392,6.5276786847247,8.25737837655912,NA,7.07627427033758,6.92517519082772,6.43705904668437,7.32933138702077,6.0083741392552,7.8472008335626,6.3760899256142
"LOC100071074",4.13597436082814,6.82240645590259,NA,NA,6.51140157553442,6.19167349453523,6.91941522443182,NA,6.50387329697031,6.75516331012848,6.23182137341486,5.71075624058215,NA,NA,NA,4.90449851368299,4.33365404370378,6.44215964118651,6.75471817042082,7.35030452048565
"ITIH5",6.74076041696162,6.09124779726388,7.0316973544971,7.10870537570739,7.10996126600176,7.28845652312712,6.41682926806581,7.00294421209941,7.16345455908484,6.78732694850811,7.69281828482577,6.80656314763557,NA,6.83186235821674,NA,NA,8.03785981718224,6.1982059254006,6.57323541220022,6.91260049298059
"DNAJA3",5.97818476343946,4.08200992011941,5.44180609736117,5.75515721375175,5.56071383990396,5.21484049036271,5.86623433526393,NA,5.68213508280847,4.99373216642985,NA,5.80004999019436,5.91134695953958,NA,NA,NA,6.04144226620353,5.53669415886483,4.95993987242185,5.46077955391752
"CDK11",7.4178175210974,7.01898440257974,7.26859740179276,NA,6.80712249941281,6.89856463259894,NA,NA,6.81670520141822,NA,NA,7.43697588127327,NA,7.44591414543595,NA,NA,7.10238380525559,NA,7.20431223534139,7.39809369639701
"PCYT2",6.36756563625925,5.7377736708905,5.87779424090035,NA,6.42933228578443,NA,5.95622117282018,6.20989927995888,5.26697516203983,6.60634677456706,5.69654753159985,6.53734242695039,NA,5.27076212829558,NA,6.04355608658419,4.2855583142377,5.68593475476049,5.8882043397408,4.34861094220351
"MRRF",7.03371162874801,7.02346217027656,NA,NA,NA,3.67231508482601,6.54448183818069,NA,7.46148997074554,7.04293224952621,NA,6.98860630391021,NA,6.58704004943986,7.102434871056,NA,7.36756692854258,NA,NA,6.16185514033413
"LOXL2",6.27527163147902,6.43883186698656,9.03907794907488,9.35563765311448,7.8814655023336,8.18587185237993,7.43876607449188,7.62904954069656,6.22372754330957,6.50448801246232,9.49047914975335,8.35186703512632,6.55062587272064,7.0791687681443,7.22373111488045,7.03926142275769,8.84799412332388,6.66426129372212,6.69070672033192,7.37756089036276
"DFFA",5.7866778796713,5.3687594648,5.81534462573616,4.79225562260103,5.88400212675166,3.88479212568805,5.63153838182524,NA,NA,5.40452388964503,5.59963546035565,NA,NA,4.75902860189991,NA,5.45618394486854,6.23237363164952,6.0660643288419,NA,NA
"EIF2S3B",7.52654945379276,7.79553118603957,7.49073810009109,7.36547168552264,7.65312868803745,7.97104247061297,7.83742635200188,7.91027901467093,8.4807406572119,8.15352083649697,7.25534781995646,8.2604398665297,7.52268549264672,7.93943638593073,8.01529945148302,7.46842681615203,7.89878344944098,7.51293143473148,8.23039512022766,7.85618670505004
"PLXDC2",7.934811091143,7.29441885423235,7.76572268157362,7.70467731965559,7.71800350218478,7.02386113444745,7.38024577808855,7.34706159501815,6.58395265744723,7.23275866397699,7.13117739284663,7.21883461959772,6.16542809155777,6.89403345109661,6.49842227151939,7.672776170447,7.12002679465867,7.27109640696922,7.17204502731254,7.33014300927324
"UQCRFS1",5.8131447266228,7.36616394880946,4.88317096273972,7.58260127589437,6.77863029585332,6.59885428282522,NA,6.3420212049635,7.30924086836065,7.674198043614,NA,7.82014035460997,NA,7.3361533962377,6.61173549214723,7.13245618018466,6.81491196687588,7.44886513657382,6.63727433824174,7.67112948723562
"TARS3",7.70803785987129,7.2531101983441,6.85109943396987,8.05191897142396,7.49490248736659,7.67579281446788,7.28843581822324,6.88285151366647,7.84999837014035,6.92794793267392,6.84056731954152,NA,7.51164488541959,6.61253183024322,6.58607078734782,7.87036861583865,8.01269586580463,NA,7.460003523194,7.9507115799564
"CLIC4",10.0516793205393,9.77746393319741,10.4212072951404,10.4263432099792,10.3478252440168,9.99455264533086,10.2111123074508,9.55754268001717,9.88008723472337,9.98794861889466,9.88062702002348,10.0987431150612,8.79869929761563,9.83144561141721,9.38219025503216,9.7161632035178,10.152542556138,9.52739056260924,9.93780347153353,10.3586482305591
"HERC4",5.31390738963976,5.53107054172919,6.14924051797239,4.84752855473505,6.04661435934333,6.03703706681994,5.30898341495416,NA,NA,5.50792853737461,6.45521130177859,6.29842930153057,NA,NA,4.02804792035072,5.58676237099674,6.58370784418841,5.40615701021238,5.79900814681108,5.65509381001657
"DOHH",5.54127185742159,6.50275672729829,6.43212939896639,NA,5.60099341044724,5.0881996211056,6.35554853553092,NA,6.28571775927248,6.75191975387161,5.77356283564779,6.4099756014622,NA,6.07900960034976,NA,6.37212223523461,5.99267761814753,5.6075645249487,6.27589810370708,6.20834904880157
"SF3B5",7.14406476014749,NA,7.13083121994617,7.24972755732369,6.93372576149451,NA,6.65666378190486,5.77767854087572,6.59263706149392,6.27722076551986,NA,6.79450875481751,NA,5.78652963842224,NA,6.27402634055678,7.32307059124591,6.66953176472693,5.60631700075004,7.41945617186903
"LRRC59",9.72753866702119,9.41278700284184,9.04573473653571,9.05558673219531,9.54182136464542,9.30731968348717,8.87000710953382,9.50992990851911,9.46902158569672,9.26951827123065,8.92561514471405,9.11350535094732,9.17473416121464,9.47440944635071,9.59922180018745,8.94624386550779,9.80687691850415,9.22065564803907,9.22732701148075,9.57657252127397
"ISOC1",10.0923295537969,9.42532022505458,10.4044174047558,9.43371283065714,9.55810212927534,10.114239461364,9.90197124807122,9.67784930369984,9.72680679116569,9.64380823556622,9.63720743896019,9.74231475413198,8.77169857019469,9.71599922343415,9.17856050412029,9.58213416469204,9.51255623577316,10.2172305803771,10.1010623673685,9.91704255800851
"CTSA",7.18193551692677,7.60353661944287,7.195645353135,7.64875067260596,6.84108827209939,7.7680966193926,7.30955658154819,6.69450114441719,6.77418277073052,7.78796541706108,6.70275962918969,7.11425788283132,NA,6.8410292905251,7.02877165062745,7.34902527088281,7.70690348676305,7.13844354297014,NA,6.90713362080554
"PPP1R2",4.87835816855317,4.88122963504701,4.29432352908163,5.92974487913762,3.61643638629558,NA,5.14671511156151,5.10165604392023,4.36955559297567,4.55185422062116,NA,5.08140818438185,NA,4.25212260781751,NA,4.9646622434388,4.17791801179642,5.0318500430281,4.20805463680368,5.8448715633038
"ILF3",9.99930894882698,9.77353392496687,9.86415202175483,9.59530938535431,10.3270372560984,9.90652786768678,9.41489630378372,9.94023606532282,9.77668451846805,9.69569300896218,9.68670316129404,10.0692623258282,8.81396269338565,10.1638940598251,9.5691599536162,9.25325936295104,10.5845774070707,9.84924789242131,9.57608726760504,10.2702465164652
"LGALSL",NA,NA,NA,7.08427549772638,6.47801270875716,6.91120674945222,7.58432433933178,6.71356745555714,6.99853954435129,7.24224670730229,7.0740104372741,7.73765328708247,NA,7.67243082562145,6.62820037585905,7.57659037436005,7.68103061156916,NA,6.97191816568016,7.67370299511015
"ARGLU1",8.98484053417671,9.72341608179383,8.47089833080459,NA,8.65655682270687,8.43408481678489,9.05471600775969,10.5627194440283,9.82878158254232,8.26204443678231,8.60992952736896,8.49143389406484,10.4529607959213,9.31216871439343,8.01883356497459,8.61675691977748,8.85216358017072,8.34140013192142,9.35072532902055,9.29746608637995
"QNG1",8.22389994568023,7.84464725649875,8.01416207147193,7.64225681777483,7.77723463260941,7.67021183146342,7.77506676753509,7.72832620571543,7.58776953545545,8.10804040519393,7.92708905551869,7.95303258699854,7.86136926217403,7.67890101378627,7.19832380667386,7.73522197851462,7.37328620270689,7.8444076714021,7.26072949965936,7.53601467215945
"MYOC",9.46360624851414,9.33814371639242,9.81265458392127,9.92019157906842,8.86177981335005,8.58766042101015,10.2238754345087,9.0050356755951,9.56925683388534,9.33736865088837,8.19225883217683,9.00570335905698,8.63636904669981,7.43359532253084,8.29923424080097,8.31609436724605,8.69729553946701,9.68961133366501,9.23651450547466,8.91567126653166
"TRA2B",7.66122178443158,7.38786741660452,7.39106202475316,7.3883046495518,7.82780024050659,7.91905934912563,7.50380592612666,7.887405415405,7.80087163388104,7.88530817301007,6.76442026384707,7.50737504054405,7.707933073472,7.82985297997807,7.2579322866776,7.06294874899389,8.13713707642132,7.48975495042719,7.78056595554439,7.42954066149488
"RAB5C",7.47018039283788,6.92980399880091,7.73676409144791,7.21199842099278,7.55789395912845,7.63775905126095,6.71753105575019,6.6728334790081,6.93162391585735,7.30509719238035,7.53681852096314,7.0413674889896,5.48334545711339,7.09564700613496,6.65286771041077,6.86550557931945,7.32761228952174,7.08989196050817,7.43746478614658,7.48402307184791
"LYPLA2",7.48682709055641,7.70416983331477,7.10138303727438,7.44342514302299,7.09410435868197,6.99699776313447,7.0676846750394,5.60216873076414,7.2545078286088,7.26050057005964,6.89912615254091,6.84576256236098,6.18691270978618,7.4443511835185,7.3855660485702,6.73162360205546,7.14183644643959,7.26340667438998,7.5300048530124,7.91527859917883
"OLFML1",10.2945098788212,10.0534933490799,8.60191785077525,8.3835275889796,10.0048259892224,8.04878471118081,9.71632918264156,8.85711901523285,10.1309657716125,10.4336736624087,7.55235481146089,8.94065914291825,8.70070434150167,9.13979732999682,8.35344098917703,7.5124916262832,8.64515676342397,8.97018876723423,8.2881033151566,11.2915996939191
"RSL1D1",7.00678855140588,7.86423698864267,6.47533042075711,5.69103380482457,7.30651474150165,8.17113103106745,7.43367323113074,7.34850494567192,8.35277899474442,7.22605921598423,5.75720286814237,7.46400786022627,6.01728786484361,7.36714700132996,7.33589141164297,6.78662847733278,7.64724318066407,7.21838261015176,7.57862250523862,7.16245268093846
"ILVBL",5.4761054108514,5.17104795247607,5.21517820427857,5.40745317255385,5.53785561414508,NA,4.11587866233587,NA,4.83089475018581,4.86864057392788,5.0703333914877,4.65303084538079,NA,5.48151425578665,5.39196621890527,5.22134392603329,4.57103838532512,5.36055688469186,4.88392454562969,6.17075238546763
"VIT",14.164758000104,14.5337069225844,15.6109978360783,15.4652692288824,14.5020300695998,15.616617332553,14.9854460437961,16.1630881656517,15.3005253594366,14.8576867173247,14.9182252231506,15.3449695670507,14.0641748387092,15.0873864578598,14.6217085716231,15.1779166293657,16.0676530533486,14.4518555551911,15.3407179045559,14.9554627944608
"HTRA4",13.0586349570308,12.2602239504733,11.1365879922084,11.0984454773552,11.2480601271964,10.523167370043,11.1827912144795,10.5578168562087,11.5998066501244,12.0324456653453,11.1446542399383,10.9857942962934,10.9486748227709,11.7723707882856,11.9377885642178,11.9708079282567,11.5642940646986,11.4829822187991,12.0695614431294,9.4057043102152
"AGO1",7.98971051851354,7.74095564910986,8.00110479802644,7.76501562697418,8.1432082263883,7.71206312214911,7.72026445343065,8.19835613187426,8.25538447262078,8.03129046841504,7.93901282993734,8.14132908024177,6.14808197027212,7.78434693466354,7.87283332579432,7.55924641135276,7.96410853823583,7.68997318200608,8.64073647764581,7.94063100313967
"CFDP1",6.86266558563026,7.5491377397658,6.26354656349266,6.79709636217295,7.07218017814881,NA,7.11052709821078,NA,6.84555470339421,7.24658856314428,NA,6.79825550315693,NA,NA,NA,NA,7.49626755287646,NA,6.67347633808335,7.11499334385573
"SFRP5",8.22552664845396,7.82979254797532,7.79430196427826,NA,4.370509396597,NA,NA,NA,8.10103260522486,7.47720489101886,5.93594175051386,5.724018788044,NA,6.42808908974105,6.80167567967529,6.5253383219948,NA,6.62526841753565,8.25469982117549,6.37302156028237
"GNL1",8.20278915448729,8.13865642125843,8.46162229421325,7.94469939555771,8.33716564599697,8.63071988744559,8.41739892446483,8.22952248230204,8.52224637446117,8.0241840410685,8.13882312662902,8.39871715036503,7.80792289024596,8.23173330550283,7.90778355669535,7.96698489127186,8.44755656769012,8.43765738375041,8.5369121268708,8.00826729313926
"ROCK2",7.13184962542387,6.84254167003163,7.20487407329407,7.15171351226054,7.55068019217962,5.83733359220843,6.97478779328866,6.46893877524836,6.71296392159393,7.02590209115467,7.22168240310165,7.05363591620686,6.42300566522935,7.04422845266272,6.55430165340258,6.56195938785296,7.47057485075579,6.9277996632759,7.2745045879493,7.13453647341246
"NECAP2",7.16617693225135,7.19759071333672,7.30042095646957,7.0064797360508,7.23211272310377,6.68062699936265,NA,NA,6.60269340199308,7.45849424871944,7.04996410976953,6.97400695255371,NA,6.34051988647941,NA,6.92357085279121,7.417285375304,7.21115932475086,NA,6.61804388261438
"CHMP2B",NA,NA,5.989273142848,6.93440708515259,6.69946935473058,6.22907936957688,6.19220635951555,6.76421277952714,6.42166424135129,5.87426581262831,6.75609185153246,NA,7.30283543972754,6.37949601875624,6.36780581196303,NA,6.85228496982273,NA,6.57214212395176,6.96707195522211
"PCSK6",7.52508958251408,7.48099780429189,6.52891068349779,6.20055159450925,6.29183648592861,6.59698288617823,6.27685766824708,NA,7.82254351272745,8.16468214489709,6.62839261885772,6.3606500452252,7.57021852325611,6.60206507651459,6.83357254489892,7.29518911201365,6.27692291637544,5.63055087997284,NA,6.56742290951122
"PPP1R3D",6.18490007654779,6.983138232814,7.11917912302063,6.24089370293657,6.82930307230869,7.16550397241381,7.34105894263205,7.28025345584175,7.22098501543579,6.95925520839887,6.8818692965077,7.03302460005575,5.78943880167669,7.41925766603575,6.58403783653231,7.04181667549151,6.95761839391658,4.41859437822635,7.04046257727803,6.52347390277332
"TAGLN2",9.92429214197666,9.50487787825223,9.72602265794368,10.0162617832116,9.66652290364499,9.16292008742817,9.87976359850862,8.6350969266804,8.94751832451398,10.0956284073622,9.65012982810201,9.31396909539972,8.41001420946836,9.4686411581301,8.21728984235218,9.22471969480055,10.8165501287592,10.0168176655837,8.85359066953222,9.79832826992277
"PEBP1",14.3398426295705,13.9229694201661,14.3715524414952,13.4841682845271,13.9184169268212,13.7248191527589,13.5619901046959,13.4770834332184,13.5052982761378,14.3433468903721,13.6552626929664,14.0560659925018,14.122292775458,14.2149960626558,13.9890261830701,14.1508112721574,13.9462517326006,14.5770423800248,13.7745673200077,13.9782363019122
"ACTR1A",6.88809407669803,7.76315824513904,7.49794122107837,7.25637087372945,7.64018749404176,7.04262692145869,7.7286826443952,7.42786812518516,8.09710084643073,7.62370268099965,7.14922240705065,7.7296598483907,7.37415977808526,8.29728330804558,6.32992078727602,7.52186309080773,7.26148989141671,7.61862985397318,8.06420234458684,7.52489263941883
"CSDE1",7.1000915648843,7.11098921415716,6.65663287209189,6.93107028973545,7.13678797911101,7.31742256718934,7.29536006937364,7.49328074331975,NA,7.2595061734501,6.94053168245938,7.39014952451645,NA,7.45366119313834,6.44223988632188,6.89079000930385,7.34556447633454,7.5255104134195,7.02412764955972,7.02432796046249
"SRSF4",8.77485812325381,8.88905257997277,8.64104516392601,8.28886565128797,9.09299481511054,8.76629034052077,8.57950422148445,8.86699685002717,8.92088500360646,8.51828872928086,9.09119271505081,8.59032825141682,8.02093388705069,8.73280445668513,8.3383207422958,8.24541968923335,8.96065356541333,8.74475189946456,8.61338758246993,8.59659679457807
"EIF4G1",7.32614536167453,7.17058060199999,7.50663805583024,6.6175757521922,7.04095635488271,7.19099422690477,7.27797354731387,7.52166870266575,7.48368884440554,7.14500201139009,7.11593921846862,7.68694307713873,5.98364650719687,7.25786152437203,5.98530751317622,6.61763661528968,7.48968296922584,7.35435207898063,7.07385439327267,7.47036481462529
"TP53I13",8.1449649457994,7.93816053983487,6.68107244069575,NA,6.1351916081276,NA,5.11748497712592,NA,7.9468845949004,7.13119108182978,5.98096864542136,5.78453891423037,NA,6.37423055202284,NA,7.35297620259368,4.99817130074575,7.36734407737641,6.67187777041257,NA
"ECM1",9.21624321276377,9.10903474620148,8.33374088476648,8.9632789780607,8.80157635750346,8.75126168214319,9.475480157769,8.03100245961039,8.70565427887904,9.83589543477331,8.17949070620259,9.9444107525235,7.15572975638579,8.39145130270111,8.98527857702484,8.43497000814266,9.30493751083947,8.31350548902631,9.13709031680022,8.95065035046956
"ASRGL1",7.99283772611623,8.08779161913229,8.17542088812113,7.55219372088532,7.29329343276482,7.42153354690055,7.82577173089633,7.54012203090836,7.53279247804059,7.52259348172116,7.73359441097106,7.64815500537399,6.5689157323635,7.63150159870193,6.92871980975092,7.44404343271577,7.99327724824229,7.88178857644508,6.95679342828557,7.6167223983591
"DDX39B",10.0432574460082,9.68457631149853,9.9334672069455,9.90533532514505,9.85751785694806,9.75233453370395,9.68854684093697,9.68233393208445,9.79788874236827,9.75327194729756,9.77636354513732,10.3727752909629,8.71787226981775,9.94850320382025,9.35745515167111,9.31965251668354,10.0013000326645,10.0078588662574,10.024979370165,10.2755654698961
"ACTC1",6.6062893713422,7.72233235461364,7.85806013492657,6.21797906752927,7.57514097811286,5.13928074959099,6.95071578301173,6.35755435709975,7.63000708429534,8.02826158940852,7.88674465743907,7.1345746979854,7.18923190113328,6.47727123647767,NA,6.47627513305835,7.80816622760998,3.37137909107356,6.99909110390595,7.99127725041375
"METAP1",5.69218246216142,6.25244444106536,5.72451984096363,4.61286906091812,5.45420286170637,NA,6.65524495006127,6.46643374955292,6.08404243563889,6.64186591977157,NA,6.22508415037936,NA,6.39963504121709,6.45319340491323,NA,6.48523895989157,4.8797724056795,NA,5.95362660881355
"STOML2",6.35577467865617,4.68201972501165,5.74517845636622,6.3267216847056,5.58451029232297,5.79968872839749,5.55043130810304,4.84002028613137,4.51706537337936,5.90396072700188,5.33007278788473,5.65173099519573,5.13275029686077,5.42286025455844,5.75368715282553,4.72189991464644,6.39694755070334,5.95733151794269,4.96878822883685,6.18131549811386
"SRSF11",4.78721773354204,5.51611177250296,5.19759819423599,4.42840919736292,5.21180626627994,4.69343263745013,5.964679065665,5.54647361434224,5.84483830543587,5.07751798930591,5.44393379910919,5.50521128298232,5.23420034880653,6.1271129694381,NA,5.31498716543577,5.85190869138826,NA,5.04589999686908,5.77997398916661
"PSMC3",9.63729206579357,9.1159452568037,9.74604453533629,8.87454656968261,8.82118631490981,9.18733547462179,9.34643979304207,8.17910424071166,8.64158801896329,9.47007179297967,9.10844271209433,9.269471859511,7.89895200789494,9.04435652703969,7.92386366177387,9.62435346240124,9.29269351922547,9.756203046859,8.9126090202546,9.05877535514088
"HMGB2",10.3739928012639,10.799435361825,9.13980769952122,8.1742910064956,10.0453612981169,9.3314618579855,9.45379934992128,9.79815814631565,11.298590410041,10.1163911311272,8.64912727484669,9.68205580102197,11.0604725213464,10.1928507458193,10.5327891015775,9.96224467744366,10.3549174517266,9.99855297840685,10.5957534248031,9.94876648948127
"CPVL",7.89770610638114,NA,7.62795422739899,7.08558323362231,7.26537444808065,6.5500744267481,NA,7.36869807155563,7.64070463568903,7.83643720993143,6.4873624428102,2.31477323625177,NA,7.16172173396605,7.74329921108046,7.27314785980079,5.29237403682242,7.642826199991,6.88868398526325,7.48889364827616
"SERPINA5",7.36447410398277,8.25515710290445,6.38623687046752,6.34949193636089,6.65323391430596,7.69432584035246,8.3570168495605,7.77996973125724,8.2036209414828,7.45292833823403,6.39683150674809,8.15808659447634,NA,8.17773364496857,8.51298000188645,7.63332735681742,6.12303753209422,7.83800261031145,8.81254875530379,7.35571056661136
"DR1",7.49912803697468,7.03889419551747,7.52858688536744,7.86156252573502,7.4582875552992,7.36812810707111,7.19949477556144,NA,7.58109611076117,7.1280158624653,NA,7.30460702541226,6.51532050771559,6.22720422371439,NA,NA,7.94672078310183,NA,6.60891857897773,7.07191013400038
"COMMD3",5.48259582195857,5.3074573002098,6.03376621397343,6.24405191408935,5.2587464315741,5.8022879960169,5.55424568800044,NA,5.701088519126,5.50524446251973,5.43151631429686,5.25614690621687,5.09317002068684,5.55019190201565,NA,5.94128377101984,5.7522055466675,5.59665075985935,5.32456770199371,5.99674930992081
"IMMT",8.91774389820833,8.14506025540752,8.58897439725264,8.68999942994926,8.55225838362047,8.01856820868083,7.85171239669612,6.83600301864584,7.69502709505011,8.10962875287355,8.69053760389045,8.53070248405982,7.15161729882759,7.83926704447653,7.61317910642359,8.35109262366657,8.51153443417573,8.69094708186519,7.71061501403,8.3552539799683
"PPP1CA",6.82038155985344,6.91298640831611,7.2095458963686,7.52033225127923,7.1121106963864,7.09739745159996,7.28971909564549,6.89812968767064,7.16073875702919,7.32227465189769,7.07039504496547,7.41925403680009,6.53934101677669,7.44853660329487,6.31842235847228,6.86414033813045,7.35585970280665,6.91810548873693,7.72996220607651,7.34519057648034
"ACY1",8.86453340557503,7.98861779101824,9.46665704591128,8.7766420054442,8.20919491497512,8.67637631464315,8.49630957925518,7.88003944249031,8.13178608545998,8.56603444195008,8.93831547812842,8.64446501710334,8.39862885205936,8.1756954318082,7.58904244360549,8.18962000909132,9.02384749659323,8.75223012148116,8.54714912387285,7.86877097178439
"PCNA",6.41982415719203,6.19961495411928,6.86303580416948,6.30353811782543,6.43937606484763,6.30807914889307,6.76209466711604,6.79939261471673,6.36437811304483,6.86639635475591,6.36591310859794,6.71633094156725,NA,6.27750178769301,6.52309368692645,6.48987008499172,6.89012414897443,5.73918242349063,6.47153394635434,6.46416717834301
"IER3IP1",6.60427270196134,NA,6.24220558863299,8.43975222624294,7.86732869068941,7.94449629690917,NA,NA,7.17408802243591,NA,NA,NA,NA,8.1978127440527,8.31891265622605,7.59267491710804,NA,NA,7.35031934213837,8.36513548835092
"CTPS2",8.2202356850956,8.38677700027143,8.05551326027559,7.23488882369615,7.86394961087196,8.02944632384719,7.77858954578151,7.69989498447237,8.6770508563594,8.05311549697228,7.77516235864973,7.86757874844231,7.31934987130381,7.97859716226504,7.81046411009896,7.87365388448592,7.63098271335614,7.80964574733234,8.88716052105947,7.95839485663129
"STOM",11.3620506020935,9.74427991817645,10.246225135675,9.84107422435304,10.5097648396268,9.55148418400064,9.19154867823111,8.06748681097999,9.45279046606145,9.03530991428237,10.5300994988423,9.18807295389982,8.83627403050438,9.65783295300083,9.00207895372779,10.1396257007233,8.84974584740507,10.6685021631826,9.5653863701049,9.37339890007859
"FUNDC2",6.65870220826208,NA,6.83402324852462,NA,6.61224514879064,NA,6.94483826106493,NA,7.06398733184287,NA,NA,7.10262367912609,NA,NA,6.30396399876283,NA,6.14945329168762,6.24135150103711,7.43355334193133,6.74551582383712
"FKBP1A",9.80794960363407,9.42867758656363,10.6759598350448,10.0832772491942,9.03981897456613,NA,9.65384453551071,8.31624406351917,9.67167208227322,9.97867784584817,9.43621951305773,9.99181469049975,8.12106513407923,9.19104982672616,8.70373341470853,9.85098531111262,10.0886530151202,9.80391845670728,9.19063170596062,9.1820689084929
"GCLC",5.22121237995447,5.35202797806696,5.01354329302916,NA,NA,NA,NA,5.30294966961414,5.08369170745239,4.95984555978576,NA,4.13046427421257,NA,5.83511442711691,NA,5.28423248256265,2.31477323625177,NA,5.63464763040059,5.53011076481204
"GNMT",6.96727843730982,6.93606927907835,7.13909751885468,NA,6.68051166871314,NA,5.65721069111116,5.47230552419586,7.66758234176415,7.80804230627935,5.72737016559587,6.68184645084919,6.5716834756357,7.0287905383834,6.15233909678084,7.69684720078801,NA,7.56972271034524,7.68339501053048,4.94217672802862
"VPS35",8.70113511251016,8.40740998024533,8.8391416106446,8.74494927967389,8.80697229045424,8.53840030773972,8.25330193547744,8.640446673152,8.45806823762803,8.44212142130691,8.96591884922701,8.58443770965764,7.48203227743295,8.63984653617595,8.72149567344984,8.64068448207687,8.48540685319,8.59068544566919,9.17441872249699,8.12384063213809
"SGSH",6.1684669255199,7.0126646186305,6.45813858269084,NA,6.5672641241352,NA,6.53544767466983,NA,NA,6.81317839538576,5.7168137626954,5.18715107641777,NA,6.03810530140893,NA,5.9016480746893,6.83305872404982,5.67114329533809,5.31093349120652,6.49952644566522
"MRPS16",5.76734582850684,5.46947523787659,5.89129875621945,5.50836484720282,5.85537386422336,4.66550757124511,5.9534367966452,NA,5.72786700450254,6.17749438518755,5.97457089384648,6.09552637554189,NA,5.56128984414073,6.62406149622893,5.44772175924104,7.40145444293142,6.36158607450488,5.39239862627542,5.8170145881012
"HBB",11.9769817622077,14.0766153672796,12.4109868560822,15.6152852658217,17.9778552531881,12.5984346146637,17.6927389192516,14.2790464658803,12.5787270361871,15.3299296811959,13.8467471811582,14.5953490212602,14.3749257861678,17.9683801868174,12.8169586280273,14.4003661241001,15.3408104908661,13.582362785249,15.6505818286944,14.4767952583776
"RECQL",7.54360895497648,6.33944883599394,6.33507184587125,6.3215586571999,7.41130737570401,6.90161063687612,6.86377004441254,7.09725924494795,7.37817919442649,7.46906628889685,6.96712628448525,6.87596488044781,NA,6.89530900948742,5.88328577220937,6.66730957143049,7.13570613939548,7.22916211329439,7.40753496843351,7.42451595726639
"EDF1",NA,NA,5.49835054910627,5.17488180766756,4.99710354245896,5.64410031996029,NA,6.7087965248519,6.6337072166783,6.78391863269897,NA,5.39221444507163,7.528835424522,6.60685594140539,NA,NA,6.45991044032579,NA,6.35098803120827,7.49378329300733
"S100B",9.14047643416582,8.78084366422222,9.59553914719364,8.33512749565097,7.60974263430737,8.506584612543,8.66462157876684,8.29016071646159,8.68007792446918,7.62619641447548,7.91150325469584,7.70943566364449,8.64667970922528,7.78126448354912,6.72029897484647,8.36792479508841,6.92480347529384,8.07556894553165,8.70308973241374,8.27029374366026
"LOC100068926",NA,7.92850486976488,NA,8.18032992988985,11.5013881952174,NA,11.2625257381909,8.41107192230918,5.67160787790271,9.48590538607504,NA,9.35617234690395,NA,11.2583923277639,7.03571764375646,7.86888701806443,8.65147368204982,NA,8.95618400494379,7.26319637812851
"POLR2G",5.98400887509579,5.64496157280515,5.78853678821691,NA,4.77628452857897,4.52430336003887,5.76939049998726,NA,5.74996693463662,6.2428050825404,NA,6.20014098600786,NA,5.51198162404798,NA,5.36651582859112,6.32275008752968,5.60446730159955,NA,5.45242104288674
"RANBP2",6.10041404370081,5.40436685516318,5.73043105119736,5.46182822835024,5.83042125199232,5.25851879826402,5.46967253630955,NA,6.29610683392057,5.55233065283953,5.61061393640236,6.02167023905816,NA,5.2441844983979,NA,5.89417744222564,5.49939378130381,5.39607303826326,NA,5.835521245988
"AKT2",5.43219623550984,4.99995352918052,5.75196206609272,6.00993973954008,5.18930485030282,5.75127761866492,5.81932067615256,5.49983625447144,5.34434496928654,5.76081010037681,5.5392692172319,5.65502975230231,NA,5.61823882997294,NA,4.61614335279071,6.07867491475112,5.71149786007071,5.84405338079514,5.23084754804637
"APRT",12.3375993413246,11.6586964234655,12.8361765116965,12.2017329097717,12.0999864184753,12.241054862866,11.7620107088873,11.7141366156101,11.577926930423,11.951614698797,11.8823282783455,11.4714676312718,11.3437764746211,12.0682932630358,11.2140680316244,12.0882132706845,12.1552991881585,11.9284614753858,12.1572333274591,12.5025034724219
"SYNE1",6.17442120651331,6.06816592972321,6.06494093969199,NA,6.29024188593532,NA,NA,6.56796969888376,5.78549062008476,5.87014417185328,6.11650308883405,5.23359835551241,NA,5.61542397846161,NA,6.23008785678949,5.51234976047758,6.13029458941824,5.59284978407683,NA
"CNNM4",6.66768738534568,7.95021048455277,6.40468256307495,NA,7.8655414042053,NA,7.80641753735511,7.60326496305364,7.26728914864125,7.77965674142306,6.78554203050603,6.32598456340886,NA,7.75247454783982,NA,6.88101690032021,5.98820726076423,6.30672670052527,7.43864317645961,6.37155291092495
"A2M",10.4548827958745,9.52359694757696,9.92989198289731,10.1769761318375,11.8478548773307,11.1732097179582,11.5992200033751,11.8762818163967,10.4283183852974,11.496952470772,9.39388430367147,11.71657256558,8.75065811872366,9.78969307937787,10.2817899819524,9.76270989589145,11.4245266074561,8.72136599855632,11.3425601182656,9.40836140463365
"ARL8B",7.57588728559933,8.30144298344982,7.36468253907244,7.83504388433202,7.43531700528293,7.73109544038737,7.71603655290441,7.11542143444064,7.9668895142151,7.17970582476649,7.10590252542947,6.99347547608382,7.94813005208067,8.51847969978784,7.48626353219026,6.95130470673467,7.29969410836769,6.88991434035909,8.70546833363691,8.23107235667309
"IGFBP7",5.51636325001313,5.65198306113907,5.16529519906859,3.67281785115214,5.81755756457465,5.42568403731964,6.38239547534282,5.13778298821623,5.45825195461002,5.4251532855795,5.53508256006384,5.85337433432654,4.538732629462,5.35923790774759,5.36595958705146,5.77032047099356,6.4206253566254,6.38428788124772,5.10692966598499,5.77124896420562
"SUN1",6.69340807525606,6.56825899586332,6.73586466389167,6.69486350828582,7.17584683541651,5.6999242472796,6.3377035212036,NA,6.48825165277196,6.12053770565102,6.81182248182086,6.6521535825606,NA,6.51315821112141,6.10933475897118,6.47097713592638,6.31499969928589,6.55430540536206,6.3874302722685,6.49833668660167
"PGLS",10.0476632670328,9.40382637714688,10.0098839986726,9.70129974112149,9.86103619406574,9.91043167374154,9.79837680316688,9.37865911801242,9.39054345451664,9.75755693683175,9.67067585786373,9.2325811729381,9.0448765165941,9.93389070632859,9.39827053007066,9.71983866319271,9.92293476081684,10.082754745323,9.61248751917604,10.0621350758749
"ACP1",9.27777211507982,8.87617767635789,9.2633188747175,9.26537096178662,8.30620137207512,9.05435345237824,8.79927034504893,8.23805414475309,8.85732021509868,8.94769333586915,8.49476874713892,8.8163235470048,7.8779106748606,8.62908415743163,8.37486554690469,9.48175224975886,9.13024397419303,8.35758955909484,9.04897483424288,8.61957254005938
"CAPNS1",9.73585245747528,9.0631950873357,9.76215229078732,9.12811280963443,9.21976594801058,8.94473543247777,9.07656395041563,8.73293512936423,9.43001273123411,9.0478298868819,9.34291172618736,9.16108225014415,8.59839519709613,9.19381390443132,9.02963638468669,9.70444772981424,8.94217191724939,9.28630885985888,9.40915061209789,9.2758606554673
"LOC100630171",6.20745570328572,NA,8.81929112478931,7.84993543606339,NA,NA,NA,7.237833351702,8.60810572495696,NA,7.68310429688657,9.38358792186617,9.39848385789454,9.81904940253456,7.39998356321082,8.73537565326203,4.24065010970455,NA,8.3262917131735,6.15402060317537
"RPL15",9.55622290739055,11.0000769069362,10.7177406578798,10.0951564548962,9.89531359042813,10.6901946773278,10.3129200152458,10.469013730008,11.4876440649566,9.94535277304215,9.5709343542392,10.1662999276259,10.2456413322897,10.8624808484629,10.7915558892942,10.6321487484666,9.26915947819233,10.5074689312467,10.9168970025379,10.229607175689
"UEVLD",6.13622336867496,6.35799775753818,6.34725993377862,NA,NA,NA,6.6603893388538,6.61231138309995,5.5577055927239,6.19411831053711,6.60374708394008,6.31378910250531,NA,6.47034746994561,NA,NA,NA,NA,5.99279409921784,NA
"LOC100630489",7.48946884789093,7.26279420886478,6.91197846993752,NA,6.25992966119156,NA,7.24229967767257,NA,NA,7.21202625201331,NA,7.43315524714754,NA,6.41741661401198,5.7109392380234,7.65601583189592,7.20337455431482,7.78281747431812,5.33458756989995,6.84556378222763
"SH3BGRL",9.67115762860278,9.28157277515373,10.3804469535224,9.9145360037335,9.34663495809854,9.52368658818149,9.51808556972706,8.88128689723965,9.13897144479002,9.67754226462782,9.48347440139515,9.59831646018153,8.45554432021119,9.69656499438893,8.73466337070595,9.92315087468414,9.85977286634474,9.95623643531863,9.3674163196257,9.54907506327346
"AP5Z1",10.5007924155287,10.4047209381749,9.31276066284194,9.12270961599954,9.87483271842585,9.59672111010882,9.79508217319144,9.11014147314312,9.78672863994202,10.6515435969795,9.30178400932818,8.84292091927482,9.55665601123584,9.47098064597698,9.28698016778531,10.3260962379031,8.19662347905782,10.0942337801606,9.68462136589387,9.54606673459669
"PRPF8",6.19731900819066,6.2357440548433,5.90077896317238,5.68012623736794,6.19267271553825,5.88916932876425,5.42681750261931,NA,5.82368232173772,5.51943458790436,6.2430336459022,6.01237000098629,NA,5.90509060790718,6.0224883823572,5.65036635713838,5.54938444728888,6.02757155261828,6.04120914904455,5.94023110703862
"ALDH3A2",7.28644370455966,6.93903276415747,6.99971308747029,7.04498077445073,7.27765647569366,6.67038695630561,NA,6.59185994519035,6.80850990251408,6.62500688652615,7.01506525301569,6.28076277868204,8.62343443805272,7.21226586533604,7.17548960644573,7.4586725463881,6.58693576391895,6.70897979179218,7.15147533778448,7.20583771214279
"SPRYD4",7.15681848444897,NA,5.71778856707458,6.82223353741108,NA,6.67205981246085,7.02335811989948,NA,6.95375470046283,6.90214280508908,NA,NA,NA,NA,6.42646860995169,6.9720071383462,6.09988084591602,NA,NA,6.75423371914906
"EFNB1",6.67334748733541,NA,6.60554815397717,NA,6.56001179772457,6.84617668181445,NA,NA,5.8637851240392,6.04716878966491,6.9976559439872,6.70913324798102,NA,NA,NA,NA,6.1108668986186,6.26392573659802,6.4021889337129,NA
"TERF2",7.0922345787247,7.88112336362302,6.64583918074582,6.24610951652597,6.92273950815679,6.9914186773341,6.85549282351466,7.06470910364443,8.05445172410039,6.96679896636865,6.97815773124405,6.19681491436742,NA,7.15484101060854,6.29341913106298,6.65002451348787,6.67433882092164,6.84830518549645,7.45827808493017,6.67722483124846
"STK19",6.45419317160551,6.84126925266775,6.08529168359414,NA,5.89547915188469,6.51035597703803,6.59665014349575,NA,7.09279398189225,6.38877466600357,NA,5.99842006359593,NA,6.23931150840914,6.97842640129363,6.81842842951758,5.82652060898329,6.05688075228863,7.14715435738663,NA
"MFRP",11.8594795245004,12.0863018930754,11.2791321003186,11.1945235710102,11.0996664166293,11.0377766445804,11.4411507800078,10.4804826610509,11.8426063768069,11.5534117784676,11.7492260802206,10.902370931949,10.0397286826696,11.7504562349347,10.5011380550849,12.2655881961092,10.9938747085832,11.2245788639397,12.0489543569415,10.7075997495979
"BRAF",6.84077264428884,NA,6.78098173341507,6.76910961289764,6.89091356844196,6.96988936477353,7.26525913307593,NA,7.20887137170822,6.85578242159746,6.94915900571082,5.70745268352016,NA,NA,6.26384355108205,6.95292350332116,6.41208320637319,6.3239618401805,7.49291821223791,6.67086180924858
"FETUB",9.7987757963416,9.43571117512005,9.5116892325396,10.0403273310118,10.4238771111641,9.64396829091541,11.4576730761638,10.4361778880225,10.4707609984908,11.4600440011494,9.28407430543324,10.2520579286533,9.90260008056128,9.37556758853682,9.77613645596899,8.85914966975732,9.93146975350567,9.6984711577336,10.3812010905713,9.8487126235444
"FEN1",NA,6.35429497588343,NA,5.16053739338441,5.16257975412777,5.94234678319367,NA,6.2999663953393,6.52585642591795,5.416021179087,NA,6.37918160981295,6.04120076966234,6.08527534878186,6.40813028738663,NA,5.94820855709178,NA,NA,5.016508619176
"EIF5",8.64625763087776,8.76140607985308,8.53733315786583,8.24972103476116,8.92755913264206,8.80244086500185,8.81390300591322,9.05310871270092,8.84039536424988,8.99828427061453,8.22812753567568,8.77333904768882,9.12721283755274,8.72823546781247,8.49137513835615,8.37911062562005,9.51574978832118,8.39819807974802,8.67321481449883,9.16201928754724
"HNRNPL",8.62996016163711,8.39120733189818,8.63287773075967,8.43674287960332,8.78171471661579,8.3830352682799,8.22521459516359,7.96414413128467,8.36006209018879,8.40772179743323,8.78779294924309,8.80211355470201,7.47802976874914,8.50540350950737,8.05701626424643,8.00391420417772,9.05098040057053,8.90220387575234,8.28596411368505,8.82688946486732
"COL1A2",10.6417982982748,11.8637634606355,10.8449861191983,10.4548051617788,13.0288601533383,10.2719832753634,10.8335671654097,11.304260689161,10.8460622904689,11.827582663393,11.5407123390342,11.12911140227,11.264858344377,11.062105335739,10.669028002137,10.8910146849984,11.9886520362585,12.2704651392438,10.3708864893822,12.1849405381091
"CCN1",7.75257082979858,8.65586618733947,6.60205721933192,6.63983846218616,8.09891364845137,8.23634110859686,8.51823976030712,8.37716848698632,8.98954413368176,8.51098987302123,7.92406555723853,8.13393099061331,8.27010606830608,8.36022200659057,9.50747167091033,9.20716906010828,7.61947480689428,7.88995301224478,8.9508735997537,7.52634013862032
"PRDX4",9.68589457038894,9.13380266337555,10.5827495036161,10.241502922608,9.56870431188691,9.10998270128728,9.54829551632582,8.65146097121055,8.56585647681502,9.04488260526776,10.0763962384013,9.97764147464337,7.9834401185057,9.18302767372809,8.64517168135855,9.49943620461171,9.99322212351946,9.85439179916398,8.78014090580045,9.54213028115003
"WDR44",5.79988974883686,5.59353489133038,NA,NA,5.71438929882319,NA,6.190531005973,6.05887400621867,6.69087533525307,5.69710144336156,4.31109013984628,6.26421027141213,NA,6.15208460600204,NA,3.11191785457659,6.07713808820157,5.65708020765636,7.09089984242449,5.12576371487798
"ENDOD1",6.1898214356508,5.37905531086358,6.09140776750602,NA,6.23907805798751,NA,5.89442926111085,NA,NA,5.9193986829856,NA,5.96018822069178,NA,NA,5.33900303662211,NA,6.19215038115089,6.24870940691696,NA,6.60588392743953
"SCUBE1",8.42253804272114,8.649388585295,7.12267080751417,6.39636576043253,7.78586343574087,6.81878879753335,8.64086216873529,8.83549740735188,9.11168013897796,9.15457653802992,6.50506520400544,7.73114833996477,8.92453558575518,7.77874611942458,8.42981196973011,8.09317279153871,8.36283108572447,7.12366640034495,9.55790428515765,6.5970414611892
"RPS20",10.0123893906915,9.93001314750568,9.38093966487885,9.16427104696568,9.81326425861325,9.10447316183932,9.23198715693383,10.09542773996,10.114030569422,9.46648594084484,9.10588940223627,9.44574932712009,10.0914063728724,10.2519254158335,9.10130304047802,9.20486216680232,9.97452889626758,9.4603890972741,9.76428899752496,10.7241065113638
"SNED1",7.83795265750531,7.29581627536367,7.73832691079074,6.68811625240119,7.43903187167224,6.32601560957089,6.67998769217401,5.99360252251503,7.03168800839825,7.70315910262345,8.03910453621233,7.59185135562728,5.52221329958667,6.51144071973068,7.08205508427855,7.43820997823485,7.02851351201099,6.9742177165044,7.29603509651252,7.29675117494184
"PPP5C",7.25000349669151,7.00730501321823,7.63047482946263,6.75626494814694,6.95937341362943,7.23680050164489,6.78725412609297,6.59533832697942,7.20692660939671,7.43927978907321,7.11168909407056,7.59515137678555,6.44775059007219,6.78318308292184,6.75580396644819,7.32219935332801,6.76910607768847,7.13561514139138,7.77957256412046,6.89509359114089
"RAD23A",7.04076878701098,8.4116022373999,7.32435516153121,7.93768032242315,7.18676271884892,7.8109637126363,7.68729961733385,7.67133309485054,8.09886767595859,7.35507168953085,7.23549643694911,7.2825972607114,NA,8.36931420241133,7.01631778858729,7.87552702171174,6.75926108544702,6.20921065113051,8.47130537434933,7.55158660941635
"PAPSS2",9.00680013495753,8.70125882509355,8.74828532941665,8.19323455327561,8.88025474975471,9.1241805717267,8.75941868745438,8.89484728065759,8.66131781231217,8.51646808883781,9.65375521968471,9.16354574182066,7.17933764467253,9.10787606874749,8.90109809825803,8.89009146185302,8.42203250556697,8.95786954364458,8.73824520658305,8.36051744793245
"APOA4",8.64180875325052,8.91953875813506,7.77527127672707,7.92586141158733,8.62609270010041,10.7626338362754,9.1376508245627,7.84874390570002,8.14478499152684,8.99273821078877,8.1094749929596,10.4013914846305,6.39006434167716,8.67043458939736,8.57138355501868,8.35310420910445,8.49008168730199,8.78374147348679,9.57204147675856,7.99658186277648
"PRELP",18.4488124676169,18.4391379940029,18.7635839679037,18.7635839679037,18.7635839679037,18.7635839679037,18.7635839679037,18.7635839679037,18.7635839679037,18.7635839679037,18.2057199423542,18.7635839679037,18.7635839679037,18.7635839679037,18.7635839679037,18.7635839679037,18.7635839679037,18.7635839679037,18.7635839679037,18.7635839679037
"BAG1",5.52669723397112,5.79103147387348,6.19476974924942,5.80275537964832,5.78090479671547,5.1521647086937,6.00209502573378,5.65312115870663,6.00114055021058,6.23603010631983,5.41102240099274,6.44093677696918,5.68650070270367,5.72088407155982,5.45397794484824,6.22831532988577,6.35387431286927,6.47378500209905,5.76524524036238,6.13213966298617
"PDCD10",8.19892724301877,8.41922975840503,8.86040963269381,8.94109788320547,8.64404069550564,8.6940016117923,8.68725965853216,8.50670112133155,8.38375080684303,8.04033749683709,9.23135464913532,8.53293738768798,8.03345745374444,8.4139043429334,7.7355300141577,8.10505195395749,8.43206874453849,8.03973019607112,8.31207935285558,8.5121472720016
"OCIAD1",5.41669466413501,6.77951839600201,6.03143789104663,3.88531350434372,6.18615537706774,3.72584625674196,6.43102686422739,6.22918832263499,6.21599476936149,6.64625204106716,6.06212347646589,6.18933687356525,NA,6.24766584493732,3.8888390229591,6.23514082947339,6.21711937470368,5.25402013629146,5.75950933610241,6.29862087409941
"CLN5",6.66237285302772,6.53988696638901,6.8715453604309,NA,NA,6.44076863580871,NA,NA,NA,6.98850199028274,6.93867484411199,6.57891279924886,NA,5.95703653375286,6.76684327266483,NA,6.2997543303093,6.8267411231797,6.66902524237423,4.74496698849967
"IDI1",7.31515787127741,6.20664352088072,6.44773232583287,5.61163366042959,5.99768342097173,6.10394422362449,6.71888458551714,NA,6.3745380786184,NA,NA,6.2383855248504,NA,6.64891443813383,6.2240900600542,NA,6.55507506522734,NA,6.14440666887551,NA
"PKN2",7.48579377700181,6.94893021735978,7.36813199581866,7.24056147993233,7.26827622571667,7.45858843659034,7.05695744521483,6.79765511199197,6.5149995760045,7.11006639943628,7.44990208404877,7.30832937719004,NA,6.79920249323356,6.99356761313419,6.71387433670165,7.37017378852783,7.12616753402784,7.0868576061458,6.65921611445606
"H1-3",11.1709356461067,12.7134137944461,12.1961812569413,11.2511574081336,NA,NA,13.0174662151472,12.927745754609,13.5372305171342,11.5129223903913,11.4355464708007,12.1885538445969,13.7682280001489,12.9103492748553,NA,12.5044916106327,13.1964133435086,12.6102610292637,13.2635938138531,12.336620316297
"PTPMT1",8.5633725131255,8.37598227538631,7.25860368292571,NA,6.26326122679508,6.88873110574765,7.40164289352654,5.13119292711197,8.65871809029121,8.53109991862708,6.68806838328557,6.24639469053182,6.37414257845416,7.79857440273806,7.31235566029843,8.21268660032749,5.6209959334003,7.38890733524278,8.19643038755853,7.29135649639269
"NOP2",6.04367141701631,7.2810327564568,5.34243554309336,NA,7.02372460920005,7.0874120747984,6.3875087083987,7.43576130721112,7.47524763624092,6.42879396073073,5.65069532803172,6.91364241374163,5.72782533618462,6.58373222624827,6.30934277181854,6.12090356760627,6.90358255806643,6.61811337768191,6.52685816200039,6.62476250279084
"OCIAD2",NA,7.16922193509911,7.86898013949374,NA,6.46193715287709,7.52471267394338,NA,6.48153099552725,7.37545308737349,6.79106750522749,NA,7.39120559601352,NA,7.74445933248727,7.61039335214188,7.6570799473826,7.25049323566031,6.96505676723162,7.12990777966708,NA
"S1PR2",9.07971078623053,7.88818302748562,8.55433692298369,8.62086991562762,8.83816436045491,8.2106150510084,8.2285601714802,NA,7.56505118669369,7.41586880302904,9.71581157740602,7.22993045403723,NA,8.33651521824233,NA,8.61435664300202,7.75138186389352,8.45940544333187,7.8336912467763,7.76640730259178
"FAM32A",5.62829259280708,4.77051523896963,5.56898378535864,NA,NA,4.40516543861481,NA,6.26606592578512,5.98265646414038,5.54855739185167,NA,6.80801623311835,5.50622954082215,NA,4.60029878967567,5.8723698890508,NA,5.69236610004981,4.32849946631149,4.93176320221521
"ZC3HAV1",7.41559821206343,8.09943985182677,6.28739754685428,7.51447740436862,7.52968923336248,7.11272397775301,NA,7.54700805950031,8.45381501892303,7.12303804787209,NA,NA,6.84105749256223,7.6466565049325,8.41197951498782,7.29082935991305,7.57739846612781,NA,8.05520614545411,7.40567701108193
"UBXN1",6.70555532566958,6.85586678610874,6.52055597377182,6.24823227047784,6.55842142422193,NA,6.93349473292179,6.58595875830101,6.15263768666094,6.99577894453471,6.3499333621084,4.73124365041936,NA,NA,NA,6.71724974369832,6.78548590736566,6.66653741468417,6.37816468556193,6.35399535766322
"PSMD1",7.82143018860139,7.59310485551485,7.9404448423081,7.43761461518943,7.59923024376873,7.30846804214329,7.38662902601041,6.9761135321064,7.25164525615722,7.19796270476133,7.72516423124567,7.67663343772143,6.98896974097028,7.90290872776627,7.44766769458903,7.55161214299548,7.41240806941078,7.82310176109011,7.672475145566,7.73182321354039
"PRDX1",13.6383171519358,12.6974928074215,13.9078506354891,13.3820138311016,13.0496691638674,13.0985115430737,13.3049738218748,12.4463154878935,12.3277778677601,13.4456530763812,13.1832486528414,13.4748004225377,11.8979996432829,13.0174576517916,12.4192869055301,13.3962210353856,13.3519781072691,13.1055206260848,12.7887968023417,12.9046650601336
"GNG10",8.23767437585025,NA,8.62843256600807,8.31759366967812,8.7384743792218,8.37392032986469,8.71872177849459,8.77381675864581,8.14858348544217,7.55727348007221,8.26821807597092,7.89921919346173,8.2552013636101,8.26939315482058,7.90552958788721,8.06423666919167,8.10841621907098,7.7423472461169,8.5229442860467,8.93320720589754
"NXF1",5.66600702963614,6.29573283551182,5.42359813589674,5.67652136560698,5.84719059309165,6.06285594933273,NA,5.35338998280036,6.62576335242638,6.0575266600526,NA,5.49458607903125,NA,6.18724152483874,4.52304737514491,5.69554435589335,4.70504757981211,NA,6.90224843075298,6.51851941021834
"ECH1",7.13325270056252,6.43022561195602,7.43763375622934,7.15341662717744,7.10684720811923,6.96326030016781,7.08388263054315,6.45218880152485,6.3713859977481,6.96378869217067,6.99330249078385,7.37963156081733,6.03011515443204,7.09157611579314,6.14192216006866,6.80110043130134,7.44677468439399,7.27637265996494,6.64251799296536,7.35415602601406
"ERLIN2",7.63524144260122,7.04399698617962,7.77871869312728,7.35320885776952,7.34399513262868,7.01765764274806,6.97218414860473,6.51985851306282,6.83020904252595,6.63857723575299,7.29009525581565,7.19393127132269,6.00029653678669,6.83631161100886,6.98391252120168,7.08132311808283,7.15067643511389,7.30857172727643,6.56091808691946,7.45509280510716
"YARS1",7.42175181416968,7.22816733269531,7.87185900509779,6.41103367955983,7.50664092065573,7.60354161650528,7.58945852907736,7.47874074616838,7.5977716004266,7.75388840873533,7.44071317747344,7.70591632134297,6.31559945063184,7.60045615669623,7.08852332647134,7.56853291840638,8.05376907927687,7.40997090353838,7.42586623074873,7.8477728863382
"MAMDC4",9.87117258087367,8.89437455561665,10.2403424630151,9.37399558287666,8.59284037355796,9.1818846142992,9.00373600596691,8.43350495400034,7.82384813083629,9.20904895544188,9.25757975970903,9.09508228452503,8.33158577309483,8.73072346865455,8.23217176736536,9.06401215845367,8.74569199171858,9.84049477690471,8.72522617291034,8.62460095414012
"ANXA4",11.4486544967567,10.576481519576,11.8057300501042,12.7384594278794,11.9408597149487,12.1381874156949,12.1294064265486,11.7313585936981,10.6470059507224,11.0869069323987,12.189706098925,11.7747200148504,10.9792291061616,11.249034557694,10.0320455954736,11.1617718019642,12.4101729508182,11.1836356784349,10.8158948307398,11.6377359639423
"CDO1",7.54263314142272,6.17185105400803,7.01855531713355,7.09822889174479,6.26138877630976,5.96758764034627,6.5156654169168,NA,5.23867975135229,8.24571324032996,5.52001363099219,7.46731691607133,NA,6.80928900228646,5.23350049875588,6.00355248597329,7.10728527266694,7.23927978717692,6.48698310085793,6.91143228169762
"MATN4",12.5787911982391,12.0184338546902,12.7861046903201,13.2767075727541,13.0693919486108,12.001336233728,12.6123384488025,11.5758306003005,12.29195500757,12.7198963400716,12.7181386278271,12.7572034851489,11.8126220109536,12.4338651132753,11.1624610548318,11.9122362676235,11.7267340034878,12.9167586869223,11.6325890965849,12.581343191387
"MOXD1",6.19903768911048,7.72520903972077,6.58121347332765,5.96427336520484,6.30142657409776,5.53974103293534,6.01626762279019,NA,5.5107878792696,5.51134789647247,7.05681251224086,6.51364844250883,NA,6.84377057442849,NA,7.29817355251684,5.34228275916102,6.53816164226706,5.97371762557325,5.57881863434868
"NIPSNAP2",8.01718595249279,8.73848196512834,7.86084621807653,8.12907857737048,8.08570094550792,7.87693827022461,8.03929118890759,8.2192597763623,9.24591756520264,8.1139724437327,7.76975872241798,8.0290917518809,NA,8.26333745896483,7.59709707122213,7.8586995118494,7.67480047346974,8.66780688645089,8.36310337800839,8.52364881266017
"TOM1",7.28875603545554,8.26464498993652,7.33812482808665,7.67021595132663,7.6164213134508,7.92926773939323,7.50694655408547,8.36893897594819,7.34476761379366,6.890090032883,7.39318793577465,8.63358669651207,NA,7.94101906910931,5.98040103992842,7.58290695409413,7.71807369881551,7.41835590554333,7.97341729871007,7.52216573815989
"F6SDJ1",6.63854771137947,5.42057127818632,5.95116433340338,NA,6.84537269036907,NA,5.52321686287226,NA,7.03463160384383,6.79282985301958,6.23778622622194,6.50199237981243,NA,NA,6.41715611152561,6.12785167861764,6.80164106112887,6.53973901961395,6.39497297557725,6.0438564544283
"MRC2",8.55579146866013,7.98506834259975,9.15397617093963,9.29181594362336,9.01326643420144,8.43601574360654,8.54685885920785,8.16490538215096,7.9194118424586,8.46109314085761,9.1114971029669,8.86453993590989,7.70312798645938,8.65102873513625,8.70158540128348,8.57688975536784,9.34515371379408,8.48251005150312,8.24703258059554,8.45748075902063
"CHMP6",7.27358121971451,7.19468906161661,7.22549881999605,6.42561872640834,7.24618208913084,7.6306318320431,6.79868945129455,7.33811016626976,7.35008761901536,6.72033437458176,7.23068465415624,7.08513096396256,NA,6.58542405017179,7.14059560433265,6.83088843079312,6.92783574493775,7.43455258280444,7.10753181087878,6.65293652907886
"GDF1",5.11074912333401,8.7924934145115,7.32927014815017,NA,NA,4.25951220225988,4.75368776071529,NA,7.68851471815208,8.81625111247509,6.00614640855496,4.21665438048632,NA,6.91409235019967,6.21268927458541,9.42458488190359,NA,8.18720313526962,8.01041831706387,7.15985638568331
"WBP11",7.69373635838729,7.99886946151628,6.92929065901403,6.19049725371602,7.42687295429166,7.88692991154316,7.29270703587319,8.0028004264333,8.06720835610291,7.68035820159668,6.45923231330615,7.87184424833004,7.42584378401505,7.81370570723674,6.36268062250808,6.08847098588019,8.37827810156224,7.5525747932658,6.70340245052875,7.24055487780326
"WDR13",7.20289561181017,7.25839123726081,6.98080589579036,6.17834404921431,7.49203492515999,7.32200509675571,7.44880962280741,6.78951327622325,7.13609763609053,7.83777900653245,7.12943500023387,7.64397081595123,6.15871460443088,7.70024365383231,NA,7.50727140263468,7.51254245172113,7.68846717264081,6.92200058695081,7.32222476096708
"SRRT",8.14859927028828,7.81147467220783,7.82923849846148,7.8404600037355,8.23223792622809,7.74916302749897,7.53900446311805,7.627579667334,7.81306016920502,7.87162808550865,8.35892997541812,8.59215957445375,6.892198463819,7.90032052615375,7.60126300600813,7.65311419086069,8.49205199038562,8.19048672708981,7.65111457648305,7.88427316022891
"NCALD",7.9114923873067,7.18684685997283,7.91523873416727,7.70847325494197,7.66563356180772,8.07265954290435,7.78905659124512,7.66065439916813,7.14006145932971,7.22028574078651,8.04997606600023,6.88033532074812,7.5981067295417,7.38892250465888,7.33437103285672,6.97631085854114,7.98530236110467,7.48473722041364,6.90818059564678,7.53468297015704
"NOLC1",5.43983180312455,4.66775083457929,2.83946491890189,2.31477323625177,5.11447841237516,5.39986087027596,4.83633844993614,NA,5.2805735538466,5.05182069441326,3.27129716843872,4.71756252362463,NA,4.59014922552344,2.89547716715547,4.14146643788728,5.41381844137076,5.02532583479075,NA,5.07305299417046
"TRAPPC3",7.70987310701914,7.44464169787683,7.45001815134544,6.21594573172707,7.24031330511949,7.89676835563426,NA,7.88397045111929,7.48233220096097,7.38801360330656,8.05140282316192,7.47146788319398,NA,7.35080197078303,7.27456205999391,7.64914662373644,7.36091642030524,7.86128866291931,7.53578384687477,7.7778224933101
"BCKDHA",6.10375735108525,5.79678274338186,6.05462739015557,5.77757573642266,6.22867853554727,NA,6.24663042845106,NA,NA,6.15304851946871,5.8271792793214,6.15204471660135,NA,5.38453066411188,NA,5.17485006783372,5.65593222344004,4.61844660695979,5.29719963789297,6.12541472961075
"PUF60",8.1793712096147,7.34683201119363,7.78887334657488,7.74744894870385,7.68735088011652,7.69963077125334,7.59459156578303,7.3427903546427,7.61312193177129,7.80477735907338,7.92901534551098,7.87830244989034,7.17709680438256,7.59872197926119,7.55456057481324,7.58137795038624,7.87298624614055,8.11765325063097,7.19928645967933,7.62251809850077
"ATP5F1C",8.22226597386685,8.09607597137554,8.13200541874081,8.59238841943449,8.79665264985663,7.99581430691736,8.18308697951608,9.36449411257078,8.76202118740507,8.78231025550102,7.50692730745665,8.49711395417572,9.17078925847874,9.43723563330352,9.12948838202099,8.04869961515345,8.85517436369747,8.33158488376998,8.04925697401933,9.04729828979556
"LUM",15.7078281010517,15.4881296223549,13.4496636884372,14.1015774572056,14.4439843885808,12.4561920532227,14.243228658109,13.088772350657,14.6547391661588,15.2539352458986,13.2156307945687,14.0188044818576,13.2756925339877,14.5781307522149,13.4242492295309,15.1209488689593,14.4147609296025,14.5135216431333,14.143985300829,14.8820832802184
"FKBP3",8.85315342014643,8.88227031484009,8.51556835312728,8.95914441397264,9.31226909492201,8.76060689214371,8.5264678972696,8.30194631793169,9.00689689237521,8.50551792672281,8.64728281442365,7.9855063102253,9.06675379699888,8.97525627955318,9.08836493685504,8.81022502803446,9.63089679178614,8.97643044060582,8.72757419356412,9.55251427632566
"HS3ST3B1",10.6486537903783,10.6678785252747,8.19449722580405,5.92158577257558,7.56200375755614,7.65695973467982,8.47687024737984,7.831493856916,10.5129316145246,10.2971313836893,9.09736794325275,7.12717209693595,9.3255434411331,9.39995976026635,9.83804956147611,10.1993264157018,6.6399981154542,9.49257411481949,9.8224784063705,7.87163890593883
"FKBP2",9.90642549579392,9.10072197071365,10.0006402075716,9.870660939073,9.64847276347343,9.54003660296461,9.66565273177141,8.33999306354022,9.06960326601859,9.57633152684384,9.54166570576814,9.57774226225531,9.24676280569723,8.93811276859663,9.01960189521605,9.25721389472095,10.3336824789957,9.85824965729548,8.82354677135555,9.80123991784773
"ZNF326",5.40903113963241,5.25758972229668,4.93840700097846,5.0887127216997,5.40469211919316,5.29125484240156,5.43742505588425,5.71238354826319,4.61846606411385,5.55601605468837,4.20924432789232,5.57182603170887,NA,4.82911015557063,5.46447108735729,5.12264556610574,5.79119591824455,3.79448179274279,5.03016275866704,5.37784400817893
"STX12",6.63276163418337,6.41396979537139,6.85254999312996,6.8571836356037,6.26541469102176,6.88748599420922,5.90161251942537,6.24705231979507,6.56659968412711,7.09437282486119,6.5392985393004,7.00186041663877,NA,6.24947644982442,6.51218988389234,6.85793139545215,7.23805921963569,6.83358176579666,6.41039383562554,5.63238938992689
"HNRNPC",10.9790020979522,10.8350506888623,10.4711260038065,10.4700790731849,11.1753192642846,10.785123717823,10.228655133239,11.009402370764,10.7339331910563,10.4864583539592,10.6029764263122,10.7388126543578,11.1024728921092,10.8350059805226,10.2921616819632,9.97865830411071,11.9396117168055,10.7671108037452,10.1962437865195,11.0312371721261
"CFP",11.0397923290412,10.2467057894201,10.81308768269,10.5050694953388,11.7718532674482,10.3332304498617,11.3931156191812,10.9396818616889,11.2407157210589,11.0986455500776,11.4017616018599,11.7538245065619,11.238318833973,10.6532831912433,10.9960023384186,10.8981014074616,12.9060610767582,10.5483407337825,11.3597335640544,12.1074702295317
"SORBS3",7.33501761248874,8.02313965909182,7.26426500304159,6.53913680740264,7.13936175666367,6.77928754421994,7.18303300080084,NA,7.35714762245123,7.33877645876769,7.29321549312799,7.37435756862035,NA,8.34507413872947,5.14947798415489,7.44571071839291,7.7585113503939,7.66179194195824,7.26617601111357,7.25233114430188
"CANX",8.38524023428805,7.7112126628334,8.26567493412198,7.93383550527638,8.33909149576702,7.37436888616729,7.10943657750065,7.07298655347643,7.07292332035803,7.59626102098153,7.75238001114323,8.28053052305137,6.07482889874423,7.48415050882425,7.73085831932677,7.87708994701254,7.91904508465563,7.7040291596079,7.32189178887081,7.87822967038368
"SEC24A",6.58095206887659,6.22902740291318,7.18158677315455,6.78439599659607,6.29652438939109,7.24240845688958,5.84973175872302,NA,5.98041273518196,5.57232516293984,7.30191472905183,6.72843853464535,NA,6.31828327038552,NA,6.42195887256921,6.66730119176916,7.12765450822926,NA,5.81181872894781
"GGPS1",4.8381953423727,NA,6.73853791325418,6.49211516248131,5.48249683568812,6.27576259321443,6.27542840068136,5.76351129604183,4.77439284267208,6.31864335724311,6.40053941556912,6.0164329839027,NA,5.4415386748457,NA,5.68186880553599,5.39304118749224,5.13657956307527,6.36598540061715,7.23080241107309
"HHIPL1",9.93631739214489,9.93715362628292,10.0258565771693,9.44031636862669,9.73546078016229,9.35102144269632,9.93658257013021,10.2408981730825,10.8925578361801,10.5400176452152,8.70304553441916,9.31703385700649,9.75083159510475,9.95284723355919,9.94393898086233,10.168005606766,10.4149565376042,9.68218255481212,10.9452242463478,8.89233572995168
"ANK2",NA,7.51468654217304,7.4848928060931,3.80756002337586,8.51606869696848,4.93738677525067,8.49834391129003,8.83801631576516,8.33803763855448,7.10696285100949,NA,NA,NA,7.75394562655355,NA,NA,9.27964180533477,NA,7.93443127481737,7.99827670027373
"INPP1",6.23055148178883,6.53038127429483,7.62502222178261,7.35649979500038,6.62381989898552,6.0115692035793,7.10726952172179,6.4396250962317,6.74541696247956,6.70005685879039,7.165881756899,6.44269726429273,NA,7.18203237878613,NA,7.09815981700089,6.73869516443342,NA,7.0987645534553,6.88401759011081
"KRT10B",11.7121011925826,12.4662256751823,12.2844185900378,13.3540237196781,12.88550777138,12.9267931498382,12.5176854367655,13.1378877218132,13.4400413848679,12.4173530228361,12.9279606955211,13.7794708296034,13.1401707881809,13.1075656907524,13.7394854548274,13.7311933199807,11.7616723320308,13.1894448031916,13.4649042966044,13.0076876341412
"CRISPLD2",6.76583490480821,NA,6.21034814288065,NA,6.43765273995191,6.49984016762378,NA,6.72470656527526,6.25496227005795,6.0332391349072,5.88395813996433,6.52696407612595,NA,6.56189591096836,NA,6.44253423442698,5.99968759149054,6.79391990503997,NA,NA
"FUCA1",9.31467926933498,9.3141969653816,10.0655917704083,9.61098211610176,9.42818759025826,8.79089454726803,8.9557836153762,9.01863172620649,8.89277354107586,9.29327302783913,9.66145662145904,9.03372668465706,7.9754610422655,9.05899126579285,8.73004241749998,9.38517108221432,9.45758283826012,9.40293717963674,9.14387917379401,9.21567981326254
"FAM177A1",6.18672455502885,NA,6.27689747393853,NA,NA,NA,NA,NA,NA,6.51347981836071,5.66833096272977,6.42064818594683,6.47181753717523,6.30489760968498,NA,NA,6.15631540728052,NA,7.0766844808447,6.27547624120793
"GCNT4",6.06715173830423,7.22092788065156,5.78115970801395,NA,4.00327831058873,NA,NA,NA,7.26164683345433,5.89733816383096,6.35475973422304,5.95167928032452,NA,6.75826252010652,NA,7.12355762056396,NA,7.05487533010813,6.64388803913622,4.98850194534894
"TCEA3",6.17236293919681,6.63466232936301,6.46651239364085,NA,6.54774849570305,NA,6.8845758315506,6.52823554459209,6.28087296537618,NA,NA,6.07108573196189,5.94700365186213,6.42343279206527,NA,NA,6.68061717668728,NA,NA,NA
"SERPINA10",7.267960173528,7.5243069992244,5.58367316182352,NA,7.02658359709968,7.35207522438741,7.95610866621619,6.78680056467005,7.06106190534652,7.86729812100969,5.80834227936456,8.07573829651908,NA,6.25584654285524,6.89209371680908,6.09040456424896,6.17975041027441,NA,7.41689521243864,6.68412399898784
"GALE",10.5270801683428,10.2083498626822,10.9611681653731,10.5730582567609,10.3960822579983,10.8940839159452,10.6420045144415,9.89752200424178,10.0456011429618,10.5079110180802,10.9652568985989,10.7842217926798,9.46822340879552,10.2950249195165,9.87847415630542,10.2329350365136,10.5631875674897,10.1248178583392,10.3282941083431,10.2929126488767
"EPM2AIP1",7.1373180894208,6.88070930950516,7.21964366269896,6.96272694048916,7.28276677083325,7.11132406981684,6.41066051199915,6.91449217105415,6.69264593990111,6.6106473733379,7.85271729879023,6.86329629474573,NA,6.78674933014722,7.09153499210625,7.4963441401787,6.76372767676494,7.27261330549704,7.19473317182049,6.97145981097802
"PHB1",9.14521922842022,9.04098774739451,8.85467839733345,8.56536117425914,9.18503708792628,9.11748395514496,9.0233668739914,8.92556651522664,9.59129082084549,9.3307601072614,8.25578498967901,9.002907167862,8.17911588025317,9.3237443270576,8.88562404760323,8.89276990175872,9.1985842351587,9.06561228508071,8.75542317564979,9.7297879662714
"CDC42",10.0862411296621,9.00495341168175,9.78140301819499,9.47004714518682,9.94380033224649,9.40447883694448,9.38094255940102,9.41041719809168,9.0750267899336,9.53522674735303,10.2831235458696,9.70843008261298,8.14650691318234,9.22094291923881,8.79177066285533,9.09151811474424,9.6491526444364,9.73575609271239,9.62774579983494,9.55852842747306
"FECH",5.87304502594172,NA,5.72757858866896,NA,6.02139676991272,NA,6.23089289053859,4.06332921201248,6.62967793937866,6.05394034012152,6.11192635893731,6.08292846207684,NA,NA,6.15619297486164,6.06652817568409,5.74891144327201,NA,NA,8.06015256680691
"CRYAB",8.14343315639806,8.86449563521166,8.37034367667673,8.33946587169987,8.00859704681555,8.05021603400564,8.46601930319435,6.51089148342631,8.02411062770952,9.41687589491393,8.16278177892987,8.94495263715032,7.41881726515331,8.40737675982766,7.93641487029926,9.88683025924115,7.80335113176922,8.5169488425377,7.88710833117284,8.6402174642188
"PITHD1",7.65451205987442,7.95985075581403,8.4921641363297,8.3625994617246,7.8263107442063,6.40128891296042,8.54874608324091,7.70952993236577,7.92130554660942,8.43694857511146,7.89397061611943,8.90313138246297,7.36779770467769,8.12184424568463,5.73060653916383,8.36570096836185,8.32525232383232,7.54297263178235,8.07490722533496,8.06717263847026
"HPRT1",8.28805307400628,8.53933491235949,8.81432669027248,8.25825055654566,8.71876633520174,8.50290432221724,8.87584761376235,8.26221321895854,8.51602717459778,8.45916486381667,8.50422814261485,8.66426515880534,7.52073050541243,8.61053623558013,7.50267463965305,8.17250382325463,8.76081797295514,7.94114864704675,8.78968167369675,8.63175097921373
"EHD4",8.78912908365685,8.5107993126461,8.44697252168621,8.56101787000332,8.78889827833262,8.34240057009531,8.44348414960375,8.61395988789059,8.58318113961451,8.52415584872866,8.59650747840957,8.75094373032269,8.08047077980829,8.27268856869508,7.97485303676608,7.51763928158935,8.95633268673959,8.23715585288934,8.5091040930858,9.02005248615235
"GC",8.94335915481146,9.40930404511873,7.92777834737176,8.63551426017844,9.49866742946534,10.3024412603032,10.7821417310381,9.26975926152122,9.27649403936845,10.3207486736776,8.79436225594628,10.7446986982993,7.17517528287661,8.98059037464674,9.63371737404569,8.12001066215327,8.93440185370074,8.99906290384224,9.64525988428261,9.31304064837394
"GOLGA3",7.79520335771214,6.12531861231325,7.17444318863905,6.31171813582597,6.90490243714951,6.59999212902176,6.8873660184132,5.56994078850203,6.20466912262208,6.73811919337157,6.92898037585183,7.25643168895133,NA,5.64923666581488,5.30559110706894,7.01739663419298,7.67604757761839,7.57937557747386,6.83432382844898,6.63273613008131
"RPL12",10.9090986411054,10.125646331271,10.4411937186248,10.4030868426519,10.7322074415857,10.1789424580105,10.1217002086151,9.90660098032426,10.0032603311526,10.6684485254446,10.1938675950714,10.5121718916628,10.3554647761951,10.4232380770973,10.2983326584044,10.3482883475581,11.253942581269,10.5645474868938,10.0650023686864,10.7559684027926
"PTGR2",8.6971863383057,8.29841191375022,8.78750281677071,7.9083496831035,7.96387650580939,8.19074566193193,8.3149811723,7.47704547918334,8.37503795125894,8.80529574974891,7.75867594695876,8.84685245253328,7.50118902988476,8.08821424596494,7.89052448855467,8.80008379820062,8.23263315228798,8.19913658544124,8.47533194224697,8.24580321999004
"IPO5",6.96885764358985,6.99629236599054,7.41383636059181,6.94483872057114,7.54410993832059,6.80505485987223,7.11431080289187,6.74507903629664,6.67487409480806,6.97832492380942,7.47295334333466,7.36070541161723,5.38929893500973,7.02258122549551,6.61014743274915,7.14865866010183,7.15233099888616,6.65523100196434,7.49586149474895,6.86208860062453
"CSPG4",8.77248430675964,8.52677521007701,10.7827887550183,9.06610766041496,9.16493569776774,9.01217221289994,8.64394577846126,7.8822508477087,8.79519463950944,8.64795489376894,10.0594394761305,9.30232336703395,7.67854879376601,8.69251655780289,8.93385769182929,9.6553520263432,8.37219799790195,9.53533910312916,8.77750435513573,9.10492655167198
"LUC7L",6.26550815759542,7.21382975269071,6.13479881252173,6.11314506227078,6.35630431265503,6.72868263353061,6.40760061353848,6.82432266604082,7.36677181394316,6.06995174175389,5.87376952508921,6.39702138261126,6.74993287337519,6.13351270973057,NA,6.50158891777624,6.8739062855882,6.80854978556418,6.0730133785003,6.35756688380011
"CAB39L",8.52556086987101,7.91183831422566,8.71444667065505,8.83876617985706,8.83597982863627,8.45045917040072,8.56563652436056,8.4725780630374,8.08006312123264,8.47879456988102,8.99849011878366,9.23539239484904,7.93593003535429,8.66073384613131,7.869228896949,8.04119700974986,8.42987768115406,8.6183158173205,8.5393785300048,8.75828405444244
"IMPA1",10.1072567168731,9.9840001662278,10.1242007187794,9.59898622607987,9.66184672756737,9.78930218167503,9.79083262829025,9.59894490406428,10.2930538780251,9.88464688509889,9.43302610880462,9.5739098264174,9.47205683772987,9.93026396402557,9.54499900669719,9.72865451522566,9.88494634366096,9.553974207184,10.1620001157284,9.66387919462951
"PIP4K2A",6.45235725442893,7.17555412866711,6.73258614084138,7.1190719271755,7.25353102960505,7.51457853629008,7.34474664584225,6.68018433405609,7.12685261557266,6.6092862481794,6.56955540284244,6.53227554014092,6.28783828887583,7.14275139941776,6.01352595502544,6.74258117731489,6.38787482058589,6.11895290279521,6.60392794361251,7.17287730264904
"MLH3",6.24743321513491,6.48292616609268,NA,7.62786081914713,6.33615715537382,7.74015144042834,7.78729708949259,7.41713333967697,5.59923066030421,7.0292245699504,6.74501953257431,7.82427201182843,6.07208528451783,7.23359084980516,NA,7.8939090764021,7.36418171023431,7.99504924826616,6.37319324322977,8.09076832515069
"PRPF31",7.17009922343986,7.56210681856713,6.74571674447669,6.42881307659895,7.36871894248894,7.47011903869042,7.4721204826742,7.3976441524703,7.76870065982343,7.27790008740261,6.64917139389078,7.53119075615067,6.91933573116026,7.31454508353305,6.28786039900757,6.54940033952632,7.46156083901119,6.97560057785604,7.2596626804027,6.71131193542264
"STRAP",7.70322146406432,7.30892122870893,7.6201535949957,7.62621593000232,6.9803684460372,7.31599001121361,7.58125012203123,7.03889599186883,6.78928933034015,7.43695616195225,7.35092411409548,7.67907450605402,7.13506939796515,7.16448120919718,6.24896909668601,7.18585362418094,7.69544388064672,7.22473191293672,6.80433910104188,7.51212380419448
"TRIR",7.41001942057488,NA,7.56975459764884,7.25783298082967,7.15058668742019,7.17973055305102,NA,6.97301162539113,NA,7.45052026870876,5.45625590888848,7.27600674608052,5.24634165618122,7.4744861690993,6.39164330786361,6.39302867394419,7.96559601156472,7.24811292620409,7.21055275893522,7.05587085958658
"NUBP1",4.3374351062012,NA,5.32280441911761,NA,4.86289853129704,NA,NA,NA,NA,5.75239633191847,4.59450914889614,6.07471307783521,NA,5.32609478085202,NA,5.71123648135885,5.25715277234396,3.11367022819177,NA,NA
"ARL8A",5.26059873335391,5.61017607362549,6.1561709229655,6.05498812666752,4.62660321236661,5.31859456802332,4.44099150002999,6.07108281686432,6.36315218532538,5.96015161371506,4.88703613030997,5.51124934690327,5.97481890600966,5.74298044769933,6.04861103279516,4.79174804264149,4.73227487270361,5.64342200868422,6.08139391461911,4.91830861768178
"CRISPLD1",8.38193088599524,8.3231232112372,8.78487979678294,8.78463197431078,9.4692355715361,7.56794869595544,7.84672974703021,8.70790411271508,8.69148790259008,8.33123721425889,9.06606568928666,8.48089711867712,9.11926535188723,9.29343825588787,8.78670632357806,9.39092960379216,8.71940629921147,8.2142768466538,8.38450282677447,9.75309844499965
"VPS35L",5.95269130069663,NA,5.90819130607103,6.19871255666043,6.00779315045711,NA,NA,NA,NA,5.61278456537687,6.3089658732468,6.02787360944026,NA,6.32954676375756,6.61657884438048,6.05098735780728,5.56904066287028,6.20341473099251,6.4676977771632,NA
"HHIPL2",12.8760146603924,14.2889354930953,12.0780268934685,11.0780023036717,13.8282246093859,12.2848823985549,11.9568045706057,11.9044098820161,13.1949172827118,12.9312074992943,11.6015896339897,12.0988539460429,12.7805355303693,13.187252524799,13.5399944835633,13.5566410630993,12.2610110142817,12.5363164225675,12.9491354739835,12.3987090785417
"MYD88",5.49165257478408,5.02921573284734,5.66684586800696,NA,NA,6.25911910600694,5.59601297141841,NA,5.95758270866188,5.9850043995984,NA,5.81109094235585,NA,5.86079206680677,5.4942877818761,NA,5.30055941395566,5.56647981941364,6.09225985469998,5.29017408539908
"WASL",5.6247919651764,7.3356559108116,4.56098493815536,NA,7.11096820389089,6.21106251955118,6.42450804254756,7.54266380717179,7.18675536774212,6.8462439507042,NA,7.1037145838881,NA,7.17750696818147,6.64298030407611,NA,6.91439139258188,NA,6.56198823879233,6.65448025197388
"ATP5MF",9.16063788124641,NA,9.61776098743559,NA,9.44560236370616,9.54429663768019,9.08484265250753,NA,9.52149663204998,9.6462260894446,8.85653944805383,9.7664445961844,NA,9.27469782356071,9.04104822546018,10.0679683061143,7.82950983635105,NA,NA,8.89542484441374
"PSMA2",7.73535040203771,8.31873532985811,8.13371944201896,8.27132444908374,8.18644205253681,8.52327652400759,8.33037082120211,8.20682523784565,8.39216436358431,8.3923503689848,7.67158286091439,8.10356574830652,8.17614793313598,8.81029038627999,8.29107069465062,8.19796735825772,7.8621893571992,8.52124371725156,8.2253666637799,8.72086587746679
"F10",NA,6.75856443955035,NA,7.34776134225948,5.66343762101334,7.58643720862366,7.55385143109874,6.8929843932903,NA,7.18466619419891,NA,7.32594417518793,7.6901402356513,6.72997563644676,NA,NA,5.6817245453155,NA,6.87295412981253,6.86490159289091
"CPNE8",9.26663588101201,9.84512987535434,9.45093856729053,9.04334898903246,8.97823587752671,9.27650158225787,9.27325571976379,9.75952531284183,9.05545553599618,8.89909102786171,9.40280624051916,8.63979851281443,8.52546921499012,9.09485437703374,9.04510497894235,10.2096995846611,8.89765089615984,9.20196088299515,9.39805586894789,8.80547308252612
"AGL",6.96281971166502,6.97614177608374,7.59253048487824,7.42130225569574,7.22945172044056,6.94261077507357,6.45061704304763,5.86844541449494,6.38729409842434,6.46429455042633,7.65850011495515,6.60500721957154,6.14328109311257,7.10202461847445,6.86364245453065,7.28935457709148,6.40208092593591,7.2436892672333,6.83075962523596,7.27321706935312
"SDHB",9.81695156421268,8.9153571365525,9.3941570980507,9.20962565621821,10.1199128091468,8.85133806394347,9.43463567543352,9.00149712730853,8.82766839100296,9.40796697415989,9.19762142154494,9.20690849268253,9.45689160372055,9.16012486908931,8.80648286559559,9.17898078363516,10.0185387426993,9.70679389752757,8.30432761870925,10.1972240270985
"USP47",5.75898248433502,NA,5.51949330636698,5.89222210872834,5.49544543080972,NA,5.40487803253367,NA,NA,NA,5.84225121126188,5.75086369741329,NA,5.65884898924666,NA,6.14960188915227,5.24338944682893,5.33625655057796,6.06010450391811,5.27239789788462
"RAP1GDS1",5.4130983503501,6.07378146883571,5.38553144782257,5.76737016110678,6.3930884073793,5.18952175499473,6.59030190909248,6.0493406907925,6.50818791811972,6.30562576849102,5.138841864266,5.07365902947075,NA,5.92834374957972,5.80062285946666,NA,5.0325414414667,5.83655137194153,6.90992018788386,4.97009002584777
"SEC11A",6.62639857117273,7.90480584674654,7.31738128248278,7.69036842353184,8.20085124348046,6.73812791658682,6.57883649927622,6.56373180550776,7.00007244895502,5.11687611758655,8.66969618895108,NA,6.27340006543985,8.04846067452934,8.36372683169698,7.56229047063916,NA,6.93083016614536,NA,8.53521153888709
"PIP5K1A",6.42111593387728,5.80143795247793,6.77340228590678,6.09082826314927,6.56129201136529,NA,6.79297902542006,5.25139296669403,6.72597051862689,NA,6.98783137640032,NA,NA,NA,NA,NA,6.09265816639671,6.48832778445784,5.90013540445404,6.19636992014596
"TBL1XR1",4.39644593259775,4.49251343451868,5.12269909981201,4.34027064835235,4.79098826220101,3.37801141030174,4.07752340465644,NA,NA,4.21948921608021,5.2510941270169,5.13031895342349,NA,2.31477323625177,NA,4.46295877553041,4.63640920794337,NA,4.43753182785883,4.66836445450459
"MMP14",9.34902877554057,8.90606605535199,8.33189116463618,7.7866403241174,8.30461148165721,8.02542330810718,7.79636579591627,7.92012102740329,8.26910822507243,8.97977240845496,8.30496251533577,7.11894398086224,NA,8.18523937723254,8.07690078216225,9.02455262128877,7.5200535616019,8.54853942531339,8.55791523306019,7.43224743415197
"FBL",9.29653634326376,9.55352032251412,8.94519601034874,8.99228762364982,9.77886935542934,9.51292128440067,9.70148860813666,10.3325459511102,9.51811511707616,9.56594010049598,9.20163911480362,9.34255374831287,9.6876370818408,10.1037343290561,10.1001756481268,9.40527468424244,9.49115557492967,9.00817785799088,9.48618191238928,9.65991159533274
"DVL1",4.31180285887125,4.75692463536952,4.51541753536228,4.92561602606655,4.1405453588537,4.00951952528386,5.01930630001418,NA,5.26035495959714,3.34269282678277,3.67181308229224,3.99299675313628,5.51090599228537,NA,NA,3.45472391838936,3.8812817274691,3.71826868208471,NA,NA
"LYG1",7.63900701793657,7.66495817097332,5.22718422892255,NA,5.81486923924575,NA,5.12337265019376,4.000775308861,6.88907569839186,7.95840129493227,5.18907878822183,4.83344553359367,6.85928180947063,6.35885021633399,5.27562600182598,6.51045277377826,5.61883011453101,5.8953311820842,6.09025368236778,3.82759510418852
"TPP1",8.40512502818715,8.93005409864221,7.99079618035643,8.70510696270159,8.75210197633426,8.7414157096685,8.80160846444273,8.48034354237128,8.6636122528507,7.50047638225693,8.00627240556945,NA,6.65144725111844,8.03637029917275,8.70964282198477,8.49952853590412,9.52593903760941,7.57365893802102,8.19503778541982,9.84060128428272
"CCT2",7.28129064119745,7.06620973513113,7.51502470278684,7.45505056290526,7.2095313425235,7.12584717889772,7.21244546708251,7.1000646197802,6.86100851857226,7.70624513487268,7.18015439757607,7.7124874897953,6.88885815754175,7.60951342065115,6.99200677253376,7.18876695224254,7.70212639325629,6.99004364346394,6.96598046523443,7.59336104698644
"AK1",10.7551840958847,10.7360580821794,10.9456832121546,11.4996244213509,10.7024444552676,10.9412078779735,10.9647623008613,10.4101901517058,9.96330649989503,10.8558598158201,10.8702627892727,10.7912018045031,10.1153930276773,10.8518879555605,10.1340247662483,10.8370622828521,11.1176578895124,10.9032634965674,10.5216868984566,11.1718877241549
"FGF7",7.34575331272991,8.39562537307094,4.34444566266961,NA,5.99280673131721,NA,5.8355086799836,NA,8.43476529779372,7.4812131564394,5.82220717890016,NA,6.61377670698179,7.60620860215839,6.4226168087283,6.37709603403027,NA,6.36755698065617,7.42924517820544,7.59571654203205
"NFKB1",7.32071895770724,6.75354305181367,6.81741947779577,6.01416584118655,NA,NA,6.69773757349275,NA,6.24452422146781,7.08133888283836,6.91433105231465,7.45530026323446,NA,6.5437182025072,6.50485900612461,7.15345705104305,8.54476708620033,NA,6.5080180555899,6.47477541726744
"PCYOX1",7.40645617332314,7.02039914550687,7.54854360223098,7.33182839000193,7.73060086159805,7.0610972577333,6.54604151945587,6.29811022525374,6.97846597887911,6.89125460474722,7.33377944807948,7.55209013144337,6.08201449006004,7.13636428903116,7.12889333293754,7.30652775048231,7.32605687160957,7.35285754804742,7.19619186157387,7.53950497124984
"EIF3L",7.07607674614986,6.86121712499472,6.7544009543104,6.81811726303215,6.919839659089,6.39559870188058,6.00501896946495,5.83326782884191,6.66194692889156,6.38205457245984,6.91573828388138,6.59166807206523,5.25662815752376,6.84694654749785,6.74938946920574,6.80278710010923,6.3987432818867,7.01176629029162,6.86099541535575,6.73733729165287
"DPP3",6.22031679885866,5.50171855755866,6.5219959974077,6.16702877237833,6.43600220006891,6.34148763694552,6.12637967406443,5.28135458323646,5.18050780254319,6.26071825523834,6.89585709663695,6.45606625372542,NA,6.01613269517385,6.0021023385842,5.72564428875979,6.49942393961755,6.53514560052954,6.60594554426282,5.38485960250315
"EPN1",6.6157948674831,7.14151748155251,7.66493578107461,3.27182086362239,7.34646403342496,6.09457024049521,7.28191955041271,4.26791229541631,NA,7.1089704343716,6.79266894317535,7.34543132808155,6.63859196737622,7.18983563155341,6.30779810235504,6.60503889781875,7.4603075765082,4.89523137472156,7.46763375657069,6.88676903701863
"SPON1",5.78949390357149,6.6255291149401,NA,5.85964003786749,6.97523221352017,6.44271401188481,6.37629569172904,6.71044824633604,5.90201841022242,6.5445567117831,NA,7.22461725308057,5.40419498371216,6.70394418182265,6.50649764362223,NA,6.62100590485381,5.62701792534059,6.68161541630374,7.03071341818017
"AP3B1",7.11148854050781,6.81850784909644,7.33494700700645,7.25870433541168,7.40627288668545,7.25887849198201,6.65232924009047,7.03037616732868,7.33493004905934,7.23435381187963,7.20325307344596,7.45179852032577,7.01998771312167,7.06797372493077,7.01795983001556,6.8946068875962,7.6894219472055,7.51686357859143,7.49747803936037,7.00603002161847
"LARP7",7.31932140458755,8.59375691519064,7.21277500654834,6.71912728548194,7.95249893181058,8.34798573972383,7.9863425811791,8.46495814041262,8.56160892566183,7.44655112968188,7.34154866313066,7.88147395295146,8.35046114166625,8.05708444334401,8.01694454304805,7.07804303223221,8.37994482409367,7.59105115422338,7.63502348738643,7.70152064777178
"RPLP0",10.4896856467608,10.8631760950749,10.7005282054717,10.5682040405947,10.7148471815685,10.5472137628286,10.6673559596849,10.704686634914,11.4566736967734,10.5885115817587,10.3041615292497,10.312741732087,9.41098694124022,10.7635090389402,10.6394105939594,10.6916576170943,10.6472957878395,10.4373474691056,10.9881660482703,10.6837200153099
"STARD10",7.34819371861621,7.42045945422778,7.5137721867134,7.3105611400863,7.49636768647939,7.66340772218512,7.91540128164359,8.13390441389221,7.68126723831116,8.15648508968899,6.54945262855815,7.3059504121896,6.00817615762903,8.09250714501915,7.70495228888688,7.75359819858958,7.12216794974833,7.3318390825901,7.88051557378664,7.33726915145673
"HCFC1",7.41307260809659,7.11996983875806,7.12155474646927,6.53217574420071,7.45382160939393,7.01108297202796,6.90810052463869,7.19184085665387,7.37396979798795,6.85344425732242,6.924008808825,7.16317958757925,NA,7.03294876885316,6.96047899622952,6.55931983676978,7.36646920081773,7.06118467070252,7.00220009813647,7.36770644161173
"HADHA",9.61647168013916,8.74085053038484,9.84040094178502,9.44899274216912,9.97300940446417,9.27918331283201,8.97594224197117,9.4867925263474,8.92572126678617,9.47618918940283,9.46965075647834,9.27989756710018,9.35721088731854,9.57754503581451,9.45361701530552,9.39948981482042,10.01432890558,9.68593066749041,8.86539837811122,10.202156047751
"RPS25",13.1827246694282,13.5476910999372,12.5913471803147,12.0157080108813,13.005715494563,13.6209758508156,13.1086769415959,13.6541892708519,14.1084702953348,13.1085108976093,11.9553622847646,12.9084058259423,13.422806149649,13.5188406774425,13.3605987611561,13.020439723434,13.4726331818559,13.308773639945,13.4425137163014,12.8632103795248
"GPX7",6.34801807955565,5.87742980937269,6.66364693705702,6.04077262647262,6.36837831607312,5.46674432632146,5.85860397793922,6.58964638587907,5.8996746607775,5.76367652438949,NA,5.99125774674106,NA,6.00213364594257,NA,5.8507465153195,6.78768641485697,5.93679740884415,NA,5.71895033330192
"DDAH2",8.64486436612887,8.03681520498817,9.19856130123767,9.12544393561935,7.98874923305251,8.22501495288872,8.43585977943517,7.7152782386116,7.65667908326222,8.6759734056031,8.72411859795418,8.60344545623334,6.76242097830662,7.87155803279193,6.99859104607151,8.7190572651662,9.26573025525023,8.41581038521823,8.11967130049093,7.7305789171501
"MDH2",11.2428068120989,10.331434095717,11.3715035326618,10.8374350910401,10.7846134834487,10.6578617338491,10.5972271968699,9.56186545581186,9.99906657891726,10.8515841180639,10.8517116147623,10.6977288616156,9.97993656791323,10.400905237282,9.84189116690948,10.4445517139255,10.9629915613697,11.0781255141133,10.0211794451071,11.347188136294
"TRIM25",4.93136898372377,5.72780163742278,5.37876446490557,5.82541892726982,5.6874247970365,5.78807097201064,4.69095401156259,4.65689313670236,5.81878540080339,5.77309225202607,NA,6.18623167905001,NA,6.07740197817053,5.25254391917038,6.16432624999781,5.70253909826018,6.23040429865746,5.20738704878697,5.24628673355144
"NRBP1",6.28028688198076,6.50993246999433,6.31269442767822,5.79217284939146,6.08821400266895,6.65760553825023,6.52741146741787,6.34363793304495,6.82200974503734,6.9489846388308,5.39629339784108,7.15092337711978,NA,6.3906747389351,6.26144159334932,6.33573565405251,6.08890318448221,5.84620772792926,7.0154614410375,5.72592494800745
"U2AF1",7.9365708742344,8.39759712234341,7.18667413814047,6.34519358927473,7.89063566003755,8.39628773146376,7.99115246652636,8.29840573987168,9.0400530238815,7.92857057931583,6.96886531502321,8.34276539218494,7.7430284023438,7.96375639922399,8.46215342206704,7.43268322194208,8.05533249556825,7.4954386312958,8.13318459554933,7.77602277889642
"TPI1",13.3195941008348,12.6006899107331,14.0593664803971,14.0604196220042,13.166677462525,12.7403411475351,13.3282407759375,12.7047289978724,12.1861125476095,12.977209700333,14.063129892782,13.2855926876423,12.2791409455449,12.9426479372424,12.1185064163577,12.924410867112,13.7417782689156,13.7547418490111,12.7170159521265,13.4401153026209
"TOP1",8.87572765575722,9.51062650502347,8.33969138409272,7.54258369013204,8.97562148281765,9.42400402789236,8.87837954037428,9.05610825188231,9.87350434803969,8.99590273276984,7.89658184752242,9.27741003061968,9.34987880854711,8.93534794692522,9.20213727192906,8.57226121522425,9.05401577418073,8.69716823686655,9.48319816083228,8.3717876574975
"TBL2",7.32457872948201,7.17687125518684,6.70412245829134,7.41718316676413,7.62114037698331,7.15844698677306,7.74221430229548,7.41971327713994,8.19767194309645,7.63163718493138,6.26066329926733,7.71407705630151,6.49042001440371,6.68230498051525,7.28259527075939,7.12115427921307,7.83365786497799,7.44294153746128,7.9943421226173,6.87840373416748
"HSPBP1",5.8639674988741,5.05455063675711,5.98312046789707,5.54913064408769,5.65096912704943,NA,5.62128057437022,NA,5.78820297153187,5.94889840827148,NA,6.03276370133407,NA,5.5954983664307,NA,5.64667620976757,5.59666899863182,5.69571595364486,5.70865206787695,5.43435153170326
"DOK1",6.91617679552084,6.30642966040176,6.97729713378575,7.32319098347304,6.39458715838317,NA,6.7691075058601,6.55930230904385,6.00702568712212,6.37168214990406,6.40481823800401,6.94161517809716,6.24379376944547,6.67096714167466,6.39796889756791,5.82634153666793,7.05476779977811,7.17210417389416,6.14922059357947,6.95797638117481
"EHD1",7.48097127017474,7.32336824791785,7.67496224788536,8.07616519183477,7.6642464209708,7.80496783705579,7.47657246087222,7.39088433124152,7.4272013573034,7.43555014387266,7.73836882103897,7.77885558542858,6.68998724404861,7.65363856276008,7.12408295420004,7.11845889987313,8.0943631349042,7.93947683197889,7.53276026813343,7.95691354124959
"COMP",18.1000290231457,18.2202811099786,17.9754721192178,18.2052750826734,17.2120380049836,17.7890177579982,18.087002925373,17.1046368576561,17.3130436513816,18.1005162004601,18.0653334130872,17.3858139029315,16.973514117389,17.5692528708471,17.7036990126663,18.4322638828233,17.984165513656,17.8008972781864,17.8319027982573,17.353684324394
"DLD",7.69126880403898,NA,6.8479968572665,6.63441299378173,6.98883262642699,6.68250010559508,6.80332918166773,6.93218211419243,NA,7.75245706620843,6.65856365378722,7.39666189486546,6.40800465453684,6.65292267741686,5.86368056453317,6.2393912110121,7.83993707882639,7.42671365814554,6.44261189090134,8.16858507847746
"UBE2Z",6.43834235378861,7.08683935999626,7.02287303570576,6.60366393004536,6.70155042762539,6.43709051400447,7.3383056904561,6.57852000620677,7.19611087324674,6.74232535573026,6.14502672058539,6.67245276795037,5.99332025361772,7.15357856625215,6.36416648326563,6.94817144556754,6.81913204995089,6.38808401412024,7.0843696624432,7.10066104065021
"THRAP3",7.36786843030596,7.48873412221959,7.45363202250538,7.18949148538379,7.9784943371976,7.96190061842727,7.28314227678277,7.71147569014371,7.34103250232711,7.12652008565818,7.43514269330476,7.65595432715622,7.34445959293263,7.81576302195153,6.98570113411207,7.23597248629086,8.26924046719163,7.85964935810678,6.75651254051345,8.04898642135253
"TNFAIP8",5.89828070020441,NA,5.81800613665626,NA,4.92415661714875,5.70288437426617,NA,NA,4.74834673313797,4.41933282341681,NA,6.30174372032335,4.32205930993366,4.9085118531937,NA,5.29909506216188,5.04863755802482,5.4302969973878,NA,5.41823519030535
"FGFR3",8.02692167155682,NA,8.06095971646694,7.66340708414877,7.73573888989775,7.22732794920384,7.63780917965706,4.81173816851497,7.19924968812856,6.54198533213671,8.22075591415613,7.29012192427989,NA,7.00682079052858,NA,7.13393787854522,7.23263826488952,7.50648171041376,6.96442004229906,6.85547960889945
"RNPS1",8.60141721135022,9.00767140894304,8.89489242122018,8.88151561372868,8.67282564182612,9.70254698961684,8.88403237579572,8.67300763060305,9.37117242390934,7.72485939891886,8.6587850332488,7.61294060474288,NA,8.65548735527689,8.38507726987022,8.55490900289459,8.99662526329465,8.88836098605823,8.57063581238932,8.39354330571932
"SDC2",6.92017428576219,5.79437658165422,7.60274796774932,8.0580563953945,7.69032240484862,7.11948733933609,7.10618284455117,6.82572645005339,5.67509939575124,5.89242796018326,7.99746499192205,6.64120885194128,4.25202746301887,4.70813135986471,7.08005600855701,6.55406526554797,7.405961432695,6.78517834412852,6.03352615421008,7.07627474873896
"CSNK2B",6.62828113360205,6.09564181056407,6.40068756392947,6.50330900888078,6.17801077022154,6.27946033781452,6.50166088883514,6.68465145156048,6.40450354674141,6.96986748326812,6.39314052259228,6.96707081358869,5.87977117482249,6.86916872182712,6.10447248448962,6.59677698257776,6.72754100731671,6.03286251285874,5.99524612474792,6.4591116692984
"COPS3",6.79122075790846,6.38833290736827,6.98649450291961,6.86945369847356,6.14479381983545,5.99846817843303,5.44763345389966,7.20329078094739,6.2738277863001,5.92894520644264,6.81062355122426,6.77232816753184,NA,6.28802684765082,6.55835206831257,6.07767136207166,5.898866132233,6.63223767375484,6.73751099090107,6.37786547180185
"COPB2",10.2860573385806,9.62690456831548,10.3602135902819,10.4303696376762,10.1372294241993,9.67739692385335,9.26338342721563,9.34579318802597,9.47117542021013,9.39738626650759,10.234175219443,9.75000676568028,8.48115998963717,10.1268512371131,9.91459421952826,9.93223733097771,9.71930672770643,10.0462318721489,9.75120025347596,9.89117685528877
"MANF",8.70727659524207,8.24022632934893,8.86903134995806,8.60740280702112,8.64842344569815,8.17987419793109,8.37333649570837,7.86920044052839,7.98770289888263,8.89612580751023,8.3956050458285,8.64287945013057,7.56783516268093,8.40125250293878,7.71138366162922,8.3211733115692,9.68590635751617,8.52532069094333,8.06779132911038,8.96046044531131
"PTPN6",NA,6.37379638200265,5.3687832143801,6.05898416293856,6.63324057169996,NA,6.17256042031878,6.18746451924441,6.05838326391062,7.00334457840839,5.33549580419366,6.62065691224535,NA,6.0100420847573,5.82028003205943,5.51008922120116,7.51871300271075,4.85980217335703,6.45364218358354,NA
"AHSA1",10.0163250882577,10.0124240818759,10.3181614022842,10.7077406426742,9.55211970659684,8.97389654012931,10.1550001898639,NA,10.3131023062203,10.2383486079212,10.3697106647571,10.3899011946481,NA,9.99805183200617,NA,10.5280409544515,10.4746766057313,10.0874170725606,9.99507797304593,10.4290811443639
"NONO",9.03832747748316,8.65351886655408,8.96861602838238,8.57757930144827,9.39593294383241,8.7390629438854,8.29670157460007,8.29996420977006,8.59945103135207,8.40591584026106,9.22072360555206,9.1432746006031,8.18689826037173,8.80270759754107,8.21972480449146,8.6525808263807,9.40461487512561,8.59264618902924,8.28213355936286,9.05556708592011
"TP53BP1",5.39902363286148,5.66846479110509,5.5645608680352,NA,5.38328132588058,5.74752808581987,NA,NA,NA,6.22650278127589,NA,5.14185593163896,NA,NA,4.78613081004763,NA,5.49570283551053,5.67476257701245,5.18401013940613,NA
"RPL7A",11.7917728509972,12.4165573543662,11.6240948378858,10.8745973981407,11.9227020431189,12.516142212153,12.0284835127489,12.3170264392356,12.6095320307901,12.4020811863153,11.0459551432855,12.5370529725558,11.7657919978811,12.2633213545053,12.1561842844171,12.0410203888898,12.495656024873,12.1736165204756,12.2280775474766,11.2772199078994
"GTF2I",6.97025837890501,5.88692771675281,5.40032806767281,NA,6.49760542836738,6.65956030661164,NA,5.60960774402889,6.29945907759951,6.12256143399853,NA,6.27161247363334,NA,NA,NA,NA,6.80014332281107,6.0171465320172,NA,5.99905572428064
"UPP1",5.84376406184456,5.54674579144331,6.26019163734236,NA,6.23032870342441,6.65277898656145,5.69439140850525,NA,NA,6.67476727842364,6.79083818241953,6.42497068074325,5.61684441490108,6.83801350355102,6.90975062687776,7.42973759072889,5.91377671186747,5.91403095495122,7.74837767050071,5.74663943005422
"LMNB1",6.71739657753042,6.08481006340758,6.87441666422264,5.66567158001419,6.92784709323654,5.78525750793308,6.51995170079585,NA,6.07813943809131,6.81180263169471,7.09323666279462,7.24327900621438,NA,5.01310989850365,NA,6.14801520603762,7.19519366443363,6.24454694377628,6.1132155612649,6.47912027355944
"CLPP",6.21276643908005,5.41249004470614,NA,NA,5.42564506297938,NA,4.82446888158075,NA,5.75330553288474,5.13890167299995,5.22152136480433,6.56344029330347,NA,3.24813112334507,NA,4.88584740016543,6.20645081680852,NA,NA,NA
"S100A4",12.2505439144357,11.4467846303719,11.9135227089174,11.7583161754953,12.3079141327485,10.4715617089894,11.9155581494445,10.904353344365,11.2494692917399,12.0869069300781,12.6188167143736,11.4165983578182,10.3478618077225,11.2744316522554,10.1608522660902,10.9879199293731,13.5165392676564,11.5095279800145,11.1080301496797,10.990260533359
"C9",9.09105305898485,8.96093421714285,7.29085316991292,NA,8.24341335128341,9.33524385401635,9.39448978676422,8.38521473905724,8.47176568479103,9.19050993169478,7.22489441831204,8.15205156898207,7.62836634164149,8.59437181647211,8.32900627113054,8.12872005468242,7.88040261832223,9.06975687618933,9.23892930046394,9.5310395412296
"DNM2",8.85049062392184,8.67984143824093,9.10585350968811,9.18610645431508,9.22925131174368,9.13277464316386,8.78619595014582,9.45906571154587,9.32381291037904,8.96156931004192,8.97831554426223,8.93522545627798,8.38113892041689,9.12882951815185,8.8756125460376,8.83438786680532,8.88495820469877,8.93074134784916,9.16464468592666,9.20429829896167
"KHDRBS1",8.61358009031535,8.26873118090716,7.92227481211045,8.09057087535697,8.34546863339555,8.15247292644151,7.97558632488617,8.66549078143796,8.01953898673914,7.87318085248677,7.58272386491817,7.98407667840762,7.48555310263032,8.1480001349113,8.15368375309955,7.57987257345505,8.24214697836039,7.73145978436393,7.97536684268043,8.3492259268306
"PYCR3",9.8816529565734,9.08070685662855,9.97314827950688,9.48412072677234,9.64628460546467,9.61682572497512,9.72837007195533,8.78215515733545,8.84281672625546,9.52021628212558,9.50836088782024,9.425327842821,8.86068775147021,9.12096514488815,9.26545168973021,9.54615882047674,9.50742091461543,9.61866994178903,9.34754403827857,9.70687648048042
"XRN2",4.85965154676949,4.30999167696927,4.69087985412321,NA,4.85305388819083,NA,NA,NA,4.95085942528195,3.50427669164988,4.95813750887355,4.50404912862619,NA,NA,NA,NA,4.65419660984262,4.65479102297224,2.84465694259429,3.75254849077716
"CCT5",8.60594645639522,8.10166391430714,8.67501005727058,8.30978958887732,8.19280769317731,8.13770563044603,8.11564489091135,8.08815539635172,7.74557715808507,8.22961612182121,8.52943896228016,8.59942006876386,7.91109250451111,8.24663028574157,7.77081602662558,8.45253240649366,8.54814943813355,8.28181455121579,7.74665946932993,8.28802868260649
"H6PD",4.68621247547342,6.13396214738514,6.05269585072574,NA,4.96395679632169,4.37144258462252,5.9297973088741,5.1683178987324,5.75919135068336,5.6306315095999,6.120849058364,5.89286456138045,NA,6.21981321086678,NA,NA,5.64910764946496,5.49093598072498,6.16549911936081,5.46571320389328
"AGAP3",3.42861517046274,NA,3.34698254177007,NA,4.49158119100788,4.20958540238589,3.76564165424973,3.14638703332744,4.08448447187439,4.31113979574905,4.57417955283083,4.17652333171839,NA,NA,NA,3.99268000075528,3.50126911914546,NA,3.63131892710309,NA
"LOXL1",4.61015283246903,5.94663753909843,5.57308772938885,6.15152260642426,NA,5.94489590168042,5.69724243793657,NA,NA,4.83732626934807,5.66452999908387,6.90282227995166,NA,NA,NA,6.0308731454267,5.94461743011074,5.39213591901101,5.29258219603779,NA
"COLGALT1",8.01007544280981,7.78186215047693,8.39191895472579,7.37577057038209,7.85473356702095,7.10387162916477,7.56881108305342,7.78298605909592,8.3282576529881,7.33539014363228,7.37319249588704,7.57260202212873,6.70545342057181,7.89635606296243,7.37674679906198,7.91836143858228,7.81758502770823,7.60013631090302,8.51489643334709,7.12108231443618
"CMBL",8.5103591165023,9.14116131500834,10.0802318489781,9.14817608629206,8.85928127611886,9.27356823728371,9.44094511797093,8.46785572672229,9.12231028909348,9.37626157501649,9.55294401725388,10.2004323538409,7.14740174502783,8.82046109851128,8.39977072633993,9.64352486781596,9.5779802137307,7.93592612401488,9.30631248074426,9.18462385423567
"TTR",10.1296280762415,9.88043096983297,9.41946139520405,9.54690843413228,9.25256279162899,10.4273278356653,11.5315516628503,10.1142083934188,10.1815259999094,11.2909773398975,8.5809246888959,11.7649694784605,7.53056586389467,9.34706522888644,9.43528850539016,9.13371531695832,10.2905694296095,9.47476126049211,10.8238710161873,9.12570441461629
"UBE2I",8.80174854440955,8.71808018924699,8.86621633088471,8.86199928584962,9.33524025192304,8.83271275894536,8.62264809408894,8.63067150928688,8.28745774959851,9.302622496382,7.65156332671173,8.94701972433011,8.34739184893598,8.61267292891987,8.72436011859831,9.09476385000756,9.6892293706461,8.63516703268556,8.56588655792831,9.33916708952172
"MOGS",7.44475757676149,6.76034595656849,7.61256874460212,7.02485614892858,7.23893779735525,6.06802322896758,6.0232671850574,6.75499300895515,6.07503045271787,6.31537098587961,7.53827520545095,6.96120385784744,NA,7.17232003026637,6.44886048787767,6.72401993351838,6.50091861107965,7.02608159727512,6.68780298136205,6.94099180019701
"TST",7.79179521855982,8.19483627063888,7.9628993786491,8.15084754332571,7.99011678528512,7.72520312641918,8.39173889145259,7.15344822976539,8.68893931460792,8.29095239611134,6.74184684144002,7.89477344957685,7.84734419586245,7.86369573505815,7.13601267618856,7.30879350190293,7.74350154961231,8.03164219877926,8.21418757248495,8.60722029336141
"SPTBN1",5.95530353332621,6.02202076809693,5.96825428860966,5.98422064225488,6.31840459788183,5.98823897447657,5.79552134976346,5.48064072135347,5.90984378825727,6.30975935171402,6.01958385889191,5.92175332960655,5.37795780702549,5.65312666182817,5.09542017246792,5.93323030691707,6.85696964940027,5.86584698299794,5.80145288015482,6.04173998668961
"CBX5",5.99746763387218,6.12090432929156,6.3534941768455,5.48391238830266,6.30815732869579,NA,6.65092888447281,5.4564433498086,6.75610756585269,6.4386893950412,5.79688980922785,5.98300915918266,6.02666651912381,6.27939090045416,5.61626143499407,6.04841106731557,6.5312834454312,NA,6.45641497876075,5.79020328312981
"PSMD8",8.15876556377973,7.56980795734517,8.09142136250209,7.69577559521211,7.92452604548947,7.70843027393758,7.51211960956211,7.46899097580825,7.88237904621412,8.05614592488827,8.11960799831516,8.14451992472523,6.69742215635153,8.2448373247178,7.54616918244913,7.72662358524012,7.67222664510455,7.8423767502102,8.05059519293085,8.52781497708035
"TGFBI",13.5706513232022,14.3494146499879,12.9595182131432,14.4714776448364,14.9069735910552,13.5445521675201,14.9065884338404,15.4892186683134,14.0682825464221,14.1209251066562,14.0221921579072,14.0921350682321,13.4868292642546,14.6477645206782,14.3996783880782,12.3110129644559,14.8681080305831,13.6201777064808,13.028487375023,15.6735320272328
"EPB41",NA,5.89658700998217,NA,NA,5.87460907434517,NA,6.71610213588468,NA,5.54993683551375,5.41999135442067,5.24307998622079,5.45766705586274,NA,5.92591775501045,NA,5.83286108919477,5.22885901722689,NA,6.2677313065413,5.88188149092083
"UBE2G1",5.91312762376169,5.22267588223856,6.64704533491892,NA,5.09920174278894,NA,6.21465790355415,NA,5.50729433134313,6.01262130323843,5.88642940623037,5.66748641274399,NA,5.36729123934188,NA,5.9589229949955,6.14146085063754,6.08088257673452,NA,6.90859476910022
"PSMD2",6.82904097372483,6.50846873053515,7.15472639921607,6.72464557538064,6.73058708492509,6.51415855401043,5.9422281861434,5.36211250866998,6.17825972962449,5.95411020963722,6.9117560468395,6.43932777526666,5.6954246042821,6.51920633538622,6.34279202595287,6.90719951785928,6.44816373608102,6.5957291097836,6.55950279998377,6.84233450389792
"ITGB1",8.29869363075981,7.8426744716236,8.87933500573051,8.847989869767,8.84860000040627,8.08016374391413,8.25632269247299,8.02468397024007,7.521598129316,7.93061793468385,8.91819780793312,8.46611828192992,6.96736984472479,8.05264411126973,7.52848403776949,8.28387390993448,8.29267913083664,8.36259638473801,7.73248571978059,8.45535121511564
"FARSB",8.37679485086118,8.39926786342997,8.45953256072221,8.10044995237383,8.27391278156396,8.59970301062866,8.28837950980929,8.45258687117154,9.04978141444566,8.57064334708872,7.76802702292723,8.52592402953288,7.45250890484513,8.61912358170789,8.43718183470494,8.28833985957127,8.33621624555657,8.06467390080347,8.94819892006903,8.37646126529123
"FAM3C",8.11462234677019,7.13913392067907,7.87845142005235,8.15780154451897,7.65687937193216,7.34941947591911,7.0643021960385,6.92288586205116,7.06912553680284,6.91896122654138,7.69430568291323,7.07929911189234,5.73187347040517,7.45000010876709,7.36539373798617,7.2869058440513,7.35432732104723,7.32070592258049,7.1787280545847,7.01242329893079
"CHPF2",7.88068735200345,8.4316193492846,7.47411990264259,NA,6.74640096168815,NA,6.95701763284615,NA,8.13981455479077,7.39629165601105,7.30862872754745,7.03168897430472,NA,8.01567459485494,7.62608814066166,7.66017009449861,NA,6.69959664143783,8.03276207363037,6.77630825415425
"DHX9",6.31354771210304,NA,6.04568131864267,5.28660564745577,6.58394904878756,NA,5.54635447804238,NA,6.25270061417675,6.06108058577454,5.61427524015077,6.06275904024196,NA,6.06449131989124,NA,6.15374775699808,5.09059441351239,4.67205673099521,6.00002979243721,6.21573505790826
"OSBPL11",NA,7.837020780832,8.096813622206,NA,NA,NA,8.19100806317505,NA,7.60388409618337,7.89202750112065,8.34738068313897,7.76608075815879,6.57761628034775,7.80015825502657,NA,7.9635230111363,8.07289703232653,7.53956196676498,8.08552964288049,8.52177246383471
"NIF3L1",7.45160271107916,6.72028325128307,6.50376959103621,6.61048706091622,7.01348113850332,6.17079793009835,6.92881040815153,5.86284843492814,7.10481667343359,7.07417087892442,7.13577165261555,7.25053584559895,5.57384131512154,6.92641421714264,7.0929951158231,6.61896364508859,6.89790014436947,5.8608300455312,7.16825888494478,6.87670991354707
"PRKAB2",5.53758180356418,4.03111958825831,5.97077986732535,5.58652665210445,5.40145828861891,4.9878239398857,6.13931590414319,5.51125883071649,5.54133188899576,5.49084084258261,5.45172680141962,5.91747805548176,NA,5.50838156760747,5.56663005656246,5.65420072145871,6.10893487617362,3.87301543417794,5.60309033684042,5.83283945584351
"RPL3",8.35018011907483,9.3593576510799,8.25463903142217,7.75584981940659,8.68823739712651,9.36520677637671,8.70185586510069,9.32259332332103,9.70340450128304,8.79343777922879,7.31773796526863,8.98179948495988,9.28461681361279,8.89137903012577,9.18460869706481,8.52434864177275,8.74311839745722,8.58424458156801,9.07635510184372,8.53277879153597
"KRT89",NA,NA,NA,7.4388623493721,7.98715039698983,NA,6.81124194781756,6.7531839896813,9.39892198532723,7.98784627897307,NA,6.71180014378962,NA,6.87052420001964,7.83190312841658,7.53906103018697,7.13001898820239,NA,6.77720412326684,NA
"SURF2",NA,7.49378174813076,NA,NA,8.23999099142537,7.14596256069412,6.79692128928559,5.82094253028714,7.99612371923445,7.53956494295829,NA,7.6642464209708,7.51888021674053,6.811575790314,6.00559467307402,NA,6.66546183175287,NA,7.60003841697184,NA
"NHP2",7.96203589795687,8.34779458713188,7.31904373553414,7.4648757095394,8.61657635496856,8.47726866582328,8.27324799722306,8.52712931150311,8.40817834626518,8.07220815847717,8.20344459043464,8.11624983889359,8.53251621941376,7.76557841263426,8.42710627588323,7.61228928227273,9.12268529261962,7.81368367942198,8.16884671722535,8.00323361729522
"FKBP7",7.29153600316635,6.75693659538016,8.02021780589179,7.41157993101164,6.97136369353083,6.94663595392966,7.09835663296399,NA,6.52436553044701,7.26569203351983,7.11057491006726,6.91493395284577,6.33703938611731,6.98155408401262,6.03744743639038,6.93342330831639,7.61807646134448,7.33469090688618,NA,6.50102408546312
"GART",9.1698273530392,8.99881656588922,9.44262055234228,8.69659446844788,9.00790910447197,9.03443146455388,9.07384232640399,9.06422502472051,9.02705632843972,9.28000174360992,9.07302381466559,9.37304298271729,8.37849173671906,9.08577697193282,8.83863085845434,9.16780622814262,9.16313420478347,9.15606275415906,9.38971926313213,9.3421681843619
"PPP1R12A",5.47194780208838,NA,5.76344197545652,6.02056309187007,5.6320372803786,5.65505200137565,5.90930802782801,5.39636294620391,5.51929437685706,5.78119468523954,6.36802852923355,5.32182487786849,NA,5.44850693542735,NA,5.52567078801476,6.66863725713232,5.97466227357522,3.96404497034647,6.10649600774829
"P3H1",6.39243485570261,6.51191036408654,7.30300781336175,6.59459404906958,6.31373200596238,6.17766471169995,6.39170441039956,5.73130498714563,6.08168722664364,5.87230296176111,6.57410532586537,6.7254300836062,NA,6.47954269801605,5.92744546030232,6.52962316788411,6.51974111111731,6.31264449588605,6.21939599939766,5.88420092660738
"INF2",7.0352416247621,NA,6.82141454448143,6.28014226307428,7.56601762738556,NA,6.90676265213376,7.51542972229489,7.30444387876917,7.11830665464516,NA,7.32169750153961,NA,NA,6.7880939817619,NA,7.4531106490554,NA,7.08827579651004,7.00869701503365
"VARS1",7.44325486465551,7.40615395047054,7.52732348012198,7.11231981712105,7.62747018318953,7.14433966649578,6.89455160882285,7.17342592172562,7.71216739448338,7.30387100878096,7.24606102845714,7.54124151283885,NA,7.26732897980726,7.53512481718265,7.55310807298946,7.20677618825876,7.67692952411999,7.95126909541613,7.15305579616161
"CASP6",4.95172733825583,5.14990358847428,5.36041397947761,3.46358301381796,5.48698284715348,6.12144265666354,5.80000421163954,5.8712142316926,5.65775351953278,6.15110831520209,5.68696311947582,6.3844581560027,NA,6.38161177479088,NA,5.85388748929529,5.71195808068334,5.84202177796689,6.38034544090227,5.0646755384033
"TOMM70",7.55404300237276,7.08116934297205,7.27643361683395,6.84081043440895,7.56941667909075,6.93662478000143,6.84695773638573,7.37033147718402,6.65488821982653,7.45677069777416,7.06622810833038,7.47838113483711,6.65557833448516,7.24476774458056,7.20035475681424,7.23861362996365,7.52665341365781,7.60968677136315,6.60734100060557,7.27422751730653
"F13A1",14.8544613103379,14.474550698241,14.7301671208899,13.4389577759427,13.2572107108088,13.799328583563,13.7628569665074,12.0718444835037,13.6099750604403,13.766813911534,13.9881635902227,14.2415310217608,12.3662291356068,13.963969954417,13.8308259597852,14.5908485714515,12.0506914686527,14.1942322547483,14.6893191691575,13.8921547001422
"CHMP4B",8.59752237615747,8.49039578155854,8.43707361616815,8.41162675611478,8.26532414443967,8.68219896821351,8.68088600246161,8.68368936559928,8.49572931995273,8.13960003813848,8.62155769182854,8.28412927396284,8.75921827430135,8.44485611042873,8.37094108968825,8.15367712306553,8.9808729081103,8.12275608814409,8.37098931083724,8.60916538112869
"PLOD1",9.30305723162788,9.8293243868378,8.40568724035113,7.11103100882498,7.31229099576427,7.57373064494859,7.95130333358499,7.30885901001652,9.2958497794405,9.52394841681408,9.31181667513116,8.03219579234644,8.06740903837491,9.24467307999489,9.27300043083618,10.0082981904358,7.29169579344893,8.91755015613558,9.59410436061443,7.10300311478937
"CCT3",9.53604134266089,9.44712105986861,9.43329018987416,9.24632849639348,9.61520116918004,9.78246452323292,9.33462520837369,9.47512824138252,9.52976184042502,9.51715084098238,9.30928340736309,9.39661132024798,8.63371395361838,9.9687906140034,9.47090356104529,9.51174173994721,9.53695361554222,9.45630563601413,9.32127500081485,9.52712819851503
"IST1",7.73825332253107,7.61699949712362,7.70286551293273,7.30830187113302,8.06149625995994,7.74737871133013,7.46955427801569,7.80262059899842,7.74910570111283,7.55987235171705,7.64688329733452,7.52766500210352,7.36206757480249,7.834160566995,7.21838484235644,7.71101381793207,7.18479327252567,7.47171448908365,8.18815330801787,7.87015380888112
"EXOSC2",5.15815858672684,NA,6.29520454502642,NA,5.91787962140073,4.9679051953657,5.15263234352235,5.40772858418903,4.33937304545158,6.0185569878896,5.83096496806046,5.37199192995476,NA,3.75733940573826,NA,6.9271837837386,5.516469378729,4.44206334314704,NA,4.47527087442693
"SEC61A2",7.03111243407262,7.74782059281386,NA,7.96945853600854,6.83423020510258,NA,6.78371712517219,6.61837965475922,NA,NA,NA,NA,NA,7.59685554523119,7.67770327464737,7.17435400399514,NA,6.64653275073814,NA,7.91034634699596
"F6V4F0",8.25705219613112,9.82444627429021,6.79816855249327,NA,7.67555336775193,8.11224497155439,6.53045184263964,5.77068908757497,9.19657831927472,9.05584081385505,7.88004701315363,NA,9.25204753124428,9.11403179086419,9.14880569533679,8.23774310627797,7.99683265528665,10.1290529990258,9.87793630148978,9.13419974333071
"EPYC",9.0989358286328,9.42193226193023,9.1625519431671,8.76424432893408,9.31001186181028,9.42019543614262,8.76184214988366,9.55024605568726,8.77638433693041,8.8678225799948,11.0389584743256,9.28620994268604,9.06946781989636,8.70388980056416,7.6871126698634,9.08178994332432,9.58819600282177,9.58006126786796,9.10957847191125,8.24750240395894
"FARP1",8.08629396401209,7.9189609209701,8.20083590526686,7.83790961802606,8.18783072239545,7.70655559646922,7.85964992528367,8.18123610836597,8.45197502499515,7.38031927228534,7.80152760162614,7.75049986912775,7.00744395544494,7.78010215514248,7.59931483759934,7.71901517897034,8.14135256119929,8.36806138325487,8.54905095258437,8.07062888982417
"IQGAP2",4.88616106082492,6.62378157886763,5.24129443232099,6.10267260154528,5.73716379743118,5.17443432516702,6.06015335918106,5.96425728833712,5.82140183076015,6.41861984414718,5.43672940399395,6.46316557232177,NA,4.93652952937551,4.6920497944242,5.07404786738931,8.11622663916966,4.19640376700322,6.08628676500618,NA
"TFPI2",6.40261063310828,7.64636445989262,5.88236849005394,NA,5.16912393827052,6.78496675998124,NA,NA,7.15216394605853,6.66767448515441,NA,NA,8.23003748525102,6.77566608465377,7.61831018765717,6.77329643315731,6.66202184432599,NA,NA,7.07914758783038
"VTN",13.1060403166333,14.0028583214332,12.2988199302302,12.6358931762554,12.0860413089747,12.7676630733226,12.5424791376897,12.617942903686,13.1294526757259,13.5390480536904,12.3216358944101,13.0976285721578,11.2971473152891,13.0842198734644,12.3246480203764,12.1992877201804,11.814019605434,12.453230759178,13.5386509242927,11.6858480138092
"NSDHL",6.58528641519374,5.99511799704322,6.14452979415004,NA,7.10060499085716,6.23622234703576,NA,NA,6.16039440488847,5.12807322492745,NA,6.43279814728307,NA,5.63060602305938,NA,5.81314710236519,6.3496251177512,NA,4.87575027068472,5.98323386494752
"RPS6",13.0402494202805,13.4889813973934,12.5365850107471,11.879798776672,13.0948375987214,13.4851292753926,12.9939344482966,13.5358523013448,14.1556860530641,13.0606122198878,12.4069053243774,12.8909162754684,13.1097436305601,13.4015101137435,13.236026396163,12.8886006353431,13.403459479747,13.3865106451615,13.2904256038278,12.3784787710104
"NAA50",7.47141001130163,7.65727995265421,7.15608013715655,6.8323681421108,7.44747184378441,7.28031911634021,7.21084670117807,7.28161458553884,7.44721785836981,7.61997902667248,NA,7.0863061909795,NA,7.59520311944474,NA,7.33638642360265,7.07186763113763,6.92445248129493,7.28526450540641,7.18910496651762
"TJP1",5.5454450466287,5.96843042490074,5.13337571342089,5.06207658383582,5.29830884690212,5.9728193548216,5.2595178963785,5.70139231734089,6.55715642181109,5.83314007189026,NA,6.27905392134944,5.92217211262366,5.73267567598232,5.53756869393668,NA,6.35912886773468,4.82407663201888,5.24143606108277,5.52617509911928
"DDX50",NA,5.12652126965944,NA,NA,5.32558281929302,NA,3.9106187734926,NA,6.42651248556825,5.59625638386064,NA,4.69364793196763,NA,5.20336194929374,NA,3.9351648867908,5.40583216415492,NA,5.23294137211166,5.59123931211922
"NGLY1",6.95375671221975,6.66844965523176,7.44724872201782,5.98630515320856,6.56892264038804,6.42989764972063,6.63182867486152,NA,7.06726801053405,6.74392616575463,NA,7.54848225208551,NA,6.73465707657398,NA,6.46126868528207,6.41408290792476,7.03111810579589,7.46602609907664,6.85432631917684
"APOE",10.6289116427088,10.267617513824,9.01574675111087,8.67764698801098,9.27785607615337,8.26245109559587,9.03613859884159,8.51550549025517,9.64868452763937,9.85223399839138,9.11549393528964,8.263102952448,9.30388256683483,9.49875992234094,8.74847018540358,9.16541440636607,8.60200524509006,9.8656320568162,9.74356009027649,8.98590627261351
"GOLGA2",4.98742044255145,NA,5.24890677911518,5.09826802527364,5.36608283529839,5.06158140481981,5.75761474839901,4.93813497930259,NA,5.65829456657738,5.04088981788271,5.03171972326106,NA,4.35342562385879,NA,5.81892034457532,5.81972209644331,5.2873647014172,5.14956416242081,5.25955005624807
"PRPSAP2",7.44042529065693,7.47680425204694,7.62386252802257,NA,7.67800804551623,6.90000558186403,7.42415928791099,7.05074937655519,8.04839081221202,7.59382667315239,6.36329926873406,6.94383328036439,NA,7.51583432048037,7.52683125976235,7.20299808546096,6.74578251858204,7.3701265407448,8.2054936496466,7.68147363006292
"DAZAP1",6.69828864891942,5.98795558601001,6.2303965498077,6.68959222788873,7.05007555624752,6.87000398536875,6.32135912818057,NA,5.76799527424551,6.36105042934198,6.20122150695689,6.39202561949386,NA,6.00782955626339,NA,6.25706759689087,7.06056098061955,7.25342077190208,6.13876817856387,6.15548356226257
"HEXB",7.626134607906,8.31606141353742,9.03611774414454,9.10853240868306,8.19089665234283,9.02133365285693,8.63869787064846,8.34177368974924,7.89805708008099,8.65850168659895,8.66146625328606,8.27365235019749,7.80097738206977,8.27553962833746,8.05358456251583,8.42022895763354,8.79075840178874,8.88348605678358,8.1933788904188,8.11086655783144
"PSMA5",8.80503674788711,9.39523544358033,9.02366008569683,8.94576499227481,8.5306662504388,8.68437691999426,9.17242091074646,8.3994361397638,8.73447512969211,8.90726997925048,8.09194048446323,8.91268741111325,8.13932567796603,9.51084470053658,7.91169295157489,9.42096191874454,8.68514034409043,8.82127407046368,8.82566622849339,9.14984605875283
"SNRPB",9.07459269507937,8.72042093756759,8.9574996471853,8.79408234481547,9.16714157458819,8.02164876548512,8.65230283757729,9.02120077050856,8.79101460579917,9.31425363448827,8.68122863250525,9.73871189376767,7.96448099670015,9.06262479589553,8.236914073032,8.8262425379803,9.47451565882188,8.82424633497138,8.80612546587365,9.2492582043365
"CCDC93",6.84914332330621,6.95348119864376,7.10363930011635,7.01382626697264,6.77409904188362,7.31355089425656,6.86942999019477,7.38389848500807,7.33641270672199,7.17423285715777,6.60060433819237,7.06095338055561,6.91132388284164,7.71030443989093,7.00044551484924,6.84675085890071,7.21693161835195,6.44425915707744,7.10855062068097,7.05118532383662
"RTN4",6.05661200507856,7.53262401825008,4.97603035318787,6.34337344688633,6.67418378799139,5.84025414305262,6.61545074437554,7.41851729311341,7.09839176713575,6.66236572110636,5.47096156033142,6.88462770363003,NA,6.47191294387906,NA,4.73633812206408,7.30090648197769,NA,6.81173888744403,5.92563350665978
"NDP",8.96151467973729,7.92393553132282,5.14553309315954,NA,6.32793573418308,5.12115312404735,5.16011957805809,5.76011217383644,8.18637564081095,8.63049570412725,5.36440611529561,3.68714514170918,7.60708553445863,8.20160849141962,7.39414159813729,7.30785394376526,5.79872190735925,7.49390589245761,6.8145690534063,7.39337294446716
"HS3ST1",11.8029222441176,10.8143840032562,9.45917797730683,7.51092923264182,8.18322583656321,8.6151310101243,9.35717833471795,8.62772916886664,10.435859687198,10.8095405901981,10.4060704512969,8.81871060874441,9.76967213088053,10.1149322666373,9.65755631554159,10.3309485855758,7.93385788722889,10.6355416211908,10.0334898642174,9.16659697680379
"SCCPDH",7.06187414898606,7.04742585438313,6.96135003543156,6.99105777760757,7.30387344488681,NA,NA,NA,NA,NA,6.02606212134396,6.59325158414784,NA,6.55582057828455,NA,6.821323037314,6.32916482376445,NA,6.14600682723435,6.64895885400396
"PHF5A",6.45671555499706,6.08742862937172,6.04333367494167,6.54420494865804,5.86806088680694,6.32965324175654,6.64685205491548,5.91596021381835,5.8323846784181,6.38357343345005,NA,6.72260673076527,5.06914747216384,6.20142383495368,NA,5.84343786794208,6.29659194052341,6.42012286868672,5.61604187998816,6.95642831337401
"AHCY.1",11.1222535301813,10.8699200746256,11.8512574228004,11.3535589738391,11.1669914275777,10.8618132922697,11.5045660288896,10.6331662116677,11.0903755214437,11.1647506205211,11.8195741776249,11.3477681794717,10.007574008893,11.0796380390349,10.8348595368041,11.0608274481987,11.6135938587341,11.2986843787377,11.4584948519256,11.0591530623589
"HINT1",8.16699961559376,7.52152821814852,8.433292890782,7.82272651154889,7.53904044491098,7.35345111940177,7.78576239655298,7.1368074114122,7.02091485930356,7.40225156170283,8.48317369932092,7.75194899504774,6.32265477886438,7.53380462131742,7.31069610970756,7.3662083934795,7.94378538804434,7.97511969192934,7.68885749736397,7.6649401456479
"LOC100052533",7.20387127875753,7.36359602823283,8.16672393171403,8.15610690908045,6.97268031517079,7.89530009148836,7.62542561854751,6.53768718221753,7.00323738518457,7.2793820734045,7.74380426474601,7.790526172007,NA,7.49402238185596,6.7242978759814,8.47499770803415,7.56982743417422,7.89480390048134,7.50775755348234,7.74042746483314
"CCAR2",5.99965968784507,5.65797672494615,6.1369433419886,5.66167545791929,6.84693026054154,6.13980224797127,5.66751262570523,5.55963688266483,5.97214985623271,5.8630444907663,6.31515818814071,6.15513138651396,NA,6.12269685636041,6.13449472092652,5.8077304795086,6.61176767034291,6.27627723855792,6.05276167936482,6.07133529425463
"CRBN",5.59074982019433,5.94210393219729,5.6987809209778,5.6151572161061,5.73259183192693,5.8172696422635,6.04789991445659,NA,5.60966124106514,NA,NA,6.12156341107291,NA,5.94880159434118,NA,5.29492165259136,5.78554972436618,NA,6.02852919098664,5.78722277198747
"XPC",4.4200582201784,5.11428823446511,3.89272122713488,NA,5.06613371783739,NA,4.46418858279002,NA,5.63570232800302,4.46338945514455,NA,4.66915518894768,NA,NA,NA,5.6781760802167,4.50512082425529,NA,NA,5.39988452770554
"A1BG",10.9918369343939,9.96320338317845,9.56008447850182,11.0435132944138,11.0288443567552,12.0292739991901,12.9254556755077,11.2098744343704,11.288567342117,11.9342911740492,10.6153466016907,12.8315663110006,7.97822671160841,10.7182762916603,11.0315249833592,10.585271651834,11.4958749106791,10.6886626917505,11.8156639112175,11.7281717704486
"YIF1B",6.02262236944935,5.08921324608746,6.8435241602511,6.78570223935979,6.55049915662303,5.9238320576654,4.9903290652356,NA,4.84338990435942,5.30742030200662,6.77029558808118,5.90428469345212,NA,6.10819708846499,5.30029906865358,5.63392589369325,5.98411383182068,5.97889945646846,NA,4.96128786637581
"EDIL3",9.83721554996663,9.23737492519935,9.81657362913562,11.3653901779503,11.3044255805573,10.3167527261295,11.3268642809585,11.2926041190043,9.97509109251139,9.56244927402338,10.7106259070347,10.6509514151808,9.49212370062177,11.1481324952522,9.25714936915748,8.5224884869712,11.2632665083187,9.96749182751823,9.22399587762594,10.8617002463691
"TMED9",7.62476699010993,8.44317746103202,8.20475269454797,9.38818013435524,8.44330061335029,NA,8.01653108901131,8.3331330697635,8.41042647333351,7.6027587266143,8.70128788651994,7.9392490109575,NA,8.78789126878136,9.23158293335169,8.01600021032588,8.60651546240845,7.31097593652663,8.1997754345619,9.17395965770183
"PRRC2A",6.27843939162551,6.23211125418076,6.06708181367515,6.27204338948268,6.90330512663079,6.48612893264787,6.0566113453473,6.51490165257664,5.73297022044187,6.10449138437452,5.11416311473713,6.75025384568261,5.4662087981769,6.05606254989524,NA,5.28959844151543,7.62969948446129,6.09716518231583,5.73162527341727,5.93048339209002
"DDT",12.4301784168226,12.1160354458857,12.8109375783926,12.1869949222214,11.4848375532989,11.6202321430121,11.8048150070878,11.1798228362898,11.3674912773073,12.3251044503758,11.2447150217216,11.9243176607369,10.5831657519211,11.8619191215943,10.7829990826133,12.0293902401172,11.8248055348869,11.3256351603374,12.1255830046411,12.287418379975
"TMEM231",4.28862938496704,4.39793190121332,5.43855630910853,NA,5.13680002558504,NA,5.5991901097817,NA,4.67059426987479,3.99758830640052,6.09677211327813,4.52407377559716,NA,5.36292800087574,NA,5.38947914862652,4.13170924831272,NA,5.51208806987365,5.72247783583668
"IRF2BP2",5.63138934574037,6.10591634388209,4.31700446275612,6.29243989009715,5.87046462570836,6.04967753464935,5.93677606675922,5.61989735687148,5.41893820919209,NA,NA,4.99090871350394,NA,NA,NA,5.1896263734623,5.8966003337599,NA,6.18268773166396,6.85653572658758
"RPLP1",10.1661605527937,10.9253262692149,9.645525981836,10.5279097405189,10.0293995303339,9.42742866401561,10.0517054640638,9.50304691218631,NA,9.39213436864827,9.29498795205105,10.4070292026008,8.6698823729124,10.0018528759013,7.20583461585797,10.5577213877121,10.3101778008573,9.34697651301865,10.2933915473075,9.36335587903588
"SBDS",9.12506515483818,9.79507736987066,8.92923567133522,8.27594921260343,9.72706850822398,9.0190108010915,9.35524149703617,9.56604563950729,9.67958153840698,9.47993134774767,8.60584927032469,9.10770021418066,9.36018206167516,10.031725758098,9.57807786626144,9.33788541798259,9.79511267623231,9.09883171803844,9.65338473065318,9.88264995030017
"SSH3",5.70066275079517,5.32673499145038,5.73264823904023,4.64742307279389,5.51651057047097,4.75981312093259,5.51999488074025,NA,4.68440407444751,5.78350364208582,6.31871839728679,5.60879520347985,NA,5.80500074196017,NA,5.47524650240522,5.62778074735142,5.46941439419428,5.28771347418863,6.52757236716236
"IGSF10",8.358533218934,6.89150908395111,7.48379568749687,6.75060674822509,6.58252681909881,5.85588166954345,7.09052784819179,6.8184419924199,5.53008118503033,7.57015304914589,6.25335405044464,6.29995617919766,7.18507508733965,6.99766216805197,5.9782224944613,6.35927666994131,7.12843277156867,6.85454711239122,6.50518608436356,7.15559486946241
"CMAS",8.76105328961565,9.14378136260236,8.59431900283774,8.41718332222927,8.74077537087078,9.08020923189632,8.80718887627608,9.07816962234075,9.86907782315533,9.34301266799601,8.62438820424829,8.97642642119344,7.95242947323763,9.01996809522423,8.96264363572415,9.08521987117653,8.93131897738198,8.72392071316732,9.76875613303055,8.73035688369612
"PPP6C",5.70638590430331,NA,5.30431704894082,5.60807240554187,5.38010261280117,NA,5.47414164289696,NA,5.41500193714627,5.73110710609331,5.38321959153325,5.96843588593381,NA,5.50552836942334,NA,5.56707459097725,5.44377821965587,NA,6.28319747275648,5.48549014404288
"XPNPEP1",9.35843948435163,9.16235765325578,10.2092731512578,9.5567967748529,9.38752793532256,9.88899395656041,9.22858303943931,9.63701273195754,9.02402138547107,9.38419465698261,10.0484705752924,9.97334345994396,7.99051269235919,9.22754418909812,9.17171168396127,9.61689167651557,9.82277128338686,9.41528407570096,9.81916896009545,9.0250982718413
"RBM4B",6.68120994389795,6.50419451964532,6.86992652401926,6.84543361659748,6.53844719319719,6.76681929604679,6.91814234371964,5.9483914951842,6.45586304380869,6.8978932018146,6.82781864020263,7.1925213218364,NA,6.70720040467701,5.5204283137095,6.42835937812073,6.75599636490129,6.62906356443515,6.25825023680093,6.42813417987622
"PAPLN",7.47404851412611,6.26711037113962,6.43358271071951,NA,5.90450720397583,6.2055163813254,5.95081517413216,NA,6.08877602954331,6.08377588076204,5.49693263357423,6.64943352990417,NA,6.62068457565575,5.93308393098828,6.56082592854048,5.86953788168703,6.34807662274091,6.44825356964239,6.25099561163311
"PRG4",13.6052593923127,13.8756262170171,13.4257745261276,12.9996014833949,12.8632723667682,13.986640391697,13.2801662568818,12.8881302601582,13.3856494778529,13.5736328613867,12.3667218180524,13.3804938169472,11.7801474303905,13.7507056080631,13.2733640212126,13.2647002675598,12.2998425886257,13.0802756752069,13.7396223975681,12.843641262447
"GMPPB",9.28359003483583,9.49817695763967,10.0956770263747,9.5838036168877,9.15412673139715,9.93818938097081,9.86894271765609,9.22923218115305,9.64389902132678,9.30942712975439,9.59430927744462,9.65891103309237,8.82179109024141,9.76893813308329,9.1749778781089,9.77151397601972,9.43827306056876,9.57607558841843,10.1904055230618,9.23782168800089
"SNX3",7.52110503707932,7.68038661231218,7.73990917301427,8.09273651597208,7.22542362815751,7.35803236206067,8.07413169654544,7.55497075185091,7.56242295199023,8.24885890030749,6.8321485077275,8.05786271992737,6.62503277166305,7.75101758954243,7.0022194512019,7.74001077126449,8.57968848129531,7.11479084602611,7.21364563867526,7.73440264319037
"CKAP4",10.6907077562565,9.46711687809686,11.0420329693646,10.9767944701533,10.4540718387584,10.0176534836553,9.71986198538313,9.69507150193332,9.71482044564643,9.05918271285598,10.8186356446606,10.5036627563306,8.15237653139156,10.0781773909458,10.3535643778483,9.85545594457847,10.4835771151329,10.1937549783702,9.75533151115008,10.1674855377989
"EIF3D",8.04271569336532,8.34997676238381,7.72197599224134,7.60218502006317,8.06674325364039,8.45389669829535,8.18959041261515,8.04190693774034,8.66922771764447,8.28296348206544,7.2264369904506,8.27231305932154,8.01127250567517,8.26050587149578,8.20488098678957,7.86535364143632,8.50759005039216,8.08710143251442,8.20709270627253,7.56912304675334
"COASY",6.42255095014961,6.68106422220501,7.10746990563261,6.63190990514055,6.69441161644347,7.21392102493707,7.08237441389086,7.12229958382999,7.39179426023878,NA,6.41964823152583,6.82984768719551,NA,7.40058439698239,NA,6.50582800834511,5.53060154108026,6.42657641045819,7.59821264467915,7.13169249633342
"RPL4",12.2017939901433,13.0710897060372,12.1054501359852,11.4323916801888,12.4675124990834,13.1459592813845,12.4600334220836,12.9628815257709,13.4631321139266,12.6106044268248,11.4113218708909,12.3965837009312,12.1167721055223,12.7295382977787,12.7267608160155,12.3942003278395,12.7775808407494,12.495455848836,12.9008121753643,12.0929372335782
"CHST6",9.19582920972229,8.18644834779003,7.19152699483374,NA,7.76328322438834,7.50168756396596,5.89190711027998,NA,7.593462311429,7.0584729997713,NA,7.3419014962091,6.98302657267569,6.76438675181495,7.3457975996772,7.09953057248454,7.55703536852528,7.64724906922891,8.3809571150835,7.66829988808906
"NID2",9.48654575765323,9.21433763445442,10.993002231756,11.2707531959484,10.981993108831,10.4939852765693,10.8553117349686,10.1855947962845,9.18814742515416,9.50291162382144,12.2715802705512,11.2789400807801,8.10262800647155,9.38377098795118,8.12169638379804,9.83343223544141,11.37661186146,10.0125192167248,9.01862657316187,10.3915576807065
"FOXO1",6.49265944609885,6.19164379206299,5.41498672765013,NA,6.17587601452241,NA,NA,7.36724768666123,6.61329359205623,5.89489448402646,NA,5.67391964140573,7.68802554787486,NA,NA,NA,6.17555253987147,4.92556379918036,6.10166022667903,NA
"SORT1",8.43864515231238,8.10384220074656,7.8130366380527,7.85686420334208,7.88545082387913,7.49559959934635,6.88594288465642,7.7531936214344,7.28011831780557,7.70456179819889,7.97912446012957,7.34788446685582,NA,8.18812804544726,7.80047374886785,8.49127970126858,7.53605576966782,7.94828023272498,7.87795631961793,8.1708927554562
"AACS",4.05256818488837,7.29012849399619,7.37534960289982,7.50023645611921,7.59094756173707,NA,7.70728294694061,6.88768560366669,7.53730854572571,7.19653534128957,7.8253616310048,7.47972647305221,NA,7.85887327910004,NA,NA,7.4348345570466,6.61387748379847,7.67765939758755,7.68310904765954
"VASP",8.20072493438144,7.28637623829596,7.83762815963013,6.90434447108129,7.64367906480827,7.38129870745287,7.45395694712992,5.81789896442847,7.14897799312011,7.74788818635993,7.67020771785903,7.72324077048863,NA,7.3037160015144,6.19588044920271,7.66673278696456,7.99007268207281,8.11914526248063,7.35731225436943,7.05280895806307
"ARHGDIA",11.4113326028077,10.8081008258402,11.349623584941,11.3911373636254,10.8212958114786,10.9568992717874,11.1771596755008,10.5066512070805,10.7817588875268,10.9882443981022,11.2355816288795,10.9960491817831,10.3871533862687,10.7703766669823,10.3718707679961,11.0001907922048,11.0288988371408,11.1919430643082,10.7507724111847,10.8747966466723
"PAK2",7.22107199234537,6.54610262055357,7.24635891902741,7.23642447461614,7.37978387043366,7.07808270630339,7.36542246078203,7.00125806388208,6.78443672732938,7.40786482176318,7.22934611339441,7.47267667054381,6.98476267893895,7.21066306185012,6.96238826472415,6.69131408887088,7.78817847977039,6.89230486502024,6.72837198068784,7.41497365668468
"DDX42",7.37361624581515,7.19322714271586,6.51868954659719,7.01869427167798,7.27266239465661,7.30028442762309,6.64816608391661,8.37533515996386,7.23258440738417,7.23814769652835,6.93556899410626,7.01740149748839,6.712021750206,7.08518022488023,6.84150593237462,6.87829278079536,7.26683224302606,6.87374207029914,6.86677956589359,7.05894510078178
"PSMB6",9.39261632531169,9.28503734529563,10.1111697393288,9.40017014628265,9.02735897473568,9.34154745357169,9.62407734706541,8.75756258749122,8.95801077045398,9.43634273398909,9.33966404629957,9.25587921223843,8.84875567135451,9.40546011412563,8.56848316741772,9.80051945050652,8.89453651061739,9.71081224961133,8.8739740358725,9.7813258670051
"FGG",11.7266593517384,11.2749866191285,10.1995923537837,12.3361040393713,11.7391695825904,11.6888651944241,11.477446616867,10.9460521789918,11.132839372283,12.0745903587167,10.0712990888619,12.6410481410814,9.18636839785897,10.8411452179067,11.6801431536345,10.7034727148205,11.7122618762924,10.7457378905549,11.4966742153523,10.6540650355033
"ACTR3",8.83097496133307,8.40346927009632,9.08335391235059,8.97230614107119,8.89643388430894,8.66007709749813,8.24521259937149,8.41387930897257,8.49985242614218,8.61845880818438,8.80967196642149,8.95208750861995,8.01879905034319,8.74583312883505,8.70658216937909,8.59341308408715,8.62572481881885,8.64653827189748,8.88081529280853,8.84576978211386
"NTPCR",6.47433218629667,6.74612801893271,6.76106030951929,4.52476305288831,5.97205905098518,5.38007675160446,6.03561980074736,NA,NA,6.73211308250129,6.3202905529046,6.05883275290438,NA,NA,NA,NA,6.71526711736311,6.14800123966805,6.06239442844934,5.35152700451546
"AGT",9.05922542813432,9.87645982552625,8.64406540804888,9.28449527846522,10.5003628689011,11.6763809432089,11.1604527842308,9.90228500060354,10.016872826809,10.7929810316715,9.3181198089158,12.0074970828508,7.62425154039687,9.9577853145575,10.451353124383,8.94875388876029,9.17782824827614,9.57187394975684,11.1541798631115,9.59431337564487
"COL6A5",5.47926444518419,NA,NA,5.53606169014695,6.16088092449714,NA,5.49835512584018,6.24470990216135,NA,5.44260166793262,5.02596260864467,5.20909403199533,NA,3.43715878996048,NA,NA,6.93659612587122,5.20320613318552,5.4703289828727,5.68826915179561
"TMEM199",6.44729707693641,NA,6.54167862115009,5.78316492158549,5.96391133867177,5.63451617085225,5.78919914432594,NA,NA,6.27154980774276,NA,6.02009128944886,NA,NA,NA,6.35738231164503,6.2097805433959,6.29068453374758,5.16382293915242,5.72873856903152
"GAA",7.55128891678565,7.65877200215918,8.10619071644309,7.47902891990073,6.68959534439969,8.04116694349216,7.13698206987367,6.76572290466926,7.40333910890207,7.77619772643785,7.48359614841315,7.46000176613697,7.08469664955116,7.88061139363355,7.46674964789395,7.76744257693634,7.86060601594863,7.77857471141399,7.79001561555991,7.39623059699643
"RIT1",8.66062320210348,8.41685411317122,8.61023968899432,7.82118868264457,11.1187745753163,8.72759904096842,8.0360159605845,NA,NA,9.70071474725732,9.50182788216362,9.85563406604178,NA,NA,NA,7.94634228029665,9.90528831696247,10.2287506379373,7.58990821180944,7.1940301082332
"LTBP1",6.57743328523605,6.1583222381874,6.1734024927553,5.54458182323744,6.37818983379816,6.14372443474361,5.9997439369394,5.24275799960651,5.56637953700374,6.48671063614293,6.80600883998526,6.54196158692091,4.09485894833142,6.32140377255884,6.13709997114682,6.94252866915009,5.75789890145141,6.90466270401649,5.38825408151602,5.69982275927554
"PRKCA",9.18786186474599,8.10560524743341,8.83215815515448,8.54973739630335,8.64555460740243,8.8489613755078,8.36495433432462,7.88551894869808,8.5513274713431,8.13365482275183,9.43964906635333,8.47436129961546,8.33431070664319,8.46712583359205,8.53296233263687,8.33985180848657,8.47956792778429,8.84191961298219,8.37427778022828,8.5602242736602
"NDUFB10",7.27726863105846,6.85343086164859,6.97559377776782,7.43344300978951,8.16886662619597,7.78654161318497,7.27389739331124,6.96988464280336,7.21779262555993,7.42895576418583,6.50807227583982,6.70276332558278,7.65590825397786,7.13499123775017,7.14937377732332,6.11908783386649,7.8823116197056,7.09813052409726,6.30102037787711,7.72517574957999
"ANXA6",11.4765321262247,11.0375751380845,11.7418444999747,12.0882852212816,11.7257223969562,11.868257295547,11.7101947731237,11.4849168602574,11.0671927482028,10.8295537169502,12.1229747637461,11.6429119781347,10.6394438417849,11.4133044965268,10.4598861355171,11.3940095887271,11.8929928986128,10.7976262886704,11.0830516189913,11.3679622940702
"CBX1",5.16538644315417,5.95616830562129,6.65525334002231,NA,6.1821814498836,5.60448943304388,7.04517100930178,5.80473909935759,6.52843057948714,6.84163378837981,6.39482901744139,6.41770443060461,NA,5.9541544192176,NA,5.99069582948072,6.64300357998721,5.26032905610701,5.93289699318727,7.13592567754115
"H1-1",15.0736405430173,15.9350804026634,14.5496798862217,NA,15.6952185774841,15.0806269291903,14.3059365447451,15.208219792979,16.1718680348294,15.5634771463558,14.6736140877034,15.5074234741717,16.1144000226678,15.1433765031451,16.5416679609741,14.8301598703945,15.5044518146625,15.499126924621,15.1331725747565,15.2882497397027
"GORASP1",6.13244757927379,5.13751880557028,5.84770967413108,5.828465846408,4.71178655336069,5.3464485637198,5.05962966750623,5.46727237240988,3.64188268285552,5.43924683805738,NA,5.43163102825196,NA,5.31242336146089,4.99943270474511,5.59026664851821,5.72193539217401,6.23983947488594,5.12061337051679,4.06421459043128
"ANGPTL2",7.84021839184962,8.22208118240712,7.79063963296088,10.5215771504678,8.99402214373244,8.33450849668693,9.91461417445827,9.29450460589813,8.8855761873167,8.93588174328815,9.76818749753025,8.72056563719392,7.30675029697293,8.88446220559047,7.82175665400294,8.5142183155093,9.73557029564337,8.07019954116476,8.60301354666247,8.46400450735496
"ST13",12.3219529347827,11.4177086857991,12.3931309679268,11.5280405733482,11.1372085473638,11.5389003893014,11.6950233039699,10.7624634655396,11.447662896697,12.0541143301693,11.3934143721528,11.4620765529416,11.0943002976652,11.0404809233397,10.377360260848,11.5373787238509,12.1854890918593,11.6860325608341,11.5992614738796,11.3184717054017
"PRRX1",5.99496448304019,5.86315066232557,NA,NA,6.20878023847441,5.27941294404158,NA,5.86565737436027,6.58890685945657,6.53591090870622,NA,6.437623616232,7.23597248629086,NA,6.49468756154909,NA,6.54466951673562,NA,NA,5.10628906060245
"SLC25A10",5.73372722182437,5.6981699672634,5.63528618456192,NA,6.00997450899299,5.56579910423228,NA,NA,5.65162260131848,NA,NA,5.76227778392169,NA,5.94728316102407,NA,NA,5.63842483568518,NA,5.41760480507726,5.9894280331183
"TARDBP",7.66901925256153,7.28761616391545,7.37393085240002,7.15477581321704,7.31688674950156,7.00691939867462,7.51303735987686,6.88903238993147,7.20330387130948,7.62771907044905,NA,7.56044528672485,7.33242472455485,7.58561962481628,6.79130761274951,7.36738933015771,7.65146095842945,7.5226131012614,7.26471069206254,7.35276937020747
"CRYZ",10.7310607864591,10.583625158813,11.3287028508858,10.9694265839776,10.578802218232,11.1060254833091,10.7412630207008,10.6840507989531,10.6913487777826,10.861674570975,9.64742538443601,10.7094511033723,10.5738594346329,11.2188153457243,11.0561625144627,11.3257943956315,10.1791942083705,10.9420123192763,10.2602162716547,10.1406197290684
"MAMDC2",11.2006017320879,10.608611953051,8.24987671796493,7.97129245773025,8.83375130164526,8.28592661041143,8.7786180539733,7.85821662263764,10.2884929051019,10.3761210384348,7.57790157581812,7.30914331408337,8.67896672915453,9.81109863358857,8.51735433346774,8.48385990449986,7.21200520629403,10.2237550151436,10.0591707068309,8.59886046883679
"SAMM50",7.80828163384834,7.84634362293307,7.61030681227426,6.5858232642306,7.12301856161034,6.95833457369081,6.94935592113768,6.47273231086858,NA,7.09579293184095,6.74011964353616,7.56451509769053,NA,6.943805857034,6.82888302682482,7.28133931137604,6.1033039123003,6.67424243217006,7.01833775263032,7.50824677047085
"DPYSL3",9.08824617821844,8.59961100221442,9.11095698097657,8.92287387669018,9.87169738363048,8.54688538445253,9.33772210711016,8.70053415164422,9.17184458336658,9.50876569687343,8.95677447866864,9.38842860859776,7.63904795111208,8.99684779125395,8.02685633747668,8.34886636380641,10.253956148638,9.12941635790299,8.32385517283573,8.99706962541048
"CYTL1",13.8881507053613,11.8878754325689,13.7137623488302,11.7703072540117,12.2539135997656,10.9482187758196,12.5622980132112,11.6689827291735,11.7846883010884,12.8576739083998,11.1218760621061,11.9508893750536,11.7954387539869,11.2869481479667,11.1731742154394,11.508885148275,12.4253404298297,12.1244415322055,11.6473310870064,12.247716810682
"COL10A1",14.0785012505612,16.4461486148121,16.1393244711259,11.94207435669,12.7246454159658,15.5423919234136,14.5492718650703,10.3102963301371,16.5717953623251,16.2656166356499,16.4789586729407,18.1026919470522,11.5870805866617,15.588742922078,15.7850552359033,17.6612446662791,11.2370202798145,15.6467055204667,16.8271244251949,11.8173294800893
"FBLN7",9.90997109759151,10.0709173464739,9.77812438676994,8.85926956220155,9.40956830867238,8.22685687883856,8.78856421472827,9.30177917831889,9.3148138049946,9.99349010249755,7.87512262252487,9.09211983227921,8.7925428370497,9.92547817019014,9.07803587854847,9.37391535190903,9.93499847617249,9.92705230344018,9.47616782615293,10.2554758569142
"MAGT1",7.36128505030681,7.52866099889129,7.41953758941703,7.41326301722691,7.49348944146102,NA,NA,NA,NA,7.51020445354114,NA,7.35280774156712,7.07163101766146,NA,7.20781809228223,7.707285547261,6.8340465211405,NA,6.79780221620738,7.26450054076181
"GEMIN5",7.47972162617599,7.37876724330391,7.4162568060468,NA,7.8976407938523,7.21976071463075,7.28072800983093,NA,8.11682335228275,7.78059027411875,NA,7.65457961702109,NA,7.2174860531738,NA,NA,7.60232489174967,7.43977070961935,7.89242224728014,NA
"GBA1",7.43661524608501,7.13056934537097,8.08533366173753,7.55706668058343,6.99613793267319,7.50345463167396,6.82602817618584,6.41539668067066,7.31196874405397,6.79462392275606,7.41876764616817,7.06669256071825,5.94045917731273,7.43493809974704,6.74189224787741,7.68986055922337,7.44936230756525,7.30464298133177,7.48924544590077,7.08512930584812
"RABGGTA",6.81611388063048,6.41952502107379,7.27157326910375,7.46664156968149,NA,7.36436460599666,6.90536264912304,7.59001529558161,6.39151604028793,6.62125016630814,7.34414936516033,6.42801927713054,NA,7.14485580350604,NA,6.73015052646509,6.7301453362611,6.15722803938568,7.39020661993412,6.99652083263742
"ZMPSTE24",6.0790181478938,NA,5.32808350646633,5.45711476661575,NA,NA,NA,NA,NA,3.88434248160605,5.425069546329,5.34621774165136,NA,4.98418637496972,NA,5.23334154970986,4.93818219103987,5.88781608639037,5.65403500059585,5.62941224742856
"EPS15",7.13033658496167,6.52149641414683,6.63460252461794,6.74511981131439,6.26719427497036,5.96118549992535,6.33482489030608,5.77443462618678,6.57565766713083,6.75691700744404,6.42602215514012,6.56703931569044,5.3705335528692,5.76997815488593,NA,6.03348900553032,6.74729099839251,6.78759212925311,6.57764510506796,6.66818939137037
"RFTN2",7.43126410053208,6.74476260874194,7.59976780182728,6.94606426480427,6.77553383504902,6.85922605390826,6.72732644470795,7.03514368858227,6.86264545639161,6.84307339187982,7.18304508240615,6.84419193550383,6.42757914193502,7.1390270915257,6.15888500383658,6.67337159413429,6.03396462313794,6.64185617449898,7.02714900233747,6.84994405015149
"PEF1",8.02875788718437,8.1878873627103,8.50467841863821,8.82800977706191,8.26734609374252,8.75459325681201,8.32680414984261,8.69816737172854,8.228964343954,7.29732333289024,8.65343327963721,8.00662564716934,7.29487950157404,8.06838575752891,7.85389785558411,8.56493682462202,8.34821928289648,7.83209845062147,7.97902169633123,8.13951199454697
"NOP16",NA,6.56473502849328,5.42944299425274,NA,6.31098896122367,6.64989863522284,6.23408070422351,3.70295775757863,6.59996516032619,6.15610442781306,NA,5.54401572517802,6.13759285238183,6.48312200965284,5.7915302749176,NA,6.36186125565825,5.3993560978381,5.83694966487682,6.7036442885189
"AKT1",6.89505868978434,6.47695401284699,7.30168687508791,6.68159358001347,6.6650667968912,6.78864452500484,6.86509166945922,7.30326877461043,6.67983131564575,6.67028761654018,6.8917447567349,7.12478714821033,NA,6.77722796230861,5.59258886706204,6.26740498708984,6.81220262910114,6.63607085849804,6.46988670381779,6.45070494710382
"PDIA4",9.75075428309913,8.83943407206756,9.79831249930435,9.13985149606937,9.6045307379147,9.08294222266761,9.56161892307852,9.16372973176551,9.0802975658745,8.90122513496515,9.17768713026435,9.2162345565087,8.69511095511217,9.60680787300115,9.60854209902183,8.9238905939833,9.75045690163232,9.4890712864271,9.31532161888364,9.06540903470323
"LNPK",6.94945278057095,6.83422707810201,6.96735102294087,7.21940271869573,6.83646638764201,6.46546029056341,6.7587382249968,6.40546730241628,5.81607569981758,6.68509927824825,6.94200266695352,6.81162892011294,NA,6.71290758866716,6.27768978644243,NA,6.74453006131993,6.88602407359836,6.26171758638876,6.9517690451775
"ASAP2",10.1216819835166,10.3023493746761,10.5711539261994,10.7837279110368,10.4351947035145,10.5345922734704,10.6027109968098,10.5004772456875,10.4922558102012,10.4920614714289,10.0378025738004,10.5750760618622,10.3774785472706,10.4348336133109,9.93127426400884,10.400397446319,10.5312411753054,9.88063677647943,10.5149356768511,10.6271725251317
"PSMC1",8.56762598287991,8.84997208808472,8.55177354376983,8.06133134402076,8.95366777701837,8.69999408508402,8.49233959306222,8.68860063907655,9.12747090984234,8.97470786244254,7.92080697012118,8.89871390185573,8.89780944769017,9.16280361211039,9.08460081882198,8.79318129790448,8.76914308337012,8.56615207798627,8.7633032151084,8.70855131389488
"SUPT16H",6.71869260989293,7.41439709984157,6.92289883430765,6.29950527175357,7.42991115256734,6.82037718571954,7.24358353394171,7.75681426250407,7.45008727369112,7.25072346735254,7.08635122357033,7.14384562140433,NA,7.52828715507489,NA,7.10331745725324,6.95900463063886,6.82134827519521,7.3528189767985,7.55026421289836
"CTTN",8.34295627519782,8.12021523960091,8.04803994385544,7.78337226916451,8.06497368080066,7.71743949794023,7.5223728132551,7.40932576761243,7.21562896785776,7.11222151243723,8.11417368359738,8.45930097141943,7.27966305268548,8.19965926098539,6.80822869820834,7.50406337103883,8.65834780862115,8.3706356320364,7.87630480738155,7.67881252578815
"PSMB2",8.09951612747624,8.22885038960778,8.60009683726577,7.89542189251825,8.02574780640955,8.11666666897705,8.02243196534767,7.74580846403561,8.73067555527256,7.85301410680009,8.27511362621883,8.45743349334642,7.8363410604955,8.40906481967477,7.78188368724441,8.30517335964467,8.20839762843356,8.60268092539918,8.91544843265641,8.51012874096567
"ATP5PO",8.26016259632365,7.73471984079535,8.56354793079429,8.65066995357213,9.10049076094412,7.90620448754756,7.91736868898091,8.08572581013109,7.87090264611187,8.26570952580833,8.50597548210711,8.31811732890825,9.15583279593733,8.84482328185965,8.26427899891677,8.02593528006646,9.84693724000014,8.33350844552358,7.50890762120752,9.80728325989087
"ITM2C",7.12718780200218,7.37733336815286,6.52651662875938,6.69680925077334,5.78817276182933,4.92508462593608,6.31971767917899,NA,6.5368866431508,7.05396519686609,6.23030831239296,4.26097646876576,6.90941004279814,7.26181872784715,NA,7.27015479453837,4.6701944637648,5.18560491264575,7.09331380521413,6.18727298774157
"PDGFRL",10.4146790328643,10.614726185061,8.80965779206695,9.02265779264299,10.1274593596594,9.27063177712957,10.0015121238613,10.1527430265519,10.012684315105,11.2370487765458,8.36678511014742,9.50734379148949,9.76336290784516,10.4390260249943,10.965994728173,9.69165791192281,8.56227635318901,9.33091382565258,9.84319587114676,9.82352914461975
"RTCB",8.18323011033721,7.84988680855445,8.20921846081712,7.90172945379883,8.44103392160562,7.98697708385962,8.12716236787378,7.47200900119944,7.63147016626337,8.09708810450262,8.31361266355102,8.17870166595844,7.44016796471239,8.00244274851717,7.50091505108137,8.15689075796971,8.36783802504702,8.0938158583071,7.89505704412019,8.56203278334363
"AQP1",3.08862917798755,6.14574825090098,NA,NA,8.81338885964266,NA,NA,NA,7.14257632839617,7.768101034002,7.21108861495062,7.01037453951624,NA,5.59849861583616,NA,NA,8.08614623181996,NA,NA,7.57480577157913
"UBTD1",6.50289251947798,6.02043132497228,6.94366812659708,6.72632336876741,6.61348748894723,6.21732891405049,6.11820078068652,6.95911049663332,NA,NA,6.46907347630674,NA,NA,5.66924095172323,NA,6.49748081780636,6.9695549777484,5.85195181911249,5.91319848208985,6.47169783258499
"ACTR2",10.1770655752013,9.49387142901008,10.3096133954437,10.0342824673639,9.80805065025906,9.864224153663,9.29518144715451,9.17492623668801,9.47491162368181,9.62622369057394,10.0235918969414,9.92208919179321,8.3374007253168,9.73218793262251,9.6262004589211,9.63499793994869,9.64697245689386,9.87362979421581,9.98461710837064,10.0066203206425
"KRT71",6.50977368146244,6.79118656518398,7.10651885161482,7.48459146938324,7.16846464812446,7.03505567610299,7.3882756137164,7.30023868886082,8.24904298570678,6.60525545162116,7.08917062733863,7.87341218266358,7.55929421864347,7.47737425080043,8.31582282812701,8.08876678514644,6.31360792258735,7.0995087466417,8.00300041153078,6.60880976474851
"QARS1",7.47695457744434,7.12890892964797,7.77039009382945,7.53516473575986,7.48497273673045,7.7832755198322,7.45284378389325,7.12514267220052,7.49220336284497,7.28559197932508,7.41034453564363,7.65832093925453,NA,7.60793473301241,7.50650164681161,7.44264547931186,7.69066142022189,7.63807279497571,7.96106077237228,8.02568258957991
"FRZB",12.7009746507143,13.3680101808084,11.7741970066555,12.0521878079001,12.3833375324856,11.1803831382621,12.2972199410194,13.0369488889607,13.3330915434201,13.0860428394063,11.3398838138663,11.0518578998986,13.8933241747578,12.8029703437677,13.703178903995,12.8649095809356,12.7530106062022,12.3643011390548,13.6432027794883,12.9371331467872
"REM1",7.25836451206137,8.21185894222858,7.24046033747644,7.57944960967615,7.42853283745047,7.98331129563086,7.72727688421128,8.16115098884644,8.59359956690224,6.8145449138576,7.43379125173542,5.88404664125967,7.78118565122383,7.53988846630751,7.71872688239169,6.86263464001142,8.05218861730461,7.56457576005291,7.92844416965019,7.8872022553053
"GDF10",7.84183509062848,7.39090369150658,6.20020537758377,6.07623147594541,6.64935288099437,5.39265185823131,6.91351181137962,7.03174683922783,7.8072385931524,7.65189259066968,6.87746021153946,6.53115141871415,7.43637070848318,7.19636804245532,7.36382888667209,6.03892673086107,5.89408809373364,7.47628064231642,6.99350111471567,6.01130765452581
"GNB2",9.23785297007177,8.51284546264374,9.65027297072672,10.285540664711,9.43508414339619,9.55811667606495,9.74048494293604,9.63262252503437,8.94076588835892,9.067777567028,9.37945651803741,9.19914847961507,8.4935682417347,8.89745934415159,8.61450853674122,9.33092114550375,9.11635375785098,9.19221168546527,8.86842369327455,8.85804099147428
"SEC62",6.82389654498156,6.5370307064507,6.93389170902207,6.73091778905034,7.02221466871193,6.70547862378242,6.10189348644071,7.22651063800345,7.28132229975451,6.94234622361117,6.41384482597613,7.01127566486309,6.84748158497179,7.10081862061364,7.61600509513604,6.78768763723314,7.20858868319327,7.31360462024561,7.56028332231181,6.70165026565505
"PDHA1",8.66520101752989,8.23219329459163,8.23630604215713,8.66623832917818,8.49859826225891,7.8421372328948,8.43406411163419,7.94530844403018,8.41828175145634,8.77289588994618,7.33513633475025,8.70202397433268,7.83214403662441,8.34342156903016,7.94598047234044,7.99313950525054,8.73658779487271,8.01756885139022,7.67120674835939,8.98868412494357
"CTDP1",5.60431152721262,4.60098247247067,5.11696316967467,5.01139932333342,5.28420474393832,NA,4.70208035018497,5.49099816748129,NA,5.52582000980908,NA,4.87496699694895,NA,5.29832888574713,NA,NA,5.80346887803999,5.38767903203595,4.35781754041899,4.90311660265972
"EBNA1BP2",6.17873178157188,7.50852417085345,5.25584677448298,6.02220577045213,6.70974165062893,7.36268028606785,6.77793610754874,6.5010835739132,7.70366164710082,6.57585786645146,4.23632917350144,6.03465316322474,7.26329836419589,6.81296122630999,6.70953501932151,4.93434449536667,7.01970835041854,6.60826321870065,6.87909764791482,6.46086348659609
"TTLL12",11.9610253085499,11.9576010379752,12.4421337726646,11.9069415615227,11.7502513258841,11.5772881399225,11.7505970042932,11.2290678714611,11.8550374594998,11.8620129796046,12.2189528713468,11.8385854952227,10.5534565880616,11.9678022960238,11.3719113307161,11.9862709345737,11.5511818292945,11.7680470408058,12.3276866899816,11.5928742722492
"DNPEP",8.97462262239554,9.17191465907187,9.14716019840714,7.86702691695785,8.89931258890154,9.31673376247521,8.93831427118305,8.96113284475562,9.2855231740422,9.00683490731211,8.48556900960416,9.08056873360562,7.67483707344266,9.28306578397803,8.75093247863312,9.31657577650516,8.4645088359012,8.98238215762502,9.43843360379263,8.63773953687079
"PRKCSH",8.25406800672301,7.87396331803962,8.3785158722067,8.20011654872132,7.72089058593311,7.4512740661445,8.29791112188973,7.10727990981898,7.36798036268776,8.04903223449667,8.1059806101417,8.57658561469676,6.78832261799568,7.78580354237317,6.7824813959906,8.11029997293757,8.30035405482676,7.73258953951129,7.29465135013779,7.75645713845076
"RBM17",5.4870652728132,4.98580569925574,4.75231837570378,5.64765627678966,5.56979124395924,6.07396361112413,4.84837953074028,NA,5.16718482504265,5.40826457423607,5.31791322993904,5.2998603958933,NA,3.90205338834087,6.05638845483219,4.944896264662,5.8296532318773,5.65415994125011,5.51633494794121,5.73161170261395
"CAPZA1",9.563307167488,8.95123332182368,9.7035290131317,9.69201188335092,9.4787762276182,9.52804718578759,9.39722491052509,8.66871955013926,8.879516950818,9.51122301172495,9.40553976516926,9.55390558700381,8.55759827788754,9.30592436435174,8.80421766540666,9.10836140590815,9.38831737900886,9.34404625313482,8.96234589686448,9.44450171121602
"TXNL1",8.57660419565345,8.83696762331888,8.7698609178787,8.66097645999216,8.25310467131173,8.35027860952592,8.79657353579697,7.96824924901275,8.47849439260917,8.97742030626124,8.92055049319572,8.82168063215255,7.66901050932907,8.8788073914176,7.73221576050105,8.93604359807485,8.11935278778956,8.72627991018766,8.41335898557621,8.78205461853162
"PCOLCE",13.669181997694,13.4691023038164,13.1879327982186,13.8431151246875,13.4763326920207,12.7928072456356,13.6990053623373,13.4533813917692,12.8478943310882,13.9359916298625,12.7422200085206,13.6847978997278,12.6894550808324,12.8503084839425,12.3429060236323,12.184884786676,13.9027534407394,12.7820446451464,12.5110018432173,13.7022690663679
"DARS1",10.7759108878375,10.7221643156994,10.9031072851263,10.2596248247106,10.7445735478872,10.5884569154993,10.3385722584816,10.4757306661736,10.899520515823,10.9932953301883,10.756149913743,10.8799310784241,9.51985881320241,10.5955019567652,10.4447968384506,10.7624414654566,10.2018769443552,10.7325790657873,11.336030738972,10.529059853819
"PSMA1",9.84375766654922,9.15351616659353,9.70003405994316,9.27226245879441,9.62259368867779,9.60877042030447,9.59037135810841,9.06926899064092,8.91856151577737,9.77026742337027,9.14478128865871,9.55072514906786,8.78246161706481,9.64319946256086,9.03338773174347,9.56715303435063,9.77099985492896,9.67002495929009,9.16919470719061,9.79509621821629
"PLBD2",7.17134126880359,7.76901072704427,7.78569347212846,6.82931739581953,6.93673070430996,7.51324006343172,7.48684055263852,6.70068404690826,7.65548231095204,7.58354749516959,6.86145521234915,7.44506877313258,6.69490847708468,7.80623841628841,6.61325066707321,7.35763575027913,7.2726251923934,7.77491596930439,7.23512423198718,7.56163136755637
"CCN2",11.6514989908159,11.6460841599169,10.6650328110275,9.13769881119577,10.6423440725098,10.3782722936757,10.4058014516744,8.80271939700825,10.9523292172753,11.339746483937,10.9104787369376,11.0836544045236,9.54762245632456,10.8691712477612,10.9582130071679,11.728450877211,10.2954767304219,11.4927982668714,11.6595770612665,10.1789954922182
"RRAS",9.40846866734964,9.13687450638033,9.6571663681968,9.39436710957249,9.28041887848019,8.30340484676777,8.97858488876481,9.07187311446925,8.94526803809387,8.68958722280272,9.53369707087373,8.33198936848671,8.73422323708532,9.01357680820551,8.19029179779091,9.21776642093258,8.64962510313975,9.12109662508104,9.1165178926708,9.64950763365322
"LPAR1",9.85719125525551,8.55603354022324,9.20240748161769,9.52636819056499,9.26667686407939,8.85458221367274,9.12593426120657,7.98917808627353,8.44698832795271,8.18232247053627,9.69069219172149,8.68410321954876,7.5471525425088,9.41157677319583,7.91809850107603,9.17593526469713,8.21915976207983,9.15318841850881,8.995391600148,8.39139689263189
"H1-10",12.912969073195,13.3942867623299,11.9537189207197,11.4084413248215,12.6917230622886,12.7166465726891,12.7261120449354,13.1752933084172,13.7109026077099,12.4878896982394,11.3467227845534,11.4910593522189,13.6734643935651,12.5851850387736,12.7048033913,12.7417505609183,12.5880984233142,12.7088175795106,12.9822652184657,12.4868240179237
"H2AZ2",10.865813991385,12.208458275291,NA,10.7758358907739,11.3828670764365,11.313778928116,11.3480563813384,12.687389209986,12.9426006955263,11.3888625030425,8.48813475395904,10.4383353664309,11.9351128260573,11.8974024578766,11.7300173358426,12.213595151929,11.2712666471773,9.43916746377378,11.8860751375539,10.7141033583183
"HPX",10.5923168688584,10.4676302089053,9.62466856881394,10.3268748323953,10.9472275322233,11.4504496812663,11.3828240614534,10.3453064842217,9.84467299423541,11.60618474206,9.93909155770501,11.9788003126682,8.30921545668607,10.2863052127018,10.9735564035849,9.99893634224336,10.2824397136977,9.86203640525329,10.8106887221114,11.5358991897677
"NSUN2",7.1528227395804,6.84420291423141,6.63112485838113,6.58921739733615,6.99489848431401,6.90799540394652,6.90047775769749,7.07634227509364,7.53585394514218,6.63396572103908,6.71760762596944,7.36399204655889,6.45515846262861,6.95239499822203,6.56736815299155,6.6134023890084,6.79026249491166,7.10630291255387,7.14851626502746,6.26866428982262
"RUVBL2",8.29628416387692,7.89978879485932,8.20630530404307,8.23251495323563,8.31685552321102,8.20176859224554,8.1647211135634,8.05290092209913,7.77557224573858,8.06841765923847,8.2146243507033,8.18718251961897,7.85911552252909,8.28312581948656,7.85950286503842,8.14974466236382,8.226314335114,8.37756829691378,7.66987589297087,8.26240315366141
"PPIB",12.5933856524716,11.7500193766281,13.0424286618505,12.5407775018018,12.8238413557474,12.3008080019683,12.581138806974,12.4097329641506,12.0663871108859,12.2042337460355,12.3387654306994,12.2018490966281,11.7317849130326,12.4673800039313,12.3759365511144,11.7128177084729,12.8659196445611,12.0787773684307,11.9263484633046,13.0976748247175
"NCL",9.93888083616999,9.62309536112063,9.75339760255865,9.51835710503255,9.46159777967779,9.99899485222,9.99764605177409,9.39737743128946,9.65544730353528,9.65812824073075,9.85786595643864,9.69650793101737,8.88289277480724,9.50820390642789,8.94584580831485,9.77546037560298,9.76710662553733,10.1582357731472,9.46994879435429,10.0195126639202
"ALOX12",9.976402304928,8.29975990003905,8.76356696594277,8.3329909042887,8.69653813938801,8.70201294537537,8.42746649263822,7.28622384292204,8.35077367717402,8.29805432019615,8.74816889050503,8.88576781984113,7.33034343733242,8.59270132779404,7.93848321442082,9.23740941736162,8.38946544837506,8.7910230891369,8.44691280991472,8.22615325040455
"LGALS4",7.93979098832664,8.9794955464254,8.02873888441612,7.73114666818097,6.91883327765437,6.45830350728852,7.55845256006295,7.27260536933735,8.30762617097534,8.84867593542415,7.35818574741292,8.04965799110728,7.52468734285906,8.23347703079924,7.58124951035967,8.17659897336197,7.6928967589639,6.8813507979401,8.75225732724468,7.59217738424403
"HNRNPUL1",7.86101307265987,7.90679017546963,7.09493333960308,7.14371033209401,8.00349792240679,7.5826606898907,7.44170974573059,8.54362513593193,8.27929272563971,7.81940684368509,7.27920770418049,7.80097088291423,7.17160623118654,8.03798786695531,7.24883505962889,6.96582246703419,8.12719899984019,7.50144440637687,7.93261125430241,7.79518756365344
"MYH9",8.1737488678344,8.02906664345836,7.97141217898675,7.84436833716684,8.71401207518897,7.78832275084661,7.73876496336869,7.35291703004891,7.96513812191622,8.39041862614095,8.78995999098354,8.67689125706278,7.33645114578401,7.79451141221075,7.71533471824816,7.78384537484089,9.2065979357433,7.85485777673607,7.96250971970603,7.8796602342859
"FAM180A",7.24712387243135,NA,7.28581583451281,7.75409076634296,6.30527865172752,7.11422141907923,7.07904919053064,7.25439600373589,6.45989053969259,7.43158528883356,6.59469021812678,6.88730864677987,NA,7.97284575106564,NA,6.98772530762581,6.84337324738708,7.108433849979,6.93802813234527,6.73956312111425
"ARFGEF2",5.7767282237,NA,6.37914992331295,6.27457636306619,6.10443167471726,6.05233217939586,NA,NA,5.96548279055826,5.22595814776459,5.48787875271707,6.13400946070981,NA,5.28913020441379,NA,6.1428063548825,5.69715448803723,5.29727902692777,5.95408893024328,NA
"DENR",5.04342070511906,6.85198065558773,5.17173369635237,5.88496602198835,4.83020507420803,5.85311327003575,5.81664566034877,5.99921617171776,6.2942826506401,6.13146714245312,5.13247719726763,6.69227788827143,NA,6.63636287994558,5.63082430017955,6.17127013109472,6.77465355311594,6.18264866999449,6.25569877814772,4.86870663730214
"SUPT4H1",6.87867609608625,NA,6.44035583537297,7.11766495076911,6.93961175600508,NA,7.01116227369182,NA,7.00502476031929,6.71010840208713,NA,6.11973860771983,NA,NA,5.81711743576991,6.42512117525608,6.64156997369862,NA,NA,NA
"KTN1",7.39426419811343,6.82789165956166,7.38370716957334,7.13023592028248,6.94120826383241,6.93982579211482,6.9203921554488,6.35957622988085,6.58247485523636,7.1547509442805,7.3904848046673,7.31292860909819,5.85879673506437,6.53463514422493,6.68220071051409,7.08856450481125,7.6362250228901,7.17471578859316,6.77420800263846,6.82280485696489
"PPIA",13.212318494136,12.2444337151682,13.5818970137042,13.8926918399666,12.9365579419716,12.9094766423963,12.9419471879425,12.2805007308768,12.2001637333219,12.8157488080766,13.3569183527633,12.6624105269393,11.6720985437505,12.6360761962267,11.7582573845511,12.9416150213744,13.6180645982155,13.1233600140162,12.2530805008738,12.966621020931
"EEF1B2",9.43044149182509,9.4063369345865,9.92108792382166,10.1008791444032,9.0574741463103,9.43130956098859,9.88915018246288,8.60717928953832,9.11550780222681,9.64839694648323,9.57919389631335,9.47447970734385,8.64898186512685,9.33205396287094,8.68420167248492,9.53415913928121,10.2288577224363,9.6329689341164,9.15947771530735,9.73411193538828
"GOLPH3L",6.05295704838596,6.44985789449866,6.3298838817048,6.77523189441344,6.20337381804858,NA,6.59372539626046,6.05671456192551,6.70877021395328,6.46270965490494,NA,6.29065720920566,4.78597129929246,6.02594278241582,5.96749180607063,6.22483917030312,6.28052220291871,6.1141683280453,6.78678010304286,6.32699656404694
"CWF19L1",6.96573489838142,7.27983472610134,7.06150621355047,6.95435608569503,7.39729573164536,7.19683999140392,7.67123990921687,8.00094919200601,7.72178504201849,7.81004237422262,7.07855832599084,7.48096668253896,7.44667184316154,7.6368077777045,7.6642464209708,7.67145162391665,7.43579955925166,6.30080233380947,7.17452251475977,7.02300566691762
"HNRNPF",7.54596758992276,7.88023367057612,7.65235043979503,7.0362917710592,7.65078850063088,7.76350291605879,7.59097658268958,7.39384203367604,7.55667512275089,7.55143041241898,7.72645116033744,7.86265687548597,6.59207699421464,7.54314694440133,6.30147497598387,7.0445979414405,7.97857229439009,8.37928041556498,7.35935992998288,8.20097693112727
"PRSS35",8.57430369877714,8.84807598801167,6.87775050641563,6.2328028702465,7.06839447657326,7.03190464348739,7.17584774661458,5.87920329683608,8.96192593023456,8.44672533447506,NA,7.45286543407005,7.74043326049975,8.06142777037087,7.29227107148955,8.31112163202422,6.59011794356138,7.68102554441254,8.20853592298161,6.58145599073922
"LOC100053416",8.67561174597819,10.3926099973825,9.13506772585529,8.87740261861977,9.78194335678119,9.56607468178939,NA,10.452573043995,11.2810017945596,9.1249700924014,8.23790781440651,9.23772446531793,10.4794703341074,9.98799432279433,11.0860706621382,9.5786229889336,9.51868281987275,9.69379181448842,9.94944626877652,10.4033554927785
"PPP4C",7.79914467989639,6.61850811777923,7.22952996740437,NA,6.80525513185611,5.9516259965981,5.87111719959118,NA,NA,6.80477509654993,6.71904771327005,6.85891264412394,NA,NA,NA,7.24884212300678,6.91889904512821,NA,6.51298595819594,6.94573626465635
"KIF21A",5.1513624632477,5.81559320860874,5.57812062522206,5.25219211348773,5.71099301900267,6.16864579233533,5.585922963447,5.63522916898266,5.8973616955067,5.69433443457246,5.30021094908264,5.82537508809837,NA,5.3997211689375,4.87220998427229,5.39349213004182,6.07410413311646,5.9852138244072,5.39928540013866,NA
"GNAS",11.3858085970695,10.4112179900017,11.2735624059752,11.0923992186284,10.9411230515124,10.6018664725552,10.4538936806205,10.0007238939683,10.3505267318871,9.85943620528366,11.9248869934175,10.2987464129804,9.59843080490315,10.5327701125017,9.57332962792521,10.8010769221326,10.0494396827808,10.8959684687789,10.3604240531215,10.5171861840217
"FBXO7",6.54181567610784,6.85971258709432,8.07822160100512,NA,7.74208786421482,4.82160165225381,7.3436156318736,5.91275561448877,7.52580477448953,7.36824239912064,8.08970430781826,8.08622792877096,NA,7.15035518846346,NA,7.28385226893678,7.81196570870386,6.91943421874027,8.65009495862575,6.14376952410903
"NPM1",8.72420003082054,8.37922867245813,8.75019616547203,8.54170891795113,8.40278643232125,8.64316138938977,8.70369688571243,7.86539576713484,8.39842700058422,8.85343779126909,8.34962659718413,8.85058027655831,7.84230369524675,8.01182664310392,7.55107160911503,8.29277922091594,9.54446174142547,8.87744892677285,8.3299075049445,8.45161676313482
"DAG1",6.52677952633274,5.25086896355508,6.89314090185215,7.50937268185305,6.13331422411429,6.41468166200862,6.95223357601456,5.72436744760274,NA,6.58238015559918,6.86460132896828,6.73948636416932,NA,6.89040337454156,NA,6.38144153000246,7.0122125831703,6.11196454117843,5.89790833507597,6.36467721109279
"YWHAE",10.8267841937933,10.4266079937947,11.0209916011941,11.1282382382365,10.5058542815734,10.5411587718159,10.5456158192465,10.4935701245807,10.4135717172586,10.497555650993,10.3644594615582,10.8724255566952,9.51537689616445,10.5152973446042,9.87469067070047,10.5991356209894,10.7674844467225,9.98809320848236,10.2757356887851,10.4968652540947
"SET",9.5325728800211,9.16936349835202,9.4473190874936,8.99579860582064,8.96052992340401,9.28243786201323,9.36969640700353,8.60500186305081,9.23201541727915,9.73839410490922,8.58695365012403,9.33696991474934,9.30915461481603,8.7668690192211,8.20019968986362,9.35011757073192,9.69712053225341,8.96700643337357,8.69736868995943,8.68144734859001
"SEC61G",9.50940202309893,8.94847738374679,NA,9.03618903228757,9.13219231124397,9.26728502102232,7.03108365885782,8.47030540703031,7.91078599096772,7.38153757657314,NA,8.00195340650427,8.04946369377223,8.37641772111608,8.52445579390276,8.75568776733974,8.92551271835701,9.99413301511615,7.64388213400488,8.93602085709156
"DCHS1",5.7975943773497,6.01661209995892,6.08951429085744,5.35715628353036,5.47176558038854,5.67239300329726,6.04557849159232,NA,5.12857312244862,6.01075811572422,6.04900410279883,6.01430302846135,NA,5.07744988217677,NA,6.91037190949396,5.0264275081048,5.36466483872408,5.40225252209523,NA
"CD55",10.0569823113256,9.59294135312299,8.93239998162096,8.43465659992722,9.21246211529048,8.48182505918047,8.99189843579588,8.52008279105551,9.25303381051831,9.98330500964591,8.14389350382768,8.7442328733225,8.68865751808736,9.01089240685346,9.32089094012673,9.87424654119271,8.1787814985123,9.40560058921083,8.77505942486946,8.99433682762714
"CLASP2",6.32918869036631,6.32832512131868,6.54434469515382,6.27624675011814,6.28183820068988,6.62368650841996,6.49235655582901,6.67097642931583,6.93790276300931,6.65407731243379,6.09394137308234,6.81057762766902,7.02892574176998,6.52550162219455,6.86521399189834,5.80415682570876,7.08484818762185,6.44812146261046,7.26205424758722,6.25322283761196
"VAT1",10.3492267084284,10.2356802800344,10.6333762861024,11.0284223772604,10.4138059228358,10.2770420970682,10.412332089636,9.79413119901305,10.2044956462035,10.4003172514277,10.5359448003842,10.4230609138559,9.18264654260368,10.6126674543481,9.74187608702187,10.464935881607,10.4095235449361,10.6018683811395,10.765041408041,10.5898854981886
"TUBB6",8.11957464042424,8.17911844254849,8.61871598444889,7.59499240444482,8.28104299724118,8.30128570963539,8.34480312697607,7.93166470537165,8.19305713962392,8.06326804228127,7.8883287816198,8.60123969604234,7.09991879694497,8.09447107456201,7.42562980580614,7.86192066410881,8.78405622642044,8.08949467376247,7.65883488129912,8.41123023016009
"TMED5",6.68290028416108,6.74003863326109,6.56888391636903,6.43070474247434,6.78645332319996,6.10221383848545,NA,NA,6.21204013620323,NA,6.6146441540282,6.23127261515447,NA,6.6326079697011,NA,NA,NA,NA,6.34761393109102,6.77161496913673
"PRPS2.1",9.20935677507028,8.93616900688331,8.65964905731123,8.00684048754021,8.68410897952022,8.40836376376692,8.67557305067988,8.51771132212635,9.44017604193709,8.66106900278525,8.2789542855342,8.65484127253258,8.02303485234122,9.18559034978844,8.82421993159983,8.66057213069513,8.22305070530148,9.60703628162636,9.33600044771255,9.32178539854279
"CD68",6.6763123381007,7.16506781007074,7.40704116424168,6.14046279724337,7.34895770288237,NA,5.8803898743521,NA,6.8793795122509,5.87911832185778,NA,7.00039097188316,NA,7.06026380300372,NA,7.17709680438256,5.33752700761081,6.32248105103734,7.22931814518738,7.51971468957925
"ELF2",4.26446534917037,3.7701194437063,3.82288119722358,NA,4.76124616190674,NA,NA,5.01575779206441,NA,2.31477323625177,3.88427153910022,3.23810573971148,NA,NA,NA,2.85589413067737,5.16836576172354,4.72498870786603,NA,4.45232009528345
"YWHAZ",12.1580920682169,11.5215797453492,11.9672357321276,11.9220842987689,11.571570968109,11.6518297246869,11.5775863291246,11.3232958273909,11.3400178958746,11.783795299024,11.530397278896,11.8618785658369,10.7117392787456,11.7924684907085,10.8543869618572,11.6602038325591,11.663199025998,11.3084971593734,11.8379001885153,11.6223169429814
"RBM8A",7.68884029227796,8.37102096521112,6.90767673896717,7.85306330361044,8.16211174438613,7.95674040709421,8.13583754777136,8.82413716599602,8.97599727095292,8.42658417408169,4.857923210672,8.29874233843022,8.88944988804197,8.57676132344114,8.260592203507,7.88018018480681,8.87466785670925,6.40371353122405,8.10681640771235,7.73883094507241
"CBR4",7.27458693708603,6.33520449371866,6.72715856852552,NA,6.95648553834144,NA,NA,6.50411649588628,NA,6.79839031813595,6.21263615303745,7.88413940025212,NA,6.01811115126539,NA,6.11437158796928,7.55122121524945,8.16653059418199,5.96507196940457,7.1611703434045
"P3H3",5.17809607495827,5.35656352898169,7.08592252775535,4.76022693662143,5.28926992144934,NA,5.9974731535364,6.08331235090683,NA,5.285179901215,5.35159523433527,5.67712047104253,NA,6.18123555651525,NA,5.35833486394201,6.03176699098488,6.21311618579538,5.6770105199522,NA
"PTRH2",7.00811947929465,7.09338657078327,7.34961249264998,7.19807233956024,7.32376309824769,7.55377641096793,7.62705983755104,7.07114173343574,NA,7.71883291146454,6.97039422821157,7.38392856053052,6.48826009188265,6.71159284405741,6.49688697221564,6.91286986586225,7.67100009431852,6.77622176102521,7.19329064822642,7.30084942234338
"NUTF2",8.74825683185067,8.84179377358958,9.07284699182885,8.26502472027154,8.37946001491668,8.4977221648264,9.34058595751646,7.56464820682504,8.64308918859933,8.95995017375732,8.90663719830751,9.89216878606888,7.37997779479995,8.05435454177766,7.45740523617697,8.76131107253644,8.77686325237811,9.09351285322512,9.70425697437486,8.81167161388866
"CPT2",5.96960797620846,5.12057751776769,6.42271050290884,6.50631960329867,5.7244593050937,6.37098388609255,5.53808525744439,5.42190948960218,6.1419597037445,5.7491148608384,5.75068430167491,6.32292793746196,5.35833486394201,6.2287144559515,5.71515197237576,5.362083363582,6.53747353482884,7.31240884741738,6.07113581344212,6.140206715168
"M6PR",5.24796141797032,3.91523848479983,5.37387301669187,4.99570681399425,4.97299311316093,5.25164270292565,NA,NA,NA,3.94365204845234,4.3709090305336,4.48223487217241,NA,5.17970507343135,4.73838729650293,4.09761707500084,5.07472730687106,5.41476082278985,4.72622692696306,5.69116967166267
"SOX9",7.22390137863633,8.05181528710293,7.64687585716187,6.98243653526133,8.01781457353309,7.39425407267377,7.45172573759818,7.04165889710836,8.30583167631649,7.79153652209697,7.80009770742078,7.65694473961631,NA,7.57771720936856,7.68913228173689,7.98821824600952,7.94872279095138,NA,7.56327871833483,NA
"CS",7.24165536894381,6.90299442803577,7.30809606417767,6.98061830819024,7.8732605538763,6.41670375215966,6.15928094772344,5.273679327655,7.42887319717821,7.5914515546962,7.19891575879488,7.44902733410653,NA,6.91042148301562,7.0901457636337,6.02144705634484,7.6590180932586,5.81142922674022,7.06061756932622,7.94399527874679
"CCAR1",7.34698662489009,6.9746398693823,6.80461068827417,6.77853038937765,7.26402425454405,7.26387550764271,6.43268859862232,7.16773629179531,6.66885413862544,6.59020123918162,6.77149565696939,6.86732247118914,5.71307671671703,7.01083737954421,6.43389763278382,6.6120754872382,7.15496653997272,6.99257940603725,6.7252477901599,6.96397711376523
"COL18A1",9.00102353830752,9.8414286821693,9.35752822112855,9.5606339820235,9.82882519512359,8.73024584601161,10.068922169579,10.0160732411461,10.3892679097845,10.1008002707971,9.16412188973037,9.71198452709938,9.64193434264629,9.67376033136807,9.40161221163517,9.67592696261027,9.86648677883205,9.25674653569554,9.86413896506062,9.27305557612652
"RAP1A",8.76337346377794,9.05035322012723,9.35579267160067,8.93814262417788,8.93059724884524,8.83531332604174,8.83221436509809,8.90436431771557,8.98164803790685,8.26368483131278,9.24319123088387,8.56344702773441,8.37160554649612,8.75604531759792,8.34033316597986,8.56276073490264,8.57526010220357,8.67023030810226,9.08140781533425,8.96674988676611
"EEFSEC",7.55713812508731,7.25591260097533,7.59796827354239,6.14424368986764,7.29874732457059,7.49403549073129,7.07613577373865,7.55313601916615,7.6274053049171,7.61694016860903,7.61935357883567,7.95063888525093,5.64677937265199,7.84435565518518,7.65403744089707,8.10070333856583,7.52518373284241,7.9027521204887,7.71726842961113,8.10739792440622
"SNX17",6.90826483481748,7.23946132224555,6.9628359950505,6.86179269300005,6.70839144400493,6.9169866514018,7.03537767227869,NA,7.54058436309051,7.56685761440192,6.31058285656832,7.17452695362432,NA,6.94149709766048,6.951214710702,6.82246773044664,7.29558099432326,5.66391160805602,7.48437157476774,6.41581994486176
"INPPL1",6.17662193869961,5.57153782890498,6.1984954818099,5.76121679777599,6.01190786366443,5.39667118022785,5.45145988368037,5.58127130414241,5.90429994800455,5.78847279341231,5.96717805097465,6.21195969004734,NA,5.80870285834424,5.51077749295088,5.61124373686844,5.76912686606151,6.29920710572526,6.17391906556759,5.97741574847335
"FLNB",9.59100487224237,8.81887733512065,9.53275075885286,9.02590177495795,8.9993745082615,8.70936051731734,8.30466756455669,7.79293413392914,8.44459980779417,8.8339885579196,9.1583614441957,8.95468506911147,7.71957486409614,8.90003483402284,8.00175190643619,8.90464032544258,9.33940642341297,9.37124776136024,8.97343154917096,9.77038930378559
"EIF4A1",8.09453701837569,8.65855553371039,8.39626673476386,7.98525899257181,8.52203508483611,8.43186824492661,8.50325667501255,8.28087059481806,8.96682386106081,8.7801050681668,8.06072476527142,8.67296109599091,7.61247174273014,8.83049003061355,8.57670150857185,8.18281246685094,8.90009909832347,8.32104234055344,9.01211737462941,8.67417279406337
"SEC24C",6.79860981857711,6.14225880404047,6.59236751402599,5.65546389652137,6.71385479625299,5.68745360938217,6.1094367138705,5.3358210389352,5.64757587390676,6.28758014392602,6.89285295409011,6.28753789762124,NA,6.1706020223127,6.06072756729884,6.34304608810346,6.57585258878997,6.82943148751022,6.24367818950937,6.70515193848006
"ATP5F1A",10.113733140178,9.69584302098224,10.6595621708331,11.1402522294574,10.6852540462078,10.3512085509318,10.2006939082093,10.740089366478,10.339076391316,10.4654121250475,10.1999853329939,10.3838321989518,10.0318488207299,11.0717566830582,10.2009342574933,10.3748637177387,10.9300841212867,10.4021493986513,9.55172733710551,11.2294066355755
"ROCK1",11.8718939634928,NA,11.8757249174143,11.5372956086395,11.8026826636545,11.3388760665574,NA,NA,NA,11.5963060417144,12.6842398777161,11.8276528498071,NA,11.1812504320948,NA,11.4922590129312,12.0703981073091,11.9471374758451,11.5555889389217,11.340877769643
"KRT79",8.64035098419581,9.64718753771421,8.77753246764304,10.1540000144273,9.98174950793872,9.71839433336267,9.87339661408433,9.81870787950205,10.5644735076806,9.5527482346222,9.83612789877037,11.2088234053933,10.9892896982352,10.0989372276049,10.7740037734364,11.0079787307585,8.81758764981602,9.10155111543389,10.3329771705727,9.76628287496689
"DRG1",6.69005881659089,6.99810966805164,7.03920264115014,6.59310089083977,6.90024713079109,7.12459358237988,6.99955021086094,6.19596719163335,7.52748827811552,7.10308866123347,6.66676278746085,7.4274849230327,NA,6.36554667306602,6.20191068294915,6.27745579597279,7.25776571013567,6.67093025676854,7.69520249622511,6.79647238000324
"PHB2",8.68913261123574,9.29538183253811,8.75878307178555,8.11488890784382,9.17452329439664,8.73648552625316,9.14441706176111,9.1182761032221,9.75111533408987,9.24558000270045,8.37681111756646,9.08312561054277,8.82874290738801,9.61364651756442,9.00564397297049,8.7812219590084,8.95857872480835,8.59855615261006,9.042806666083,9.56924149833468
"HIBADH",8.59043068478551,7.68365752019858,7.83497389875743,7.97971081387431,8.10822396885595,7.50948341993066,7.69902227107602,7.71309441941644,7.73427726493929,8.01984533890379,7.40502605750624,7.67414220284916,7.39565934564072,7.72949933034479,7.24720915388254,7.51350049098182,8.46206365765806,7.92772146747222,7.23201116525644,8.87955641696524
"CHMP4A",6.32408012588607,6.21597362177104,5.85892562939603,6.52142819898311,6.90930375527876,6.58007312496434,6.24147522094328,6.53286578649015,5.80434904098794,3.68933019969187,6.24469549506755,6.08538383919853,6.54206998452379,6.48122781448361,6.31118645550862,6.32678761867209,6.38437929646836,6.49348556761488,6.23907035475803,6.75589852363688
"CHORDC1",6.09533328498239,6.1301388715676,NA,5.96811163129601,5.14332167856101,NA,5.83831286042365,NA,5.75632455171498,6.45933831687762,5.78229862745035,6.17821604424189,NA,NA,NA,NA,6.2441310848602,6.47237518206959,6.15312123028478,5.09805365999034
"STARD5",5.29065442994046,NA,6.71165496873688,5.88967409631463,5.55730230464002,NA,6.38395823136194,4.97083647176756,4.80465476073614,6.14460432936996,6.21667974827165,5.89773587660742,NA,5.1341897543782,4.67760884381675,5.90963494279454,7.11041262779746,6.35135543759228,3.52611027414809,5.77715052316928
"TRAF2",7.65690901115907,9.07550874924385,6.48859073334865,7.04068995761158,8.28280137658869,8.4656447719294,8.79060821274829,7.62570261488525,9.06782879264948,9.10695688084738,6.77332260511847,8.90671105549243,7.69170620499037,8.79813512783474,9.00878749556487,7.3816205712514,7.13433618582814,7.9846033377524,8.78240990940257,8.81662975423376
"POSTN",6.46571408952385,7.23412085862859,7.49342653193442,7.61544259887492,9.46495113123342,8.27728175420993,7.4794760169362,9.68639024983054,7.72863475237503,8.71768928296698,7.49573064651419,8.5014301174626,6.81170581230966,6.09585285822289,7.44086854004187,NA,8.40843276657719,6.53685287969517,5.82524467684105,8.86061000712549
"SQOR",6.59347131846921,6.47922447286045,6.12445044577417,NA,6.79870770346065,5.64724272339509,6.35088105312099,5.44721707973878,7.04462448156797,6.76719523402696,NA,7.00765128826179,NA,6.78429017480819,6.54905543365869,6.00922151623502,6.47960283618489,6.7630326569922,6.67983649846378,6.53399988523143
"TPR",6.84490094188246,6.24284867162629,6.40641258507745,6.13582542580865,6.09642241874673,6.49302639444552,6.35377874731557,NA,6.20841397276894,6.54929415113895,6.56364046041952,6.48295931553328,NA,5.86312498269561,4.28575911577514,6.62255210562978,6.79885922127671,6.40576146536603,6.03103970554202,6.53830219622011
"RNPEP",7.85182690863173,7.36189230243729,7.5297840799103,7.31208600945282,7.35813383165549,7.10906486935118,6.98594859311529,7.41583276742983,6.87445534846496,6.94471437003415,7.52050044896947,7.57073908062933,NA,7.18318337647654,7.0979196179419,7.34249036108134,7.1093569654318,7.14602254553125,7.99973055537177,7.22106256203353
"SNX4",6.10218548429354,5.82328838866019,7.14485678687159,6.32859890054736,6.56362616020681,5.89953395260667,6.50440521284962,5.70855849534584,6.53523306273482,6.67332402030851,6.44189445358951,6.98327482588932,NA,6.78895884375188,NA,6.37071210461757,6.9487231359819,7.00316932024687,6.51696892315602,6.22316842848457
"RALA",7.23509301420816,5.63617104742232,7.27400756360807,5.87999406405041,7.01077765977744,5.99586528690586,6.81012279571244,6.18302510690811,5.68596935410683,6.63509877372305,7.02284142640826,6.88842871966042,6.15047322970759,5.32009121512549,5.78770505044069,7.14724818435111,6.97789690506253,6.95705226550046,5.52702279758064,5.89086137865911
"ATP6V1B2",8.12540478450556,7.88365849932733,8.08201495338256,8.26133272110653,8.2361428024519,8.27248009593815,8.13250260966719,7.86358478453965,8.07783686910292,8.3404716252058,8.2965319574515,8.42705092903107,7.32773460761858,8.30337024721429,7.96185854316624,7.95038038487865,8.13982228539715,8.44796964410695,7.79756926535742,8.18310265927118
"ZNF830",4.73556403856294,5.55462184088995,5.20792518844759,5.38397293984698,5.75477570143103,NA,4.88639826455197,NA,NA,NA,NA,5.80844083863049,5.43041712241293,4.06908441408538,NA,NA,6.33050153304025,5.34667145316579,NA,5.67103968787202
"ATP2B3",8.37832937465651,NA,7.32053822336161,8.00903468680909,6.8944821655851,7.24089929004787,7.29122015466167,6.40314034313098,5.77774229729509,6.83479593287404,7.34685681673664,6.93727834124171,NA,6.95544458947685,6.11949062804844,7.88109489045404,6.42800814035618,6.60302869600339,NA,5.62245966260027
"OSBP",7.65188084754277,8.16818365486238,8.17924244653644,8.18775544895604,8.21080170600028,8.58546520444261,8.15457752040499,8.204995157717,8.49177701879236,8.11166655462251,8.0230080226479,7.95813940758154,7.32315180989682,8.49884539633002,7.82331798394593,7.73228157364399,8.28085356200389,8.04682382265833,8.85687172947976,8.20937047278213
"RPL30",12.3986944604819,12.6600750312512,11.8981305885159,11.6502677248476,12.4502022494156,12.1052346123001,12.1920558104403,12.8116636824315,12.7753290513895,12.7898652447784,11.2726981317088,12.4438763567312,12.9322652353483,12.7800203464893,12.867735985499,12.359251430512,12.6017505898869,12.3003830581325,12.6041591591082,12.1225161332485
"ATP6V1A",8.51414443485418,8.33727881662586,8.72159997905277,8.34654297384198,8.47552136060882,8.39823144469806,8.45481968910643,7.50342913700238,8.29872415948552,8.59599985785637,8.82034531867428,8.9428501360731,7.45066498919668,8.33443147968357,7.64579546965419,8.29809655161096,8.58750694259707,8.73336086778514,8.24341166181853,8.2502862860949
"RPL31",11.4223952055814,11.3161348517761,11.2072955042874,10.3212005583304,11.3705148508265,11.7818150709279,11.1389927511606,11.9334102769787,12.1064728606112,11.540465417086,10.7219051068716,11.9417168241522,12.2246144312603,11.7105488914677,11.893617027652,11.1402471502917,12.0954188896246,12.1410767365023,11.6704956140344,11.1315812147859
"FBLN2",9.04162770236185,8.50871301706055,7.76304198141595,8.11875976000462,7.94153873219474,7.10003101461967,7.84824363871707,7.74005509800392,9.10036102381417,8.75627549711293,5.99261025491556,8.87564984911315,6.56365764219684,7.41588359766577,8.45719168294708,7.32872002715509,8.07085796783843,7.55593307459161,8.56373838579479,8.34050302770488
"UBXN4",6.2818080662647,6.20470160286053,6.13905746099213,6.37309599385351,5.65446171451908,6.77248281628784,6.15686383941132,NA,5.60337920158137,6.31397349669694,5.63881975231693,6.40600777888607,NA,5.96506820074791,NA,6.37921216427083,6.47211826274845,4.58445903128633,6.30314667319911,5.64771763600135
"SNX21",5.52016672909015,NA,8.61647728415108,5.84744561962114,6.02287307012581,6.14893622512384,6.77952531790661,5.23302718888554,7.78035496391848,8.15796482061578,5.34598709491302,9.4071492677175,NA,NA,NA,NA,5.87850802975259,5.71526114551933,7.11077323738725,NA
"LSM12",6.92827383889524,6.39963838493358,7.01106940404382,7.26818560974839,6.33263945558724,NA,6.27072432239853,NA,NA,6.39957265307869,NA,6.75862971649763,NA,6.14983394357135,6.11176400084351,6.53949195226265,7.19964572397142,7.49097257166826,NA,NA
"SGK3",6.3634106844097,6.32319102521812,6.8349893485217,6.81355216988548,6.40161298756301,7.02224166034487,6.08860513114113,7.0545310579204,6.75073460907378,5.97533634383167,6.14663388254686,6.26778910025678,NA,7.09275605828656,NA,6.29002954321895,6.47343584192531,6.13237191295563,7.37385156331563,6.74877266235895
"BANF1",9.85355265924839,10.1129589152365,9.70746234107283,10.6274843859027,9.49464525023268,NA,10.3172668986604,8.67096327305639,10.2694696186968,10.1870961258101,9.52536520585717,9.95726300373403,8.77900040264633,10.5104591661879,8.97598761200644,10.3704611508356,9.94534303044972,10.3018455582475,9.77638031589504,10.9128374288442
"CNBP",7.26952966418363,6.34114188685607,6.833013560775,7.14053263305859,6.75689602307421,5.95440513669913,7.32579697879934,6.37751685007615,6.39688003113762,6.88784802890697,7.37459658738281,7.43455410474058,5.40987433073999,5.98175692153199,5.71899387469595,5.77978983420904,8.03628622090122,7.43564998073052,6.33928237161267,6.82513718593539
"AP2B1",8.18642697288029,7.82258788254876,8.3658558288354,8.21544034215921,8.37166970832966,7.78505191404061,7.67904292755399,7.84075061574409,7.72010424478196,8.18032388242122,8.28313175146884,8.234433697591,7.25969170288684,8.04125865676113,7.53335699805478,7.94136639324983,8.38725451115938,7.96032359986306,7.95767696197066,7.96031028422284
"POP1",4.86939255758631,5.84246451170424,4.74147541667944,5.04180352553108,5.83321418929598,5.68351700551369,4.2361799920701,5.71665436500319,5.86873586951145,4.75710297723582,4.3392834215235,5.30374724126688,NA,5.97141377895143,NA,4.27415076687492,5.81716113761308,NA,4.85593450297794,5.53371433704185
"HSPA5",11.6228310646385,10.9536785552928,11.8864577964478,11.828306157444,11.4004940685173,11.433970274579,11.6476069719402,10.6632050156612,10.6125446530322,11.1344282118233,11.9106273664708,11.6663785320348,10.2684087539728,11.1357204261745,10.5122001490788,11.1929988553783,12.2120678616286,11.8005387541193,10.7388298726561,11.7133754008365
"DDX23",7.70160932314068,8.51654396403138,7.36584371609978,7.20501906035862,8.16382612215883,8.55444730191212,8.10772888296066,8.73053749270673,8.97309493239238,7.98448247831695,7.2232003167693,7.7812668378878,8.59537761426772,8.34026832179402,8.10453653327408,7.29245565824495,8.02895166481157,7.77327833182251,8.24175279020476,8.0773518363081
"STK10",9.94286087152314,9.67284170031374,9.85348984547547,8.04146580598206,10.1870916377284,9.71071302767049,9.92418450926897,9.96084729298727,9.70745944459089,9.68136279058846,10.4283109655281,10.3372318495384,9.39451828785445,9.74392079650706,8.53008315696752,9.81639178054704,10.3289902303141,10.4463233373596,9.69571468530796,9.58027284048943
"SRSF1",10.6710551581529,9.94447464436077,9.89063214948782,10.0557298596412,10.1984785165729,10.4396947534078,10.3281824047375,9.70476622327106,10.323458239926,10.6009238042676,9.21301977399442,10.413050238309,9.7161632035178,10.0196829664934,8.85861407547377,10.1206576921383,10.6204191472899,10.0729551134501,10.0800419571118,10.1516227322041
"RPL9",10.4837080193498,10.8939720776397,10.1547761378069,9.76955233037889,10.6358357724737,11.2527146589904,10.6286250821357,11.0009493213281,11.3806684263626,10.8013826947522,9.70379234331767,10.7152365815133,10.7766174117746,10.7844687563395,11.4067951356252,10.6044752242896,10.6342094550278,10.8576118130216,11.1015425794761,10.2068103701422
"MTHFD1",11.3230995287047,11.1235614606519,11.4478200209567,11.0207608015383,11.1813869735271,10.9014422960632,11.0941547506315,10.6252919582835,10.7465652511256,11.4506657036183,11.2788091649323,11.1765078946455,10.3247705093279,11.3064825405197,10.7349751618444,11.3706568968222,11.1574423192724,11.3171621248283,11.394060381313,11.5273757289744
"MYH7",2.31477323625177,7.11218853923541,10.0401828498468,NA,3.09058193493459,NA,3.4415241643764,5.33001826158364,8.29415790745885,3.81388301366491,4.73475406691945,5.97314786757869,NA,7.6405067663237,NA,4.98451867045511,2.83517371629211,NA,5.56675137929169,10.3484846261565
"TRIM47",7.76985302499408,7.4026364941252,8.04288812990193,8.04902628941784,8.40829890942564,7.8648555302691,7.87249916984558,7.63053891496543,8.23837207872532,7.64220237039702,8.0816760774662,8.34413941094517,6.83471692064188,7.41467501767365,7.29540270902042,7.56500280405454,8.0032998330648,7.62286367521715,7.69133903221024,7.6634702632131
"RPS26",9.42701385256619,10.6989880427937,9.12128229923484,8.59835777243116,9.71906320484586,10.1619731401975,9.81307087449888,10.6979689809393,11.1805829255414,9.70397702815843,8.46747562470706,9.41342486970068,10.5600550653016,10.4431373208687,10.6760801694839,9.55592609496511,9.83175414300262,10.3497453017946,10.3877417230029,9.42058979092661
"TLN2",6.94011876168537,6.55905745854113,6.53286624539478,6.87287781025483,6.11662343149937,6.31925858932487,6.54935974085319,6.04677953632341,6.62752292439346,6.58698326708567,6.41157918059036,6.82120131477042,5.39962825836584,6.4627470401301,6.84514681308388,6.54438303486313,6.82052793620711,7.42482066323553,6.88476856976508,5.944984231922
"PRKRA",5.86868399573691,NA,5.97734894517003,5.80014891812662,5.97825608094822,5.53210765528884,4.5973360147154,5.88451665895146,5.21912724833576,4.18156671833757,5.40661243517462,4.76545326667777,2.31477323625177,5.88184427205245,5.61934335092712,5.19591825606724,5.6097797543778,5.70446665125776,5.30096860134917,6.37999510210284
"ATP2B1",9.92907469525539,9.01045455527437,9.32421995477284,9.68770985034448,9.40663496815305,8.95544422231991,8.86420248922647,8.2667520084742,8.54328799339046,8.55830493222422,10.3800694826496,8.50884088066015,8.00303270726081,9.11055170818879,8.23024800728561,9.29699307147999,9.06341159467136,9.33790972419014,8.89802085780556,8.94147134603976
"MAPRE3",7.09355834168398,6.63597596341584,7.57339516881243,7.03014322506234,7.83204662544374,6.73160458622112,6.54323271305421,NA,6.45122710931098,6.74648353488276,NA,7.18273486568039,NA,NA,NA,6.68186947517115,7.43842630969939,6.83578904215633,6.28605190188889,6.55342041263476
"CKAP5",6.86534375435027,6.80569153798107,6.74902011106278,6.28911654695228,6.70353543187542,7.16251865477726,6.26717568337345,4.63568642736562,6.92011058710593,6.75846275771824,6.86763151091383,6.66828231933297,5.22559178699222,6.67561710556422,7.34136022991652,6.66875517162712,6.72446380521571,7.06959493661022,7.51629216340927,6.36591166280567
"GOLIM4",7.10947392052975,5.74607867983137,7.10845220254937,6.82371998827467,6.60193836591129,5.57039029428734,5.35328763884995,5.06240076228794,6.56822287770183,5.7282561773835,7.07699907527307,6.1878608982018,6.74506765470491,6.04500666608492,6.66505380372547,5.42589909862711,5.98217145231997,6.30958263895105,6.20255030300686,5.84701669110786
"RAB13",7.83389073702126,7.4603726075767,8.31045073672324,8.05535795300501,8.24969801331143,7.9081496856226,7.9445894177712,7.77613579958245,7.41254031043814,7.57917210758899,8.48121418158096,7.83411539712137,7.04534497449363,7.67757876352452,7.17706947755342,7.34375173213251,7.88658271300251,7.94466502185059,7.60157456907775,7.89244584119024
"NANS.1",11.2754351097059,10.4164866511984,11.0874833653933,11.0687503408028,11.1492107782337,10.8253664887854,10.6925738366946,10.7326391456305,10.6183981311858,11.2242251685922,11.7370529980362,11.1400317772815,10.4133500088169,11.2966225902496,10.3335507864932,11.2749571524987,11.3002694557848,11.4119131566103,10.6400088592431,11.162867998781
"DPP7",6.37276728961665,4.28545955538168,6.36547922638615,NA,6.17167775871411,4.50205843872012,6.0201176832738,5.75350866083061,4.63494671882139,6.7054873420201,6.12795688364381,5.43634552983838,NA,5.77912535883771,5.92437904007207,6.36224548460119,6.13750433847473,3.66095880113439,5.93499395006069,6.20136557304023
"RARS1",8.07749592546395,7.95642349408535,8.20784520045763,8.11277266865139,8.21655069912795,7.96714248838836,7.76388834740654,7.52962777439528,7.78979984159518,8.02627637077718,8.45766457047456,8.21140220646939,6.867761731447,8.22175592420074,8.14064616764689,8.09107006071555,8.04288528461016,8.22765145739422,8.57736369436012,8.09471229288404
"STC2",8.16063990782836,9.61152182157509,NA,6.0478176491368,NA,7.04764110493359,8.05420634282943,5.88961740047169,8.89913963413082,8.87596443602218,8.77449745467355,7.44651183347861,NA,9.13779209925464,7.92724453627779,9.9126656563712,NA,8.50884753530005,8.9175429187738,6.63655688610218
"DECR1",8.61568096825912,8.28927769287176,8.6235081429451,7.82408743442723,8.52385126291009,7.73524214471046,8.52430430011341,7.76205435915703,8.05845711420253,8.50899261533493,7.63238669139782,8.24194861946095,7.51482062672623,8.6980813655881,7.64221588329764,7.85369714760983,8.26337190318587,8.68180606768063,8.25781933447265,8.78718230577732
"CARMIL1",6.4576733199315,6.04371828259567,6.34349985699649,6.45498163390748,6.51474775794921,6.3920193718107,5.70596920740142,6.17807982684765,6.02580616076449,6.22468163709354,6.4159660148685,6.22301606954265,5.7181591007894,6.39786856276898,5.88051658259875,6.06120142414764,5.7809426846291,6.36312471711646,6.5222809398192,6.64639805783601
"GRHPR",6.48427013716816,6.97802482245929,6.47341340342437,6.94226260009327,5.94629766823776,6.78373801065241,NA,7.66980154253631,6.8984937210234,6.32317339765287,6.08037394701674,6.47524193856664,NA,7.32132464551481,NA,6.70042166267297,6.48122186592111,6.44641136593012,6.88335889568962,7.19545857014763
"C6",6.93851824802621,6.82378263882637,NA,NA,6.87788571469051,7.61046677481512,6.87090592427921,NA,6.33843136924002,7.37928542507742,NA,7.57976345884272,NA,6.88689088831002,6.98256063903527,NA,6.52434602682612,6.74672382891073,6.52541117734496,7.07491110922234
"PSAP",11.0527474019326,11.2688464580687,11.7837357015265,12.299280021566,10.814378692734,11.6369683287103,11.2528174129793,10.8499782705678,10.715445618612,10.9815867306476,11.6119615100658,11.5976341194788,9.85708328961664,11.2324905181918,9.89964958242286,11.5509810070027,11.8709905496675,11.40240447896,10.9540759775596,11.2236801884493
"THBS1",16.5380765288801,16.1805655234228,16.2417568765485,14.670502807236,15.3988548357584,14.9162197877885,15.123991844159,14.8255024127932,15.9188901121707,16.4019065721365,14.8461293072442,16.173635272633,14.6482722205771,15.3561738164796,15.5077059575882,15.3316100058405,15.5709175018066,15.044856788932,15.7356335517421,16.0164936085474
"LAG3",9.0941263441469,8.63733970939408,7.5341077376001,NA,7.10558223375876,NA,7.39869190702581,NA,9.13661520914361,8.73500110439995,7.487074258406,6.4465778613301,NA,7.8951073812419,7.81962956262881,7.58660882720701,6.43122117837602,6.8769014677112,8.31453176229882,7.22954786902104
"CA2",7.38117120027801,8.32943421896613,6.47207076514708,7.45649704075694,9.69256939775733,7.62624988411422,10.0370559994167,7.68015964903007,8.78894869900262,7.95695286410549,7.15714096020474,7.82178446521892,6.38225048938725,10.3143684980038,7.01224945502075,8.92148107117756,7.51726073882632,6.79596627062843,9.39528342781799,6.06770520463797
"BRD3",6.52534653869754,6.57435662921523,5.80736387834726,5.70674146556818,6.6186883245134,6.59028748866487,6.04117174176786,6.63641340854038,6.81106076182183,6.00871110978859,5.85530197978055,6.12806870238646,6.54875698896182,5.91859636670737,6.84323715648343,4.55867192419707,6.86100162688396,5.98093722601829,6.17188684636697,6.08144756345935
"COMMD6",6.04162338954071,6.21790493033776,6.20522879111222,8.74012947744605,6.52672251371477,6.82540810312134,6.2908396078041,NA,NA,6.05926143030009,6.30764867797326,5.78978210753373,NA,6.54980398388424,6.57171080164518,6.44065098746324,6.95018304016005,NA,5.59592601650849,6.3236101603374
"BMP1",7.33376996495461,7.47107407755683,7.22109517319304,6.26147046291411,6.3229908656266,6.79793113787211,6.82115346662343,NA,7.50852975425076,7.44510748070896,7.93723186139526,6.88160711602016,NA,7.11753454696815,6.81280058895354,8.27993154937891,6.8304986236694,6.89498411205184,7.40287510679273,NA
"MAN2C1",6.88689682814784,5.15658130206751,6.77633741293052,5.25896580077813,6.21793676290815,NA,6.29385719972209,NA,NA,3.42813237284399,6.61631369834166,5.96655478085363,NA,6.36035177145139,NA,6.22267939002846,6.05980004443568,7.34231322339965,5.95697975595743,7.01863898834497
"LARS1",7.03692809186875,7.4968244303294,7.31606196083494,6.63057554178223,7.54526826710749,7.64686638065297,7.3323122997761,7.76500418126841,8.17296842276194,7.70002081544089,7.34965663730898,7.93596956082155,6.58702904322214,7.70346847496539,7.69513906258923,7.24004532641381,7.34321780261533,7.33949713013859,8.1393685962969,7.28745313138225
"PPP1R8",5.42627146903377,NA,NA,5.41189072480586,5.0116159772794,4.89472674717965,5.22470787875032,NA,4.44780884488231,5.2597842792933,4.90709284077313,5.40880368671202,NA,5.3890823339464,NA,4.60014900077927,5.66520688184138,4.90850559687438,4.55199767711393,5.0555286820743
"GAPDH",14.6971701109763,14.4122567081103,14.783353631528,14.7878797800525,15.1193578054479,14.7892860146106,14.677678099207,14.701101081601,14.5223392221632,15.0761480366427,14.6060986159484,15.1416848944495,14.2871513148637,15.203105963666,14.3267133576955,14.7183985640503,15.4271162251838,14.8208205979238,14.6309566299014,15.1000609529
"EBP",6.39922376559104,5.93422406760882,6.01715562158031,5.84508009449209,6.98458336479973,6.15465561551021,NA,3.49692147650456,6.09772169569941,5.77579852231806,6.45366972591914,5.90694480936494,NA,6.63147232932062,NA,NA,5.58728311158313,6.31414493599418,5.774947509081,5.86097574925038
"NCSTN",8.84275476751964,8.38304770037856,8.69506142094696,9.60756124253504,8.75813183620023,9.00337696303662,8.85241205386543,NA,7.8906678250393,9.12996774032903,8.80352162302882,9.13675230761822,NA,7.76164182900528,NA,8.70355042810298,8.45078437223167,8.4185486938292,7.67643446468851,8.52560906686254
"LOC106783161",7.17242215471098,7.50428712639292,NA,NA,7.23514335312477,7.06770038716072,7.78002695225671,6.85609649300851,7.40814109485656,8.17284203890632,NA,8.05899899669365,NA,7.0645577159789,7.55650309476704,NA,6.51378420361985,6.48457779650007,8.1795284719154,NA
"TMED4",11.0780593289747,10.8770089824024,10.954294853833,11.58724066791,10.661644892171,10.4818264515924,10.4174339981914,9.98438313673232,10.7674741582284,10.5290722097634,10.6090389721901,10.8956816394311,9.41546309857355,10.7438287175703,10.5545609708594,11.1284805779365,11.0556262911529,9.93159047873743,10.3498463433216,11.0242175098823
"SENP8",4.81450554285668,4.85196003100875,5.8752125592466,8.60254784210084,3.34537702243573,5.34090340924133,4.85888735003388,NA,NA,5.6815669142913,NA,5.93568298692908,NA,5.60878269958419,NA,5.6272047273941,5.1364696208912,4.84892052665101,5.85427275953408,4.65167478875971
"GOT2",9.2526140583769,9.4389275960057,9.27818307844213,9.18337235028404,9.24040592316218,9.1499976688684,9.37527039850767,9.12506868071955,9.92994896557714,9.48918323657652,8.67832599502937,9.48752724329683,8.22273791592667,9.69264599659513,8.62600843933029,8.79096934098343,9.25898687118995,9.38539270956274,9.50967746081675,9.85382130798859
"PSMF1",8.16391353468675,7.70576885625092,8.29122530307786,7.88392182047481,8.05146250184298,7.96920143661526,8.59893483311353,NA,7.6899741334073,8.32947129657536,8.01078868272284,8.29636318690755,NA,7.62106211103312,6.94153729466894,8.20891841061859,8.03492176960703,8.00569440485748,7.93625479365634,8.15494969456382
"PSMB1",9.00937857087854,9.27616280621438,9.19033235055761,8.85277863683888,8.94177066076613,9.10727107480894,9.24902796666856,8.96614977082618,9.1777087366801,9.16744841993069,8.67349321048184,9.39925396383491,8.54806147085343,9.45283641474301,8.60200976496813,8.89611997369117,8.9167996804524,9.28282622214181,9.22072046733812,8.87488250283843
"GBF1",5.37685401592648,5.18490517130893,5.47481863140558,NA,5.86102843913639,NA,NA,NA,NA,4.05163485725959,6.17230562920101,4.30817853855197,NA,NA,NA,4.48773352787433,4.85662184641338,NA,5.45225933786841,6.07656156326154
"GOSR1",5.35569798628343,NA,5.70160382810242,5.95222281358933,NA,NA,5.82644951718581,NA,4.8909986300701,6.1731419148264,4.74778694109134,5.83934538023443,NA,NA,5.3334299830784,5.85670195629226,5.87177788042331,5.52159073427164,6.10681969018159,4.10526377018491
"TSPO",8.71940033487812,NA,8.35608299431729,NA,9.89084190398224,NA,8.26403083508992,NA,NA,8.5927268123371,9.61839474621116,8.26710452182802,10.2542253737856,10.8758577946451,NA,NA,7.53040172824395,8.85962064059912,10.7322978466316,10.2980344718631
"EFHD1",7.58996242019203,6.86559565468303,7.62157180320204,6.49901663410992,7.30867432519763,5.94867106295324,7.39379297489156,6.16040773177901,7.11174635333019,7.77798944963308,7.40887703785891,7.36998768493344,NA,7.00383860760764,6.29173180316205,6.82385744750156,7.9838239753895,7.51843178758084,7.11586696559936,7.49231438640554
"S100A13",11.1152865398928,11.5530101836354,12.3331361955416,12.1037191043823,11.6120567677237,11.500809021088,11.8391717437988,11.0180578026746,11.0142318658866,11.7300787524361,12.1729108066196,11.9630967972857,10.8110997094136,11.4702629642673,10.9823805664329,11.3581608658184,12.1245379821016,11.6495096803244,11.4781771491884,12.2354534750519
"RPA1",7.61007536386918,7.84086533119195,7.72852015757999,7.94618221832268,7.78139911633262,7.88524316861068,7.61525057938454,8.09706594672348,7.80915942605985,7.94937638087339,8.11620978952209,7.87512195802009,NA,8.1186539597415,7.717332648884,7.62860458098584,7.77198179458063,7.70754629931758,7.78821617209947,8.08491392552249
"HSPA4",8.42556801168617,8.03233804930599,8.43506374487549,8.32507062589583,8.17934810409113,8.14607716944023,8.26616327690967,7.58072374155069,7.98060206030824,8.51294228419301,8.247566453999,8.49323058081226,7.18161093544312,8.249526902727,7.63101634933702,8.21671535580305,8.45600358469868,8.37421617643018,8.0938604557602,8.2347010275339
"COPB1",8.47801519429522,8.13034662520393,8.82928418817264,8.44931830148464,8.58237041101176,8.03296714741626,7.81206000239969,7.7302428972878,7.8357087296072,8.03442224721679,8.84154369042625,8.34984417898441,6.60434754936511,8.31570620687792,7.76862102473246,8.49743337012932,8.42010787570714,8.27100739363877,8.44886314722534,8.19088973495723
"MGST3",6.4255839367315,7.0681672494018,7.0060275883691,7.3957317884711,7.38419326140565,6.47740330568182,6.45924318445668,5.65655490361749,7.5299855392836,7.29336754759733,7.10042808579588,7.47410596502613,NA,7.46902357012848,7.11987278739336,6.49595136827616,6.74313241731103,6.58716290464924,6.94741780666179,7.47438180694437
"APOH",10.3094749952729,10.4339522312377,8.5324587285337,9.42959267190418,10.4393167035514,10.8690158673657,11.2710592205604,9.52014423429075,9.89373200686336,10.7789065233081,9.71203206241947,11.702065490229,7.70079907965634,10.1417998051875,9.8841272241581,9.01615615019908,9.40194474759006,10.9711496527237,10.0531610012929,10.6704435078127
"HNRNPD",10.8594658753855,10.7169132714236,10.6267005244927,10.9965734746695,10.537075589317,10.7207056892508,10.5336636373704,10.589207268617,10.4762675232404,10.7514298572815,10.5600977877011,10.7566530697068,9.88380266021648,10.6650441358737,10.3055438228986,10.6167676980482,11.0076802019158,10.9194554580268,10.612961767074,10.5712058269054
"FLOT1",6.53095131718631,5.47771990971298,6.88974465638665,7.51219136201297,6.25527176447603,6.9501432497789,6.45777920449268,NA,5.6190928001453,6.1795875313902,6.50959371586876,6.47729820810661,NA,6.46620792522273,NA,6.4152555129219,5.9423295314356,6.54622654939558,5.91023859910338,6.26736665790735
"VNN1",NA,5.73291020607815,NA,NA,5.50585531818279,6.63887472383436,7.51423565192061,6.23942194877825,6.18474927645853,7.36705591490449,NA,7.24509324017667,NA,5.75816148796724,6.59398915714258,NA,7.4226543390468,NA,6.99219898239076,6.57977586824604
"PABPC4",8.11825002636687,7.73928563275748,8.51745710712387,8.1544356149516,8.1179159080893,8.16476041263801,8.2235489451984,7.53098243091805,7.76161613807523,8.07526838786491,7.99931844841586,8.42144391569364,7.13705793923739,7.98900453527578,7.47707407940929,8.05483507749889,8.67041152321911,8.46162809599362,8.15366043097987,8.25972758012015
"GLOD4",10.5144414226002,9.97904926378523,10.7366733069559,10.6006671729134,10.3777692009647,10.3982713450699,10.2930612607736,10.2927796195081,9.86566947189259,10.3259845397773,10.575308868447,10.1453022632014,9.82020027775049,10.3062621238765,9.85326637493819,10.509995103254,10.4688376558667,10.4523864827394,10.166301723847,10.7842690381165
"RPS3A",10.4031539152383,11.1807189321094,9.9033222535158,9.4873897272374,10.8286896877303,10.8023736050323,10.7106057434682,11.05892946231,11.661126479363,10.5519632242307,9.9631165877272,10.7256503383812,10.6189906546026,11.1044430369995,11.0230015328877,10.5332622142956,10.8242123394307,10.5959727721692,11.1217180509435,10.6901801794943
"COPE",13.0181265795582,12.1317675024418,12.8966583948717,13.0482366278349,12.2785637228223,12.699104588949,12.444267387691,12.1564857768077,11.920289191967,12.6297810998837,12.5841006385051,12.4589864878389,11.4442930877982,12.5678126929248,11.4521144469956,12.4623141101365,12.7096955071952,12.6517132034753,12.265576188803,12.4307164929579
"LOC100058329",11.4668865097395,11.0681226643411,12.2228069666859,10.2541965448691,10.9286693717316,10.6211734649279,10.7472316437516,10.5445423816988,10.8510920894936,10.6317723926538,10.0101483876399,10.5081536419419,10.4387246504729,10.3247155641478,9.96664225443234,10.440305438793,10.7950913358319,10.5596547675984,11.022209678164,11.2365180958403
"IRF2BPL",5.70330233520435,6.08230310149274,NA,NA,5.30193499927242,4.62744962391633,NA,NA,5.79149005900248,5.44600896389306,5.98324738870625,NA,NA,5.80003658954211,NA,NA,6.05264144341859,5.86839190014065,NA,5.40641190169075
"PTPN23",6.57213574062025,6.61727632415718,6.7398041726198,6.36737702444551,6.89204758318251,5.77706342071513,6.48884426478329,NA,6.83401237780449,6.85799858442136,7.0025415169161,6.98440602594668,NA,6.70881273023234,4.84779644178171,NA,6.65525870259852,5.91096629272683,6.80797560058312,6.71256415426931
"GLG1",8.46276262157381,7.6187277263558,8.11140706181827,8.26725958672472,8.36048943648015,7.75734853803755,7.48955048968238,6.73143564534039,7.36934055715636,7.43816959313926,8.07984820362427,8.17291608810656,6.36444924555003,8.07701318334877,7.97728344426107,7.77431932322195,7.68261358730069,8.16138622642427,7.62434466770027,7.93743343588286
"ACO2",9.70168002078987,8.92193469679325,9.48022376069543,9.42251493623213,9.64044524882976,8.88976372517417,9.08801877177595,8.3107596883092,8.7462575505932,9.53877809677426,8.95923950056376,8.91744983646603,8.78953352568416,9.14449915175964,8.80897684890917,9.05070614581337,9.6824616279289,9.35598996415471,8.55991645120718,10.0861798342296
"LAMTOR2",6.4239974140129,NA,6.50516208083766,7.84620744596184,6.79128842764332,7.16706805614684,6.6879819505944,6.85739128910449,6.53165763002402,6.85680788106514,6.40792525560246,6.22677827925256,6.20002221148817,7.18858242478712,6.39573943385363,6.71231169481595,6.44094613528726,6.62338761021672,7.07046655239293,7.19136552397667
"EIF3C",9.32329332174268,8.9333084014856,9.35925673942151,8.81169247403855,9.36551956732856,8.6397525057457,8.53642049578433,8.40172050983044,9.03697284856582,8.91990099798154,9.51113044501002,9.1806488196459,7.74782411699983,9.17218850787837,8.98851238919798,9.01932462974914,9.03610441453526,9.18364517288528,9.13090437361326,9.35786862796945
"CEMIP2",7.04828258618376,6.55393540764164,6.8791968743231,5.63516712197913,6.52385440012008,6.12607122579652,6.84829136709128,4.76049784900894,NA,6.54334788491151,7.56008069228508,6.81846704236509,NA,6.92075461144089,7.00611036208943,8.49527863178507,6.63615061734161,6.90765164025747,6.58575879776355,6.76500664587861
"FAM98A",6.27662220134562,5.90611324002893,5.97908275919386,6.08673823386889,6.63209759050377,6.69032160289208,5.52677134393849,NA,6.23219246049991,6.02830063398593,5.64682979826241,5.65752006416111,NA,5.93080332316835,5.97044714975915,5.34881301029265,6.89232560774889,5.94704575946468,6.01426111582432,5.67446152780155
"GFPT2",9.24052609192662,9.35571440385343,9.71823522881457,9.22099705034435,9.52299516406136,9.76182382493944,9.36191532932621,9.09507307294441,9.52565439790784,9.49593989562186,10.0190486462702,9.85176347089076,8.09683345060609,9.77652109401961,9.09554059392238,9.62084697147413,9.61296292238778,8.96026669859467,9.89997918818552,9.12327987685866
"PSMA4",8.82125685809049,8.68227426797317,8.88107672749142,8.55906383862518,8.92028906208677,8.93371016947912,8.50669830316657,8.29527616841361,8.77900040264633,8.91327341651335,8.36328458264712,8.72295595820755,7.85214659390838,8.73641954662055,8.44067400965786,8.77060447183184,8.94862462458943,8.97345423715523,8.49291692460936,8.45939538203416
"CCT4",8.75013320015795,8.59197895760805,8.65219118249217,8.52193118302234,8.76899375006511,8.84017629817215,8.65031402594441,8.85336075133591,8.93192887312714,8.80197751569515,8.64096561220547,8.88164456566544,7.79885058190261,8.972395774548,8.77172717210345,8.52029101307626,9.03301060480522,8.73752823099399,8.79383531749607,8.95344547986823
"ABCF3",NA,6.51781676109544,6.55487857170565,NA,6.14793520046224,7.05952143895125,6.82212521448622,6.7210720586392,6.91198572536861,6.28913039624054,6.18388195752648,6.89417172328482,NA,6.66143643715412,NA,6.23157300878989,6.50749108478506,6.96346565530839,6.56325443703051,6.56135908891273
"PRDX3",7.97438749434905,7.44311882049039,8.40757863442254,8.60046866804231,7.8960058324772,8.00309892186387,7.65732337258674,7.22963231868631,7.66107297173726,8.13685173216954,7.86125559493796,8.32476483350575,NA,7.93245519860594,7.41679504386256,7.26398353404339,8.56863054360095,8.42631177099357,7.20091120419258,8.55231636249241
"ENPP2",8.13088846949904,9.1194781949252,7.65376901590031,7.15799990583776,8.45836601279153,7.18537513916674,8.98632701661864,8.79035970793014,9.06552720307497,9.25934659217062,7.30052814765143,8.71604237149382,7.5326424423091,8.29376982496905,8.61221050539345,8.19107935512323,8.45220150851483,8.0222121166629,9.07089054122542,7.68673630817309
"NMRAL1",7.9065029161593,8.47681392643123,8.27933349383291,7.9503445694505,8.13860767883841,8.47053391764486,9.0490350316004,8.42841963858063,8.1527320956128,8.7913653487797,7.94998701367978,9.35978289979504,8.61649950744571,9.27729193037907,7.45389220995884,9.1304484841229,8.17499880829999,8.25812732722707,9.07361672511902,8.27787649740116
"WDR1",10.2050582801864,9.92503378795526,9.75774501641193,9.72068117878063,10.4832221919274,9.61245333147794,10.1277890605598,9.64532830759116,9.77278150910382,10.3678212016677,9.35727984987307,10.1353185737494,9.04923553366855,10.4311720520784,9.43125903478012,9.77959677781729,9.92730842740117,10.3896950535319,9.71197748175754,10.3538844470471
"MCAT",10.2360910989138,NA,10.4918122708159,9.90115621377129,11.014617943829,8.89578092303687,NA,9.65513663741227,9.98913686787898,10.0803468020783,10.7493372703218,9.92621767621364,NA,10.5564062863437,9.18152071708642,10.6777177552973,10.4785010258066,9.18914496687969,NA,10.8918226760282
"RAB5A",9.35207227763904,9.27332602468202,9.6951442057094,9.80418401778031,9.48490533828792,9.34467894225105,9.20053827507772,8.90114217182532,9.19114884236249,9.02071787899122,10.032090716154,9.05163164765348,8.77532308622474,9.37836372697455,8.80218168416095,9.18984539988728,9.23509818253576,9.31649877207319,9.49673131966823,9.49845784084447
"TSG101",7.56110355963648,6.95668736038295,7.8593330974187,7.61040473613936,7.51763117539654,7.5988024740984,7.47799690483743,7.12823797067133,7.12847023682307,7.06542013048799,7.74197740707269,7.61069400062447,6.89843318619042,7.15205643503206,6.58994308690069,7.43940234060579,7.80490978804845,7.66855364485514,7.1669538499814,7.41221591858537
"DCXR",7.34086493996383,6.78099442717454,7.22809265533137,6.96933728888244,6.78152464806932,6.90987881267827,7.51685686104785,6.40717101738532,7.08772191328273,7.64959220422157,6.63578300167256,7.0924704931124,6.79271131583088,6.69990718648493,7.03068857963192,7.38882549432225,8.02049697017188,6.95861119591242,8.03876439497723,6.93494345672745
"PPIL1",8.6991484826996,8.24890470575058,9.37540868354117,8.34290704551171,8.2617684979708,8.71994014542262,8.59137696946265,8.58401393597244,8.58982926990422,8.83836892386323,8.56373116670935,8.54413354843006,7.96690527567787,8.72360164440926,8.08562259553814,8.77594641843061,8.56047438079977,8.54482297102548,8.33771384594238,8.48322438630213
"PGP",7.49598062455604,7.2741223465048,7.51917814071017,7.45243458756701,7.16442538843491,7.47281733308553,7.67521535031008,6.4839224220145,6.78568131491104,7.38484670862763,7.54036831061732,7.5565493000239,NA,7.29294574827737,6.72255585487732,7.12483945775575,7.63857657935328,7.67826870779702,7.20327469216903,7.37044209663121
"CA1",NA,5.83458240258937,NA,6.81078593108117,9.2562208561541,NA,9.59775966725006,NA,NA,6.58844974494904,5.52342127959716,6.14370043978525,NA,9.75143550785433,NA,NA,6.99174358075519,5.72898462879409,7.6256236377702,5.7025766360603
"ABR",7.62252782885823,6.71111871005729,7.57560030141603,7.6345060222248,7.72524873743852,7.48199484873979,7.530568275131,7.07475293434933,7.04840121331779,7.13538786039019,7.83013211044376,7.46579229895091,6.633977172282,7.39296056292738,6.9157280870569,7.02491062720195,7.31403894020482,7.20927580949891,7.2464479379664,7.20368444952915
"ITSN2",6.23931341002726,5.5421668075981,6.13123659184396,NA,6.02994984610324,6.06027035782324,5.74808064733808,NA,5.92807177363058,6.40787788479233,6.33250177316893,5.99365790246047,NA,5.27742055456478,NA,5.79675582633898,6.36939508884985,7.09239001051296,5.65966451860727,5.08920707477258
"THY1",9.24585802593445,8.81633490231325,9.16932212652331,10.6626655606362,11.0218712873099,9.6208775747263,10.2176360851312,9.82823363693112,9.25687765548458,9.32016328085004,10.6523985486816,9.84599612360925,8.6825295798785,9.07484048531845,8.24151725701287,8.91900085988916,10.4035327692898,9.31069728207085,9.51838422695813,9.93063448053504
"HARS1",7.38232231234352,6.87455162651909,7.20377346116868,7.61928844119574,7.48968492205714,7.44052676916827,7.35250699608041,7.32950012897186,7.3905071408809,7.30007247520954,7.40373291499539,7.52886094236281,7.03957753963591,7.52125501233924,7.34730183904978,6.9451358945606,7.4520531886666,7.36169314062939,7.61925424231121,7.4813526190528
"PYGB",13.443561617038,12.9818552276367,13.8612320661088,13.069676635156,13.4078103769071,12.8902703350126,12.5960093425335,11.9714763889666,12.8913270729882,12.7419639682969,13.0998759406431,13.1165825041363,11.6892419874736,13.3017178288354,12.6145775052748,13.4501153774981,12.5531215924025,13.4422307008988,13.0497990978756,13.765233379477
"LAMA4",10.0280359356194,9.43255431816905,10.5896742882649,9.34638303910933,9.77129864548153,9.20792356869971,9.76557989854377,9.27620530590826,9.23509903186299,9.12237712063996,10.6448590923207,10.5177853804468,7.90272434326173,9.04737817412127,8.52707373432657,9.2025893722079,9.77845991867771,9.81021367629847,9.27197573763076,9.98804586685363
"RAB21",7.51581024441524,7.98691640696511,7.77694922584672,7.11381749617327,7.78737042390481,7.16401841406469,7.6699050338626,7.24417922649935,7.87596253399292,8.08435973734575,7.485935132964,7.62503405435672,7.11395902091126,7.8524468013715,7.39274862838092,8.09855955866106,7.72641367703662,7.07641398873814,8.02946482546255,7.43877815974342
"EIF2B5",6.28425667752049,5.43235128993528,6.49853288107676,6.07447963882746,6.09002532071828,5.8869154251146,4.57892901707702,NA,NA,5.87657803784373,6.94730951993416,6.14846619683791,NA,6.06172051977307,5.53332648120643,6.20317771759932,5.90101061855261,5.0686744405815,6.24545370369048,6.00397713085058
"IL17B",7.6479953898471,7.66840621761674,4.47108973419957,NA,7.82925462514356,NA,5.18806272144139,5.96168175533632,7.53856657284234,7.99927012587065,NA,NA,NA,7.04770169418923,NA,6.9414107883647,5.67508430423115,6.05885155344358,6.64558342963103,8.0162855775395
"SAFB",7.47836370946281,6.9676260083333,7.11168407608453,6.97379153820935,7.50354842557124,6.51869695972548,6.49045823231675,6.5392246693884,7.15810184682921,7.05544447568045,7.62926512718949,7.45834346752597,7.57841345941931,6.91714832687323,5.48944693318805,6.4540638944256,8.04796650996431,7.0459956684653,6.69411456686708,7.53312351329377
"YWHAG",9.17233883610911,8.83222887399819,9.39948489227692,9.81541763137685,8.95608638820983,9.19608012424815,9.50935482746432,8.8117410850272,8.99210597949442,9.311657254127,9.39091365241037,9.33386779503599,8.52875923552103,8.94530015690601,8.56086142040642,9.35333093129791,9.35961747635417,9.08078894499397,9.03293122768078,9.28761829230178
"ECMX",6.95830250289684,6.17623050828672,6.07447326447187,6.58098322295365,8.04884008199154,6.17291353338226,6.61685550871829,6.94099471742554,6.35161779986478,6.83158177134934,NA,6.96555450214855,6.31808499211079,6.57564157646815,6.05158443814332,6.48067479490832,7.03982546698471,NA,NA,6.86050229673549
"SHC1",6.08934207467612,NA,5.40336265971565,5.44837751625121,6.15143315016275,6.3487719069879,6.36468916153904,7.01104116460997,5.78063271317483,5.89954759364634,5.90389561082626,5.98488946413323,NA,NA,5.60014808790906,5.40366404080156,5.65292356278077,5.99235520746349,5.98392359914211,5.55315591487279
"STX4",7.86904883038704,7.40367125859067,8.41913802052313,8.24666422459906,7.67169154303895,7.80018485710896,8.1290195919519,7.61990913303375,6.92994770083252,7.48263074362561,8.31605968637761,7.77713103390675,7.40239195319263,7.36973431854933,6.83225241804214,7.13088955693891,7.78991332876123,7.84773938246018,7.32474457045618,7.25382001845132
"ACSL3",6.88552322878936,5.96290558129292,6.87319813850548,5.8773997157218,6.50682336944731,5.84956617964264,5.77594706255847,NA,6.04521472902364,6.3309817187999,6.22850146812648,6.69557836511738,NA,5.9515825744887,7.28587051670598,6.72876295517313,6.70649099943066,6.38065373067482,5.78539272998474,5.86808445968164
"CLIC1",10.5550482202895,10.3214412339807,10.5292318264531,10.753069464426,10.2139894745384,10.3078394847843,10.6559700232999,10.2775155995199,10.4319024380742,10.43774539141,10.3933054399872,10.0932340334515,9.59330618212734,10.5010979251448,10.1797293713315,10.3655686551358,10.3919805369569,10.2770289189808,10.4425876865587,10.6135125313864
"HRG",11.0327573214396,10.1867632999768,8.71699541723064,9.68011846927942,12.43451980882,10.0517037736515,11.9718469049739,10.9558016697383,11.316552685397,11.9118418522958,9.35523871144288,11.4527046923188,10.5045321067168,10.7137957912806,10.9244865530117,9.5151480771526,10.2244106948648,10.8788691513813,10.2847317513411,11.2633494649312
"ANXA2",13.8431977941609,13.4471617668082,13.6816169616712,14.2090238766759,13.960898417802,13.8945878829799,13.9378710032159,13.8640276374047,13.9120861976893,13.6407377691172,13.5462402737161,13.6515483085817,13.0105967949994,13.8292937023973,13.1041828912682,13.091096934986,13.8571689920093,13.4655981024818,13.4173564009183,14.0112269645463
"PHYKPL",6.60922456452731,5.95949955364811,6.8803846236265,NA,6.30347998028619,NA,6.96002830741959,NA,NA,6.70714536978997,5.86138530882775,6.08090826334367,NA,NA,NA,6.57495883727298,6.63486580762788,NA,6.43734262165311,6.66465035035983
"CARS1",6.46075304754756,6.78243834706827,6.89893754439166,NA,6.85632642077209,7.15219128494314,6.61272877598118,NA,7.47810920444908,6.7883887472077,7.37155404711102,7.10654722511043,NA,NA,4.81917216860595,6.05734364300193,6.49551540869815,6.53253419350551,6.98405074427232,6.51081036026728
"COX4I1",6.63649301765279,6.77313943308424,NA,6.8345999651069,7.00564327014886,6.56035252660511,NA,NA,6.56171277030415,NA,NA,7.72807730039528,NA,7.15784331183653,NA,7.04322348884993,7.39697244945548,6.6195196195742,6.18986585257176,7.76938140596929
"THAP11",NA,5.74975806480341,NA,5.39704953740715,6.0750050480808,5.92917282616889,NA,6.60922227667054,6.26552825553921,5.66839731691861,4.84669247855023,5.88628007462583,6.85396577824503,5.81648697127642,NA,NA,NA,4.99476668317756,NA,6.5417010174783
"CAPN2",9.28676147735001,8.78832116090563,9.39679947029229,8.88608872678116,9.07866150174043,8.66502186538605,8.47257976860914,7.67585789988985,8.95014190532036,8.86180204591477,9.44356002613785,9.28946945515188,7.45616882264644,8.82569119949184,8.86539837811122,9.15704699349072,8.73300894387684,8.94483387949226,9.2619114050561,8.34362944982706
"SERPINA3",6.35405922005186,7.54810426109718,6.57337016466012,6.50486559055273,8.07009637395846,8.7834320148256,8.90858340515057,7.01260457562299,8.03155292014771,8.41432068361982,6.56596751165666,8.73997000725219,NA,7.68005144034295,7.68081612083377,7.15180994552615,6.36055125927352,7.20721977363578,8.52695673892122,7.41725514579811
"POLR2B",5.512233538474,5.77146331140076,5.89370097596153,5.77456352646229,5.9859726461712,NA,5.29059633779512,NA,NA,5.01440714933191,6.27019715581516,5.54014291235465,NA,5.74893543559187,NA,5.92829757667201,5.37312425678469,5.90508512324004,5.494679595223,5.61971592436737
"HDGF",8.48853276230629,7.97184052353204,8.69091402522607,8.24473511598513,8.04376184303507,8.04327822578406,8.50050736689251,7.2739266959386,7.97867194392043,8.61622686458682,8.14990547379798,8.79159007554421,8.03103715099923,7.61147568681151,7.38974068835443,8.27582806802391,9.18275944832915,8.43123805455916,7.73383893401986,8.56619257193772
"ABHD10",6.30330701507608,NA,6.03900166166969,5.94033585974154,6.0860788297728,NA,6.37015160767012,NA,6.96001495521765,6.22958425564037,NA,6.10745965846477,NA,6.35058984543462,NA,5.93827497904147,6.20813818097762,6.39596894736786,6.63309089891555,6.0069764993981
"LOC102150143",NA,NA,NA,NA,7.56343159573215,11.9690470542938,6.97365882597758,5.57497259394667,8.28151734769356,NA,NA,6.28516576330866,NA,8.43715192327283,6.94754858767382,8.08311646023124,NA,NA,7.23364519506865,8.36377868507539
"CGNL1",7.15115248902605,6.83523213346468,6.88169724939276,6.49772083008403,6.7801136420036,6.87180468920917,6.8139734889808,6.41052203088473,6.97378899520637,7.01129930645729,6.07342498178949,7.3393276992545,NA,6.57906081624555,6.93242997968535,6.3286159291717,7.18142207737199,6.71187098416721,6.37485609141757,7.36900542171221
"TONSL",9.4599343186518,9.5277370947356,6.49355269347477,8.90261373980579,9.32729477412696,NA,NA,NA,NA,9.2661912034096,8.27680644813451,5.87719224354511,8.91791897501387,9.49468554162412,8.95793198309575,9.18158174145152,9.3423710029987,NA,10.138995243928,9.16887777106068
"LOC100058979",5.92252743891158,6.18059746566539,7.21420944233938,6.41742181185649,6.41168052627773,6.64568001417291,6.61808022790665,6.96625492697923,7.3436213739098,6.02192114835319,6.52323876521753,6.64397782980189,NA,6.83042635772256,7.0212774947293,6.59856020553702,5.55677368063288,6.26027061437244,7.52589908981981,7.11622066374401
"CSNK2A2",6.25541866143849,5.84441421746802,6.10403041951303,NA,6.02569100187116,6.58835632397148,5.82970573754985,6.26989385619079,6.86544901685741,6.03514458478049,5.17399402291443,6.07922902759693,NA,6.37742812930651,5.50682900464445,5.8624200904366,6.20457054822601,6.23358593629534,6.42128933210304,5.5694956285877
"OMD",10.2227733831534,9.22510232616994,9.66494460156347,10.7404568577588,10.6222560895001,9.32636210434702,10.3752695216954,10.1649288220025,9.08628099922156,9.80066851890858,12.0030679346072,9.44138828619598,9.77517876583759,10.2353992584017,8.58853970526114,10.1288892530028,10.906072698073,9.7963540355332,9.56171123716171,9.49128596119446
"PLD3",8.05889704268452,7.6992867636162,8.18310775432384,7.52167795719688,7.82083456994369,8.25618803121817,8.11383264439985,NA,7.29050827023755,7.49194369486394,7.59269906158258,7.22868291280157,8.0144446069181,7.78272128119056,7.60642284271317,7.79067905435002,8.19031931055188,6.89364671750663,7.7851499158694,7.71787324103862
"PRKAG1",7.39191431305567,8.07861811294961,7.43230320195796,6.5019052298566,7.70034014231406,7.40744547307098,7.30858882050515,7.56635729345703,7.46633487969954,NA,7.65433388136139,7.22606115673722,NA,6.99475003797971,6.61478757345108,NA,7.47177233231896,6.97743245475212,7.87464353566356,7.35719619519134
"PTPRA",7.91661359278792,7.42768311499944,7.56370350256756,7.37101036155247,7.81894938581805,NA,7.35001591056071,5.21963433775697,7.33359493402254,7.26709700410358,7.80847494562478,7.1213508709804,NA,7.29558525544542,NA,7.59395952931262,6.97088398959709,7.94302640795221,7.54610193843688,7.22549328271782
"ACAD8",6.94258299347668,5.95337188193395,6.82252818673442,4.94868066583825,6.59049297856992,6.26106657430104,6.39885435599088,NA,NA,6.56721130958037,6.70459352492446,7.1539288562012,NA,6.48538517326983,NA,6.3685420751326,6.78189779154897,6.81398204225471,NA,7.16384505177183
"EXOSC4",NA,7.26701030062482,7.50059841164277,6.9391186943016,7.34516455781856,7.71043109545044,7.60714356321276,7.41285976022864,7.41762275195132,7.33701594515112,NA,7.04273053581134,NA,7.2822645608964,NA,7.10840829859334,7.07334376045618,7.43301569015575,NA,7.58276660453823
"DSP",6.72377333235724,7.49227434919561,6.89202460845146,7.60871436679135,7.69692082814128,7.20167695967277,7.62184915745462,8.04968133314778,8.40231978294091,7.61241277070385,7.44696164156283,8.54929089962835,8.17342624806087,7.73339937609886,8.45059879440577,8.71402382223305,6.22793023771839,7.35980516589416,8.25629878232866,7.14416331414261
"CXorf38",6.41655545546149,7.02808855254218,6.16511540537138,6.31315170401465,6.82681611985565,6.98416036131409,7.13417805764045,6.68221430341241,NA,6.99214216897999,6.98470232982217,6.2140091815117,6.0199465031986,6.99107957484632,NA,6.87646177739373,6.26757210064959,6.84691594785394,7.00382803039854,6.05881826880017
"RPSA",11.1833812926089,11.1160813146831,11.2182851631542,11.2770225233916,10.9044971701711,11.0865278647242,11.0266776150782,10.6759743466878,11.0367070186974,11.1937373122328,10.3576018986037,11.1886976635934,10.0533198928936,11.0864058662956,10.5598689516819,11.0793812098263,11.1350509525114,10.7072633751594,10.9610987091602,11.2024803969524
"PITPNA",5.80225301292698,6.01851671067064,6.00100510821557,6.57537776304551,5.84504098178526,6.37581850877356,6.50576236180388,6.30802338597395,6.34454644880807,6.3528205200296,6.08518660229891,6.45486268386163,NA,6.45683447019241,5.01691189806177,6.24102426956317,6.22263699185473,5.92149631404455,6.51467489997502,5.96294547727357
"RPL13",11.6974742793868,12.4000592681742,11.3837629064101,10.8155373460709,11.8832748611743,12.4222941841602,11.9866257276281,12.366924373909,12.9956890733758,12.0433836017243,10.8873570049408,11.8503883144847,12.5221349877824,12.1860179233773,12.4382374520366,11.8957510478211,12.1398056090957,12.03285117101,12.292341106425,11.5184453029897
"ATP5IF1",7.09114076019593,7.10384305654498,7.56633867428006,6.45152994071778,7.29456019560918,6.61969403617632,7.49341546394207,6.09909029000618,7.01952246402617,8.04425681354084,6.53473962291322,6.972661354927,4.15722346849743,7.22775077574597,5.90009466348933,6.51860474685577,7.72402349177214,5.8307939770166,6.40867620206159,7.35151792249554
"LMNA",13.2408683843116,12.3010260952675,12.7621798699131,12.8206235219366,13.1982231053516,12.3199011818826,12.829367864516,11.921078642583,12.4404192023113,12.7030358281195,12.8679241169955,12.4815975976512,11.3340293278161,12.4025617322409,11.8098793997702,12.4291551723729,13.3775019984315,12.855394583909,12.0263634265283,13.4149392409685
"DHRS7",6.85368637185371,6.34795372131912,6.32481400047812,4.28614502086594,6.42657286538676,NA,5.92203906167827,NA,5.76214167949106,NA,6.80376118737615,6.10954766385484,NA,6.42958291432865,5.3568225730764,6.30764775094043,6.30811176098816,NA,6.36473025698437,7.24500965833873
"SCARA5",7.19306668495725,6.51979572596869,6.67011220028919,NA,6.22169715361428,NA,6.82764744438724,NA,NA,7.34374408300297,6.39115160824664,6.13045153249925,NA,6.2859840263683,NA,7.22244520813664,7.3505173089432,NA,NA,6.19975901141741
"FUBP1",8.23959042044188,8.00063732261914,8.37539955872544,8.03620874866846,8.15859251084654,8.20890321020597,7.81996934216284,7.30171740881301,7.54825120641636,7.76387272678573,8.54003738339997,8.49511316872621,7.84512918424709,7.8731449184976,7.67469069560084,7.87194000536075,8.59111972660113,8.4693309227412,7.74341578917298,8.14430230263889
"SP3",3.88528978810508,3.70528728237752,NA,4.3118194589508,NA,NA,2.31477323625177,5.1757306758649,4.17198907168807,3.24003879570367,NA,3.88011178607469,NA,3.09624997971814,NA,NA,5.28769431256035,NA,NA,2.84111147734261
"SEC61A1",6.93270430352394,7.51892692045351,7.25482998793487,7.85502265850157,7.5550212949092,6.8476700573062,NA,7.13358150592177,7.52299290339942,NA,6.75248079527709,7.27375052184774,5.98653284004953,7.80300238326202,7.94845644581516,6.55558780003784,6.23590813841677,7.03901798796335,7.63125617058302,7.76489010756826
"FOLR2",9.11946113215552,8.16129435525358,8.10461160941508,8.50720637682725,9.48208920820724,7.72214462969533,8.37487812389298,6.96102224752067,7.92906120678411,8.04710683517297,9.36697105832242,8.00348843043322,7.53495691948161,8.5389856467299,8.88293630307349,8.59937522796451,8.4938324356113,8.80417267134129,8.37590487195175,8.31402567452523
"SORD",6.40882956723689,6.95823628520294,7.46104020165239,6.07952172991333,6.93522253610356,5.67958708251286,7.06951662220463,6.06394957886456,6.8641164684361,7.64802459123116,5.93898809509542,7.1318024560026,NA,7.24731350760537,5.80356679175856,6.84812589978664,7.34680955915006,6.84356235694662,6.78178679472022,6.54766934184789
"GATM",7.3507042468439,7.17293268094035,5.41103339582903,NA,5.43636387858399,NA,NA,NA,6.89392045348532,6.95789053917158,5.67548801573074,6.3592471602214,NA,6.62258843501236,NA,NA,6.7109831342219,NA,6.38944979609909,7.02917974404602
"LOC100063059",7.17749718211573,8.36304654176874,NA,NA,8.49662702096913,NA,6.81984222956758,NA,7.56079669899736,7.40674223452006,NA,5.36293894823914,9.16737389645798,NA,9.06347316211708,6.54788515090861,6.42205058242248,6.68916204659565,NA,8.61511547021218
"SETD7",7.64381135155577,7.35874629395663,7.98277248107435,7.77365709764958,6.76860252212861,7.46030710738845,7.58786809444069,6.84807294211142,6.94744127303356,7.18759674174541,7.45688259658531,7.62389187853262,6.79036898573225,7.26315830700838,5.76741500172639,7.50847226040473,7.75277185776655,7.52856952852798,7.21533240150571,6.74275153213538
"NUDT4",6.30125585089368,NA,5.53351853577855,6.16188089516906,6.07135178279465,NA,5.76619690926899,NA,5.72474743083832,NA,5.76334510658419,4.09190584084735,6.80030357137054,5.57052189002991,NA,NA,5.8828969064773,6.07589868015207,4.67588822315235,7.06186573463218
"FBXO22",6.44353061486663,6.28923113302787,6.72404797037872,5.75187183838143,6.42334210859856,6.31573583015977,5.88736903706778,6.48823828854094,6.83169028006853,7.01282317108784,6.02845292761807,6.96866355685247,NA,6.15383952288191,6.07123076859219,6.30893061135232,6.34138895496435,6.39251838070581,7.10656086347955,6.5779911639319
"WDR77",8.29211951220834,8.37281618587697,8.59810940534196,8.34108449808078,8.2574618897366,8.25780227560851,8.56145707962736,7.68604888464612,7.91784823909123,8.57494524875934,8.32817610134959,8.395091197578,7.50580595952078,8.19128923661775,7.49398636377311,8.60383441035852,8.02175308544009,8.45737214194021,8.13480016401615,8.32314722227314
"CENPV",7.59476018238851,8.18097222736499,7.17091513570225,6.4238799424834,7.91835193724847,7.85486123800556,7.96575576236628,7.52483301735707,8.75358110932948,7.63528798576303,6.06745457007664,7.46124212621623,8.09937727427083,7.77368651334021,7.69730370951273,7.56376973359543,7.30349321372334,7.80249822687451,7.87133302052439,7.48281047038648
"ACTG1",14.2208619568087,13.3183395005726,NA,14.339754898846,13.6908168125186,NA,13.4772768385789,13.7678746610093,13.7414606478015,13.3696749218421,13.726076976571,13.0099500985721,12.7114512781473,13.6543460815828,13.2006719527942,13.3406468128584,13.6812695716018,14.6497594127227,13.7094441907144,14.4162548682558
"LAP3",9.71253119885224,10.2739086673542,10.0708806175214,8.90638135660707,9.70456741420302,9.8604675196123,9.94765027875653,8.97316485244716,10.4443150074751,10.6578659546685,9.60220997588975,10.0737081484326,8.58754387919551,10.4275585268052,9.90448332014116,10.7844761167775,9.57414994419754,9.78160731024205,10.4945329249115,9.94475891941782
"LOC100147364",8.44968126812037,8.13555202780264,9.25661592309246,8.90014272313007,8.33137205478072,8.90811323481687,8.92923453247634,8.47761219739773,7.9689058458759,8.79533436850924,8.7717337305548,8.87004857826863,7.55734101744562,8.3936232037641,7.69936158685269,9.02764785143066,8.84202538036443,8.91232834824418,8.29649243889007,8.5583014683469
"FAHD1",6.99618493551065,6.97344795529743,6.81068271964216,7.1204818921275,7.50193381142032,7.80860680915326,6.83294290105838,NA,6.96631984301159,7.09071062656245,6.74363868016176,6.6616933037848,NA,7.19203511832918,6.81448738502658,7.10087009517892,6.86804964821227,7.90895962963176,6.44079483705692,7.05752277236041
"GTPBP4",6.39742204409101,7.32200409063145,NA,NA,6.79318312188831,7.13961575404145,6.98880195509831,6.86733116537842,7.44858775008024,NA,NA,7.6465394380592,NA,5.50206318090989,NA,6.40630526300099,7.67849724408302,NA,NA,6.76931063024518
"VPS4B",8.97177260317449,8.56009826831882,8.54191820535867,8.22368016113523,9.11132079686747,8.89241573072952,8.91478578329081,8.92009906971787,8.82547936120842,8.84694282229946,8.66688888325449,8.39093225561964,8.62708115451673,8.966261927016,8.03465832839823,8.47745310013099,8.70281304693108,9.27113611695609,8.73227476998095,9.41186897741947
"KRT80",6.49094829467777,7.28485103019359,6.47967821327264,8.16908612467957,7.24721312682574,6.83287518054636,6.71147184608046,8.03463880617852,9.35386218463274,6.94730244186799,NA,7.82705978713292,6.83147092538611,8.00401884671364,9.34817785619392,7.89824567464435,5.46812993467151,7.08570232301857,8.65205416636744,7.62134717867127
"TECR",7.44197182788061,7.50263171421539,7.54003251246337,7.80027213939461,7.60350307270587,7.76494191312942,7.13274781701594,NA,6.77890630206341,6.12477781282093,8.20856586176885,7.29297801347922,NA,7.44150510202331,7.80796879997842,6.97351183917366,NA,NA,7.24885990609936,7.64676598527632
"ANGPTL4",7.25600014933505,7.86261684776778,6.82383381232449,6.07241888181459,6.65492439742643,7.5262565304526,6.30463583967655,6.30639070917009,7.43975989094998,7.62895777103673,7.76045007427793,7.08250803460883,6.90273249596124,6.99912565235344,7.83698474202595,7.90335989571144,6.83618352069944,7.41158585579217,7.56450805650781,6.72824529373653
"KHSRP",8.80709507332584,8.27882465911339,8.49397071650805,8.16511857452997,8.62848818104072,8.230391341536,8.16328879750084,7.68824572963335,7.8923504153091,8.23863310818308,8.81479930647352,8.42425456268082,7.23788356602252,8.29135427105522,8.10647708647903,8.23351057719474,8.77936697894372,8.73134881680049,7.70373782192505,8.51964340803444
"SEC24D",7.90457817398676,7.44744941852304,8.65451919842125,8.34451873050892,8.10660311490234,7.92103967981561,7.75205401922589,7.49163551536837,7.26891083654833,7.61018854239159,8.82365619504888,8.547436095922,7.38501995797627,7.90879293193654,7.64948490198165,7.80505987273948,8.51345916152892,8.27401277546376,7.79199087686208,7.8218290112908
"PHGDH",6.88117765742102,7.34036720089728,7.98935822804487,7.70659632809232,7.46254701753017,7.81501763940652,7.72614338281351,8.14474217818067,7.67597146324703,7.25789199225536,8.24573526239327,8.09758261356522,7.03294236393775,7.78906811815344,7.30355276477113,6.99562437733059,7.49200236611545,6.98117174919944,8.04040737656906,7.60839128730908
"MDP1",7.76822776728176,7.85139731887662,8.15217833598918,7.72043188416261,7.933188882476,8.2818969657289,8.22184073528803,6.12209382448208,8.04595406695417,8.13523364065809,7.71039423676537,8.07751190028261,7.19685382957964,8.23752547431016,7.29380081989305,7.680927555324,8.21156041326195,7.99881502611264,7.8402502628612,7.59089482273286
"RO60",6.85232046383843,6.47161334794837,6.7836541279646,6.14233035260999,6.27333079902063,6.66899650171023,6.76623539026673,6.10337652132767,7.17541360313793,6.96088935846412,7.02112723709011,7.0439636788438,6.09857719236021,6.38662839057916,6.02591841204332,6.21491902106233,7.15374607752214,6.51421957298426,7.43052254908699,6.89831154162454
"SNRPB2",6.73541633833176,6.73869817904895,6.50241895592878,6.06636127967417,7.18807726936985,6.33522134463226,6.74362739178019,8.19299455177071,7.40695869195891,6.67628463306963,NA,7.49301339652088,7.12626839981835,7.19492588463457,7.31371414786361,6.43004238349261,7.02394253729583,6.43856813806912,7.03462858589108,7.14094932315905
"GRN",8.89026103898037,9.08983615707423,9.50020722334399,9.58767251516342,8.13994561936749,7.35673958130005,8.98408056139745,6.27917330130401,8.06169594939601,8.79985988336519,8.32123470854246,8.19978751573272,NA,8.91491828990602,8.69474973868054,9.30741558519332,8.63849527568691,8.23507487509063,8.80822947113678,7.98151355023303
"NUP43",5.92996907102501,4.90967836210685,4.91213545167964,5.52419740101037,4.67672556963882,5.74127320768263,5.23768075946148,NA,3.53795120275936,6.57457853483652,5.5272553035448,6.87445135050169,NA,4.27583790553624,4.92128286400987,5.60781796897245,5.39957816735637,5.0773003054961,4.59404504393079,4.71824226753614
"SAP18",7.41438319918474,6.8952211339853,NA,6.38077707883173,6.1430878280711,7.91165008423416,7.31456702942983,8.77057630228472,NA,4.69636826905937,NA,NA,8.81036673796313,8.48017801868446,8.18476115655287,5.65709711207644,6.85593113290179,7.78005874544231,7.16269316290941,8.26822223394403
"STEAP3",7.43274617111748,7.03999278896477,6.71457771772405,7.59392590860348,7.64946709338525,7.21580819059738,6.69953140180029,NA,6.33027810314492,6.97386056019261,7.96683334043362,6.76327300538421,NA,8.10563309623254,5.66883221186008,6.91750160988981,7.27904557768301,7.65704371744,6.99101617273604,7.31540418765555
"SCPEP1",8.59556558984544,8.73240419311966,9.17446443742139,9.21333661994869,7.72400777189927,8.69779281322745,8.3174273752869,8.01402928761232,8.17692714313101,8.87318095447867,8.76205583411289,8.40638166353227,6.09160206781029,8.8485690700708,8.26911193917922,9.02153316203653,8.22950466062985,8.49607756817979,8.48868033653345,8.42309485267849
"SNW1",5.68629496322732,6.03930810518169,5.92588896927793,4.11036593589347,7.23779345852574,6.1081473090786,NA,7.21352264447641,6.40042955759914,5.49456378299063,6.21045428467401,6.54778993364791,5.55002527235173,6.40530705487635,NA,NA,7.0860265209473,NA,5.39616087754156,6.05508629372408
"DNPH1",6.63166536037109,7.46169176819173,7.08346067757405,7.8598792056242,6.4191721189838,7.43361929947774,7.42059644015615,7.28445559005301,7.57795556686438,7.41340185408687,NA,6.10382178289285,NA,7.59416504385542,NA,7.47577664141518,6.19974990115242,6.29226797972848,7.47621541405335,7.11110550836701
"LOXL4",7.58842765083654,8.37757968703922,7.97759705617916,8.01712008069597,7.37598172354371,8.71487563956555,7.79306648473534,7.48344508662449,8.61214547551073,8.36472991637926,8.09603627060311,9.24310762395579,6.82760343464986,8.41900122996012,9.16018913085505,8.59153639361163,8.25458878874927,7.33028431051423,8.52090761207368,7.62774986079589
"IBA57",5.70978162840245,NA,5.50516709161552,5.92446305937996,5.60770824557324,NA,5.39143644623269,NA,5.7142346970406,5.35006075733916,NA,6.25000254359664,6.02229885807729,5.0853816760489,NA,NA,5.99502715366373,5.62319255388426,3.906562138109,6.26561239185402
"CAPN7",6.46772148369516,5.5118422649118,6.46137965164549,6.50938101703411,6.59377614343387,NA,6.14485723353635,NA,6.03306725961537,5.85267850944071,6.87251832071097,6.24148885985291,NA,6.35177691654487,NA,5.68579438911678,6.45836828494698,6.7389635249002,6.40432275306421,6.09410368608062
"ITIH3",NA,5.9394862452655,NA,NA,6.57110154763135,6.50566947139367,7.14390822605972,4.88533831654654,4.31224592089291,7.30864763389547,NA,7.75640786319312,NA,NA,5.32087544999444,NA,4.21743831577144,NA,6.49326791738042,4.51918709134765
"SMARCA5",7.10131959709437,7.05568126747642,NA,6.30547470756925,6.53090491713067,6.14713486212902,NA,6.27699302228045,6.97657874769686,5.43100934099906,NA,6.53592623483397,NA,6.91281430222303,NA,NA,6.22950584333248,NA,6.64954278881106,6.61021211001336
"DPM1",6.60030558065924,6.55202570285994,6.68278469202333,NA,6.7840578362461,6.53712521100291,6.08387388295086,NA,6.27715979002944,6.13923258124664,6.14127564000454,6.60270524907171,NA,5.9406767746468,NA,6.05536278076639,5.95048055623051,5.87093077844222,6.32647932835315,6.46594570715543
"SLC49A3",8.13751712602451,7.42927327646555,8.45350071092863,8.20437652059071,8.71145865926223,8.38701440175707,8.617873326936,7.58238370913999,NA,8.52037390241152,8.15895603045187,8.69823598844062,NA,8.45988674081553,7.21386601012366,8.34141845916655,9.02123666944088,8.62607891515525,7.37528465576627,8.66565102690222
"HDAC2",9.24905658395043,8.60619895505433,8.79150279971531,8.02189193123079,8.93641477697378,7.89869444190459,8.44113809627741,7.75499756945595,8.84498743378818,8.38420199618256,8.69510019041436,8.826383900473,7.39178359969019,8.43114108428575,NA,8.37046586677066,8.90861627380967,8.50042821540953,8.50550428318685,8.88316308488133
"B3GAT3",6.93420547522417,6.90750838041204,7.12509155639922,6.53455609730328,6.40818561974391,5.45668501131436,5.25330966731561,NA,6.3603160769412,6.84055166007425,6.7765513782802,6.95213262985553,NA,6.49367151472766,6.54708165108647,6.86700770433634,6.08446924975999,6.10980792290965,6.16786540390837,7.98660967517902
"ADPRS",7.75560014959433,7.36998526353565,7.86248450457074,7.50156682258119,7.4860087866686,7.67975053554767,7.76530267931063,7.25099235085579,7.21075496286958,8.16330680949864,7.34000425119077,7.86901444842579,7.06175837298379,7.63523973736114,7.05570904089027,7.91118402564477,7.87784832324341,7.78127627230421,7.5831908752874,7.66657639429403
"PLS3",12.7634399029555,11.9463462435099,12.6429456362986,12.4041856491881,12.0313461925462,12.2176447301757,11.9458028089649,11.7455536718954,11.7125672656454,12.1007960712271,12.0424174937505,12.5140408879605,11.1364319712551,11.9831162549921,11.7830065787771,11.8103849677361,12.3168450427379,12.0560276069659,12.188383065782,12.2738892948436
"UBL4A",7.30211804142657,6.80897226379211,8.51197821517975,7.87710305867843,8.1142113063617,7.72038514180202,8.16140663646572,8.93257577310817,7.27332487440052,7.27154422809128,7.56978643888877,8.34109896189084,7.36441519455324,7.3122818639022,NA,7.60204641749609,7.73287770102789,8.26894166049402,7.06655179213647,8.06871381672848
"UBE2M",8.70274639391817,8.61007644299463,8.73097332328783,8.30590056349213,8.4802599264987,8.92702608111689,8.56793836013996,8.7506144585427,8.82001678022143,8.80369553155516,8.34019875405525,8.89559438153261,8.05141067950453,8.75020173991922,8.34404653311418,8.32802625059266,8.78879925692057,8.48470041136195,8.74064013255035,8.49808815598145
"KRT73",9.18543460264972,9.63744816023655,8.61421992370708,10.2268238961765,10.039642324047,9.66451592287124,9.5833179996792,7.74975268576698,10.3445723734321,9.63609721026459,NA,11.1140573714989,8.02593528006646,10.2267164200311,8.57940708232555,11.0454918311847,8.01467545325979,10.429440789344,10.2121167484073,9.6471691144614
"OTOR",6.14552136302511,6.88663258789231,NA,NA,5.72751686884565,NA,6.82357922233648,2.88433674807683,6.52719387675225,6.52944484985701,5.61741591241788,5.35587373905176,NA,5.35563282904407,NA,NA,4.9574810975823,5.79156214627012,5.98187678218267,6.40820732164
"ARMC6",4.18269599669997,5.20847691492833,6.2554938099972,NA,4.59724131373258,NA,5.04995230111309,NA,5.53378727840365,5.97912436572479,5.63057475627363,6.1005225088945,NA,4.20267978340634,NA,5.03658734703585,4.69440109342808,NA,5.60935100275627,NA
"SLC1A5",8.02153051591467,6.67288038563864,8.05093224811941,7.95698507905049,8.49090325381354,7.20527969494134,7.48469073831989,6.53181719502303,6.60924986533639,6.77543120292167,8.83904513920765,7.4240188753083,NA,7.52950710507345,6.68009533057595,7.50574602441646,7.0748095976068,7.55878787567991,7.04808202324031,7.64069362368195
"C1QBP",7.21134263425759,6.45176393059498,NA,6.89629447942874,6.02433997555446,6.64845368805386,6.61009457033236,4.7174713566502,NA,7.01747199444841,6.46672571784506,6.87774044209162,6.51278563147165,6.14166980698657,NA,5.98401971516114,7.29690611369917,7.49708565954118,6.10910436502028,7.03185482822592
"RAC3",12.052234861239,11.1460972750575,11.9968643662461,11.0127869066521,11.2074524864681,11.2082341377044,10.7606521966566,10.6098854246738,11.0765373033765,10.2200592865527,11.567969968884,10.9334578651081,10.6670985081092,11.2261766037671,11.2882332698841,10.7213493990595,11.2042752638118,11.4435208255616,11.6182820093693,11.0841807735169
"RBM39",8.20770973732358,8.21989804279332,7.84671926143088,7.42322615935309,8.19724337613351,8.50486452736211,7.90253771097191,8.21497304690651,8.43964120824116,7.60536486568466,7.76344068943109,8.21535934585801,8.31609436724605,8.08294731989084,7.47883699705078,7.20521823261833,8.64790929496031,8.2626530385668,7.77122731669829,7.89624893151284
"CREB1",6.24226213314872,6.24642563869321,6.39226118182514,6.16926006839567,6.50960880692933,6.46001018317302,5.43296100535609,5.43502717246672,6.19773676926428,5.57707559696968,6.18778106779729,6.00589953918852,6.3583193449252,5.72754618945114,5.82309280496481,5.73885331218857,6.2264439501414,6.04293223766779,5.4987157369845,6.1523292904935
"HGS",7.5015101648739,6.61185100041082,7.08184830188204,6.97502829788188,7.12424189433964,7.22286335253161,7.19779513365899,6.61083721085253,6.59708717935405,7.24758997595808,6.95392318605998,7.39254722302699,6.14070448263346,6.36944386399455,6.16720747016076,6.98336179504108,7.50050173771567,7.04295420670832,6.88613762793553,6.48835774868971
"DENND10",6.29642957792533,6.46225530068026,6.35698797817095,6.78954264303314,6.13731436207576,6.71341142812958,6.34524891023797,6.03881659719178,6.29266016764523,6.41103709409614,6.43283785847612,6.24018908494179,NA,6.67411705453069,5.98797086992686,6.52383213608187,6.15850777036366,6.21520234536911,6.5987391772567,6.50633300485662
"IGFBP5",8.97970770644404,9.46327147900694,7.92358554666433,7.47593708600354,8.37783822094328,7.96356506637485,8.29264185700476,8.49949688688539,8.86596404475008,8.51464899064746,7.38150009668986,7.86103009290117,9.69337525559251,8.32891346607574,9.16601871844835,8.04326568325521,8.18726257009936,8.38494007564366,8.9788584977407,8.43954970569949
"PSMA3",9.02070465110661,9.05334508297093,9.36998856860048,9.15207090561233,9.08708550937593,9.25575995715637,9.41745487893493,9.01132011024466,9.12502616303919,9.26258285658811,8.84816643403399,8.88799919426689,8.49945399574419,9.33551889164081,8.55423195244014,9.43185888765638,8.95396409361251,9.20938669319488,9.04592788401777,9.40325678108591
"TRA2A",7.38004895198205,7.15671792199788,6.87594455045455,6.60202403386789,6.60343595982361,6.45708465138016,6.52868264551238,6.45714742905601,7.57958145911201,7.49337120635003,7.16878472519708,7.35818987115399,NA,6.72866938173996,6.29547289336188,6.87970545125484,6.84181873643464,6.83922240042739,7.55895721559207,7.10694204608571
"SPARC",5.98204058344948,6.38459685086985,7.76428080635162,8.20610171066032,7.83862618573868,5.96574119817307,6.86644938273685,7.53785044101355,5.998885387045,6.8158899032179,7.36833357136664,7.25777889197186,NA,6.35513934858648,NA,8.05151676027425,9.01285766509925,7.48863649043071,6.20803934883872,7.33438182275372
"TOR1A",7.22247270745932,6.95495409890349,6.85858107449827,NA,6.41569903021241,6.50136003831983,6.31487551141982,6.57654580241677,6.55380918250469,7.44076439012139,6.10175577236913,7.28516207917588,NA,6.42494842008507,NA,6.65755715492565,6.2981775146656,6.90626866105425,6.32459649559177,6.87502543863149
"ZRANB2",5.87997267494177,5.68229789856403,5.64005767780514,5.34691073464725,5.76590106133548,5.44431167577754,5.36092467960315,NA,5.63189573555643,NA,5.55631851555679,5.80483540632994,NA,5.22912671424146,NA,NA,6.1448648453074,5.7853861321881,5.17045931964376,NA
"RNASE6",NA,5.84888099371228,6.07749650519351,NA,2.31477323625177,NA,6.69432322115475,NA,6.4345361399621,7.34484504447005,6.29468495729821,6.2543025447479,NA,6.50677398558152,NA,6.58500874922523,NA,NA,5.50556466015284,6.447152698948
"DPYD",7.19174100697557,7.52291278357062,7.36155107483946,7.44514952706718,7.95008552445923,6.70381685282894,7.79866252368743,7.82466674279585,7.82103673879532,7.97925933684348,7.18582464711659,7.34668761640694,6.89050991355361,7.96219708730424,5.80741606616555,6.93011801065706,7.10626827145302,7.02310271921895,7.69392129186785,8.02366709337756
"FAM151B",6.22592177111665,6.06604522826051,6.26742871406196,6.02534270023112,5.61087393976521,6.14552457774664,6.4733782975087,NA,6.58568617364713,6.96842803004307,5.48288230899789,6.73828932473592,NA,6.24090316200997,5.88865386205297,6.50292258512239,5.99021558828352,6.53363922114189,6.67495309470033,6.09678688672973
"RAD50",5.97200513159272,NA,5.52598135255039,5.50532285433302,5.7303531095794,5.58093671072409,5.61312318701191,5.07225321720112,5.2047676291487,5.47860705980826,5.50462921769473,5.74188748887746,NA,4.65647029501032,5.40833571451108,5.27045976081713,6.10175166466993,5.81965255274155,NA,5.30284052829192
"SCARA3",6.99025515977395,6.32459649559177,6.26153179030558,6.84371980929323,6.18782074499084,6.45076571861063,5.74215088954625,NA,NA,6.5600139250328,6.15245068229783,5.83667042603488,NA,6.43299969422528,6.21964837282899,6.9057962316823,6.33829676059916,6.56106734080518,6.02624109776038,6.17271589962805
"WIPI1",NA,NA,6.98363737805521,5.29168669245038,NA,5.65132409085835,7.26824659107716,4.86465647671489,8.14143045024829,5.73533982501247,NA,NA,NA,NA,6.38673578886536,5.57151442246768,5.45876194224483,NA,7.2567475826274,NA
"PHF2",5.14578001399246,5.33656198440667,NA,NA,6.25096294398717,5.36478311086922,NA,6.46042288723794,6.32358167483088,5.20138040365452,NA,5.11956449920325,6.49994333006618,NA,NA,NA,6.38986681671481,NA,NA,NA
"NIFK",NA,7.13779610716803,5.20214699030011,NA,6.41743266127175,7.54830024072302,6.44118080123662,6.8119018412208,7.24984891814508,6.50578712855889,NA,7.06506908739854,5.61232053208089,6.57197210076268,6.59575467832291,NA,7.06340150442575,6.56744291979175,6.11112072075175,6.49319914421646
"RNASE4",12.7385450226999,13.0045895118503,11.9354797541495,12.4548799295929,12.3549084900344,11.8054346427528,12.2827413792813,11.4186536075886,12.1692306767877,12.4326434137341,12.8249426126319,12.2269694950288,12.9083290765119,13.4282211497161,12.9711100999972,12.7182348116161,12.9518126141999,13.8874247061072,12.5332085028781,14.0477766038599
"SEC22B",8.6250730332095,8.44560631193855,8.91730251618001,8.97537457200992,8.47158543073811,8.60445515710224,8.35085409147319,8.12276758200059,8.02837581859626,8.50157806261753,8.24374042844609,8.65056591979376,7.46281128840088,8.44245044648931,8.22225474669805,8.43304120293756,8.68102228142603,7.78957100996057,8.18992771872772,8.29880490222008
"NEK9",7.06602712393348,6.43529997066185,7.08722976126998,6.55564919261501,6.39642353426013,6.40344384047289,5.78388809174979,6.5056948614943,6.87605949701659,6.61961419044927,6.21880983152352,6.72705782822888,6.06953985184099,6.53331366034675,6.72960083888323,6.2187892729785,6.2821785605107,6.5481647059245,7.31928872621808,6.33544339925023
"PPIG",6.76329435664792,7.21773649549955,6.3365675093432,5.62056740203005,6.98205149977618,7.22133425552605,6.84098877109292,7.38947647343937,7.2342564836203,6.25414982652602,NA,6.66960966179721,6.83898725472087,6.60991329710218,5.97323273223325,NA,7.1720008033484,6.80702142328988,6.60246963024043,6.75257684005653
"RAB2B",8.35403760139676,8.10727225715349,8.23078836501062,7.63232984729106,7.93843207298589,7.79848959366197,7.89373044810434,8.46206574441906,8.43057635022795,8.40401852295893,8.01830051660176,7.71109893559927,7.31518606932901,8.13168827975426,7.35186854050443,8.07379700224298,7.76998680136726,8.07744028034287,8.3589733608136,8.02775184517394
"AK4",9.06950808075804,8.67092615204766,9.21259717253652,8.64697419721817,8.7361074748962,8.84709445158809,8.78353702595975,9.17177384392054,8.65596312741495,8.63849611306709,8.41536486882819,8.61138684124142,9.33232080561736,9.43424211628195,9.41895894876786,8.60823399665548,8.63250910135911,8.64335462042329,8.84036167950364,9.61245192603045
"RACK1",11.0461794206576,10.9812073954584,11.3363695447044,11.2262878635001,11.1965100058007,10.9705725268268,11.0411163821587,10.4163930480431,10.9435742648116,11.1854135286844,10.8041673229512,11.1686789027837,9.70535771111945,10.9649883880385,10.5269830368704,11.2395932921536,11.1939261134177,10.9108451614404,10.7082351172745,10.8557967371472
"PRDX6",14.041930163815,14.2254816800622,13.9516696772114,12.9768024196771,13.3555638632811,13.3554721364233,13.6331768707794,13.010253539373,14.5851853040673,14.2245928709721,13.2473488183188,13.8183978599755,12.8177142436625,14.0344970734692,13.3915045574002,14.022729372581,12.9377360221638,13.4158139239425,14.3813891408608,13.8037332044676
"WBP2",8.28391821953569,8.47050624127518,8.35853985780676,8.6487066135916,8.42778038880791,8.54889194030883,8.84603033009733,7.97495117253392,8.26714583174385,8.11907356091153,8.35615754386373,8.19653613793636,8.36809329578961,8.36212703787529,7.67154797257689,8.48186604508828,8.11009979482694,7.89188669951778,8.31943989418751,8.50809800183244
"EIF1B",7.71147315087556,7.5098925860512,7.46377972847925,7.26659933885622,7.44198802730343,7.74205055659086,7.92386197502486,6.8606062197378,6.70178794796476,8.13195143087443,6.80777762758577,8.13712147664442,NA,6.69132536916693,NA,7.97733073216382,7.62095471619486,6.79949477197834,6.74930856577481,7.28469047897974
"MYO1F",6.92150109283044,6.9995081691811,6.91740119589189,6.75799747819909,6.7536137294911,6.92997225929465,NA,7.16287488317097,7.12562091563749,7.69236700365924,6.48278488123798,7.76219455957031,NA,NA,8.29390422909003,6.34688525059201,6.12732705165315,7.35756254903274,7.81504574359882,6.76092105717834
"SPP1",8.35217377216983,8.10890484953849,9.63891145877713,7.42512530069852,10.2203242435417,10.1860690306301,8.84412806835291,7.2197184343835,7.99971881121783,9.34006998487228,7.58117629631695,9.29598883667138,9.48708803569048,7.08639310539762,7.10822149510501,9.24017822087508,9.43526118907664,7.57775377306003,7.30807620253528,9.71779146864672
"RPL10",8.90356398053592,9.91571393342701,8.60849562986949,7.55370021176982,8.76295229650105,9.97834948163121,9.49616024732245,10.0254770610506,10.5086354779227,9.55547021873197,8.44327361190438,9.70122035095276,10.5107990119815,9.68528173884338,10.0384704881656,9.00073368283198,9.27464041730159,9.16479276347546,9.52988544225862,9.15336186099684
"STXBP2",6.89955458726855,NA,6.36165393802698,6.60897878309444,8.74790279094151,7.552274327401,6.20885758211879,NA,5.66081552073359,5.88796892901996,6.00297765039685,6.14984657780057,NA,5.3403778604857,6.12995542485005,6.04608119051209,5.80640664121536,NA,5.66323346176161,6.50776844198595
"XYLT1",7.952283299985,8.66119882735883,9.87464724234403,8.13082460725843,8.46748701423079,9.14085727590171,8.25948737219661,8.38328133503266,8.81211178347288,8.38268520093827,10.3242010452114,9.95250096445069,7.68034566359816,8.80834723904764,8.13115779373055,9.16304525635193,8.24872800286905,8.61590117521245,9.31244869435614,8.08855313554889
"AAK1",NA,NA,5.46597050321772,5.38035710802777,4.64437365552191,5.55275423873131,5.34785083468308,NA,4.94039242387011,5.17095628348181,5.15944899888785,5.29617858701922,5.9073659322902,4.8524185798781,NA,NA,5.87582760344532,5.29243984656496,4.11269090096951,5.25348440230412
"MFGE8",16.0546988896856,15.1675351904497,16.8574234117887,17.9289789375138,16.9646773670485,17.5090388592845,17.4523742904612,17.5761127688601,16.6806400587772,16.0577606106878,16.8528565701216,16.885026601084,15.6334253671167,17.0408930729214,15.6778562418554,15.7455943300645,17.5936462469003,16.5126259659708,16.1002180033841,16.9530424160417
"BAG5",7.00228315838823,NA,6.30190446870759,5.71408199563026,5.71776325352836,5.07945599979849,6.16852591376183,5.55544526040811,5.21177365214412,6.0493406907925,5.83972366233301,6.20684128794806,NA,5.41444188682606,5.69284938505315,6.06870676188694,5.50879421456679,5.59368409474048,5.52343792000629,4.98028161813209
"BROX",6.60521264372899,6.5273564405956,6.97907279670426,6.93775067714953,6.96256201070161,4.83411136233867,6.30627460964022,5.44321298752853,6.10027397669095,6.31704055756907,7.1276970696421,6.93128346878942,4.95039305509977,6.44335214443485,5.08495368999163,6.45681417561937,6.54041956471293,6.67783584309231,6.50239118806434,6.81615951120289
"CRYL1",11.6038443559026,10.8474993323176,12.0911223784342,11.2182619261759,11.4089532614266,11.3809146456639,11.3016269792171,11.101133343591,11.1865395209504,11.1172587476471,11.0155868349939,11.1014055121378,10.7190863274396,11.5333440699155,10.6074395881163,11.2887682541014,10.8761978183913,11.5659960916806,11.7245070872445,11.4639858810312
"PLOD3",6.66071459318517,6.73450262675753,7.0675568183693,6.48476880476125,6.95186745464986,6.85771735369639,6.7824265767091,6.28114121022827,6.35318986745103,6.71733073988242,6.2856672420223,7.31621784689448,NA,NA,NA,6.87173276447119,6.95606259316115,6.72510035168101,6.59697802875218,6.43301547124094
"AFM",7.98659555192149,8.40118045701412,7.30425072879782,7.53814057771449,8.17554508665944,9.20320606656047,9.61270118156334,8.60192893509953,8.15081091334715,8.93309297098878,7.36106967307838,9.75784079247387,NA,8.4490365508406,8.86889347918225,7.20844600364433,8.09611190541948,7.93400575693826,8.84685384509371,8.16177476567139
"ITGB6",8.68291457098913,8.29582710790006,9.29085576768351,9.14217811848829,9.12163277638123,8.65678726587999,NA,8.13769353701037,NA,7.33422980045723,9.42178294075303,6.30547530808048,7.34635872862304,8.29974606063701,8.47833583788973,8.74493068911588,7.40473074653709,8.52765223522636,8.01924119590837,9.11693333604921
"GNAI3",7.14834173799162,6.67124812190818,6.82783675202402,7.81515680355156,7.81316356104424,7.14745340712687,7.09576245310371,6.45572922632691,6.48064901536134,6.86080199360061,6.82619169464176,7.3783798722905,5.59731841911806,7.03042582696252,5.79521132179689,6.7350232770241,7.38706894951836,6.04784336127467,7.05916347438171,7.50399800386281
"ACVR1",6.3815553539281,6.18278327749666,7.41083862559478,5.37038818647899,7.10884578496684,6.49715024155668,NA,NA,NA,6.20812621515624,7.23717595742103,6.9493917452996,NA,NA,NA,6.56327097878092,5.72819217208083,NA,6.53231873179033,6.85300178963507
"ARPC5",10.0820981038153,9.13914075055617,9.96175846964834,9.40909081632407,9.40135977241471,9.64895846250084,9.57608586633297,9.1871467679588,9.09797543700026,9.93792212127066,8.81201907046436,9.83102117389986,8.83967645121467,9.39185096378928,8.98281975815043,9.5529845287096,10.6599311976851,9.92240308450229,9.37623171069106,9.78747360493977
"FYTTD1",8.72638868942299,8.39337809318574,7.52435653338457,NA,8.10503470834632,9.17920640233025,8.04096065166451,9.4286294906148,8.41283748561983,7.89732172236196,7.92272512106383,8.40248278593955,NA,8.33859643990704,8.74006982147593,NA,9.12753683200215,NA,7.93800288604174,8.04184805191046
"VIM",16.1595457187012,15.7112714027164,16.7406159938585,16.1889489226082,15.5507324360046,16.1903452147084,15.8142577525514,15.2908869790292,15.5500998130825,15.797505768623,15.9357978951887,16.2776641880983,15.9213908532496,15.9983504291298,15.411050709047,16.008239918776,16.6573329498546,15.8288693797961,15.5782210600022,17.0488447286506
"CNDP2",10.6353521975289,10.2827646018443,11.0064610439299,10.4760283573991,10.0341455188475,10.1666120748056,10.0736333765585,9.5165434397616,9.95817949609164,10.2075517488915,10.5018492455561,9.98662031990267,9.64921068643912,10.187381698486,9.79231726625782,10.2429109538332,10.365859520762,10.4599512865034,10.2247557979565,10.4364373888492
"GLA",7.96867605794691,7.38112333733364,9.31040601003963,8.95108064983956,7.84807434911518,8.63708562145173,8.16631184931803,7.81263583495466,7.84472187492771,8.14109431365821,8.89763427625009,8.52012865777267,7.22566697091908,8.32739153006944,7.79179151785762,8.42841592813711,8.49581388962909,8.65447571464366,8.27455620225979,7.74712767406536
"P4HB",10.8064158823929,9.59660943793873,11.294782863437,10.8238400129614,10.1101087031567,10.1986412102192,10.5713694659926,9.76959060658748,9.68346040658706,10.1238799997119,10.8465886217407,10.7503194510299,9.00943001243756,9.73993205602144,9.58216540635851,10.1246765870937,11.0990232925583,10.6570238515315,9.89579413105984,10.303900122606
"CHD4",6.69171134442002,6.39264106757847,6.62740935418976,NA,6.44280925136847,5.74432943504617,5.56177771504749,NA,6.34863334441005,5.98706026865693,6.08778039868869,5.70155205871905,NA,6.52691570320551,6.70777925780316,5.72197866849213,6.57458023436615,6.17343075540665,6.36352443488429,6.73832494250045
"MME",6.41273327051025,5.98563238153067,7.68297624292293,4.83458692330467,6.73915980138064,NA,NA,NA,NA,5.8858325643483,8.01518014463477,5.5988260844831,NA,5.96037833577705,6.58786146301225,7.29662543134845,4.92725012256949,6.37312378457926,6.21736251843661,6.74700733745037
"AKR7L",9.60578483410129,9.31151594229749,9.80717058024034,8.62371298234643,8.96679088015656,9.05698180448649,9.11002335612413,8.82078852916803,9.3824558802461,9.67369349356253,NA,8.98416447040734,8.7407407213011,9.41474096743579,8.5440654991072,9.52608270196818,9.1955409514376,9.63715007517378,9.64749117428075,8.88540905948013
"RELA",7.46384266041862,7.22547041421834,7.28306139493518,6.992353282729,7.35702879204354,7.4024949745418,7.18184444617253,7.17815135119889,7.08217898600955,7.80640181197639,6.92022346796554,7.53560209736204,6.42975905421129,6.93698103028988,6.38275910633769,7.05348212404331,7.74012173096739,7.55735471665883,6.91941263478253,7.09706877981292
"RPS3",11.3149998062809,11.3910654618144,11.3427649095898,10.8498322115816,11.3588132154651,11.5199309708517,11.5416675365032,11.7583264880052,11.9314922433741,11.4139475588467,10.8122605164155,11.607346100462,10.2762751896786,11.803946660644,11.6525340164238,11.1195793415751,11.339356137239,11.3339082089827,11.8037077605536,11.3564896732183
"MYO9B",5.2403029926621,4.16820358705372,4.95794999447411,5.05189199308407,4.2919207068699,5.44800258432326,3.96776809939303,5.89814371867191,5.09239718250044,5.20665775338445,NA,4.85573748557626,NA,4.96517096252086,5.13502354569202,3.26387854255642,5.22358580748643,4.69752974403034,5.4221965494387,3.95537049218494
"LOC100034005",10.3699712559134,11.398804431029,9.84360695038917,9.3914419657636,10.6293924005183,11.3227496548349,10.6862709756674,11.1161097818237,11.7957649127762,10.9680518208625,9.16648122101675,10.5705313995574,10.7469094783857,11.0189368884052,9.64653933620546,10.8596276663114,10.8364625576364,9.77812879738088,10.9998259116389,10.4704955965482
"TM9SF3",8.37371986987877,7.52026587745156,8.37233684441948,8.23081802539072,7.97075741686033,7.62226504846137,6.66222890789133,6.67637051517226,6.7380970026253,6.98718411372317,8.58889229214991,7.62278889394801,6.37184383544575,7.90512290404958,7.77883452518778,7.90069537195447,7.4773413875172,7.88630335570837,7.51168170938381,7.8638245663072
"PSMD5",9.22946575126284,9.26737690988909,9.73025944807428,9.64809359662046,9.4129065221405,9.51969248102635,9.26005424484581,9.37541989377715,9.24931440360622,9.22260089664395,9.90392584687086,10.2405652629113,8.2434820317033,9.55316528331544,9.41563933822493,9.42797982891139,9.6748515387851,9.34092874230074,10.1116645410742,9.47426279627037
"GORASP2",7.82970423270074,7.67656150400006,7.88566612503887,8.45689745019279,7.39548439998628,8.08405721773066,7.94800512231844,7.32376754900742,7.46799778722927,7.69658143373974,7.52481236802338,7.85516903870008,6.73207030437829,7.85107505939861,6.81971336759042,7.65453058627433,8.06213774600655,7.24981727021477,7.38510456495336,7.72637526942393
"SCRN2",8.32049327625574,8.07152050753184,8.92384099657336,8.91301338790556,8.00668331044699,8.21898651972807,8.72363960285858,7.9659072622532,7.77736255402136,8.67219874658461,8.1732927743914,7.72686117687442,7.4908181128921,8.0169960130161,6.71280525693497,8.5180830488643,8.32887986913807,8.19426160074364,8.15826466345274,8.47279055639826
"SAR1A",8.18780807035685,8.96277867504044,8.70939201253649,8.61605807809211,8.60024815382203,8.47984117973435,8.60085632039254,9.22148241668035,9.22168217743853,8.65154396254494,8.05298866863057,8.62944777047469,7.98839635720951,8.70626407236301,8.57387501194085,8.5496644262546,8.37520719509178,8.64809100109079,8.70145936559656,8.35737402224887
"CCN6",11.2512282436627,10.3742778406921,9.57411305436002,8.4824854060319,8.8405071427554,9.03120632027358,9.47946950181084,9.26165606302546,10.8194988171047,11.0067792550633,9.97966172354299,9.01718020691634,9.63088389789606,10.5278651920011,10.5656092645946,10.7697752097934,9.35775044332217,10.3320338679308,10.5656345402951,8.48139508557975
"TIMP2",8.52772645482643,9.51339445440983,8.43114824748104,7.97581142061426,8.11928497854954,7.64228095682514,9.29179418448732,7.71859641990848,8.79317481606839,8.7485158408748,7.8684707435476,8.67124625538996,8.19416899059582,8.55112855748774,8.28360363781252,8.54186649230068,8.02513266854253,8.77357338731681,9.2420133097549,8.66842420967088
"GMPPA",7.08204031418112,7.63871686657124,8.07485862210638,7.78513305899103,7.45522383515073,8.09631596779976,8.17321995186004,7.27869096433802,7.69114941740258,7.77165932141012,8.08533227293338,8.07299615940706,6.32029335419238,8.15688421240428,7.47541887884304,7.73118046086876,7.61397614770474,7.63919903841398,8.27173891255531,7.71289208573945
"F2",9.44006766787123,10.3483943362863,8.07338916302175,9.27526519959279,9.83743512159203,10.155887398865,11.310426192529,10.4410475947501,10.5948525437487,10.9552988012283,8.7454515940979,11.3988955869463,8.98144816620733,10.2311239148088,10.3103126051147,8.91695812620082,9.23218475833947,8.85671019778249,10.6840223866778,9.74958311362945
"PRDX2",9.11245995856603,8.77340851998164,11.2258197365942,11.1528062133314,10.563788253267,10.5591302098341,10.3937412726803,10.2987547290517,9.55824552433301,9.94131614986426,10.992989464434,10.732528758712,9.39050103248356,10.1988835137795,8.50811437716963,10.6707696282952,10.689238276334,9.35999261947668,9.8112223735313,10.0236765859332
"SF3B3",8.03022736537575,7.65344832523653,7.81518225744795,7.67976003773455,7.94333612234773,7.47146876670633,7.22960296029962,6.33855954779316,7.11696536553884,7.35108104163769,8.18154965355397,7.72004594201373,7.09209412136001,7.73940015982989,7.35705300498465,7.52915319797545,7.35927627438629,7.52119609585176,7.16136124935802,8.01062939913428
"FLNA",7.6716531577146,8.20538704839259,6.89753722488779,7.03945795871716,8.69062459215181,6.88298761634758,7.25907360922162,6.96446166200496,8.06536335754392,8.47232182444199,8.17539138985455,8.24532160071214,6.77916758066939,7.45142476949655,7.35968904814608,7.08715932870559,8.94434854462635,7.42850779043277,7.869830726784,7.58132848843824
"FKBP5",6.40640915630597,6.53542854852443,5.52265798485303,5.97085750564269,7.40286350707164,6.53165346153887,6.68371659260961,6.26358241300824,6.82882387650435,7.02443726658114,6.30201797296288,6.74839358517435,NA,6.80412120031039,NA,6.1038194356237,6.21354200686899,6.60535421977,6.88751647979998,7.52353435866871
"FN3KRP.1",9.06780827406029,9.48715308827052,9.24933301883677,8.39875608357002,8.99120301155232,9.16004857620886,9.134726151952,9.20936819215076,9.81659907942768,8.97187387676178,8.67150752609153,8.68215147540536,8.10773943204659,9.31496330898524,8.79960139407072,8.99518265935391,8.80664473363741,8.99042661734242,9.53365775776809,9.26719242328276
"STAU1",7.13861308586892,6.80747952250225,6.69340265535743,6.83087891193436,6.94904294003555,6.66751394827343,6.59518505106428,7.59437701278915,7.45380118268705,6.50058689129435,6.51155840661941,6.98586634403444,6.20492696667204,6.49993371545811,6.33412434720105,6.39658878225966,7.84331065404887,6.55961539207367,6.82807638828599,6.92048166409907
"VAPB",7.75706608237342,7.05250965086826,7.84141400770543,8.09659609055318,7.51271791851103,7.0887925580332,7.14701856228369,7.33454401064864,7.29217825788198,7.67040303459559,7.39623565189658,7.94244021283042,6.60039095242509,7.06603122883755,6.88111858811308,7.19695755676003,8.01052146356201,7.38164040731909,6.63551490648628,7.29960206118672
"LAMB2",10.2727446533636,9.55646082251097,10.8545136492647,9.88765725516654,9.84405227959953,9.28600983351301,9.77759943392677,9.04299360413233,9.09243562093247,9.18274040126878,10.9996239142842,10.3421118013143,8.21685276093784,9.12389962862405,8.39544253402992,9.36348078869777,9.7910065837872,10.110835731089,9.19920067740966,9.97861707017073
"GCA",7.6026774486856,7.87905298833082,8.34283981237631,8.51149504899962,8.13561094281891,8.77550196707581,8.25155853538626,8.64396522190998,7.27707768143787,7.44908851176797,7.94429350680397,7.83806882677173,7.81651481203529,7.83818619169062,7.50803681901391,7.89060599078176,7.95041275296411,7.87490562212237,8.03549893221148,7.52085142144792
"SERPINF1",11.5634688063745,11.6173034401304,10.8192738839591,11.4805193613033,11.7110643591406,11.2779165232351,11.670865741943,11.6561208285856,11.4957361962771,11.6765553082791,10.524755173789,11.992327467422,11.0495212308922,11.5151633710684,11.5073510006784,10.0827911039712,10.8696098760468,11.1699652460587,10.9933752475022,11.9442137933575
"GDF5",5.65643714754877,5.69229651040715,5.78349728997406,5.93724003954541,5.49161399243131,4.42795770251318,4.62778189345058,6.54647188392924,6.07122757608599,6.20279278001164,NA,NA,6.20759291608709,6.69467692478522,6.10663719103032,6.43347786245939,7.12689990530128,NA,NA,7.75040611936971
"PDCD5",8.46761144832197,8.01179892977751,8.7118439514654,8.30403555866836,7.7944497430387,8.00864023766138,8.55393777394008,7.50702386093967,7.86277690594603,8.87028982774163,8.56156618970286,8.22107747750359,7.54903795430318,7.87963644573032,6.74388833530003,8.02971807276844,9.46903420726339,8.44078122999262,7.80557586988287,8.34718408827602
"RPS15A",8.66795114094468,9.32322370526006,9.79510078207209,8.5801018456093,9.33815709947571,9.62447620279676,9.40552493812566,9.65107904423429,10.1072694680765,8.36873774115098,8.78502145645647,9.7840988530401,9.16411708575165,9.71953670089654,9.61757965698603,9.19539614357014,8.54298355747015,9.16956983719241,9.84003960519527,9.48172962966404
"PIN1",5.1717532127679,5.99997574701923,5.61676446996917,6.33588916127251,5.67021248622733,6.00942617346702,6.11148418165695,5.82353703645652,6.37604036696142,6.17124049434195,5.58924915115411,5.67055069592059,NA,5.7956193452294,5.37188429193279,5.61474545783324,6.52706477033368,5.98975530930087,5.55812317666244,6.51262176852208
"SERPIND1",8.96355686187237,9.79839340126781,7.54425006213241,7.5912922769573,9.27264812569575,8.9851653481612,10.0941301879998,9.19663085649525,9.57274113246836,10.1924779304006,7.5940138331311,10.3639463491598,7.48709916118683,9.70136025754798,9.38814851351749,8.1863480576923,8.32741617127904,8.94013634980369,10.0957573404767,10.1913461051779
"CRK",7.46111071670961,6.91193129017242,7.66194801732447,7.62090109251011,6.89593324201436,7.05468677187073,7.4568272028156,6.25662122794787,6.81968593382421,7.22170541575209,7.11841994568847,7.14203952240779,6.17468887338704,6.92271495268686,6.08141195834948,7.24466663673911,7.48275219241983,7.53268560299377,6.82672520106419,7.40229661405452
"SNRNP70",9.24328209967531,9.51979598142186,8.93535153713487,8.23471645189925,9.43183721177417,9.31344189253816,9.10484373867231,9.85723684861383,9.99484287150385,9.12727225559902,8.30277509303186,9.501371424964,9.65937782855637,9.23903187145452,9.24827367462065,8.73155745990951,9.70161662413431,9.30375519240618,9.25115453440368,9.24053781359239
"S100A11",11.5289037918483,11.465332490879,11.3596513835629,11.3790059703495,11.0880156696085,10.9921876962659,11.0118420367326,10.57389362221,11.2689995647025,11.4791801775374,11.4517348629249,10.1079112514771,10.7022678803639,10.9710308722207,10.4804187496839,11.5190655779391,11.5114180433323,11.288358035318,11.4336514775189,11.1023152767083
"GAR1",7.69240288711765,7.72915622248645,7.50511721907169,7.75882950947604,8.60474735569607,7.84419464190824,8.05700033880369,7.7240665288419,6.79636213103697,7.5627671629831,7.42176448673248,6.7131091177591,7.92338612588239,7.86038059253453,8.18658285066194,7.9897479232311,7.91763270345826,6.32772033469296,7.43491538438387,8.64761884250546
"STK26",9.66746623148698,8.82681949031103,9.8867134803327,9.71313713323331,9.62970931565407,9.35649773254992,9.53341075659872,9.14592858573426,8.8773662775834,9.13597281229175,10.1879461575413,9.78713070716484,8.85675201177389,9.05013454497175,8.26682622390949,9.11520116410356,9.59521846225232,9.56094182669318,9.02343333298837,9.69454442186782
"LSM2",6.76451044417306,8.01867573125847,7.68134669634763,7.40728866895777,7.47157626378384,NA,7.69036315451086,7.43747212408536,7.65949211910938,7.88828142666259,6.45661182457717,7.66124490841113,7.28313475172778,8.16894355630147,7.49573604624715,7.67947203778518,7.26541997200917,NA,7.69253903701821,8.06355238958093
"KRT2",11.5373503900995,12.5256064526157,11.9436974512243,13.1793510795403,12.6145261784579,12.5633890057549,12.4280941386874,13.4255905841097,13.6435464608515,12.5032905318113,12.7694978935521,13.519717340155,13.4578075346615,13.246684313989,13.6623283451006,13.8062602315878,11.5216931513257,12.67471998898,13.484498790013,12.7467504338256
"SPR",8.79955595652451,8.97697781610698,8.53972146440316,7.46301165357556,8.20475000018885,8.35682263874383,8.63440331479965,8.45083575266334,9.41389860692121,8.78739400572009,7.78497089236395,8.5743004622945,7.3832676879881,8.93235340097447,8.63626226062378,8.45093710395881,7.82125728110523,8.4714266573706,9.52176636348039,8.47944661042547
"CTSV",5.6136292437372,5.91178951040904,5.29645680515564,5.1150742705251,5.41256878771839,5.62358257737235,5.72325020792621,NA,NA,5.63352529206237,5.46615701223856,5.38819427625095,NA,NA,5.40005483499096,5.24233793729739,6.31226674287177,5.16425526190097,4.27912810607779,6.12326599075548
"PIP4K2B",6.23193343949041,5.7989629396573,6.10567227922707,5.49792476057946,5.94794096404416,5.6202635670671,5.80504267745958,5.55108061761463,5.69220792567676,6.35451389539591,5.81675772877015,6.14022907351954,NA,5.46099781709852,6.14599324426872,5.48218736690626,6.36440468686746,5.96551310495623,6.01226102987922,4.75520745378913
"C1S",6.66607756428944,6.48855467501488,6.70567403210766,6.54771717974174,7.02508148718485,NA,7.23241233513956,6.47106901917439,6.89987286291833,7.47993621425674,NA,8.04575472148557,NA,6.50961182307951,6.58059775762459,NA,6.61299344218377,7.27383081037626,7.12432297153197,6.92881086836839
"GALNT1",6.06507109397728,5.84015435935539,6.77955213454087,6.67292330696843,6.56578039112833,4.23661216132691,5.68829154002619,NA,NA,5.94560241088392,6.62266733551867,6.55653335497961,NA,6.14665088498493,NA,6.19377039339205,6.01162947052437,5.44304453543895,5.78803273097288,6.54437832968618
"UBQLN1",6.55650267726303,6.57034749835472,7.14278250876708,6.89797989830302,6.05711693363608,6.46996066782896,7.21390081242059,3.29852271814273,6.41874100271979,6.55348066938168,6.668242388263,6.91252789677626,5.85035321957915,6.43141600897327,5.56081688319512,6.76173464202418,7.04359904891598,6.89978240565022,6.7431211294421,6.5022235260309
"DCTN2",8.47165629111791,7.91037212498744,8.31762168859062,8.22187265889802,7.74033006375544,7.97342543928888,8.01317617179911,6.87801390780955,7.45848532737126,8.34354771646283,7.62790999799687,8.42926255610458,6.88076981829664,7.84242956418896,7.04240158075155,8.25852539141417,8.28445970641588,8.31090900852602,7.66835532622833,8.00479222738501
"CREB5",5.697851876539,6.40133092804558,6.57228106918752,NA,6.60057928580354,5.86443998209328,NA,NA,6.27908868082621,6.93232433275848,NA,7.30085617336303,6.6474687651877,6.65745795111432,NA,NA,6.37113599411425,5.99995492731908,5.90468741526777,7.17058490578655
"SARS1",7.20965124069897,7.80400733627611,7.3924498860707,6.77351647416578,7.83627222083782,7.59265679498676,7.65104620423279,7.4735407894426,8.10851253453056,8.09189680577533,7.51467951457398,7.94708900830208,NA,7.88268921121304,7.44434767245478,7.25068791264676,7.85013473122728,7.1565666451079,8.22200804617427,7.75484980091566
"ATL3",6.55329638022839,6.33670603671163,6.79954136271797,5.40015938077571,7.24296329084985,5.07080332546985,6.20007377327788,5.46141362713227,5.88290022551259,5.73304506515994,6.8851205017675,6.45328637532397,NA,6.0199583021564,5.95582982693054,6.17800607406302,6.34786388782158,6.23778185386471,5.94869964047131,6.54315848217187
"GET3",8.09262199744135,7.58220136361825,8.01201769166619,7.54147394726558,7.72757513682881,7.28415580244253,7.40869740053365,7.38135025476824,7.11453259256696,7.21504318375506,7.78821139335244,7.34056253167495,7.20463717841183,7.7084171740948,7.30503915969985,7.39172975025244,7.73561715692433,7.55404030933449,7.55159273337905,7.78803155460521
"C1QB",9.77146047844307,10.5615698907901,10.6018754017411,9.24347548965122,10.4613106401301,9.79744679725118,10.614416897019,9.78954087224979,11.1567014491532,10.3565420806013,10.4896742110186,10.4522302680985,10.5278721866292,10.7772808885573,11.836773948891,10.3938452822044,10.1969924228092,10.7890505773674,11.0293381205586,10.9490968627037
"COMMD9",6.99131530485697,6.34573895846086,7.28945744013825,6.3071707561065,6.84822224390201,6.67719766207216,7.00603750981473,5.94654167623908,NA,6.66902330824575,6.97617568289905,7.28376134813053,NA,6.54857034209242,NA,6.60926346064293,7.32449211049606,7.04806050981638,6.35752261609339,6.80970225448384
"OSTF1",6.67179496394145,6.82489549647414,7.57135003387169,6.89946287702192,6.77701319271763,6.82995034699106,7.96421307675042,3.40822480345569,6.49971370199009,8.10078304833096,6.45182389487314,7.41482921708735,4.69069392113182,7.06177248331164,NA,7.00989430330621,8.00175911523645,6.41258216599692,6.73581653692052,6.07502617244311
"GMFB",6.83399850142458,6.51542762081376,7.48593669885558,7.33619479276977,6.74503504252403,7.0084262266748,7.15565497645952,6.25416262551649,6.13363879761166,7.34257495003927,6.98188849274422,8.06073800731721,5.74280006585295,6.3419475340615,6.20624588285189,6.81000329264778,7.99846307358001,7.18345177510876,6.47457934355828,6.66138511614712
"NPEPPS",9.35676091777833,9.26004928125564,9.60997089339871,9.40339064866387,9.60044395283341,9.74428636719656,9.23748877843033,9.41718399790507,9.07204087555908,9.49242971285251,9.94790337837256,10.0003802977891,8.51409423719652,9.3888632923057,9.31748030706131,9.58627629220785,9.37017530830345,9.22755722649887,10.2887990211867,9.02809475931674
"LAMA5",5.64656234533914,6.84001599439982,NA,NA,6.67907657852737,NA,6.7749269081268,7.27093129609926,6.70379043461442,7.87645260445102,5.68293135264682,6.08772192799015,6.62740736491883,6.57307857069409,6.85547592500103,5.96448091841769,5.76058637334564,6.01902161388103,6.40618408404467,7.39450470490718
"HYI",9.16759777610214,8.55185148687298,9.20913160598043,8.65285693977699,8.51052219419585,8.01544029768456,8.49418706240013,8.38116336505116,8.18956219143175,9.06559405385189,8.2899128366144,8.48261983707629,8.5227200217502,8.50704358078628,9.39499103788384,8.56725391306492,8.52671105551681,8.75554729751914,8.57969268333142,7.96839349466134
"F7BYD1",8.88361319871963,8.73017729922947,9.36246297360375,9.34014493657481,9.17746020442655,8.6889661045565,9.09412025399688,8.99163745172144,9.50928167028741,8.45728655792261,8.54815865916253,8.71102350848053,8.63073007056388,9.56321020977035,8.89836925640692,8.79718680826002,8.98830521247674,9.23703641164715,8.90938019622817,9.62749187779687
"GNA12",7.40304801964753,7.29721769843327,7.32293371060649,7.1229014358581,7.33735120043024,7.17243489623234,7.48576928081902,7.5265414575144,7.402244537038,7.03465732730574,7.13425932804241,7.02304790007689,7.28511250954568,7.08903262031662,7.09471658418483,NA,7.31630045372212,6.98717253874013,7.3327600750446,6.9806116611733
"PREX1",6.25780068199095,5.73075965551641,5.98711722319381,5.44086877604175,6.12263312102007,5.69695954929315,6.21251876374938,6.06913670129185,6.07980789013624,6.10131949613417,6.13059487122658,6.43599776636443,NA,6.13763571028006,6.12699021538717,5.69827398375995,5.19438907527918,6.26954598778954,5.92565901630093,5.87963338739189
"HNRNPH3",8.23039683906199,7.74603642775994,8.16868227743215,8.12226766638333,7.58291035415196,7.8126428163894,7.94593541989503,7.10428178022224,7.35261260878046,7.95519279166711,7.75569487999154,7.83681796010406,7.10546114842331,7.61952785155903,6.81617686289404,7.88518511966199,8.18585438448158,8.35531406514133,7.50156151212618,7.92494529111063
"DHDH",9.99531693176279,9.70851269543883,10.2945184581778,9.10599319007484,10.0220893975319,9.08967425014643,9.38359971354421,9.49455547161854,9.71130381373199,9.8223375578218,9.74992935254764,9.7350315682269,8.72476501827012,9.5987744823777,9.40802259135981,9.66304117158773,9.28915501619381,9.7313224615841,10.4780607980971,9.6907220330924
"SCD5",7.71658250129521,7.43876194140272,7.77372327462539,7.66680177134541,6.85527367397843,6.18823528977559,5.04064916336421,NA,6.67859033447491,6.30006233864368,7.03904375473634,6.64563847360982,NA,7.1604603516029,6.54179560700044,7.52051885667622,5.69441476352043,6.33647081434355,6.71403850990858,6.76653962735709
"MAPK3",7.98489037428868,7.78819411698828,8.28717982732727,7.96745210670896,7.7589080700152,7.85289016968957,7.51092115893027,8.15711100618685,8.42250407996817,7.85160087814359,7.55085858404791,8.2170513712425,7.0220466356181,8.26176104864666,8.07330132339339,7.91459053075513,8.06062004311671,7.83068355819648,8.61999435687769,8.12836731948475
"LOC100146514",9.52882456925938,9.37880066417744,9.52099203660022,8.83629569986496,9.38015688441653,9.14615993326229,9.09910812129802,8.98536155235437,9.18293399469137,9.23526965982528,9.08808795643365,9.02172742351818,8.70328518766613,9.52368195715971,8.81449882866814,9.48477700108432,9.37292471635779,9.53152496725304,9.37906450882424,9.38647812023926
"HNRNPH1",9.42392434122952,9.56001020096896,9.46303883116609,9.17792512957723,9.39863128623733,9.63194048112348,9.46522771704558,8.76675315773668,9.26043200906233,9.35438293890395,9.83996719004449,9.62734167315037,8.06477605583904,9.38613341768831,8.83316350831393,9.43855927717392,9.73918071549339,9.54734196856311,9.12804518703602,9.4240921366832
"EEF1E1",7.37892465166241,7.37997212182721,7.55941999476271,6.82116242061563,7.49798721691259,NA,7.32026574970915,NA,7.53448486073185,7.53177583161982,7.47025120542686,7.75483204307295,6.6532476433069,7.29155327499933,5.94937210723449,7.54780863160447,8.15373077414868,7.0015859039891,7.56178944655777,6.99967314173836
"RTKN",6.55486428385746,6.36259114366158,6.56357857959694,6.52300867153867,5.92743585911775,6.74581123260753,6.32429888963452,5.84232362340844,NA,NA,7.06459597712974,7.17705265382951,NA,5.86555408358976,NA,5.05562728136807,6.77029909755732,6.4591877172741,NA,5.58796461412107
"CILP",17.9811196066619,17.4475055295847,17.2039154946724,17.4047903922825,16.0408156787943,16.60949296442,16.5929129393792,16.4629028508876,17.1368534723786,17.7246913685065,17.6415008598453,16.5530947440105,17.3787108485253,17.4614014372558,18.0194166994072,17.4250785522782,18.4501072109996,16.9816176353166,17.6976718617231,16.2292573888599
"AEBP1",7.51856542609702,8.68434218249325,8.29717930054848,8.72367943599772,10.2929213366252,8.06476406263537,8.67358412777881,10.1922357970628,9.35621235970469,9.35817834527536,8.57338991029384,9.27222030665079,7.54328368883567,8.96916399995659,10.0173366491923,7.81255526140086,10.2868918201135,8.10734377630377,7.82938770960096,10.5076136796416
"HSPA9",8.96863676303455,8.57555278485299,8.78950571219403,8.46113983133957,8.62098502097587,8.73257545372681,8.60940148846196,7.85082172326588,8.11267711173528,8.63248303992288,8.73164181071125,8.81143807541918,7.70529125142147,8.15511545578121,7.66052177279348,8.2630358589143,9.01914351441157,8.89069500235913,7.7819553461137,9.09713298632717
"MTHFS",7.51454532419445,7.21073623774667,7.37257480482788,7.5987426346646,7.3988620436837,7.37597911084925,7.23937167839635,6.77560811099885,7.10102720897387,7.80323269175164,7.24266794171756,7.85953373168221,7.18726249423208,7.31343717968943,7.61999972584452,7.37774370862117,7.89174354475077,6.94307141529239,7.2390124899189,7.9171951764131
"DKC1",6.53303466910892,7.48491566217335,6.88609583240166,6.23480399836675,7.23659267277685,7.24832837048458,6.93811262273202,6.49404072011784,7.77054802553189,7.0379517892369,6.58254859142431,6.89545524499828,6.52126121125899,6.96009850068144,6.94959525174252,6.34007808054094,7.04099074855878,6.56214256991726,7.52450909153419,6.66955604429996
"ACAN",16.8736914935615,17.1455925199873,17.4712366971566,16.7234124240902,16.6390994793067,16.8516994272573,16.698377326076,16.2869320988161,16.9197983380347,17.2256176650985,17.509711350085,17.2365757822922,15.4183076324076,16.7185918544042,16.2164570564109,17.2791997882383,16.4139865425473,17.2719139578997,17.1680655207381,16.6225749213394
"EPHX2",7.00564327014886,7.93455606791141,7.8501886183727,7.44204089324789,7.76750201625605,8.37002738963882,8.1471468613784,8.07540278426926,8.29752767480995,7.92546069592614,7.99170941439617,7.81456107835824,7.47598300580989,7.94970926063599,7.9655775760342,7.92352457355459,7.85792007285548,7.46073175048019,8.45183134792863,7.82016009157859
"CARD19",6.23534098282201,NA,5.91865985076359,NA,5.90987715178952,NA,NA,NA,NA,6.29530012819145,5.60721550746192,NA,NA,5.79279661983015,NA,6.25471702965056,5.91094915250666,NA,5.88368502294392,5.95637575777425
"GANAB",7.40524738656241,7.36499478861356,7.3520312750963,7.16949715613122,7.19286307033985,6.57067018942833,6.96170369538558,6.85896116928575,7.05330727624048,7.11357359079781,7.26003312503096,7.60577681636215,5.54384200157759,7.3023868257125,6.99499422728721,7.36872036180548,7.25481593813951,6.67937118477697,7.35581746788026,7.48511331302867
"GNL3",6.55987439656322,7.57148464506622,6.93538121856059,NA,7.45029107641844,7.80672313555115,7.60540075043701,8.1205842257353,7.8679817874181,7.3167751726851,NA,7.91250298100422,6.78128541308223,7.55539904874105,6.85060463019246,NA,6.97356148264721,NA,7.34394376080631,7.42276794763063
"ATIC",11.520582273014,11.2981894605447,11.5636313205825,10.7468385445256,11.29443665648,11.3671731709179,11.3348431126202,10.9228799473208,11.1231259812011,11.6543354266206,11.1565489264049,11.2574528392117,10.6298792183001,11.761716637045,10.8489995388567,11.4613118945786,10.8992589415497,11.4241277348408,11.5318867640278,11.4391083251378
"ERI3",6.51490977311347,6.98427758274714,7.15901440818073,6.39835776706878,6.55341973799029,6.69215554003793,6.4185948833381,6.9195542945116,7.22685905141386,6.45790737061274,6.18594017823738,7.01605646717671,NA,6.60359278727616,NA,6.29849211329545,6.73765896804995,6.41018870618412,6.85953836255625,6.43144640893158
"RARRES2",3.99861641353223,8.7990186069888,7.96595247263183,NA,7.90454524699211,NA,9.06705752470511,NA,8.05124384064312,7.13927487473493,8.22459457047375,7.6381192448332,NA,9.37291394470774,NA,7.3749135116186,8.74995659537084,NA,8.60553115157907,9.45693233720949
"PSMD11",9.0558621581109,8.4658799014656,9.24065845464063,8.72867875079891,8.9161762964947,8.76985600343144,8.54333879893179,8.06132937527737,8.62368744276546,8.60836881881421,8.93532844143753,8.93786496112488,7.40047434164648,8.8681615885079,8.28873916643949,8.99779763022875,8.64212108551143,9.21695461982739,8.7726616974104,9.07712879983438
"SART3",6.29962097922232,6.69548692658072,6.2287541479354,6.43252489141551,6.95044021691205,6.61123969204211,NA,6.70690466973944,6.20662452512509,6.12684373532733,6.3752529864213,6.63585708552149,NA,6.4900927817025,6.21029808716257,6.30012188831367,6.25165042742762,7.29922186903842,6.43239191328696,7.02003284702971
"S100A16",8.24655769176522,7.25139923405431,7.96973514028093,7.24214445259525,8.80491143579148,8.07786748116655,8.20983828156509,8.16682063194168,7.71854813454847,8.34701161877738,7.41202033694734,8.041162624434,8.91032288649894,8.27927454617377,8.76793571239169,7.85199463305695,8.81545454331619,8.44979776917655,7.66033731750726,8.09276862602739
"FGF2",10.3283402762975,10.6933482643407,10.30577589691,10.1474745778215,10.666983198579,10.5543016125448,10.9856440208371,10.9325228883066,11.2069468104419,10.8978900019705,9.82153890756939,10.5520549010311,11.5718378451884,10.8564122049101,11.4882627334674,10.0942203595672,10.3063673553909,10.0555691260688,11.1626050874054,10.0562923339015
"PYCR2",6.05479641445336,5.37401458007029,6.39548907683826,5.83204228865579,6.6218740962027,6.07191096716645,6.70168865400603,5.53704428197297,6.10379773529917,5.93141018185331,5.03269137186972,5.69031468622217,5.34464607275369,6.32613952441179,4.991470610128,3.65757960353937,6.93807250194518,6.6449586757471,5.2491806568443,6.68956117302603
"GNAI1",8.71732254998391,7.16094503338728,8.36425023898697,8.30779191500671,8.43822828239109,7.58978903990334,7.87754724750587,7.05974481349958,7.47351920594421,7.99583324987448,9.02936218050514,7.99181529742437,6.83645576195451,7.6832585947731,8.40911717653834,7.83844784924363,7.92999753783437,8.58870655785304,7.47475397185373,7.5575259078351
"WDR82",6.22745346312204,6.64618795770196,6.07076066954363,6.16435078701377,6.65965332844985,6.1417977953225,6.49627105486531,7.29872032055003,7.2719745934528,6.54021504581656,6.32205695090298,6.36197383469894,5.5170480956974,6.43456245919973,6.17459656703592,NA,6.37711138057326,6.01062625256465,6.34368572692965,6.78479475963279
"MTAP",8.29012599640426,8.56620295078868,9.00716355164002,7.87183926450227,8.52583813066934,7.6402956745197,8.53157261865149,8.1171539429504,8.18481792923435,8.98302551200368,8.33609208436636,8.83831807494128,7.63531120916261,8.47783125906115,7.6847233640298,8.6628697437177,8.53379312622405,8.13812764546549,8.51116671444924,8.69245947763445
"YBX1",8.04781613121937,8.47456959523369,8.22588550956745,7.96545790192922,8.25442318217082,8.70407546504526,8.336068384403,8.69403088819316,8.51229982999315,8.45517376763665,7.97742274712672,8.92389679157067,7.99294347082636,8.38716825456482,7.91588901495782,7.50986832537105,9.38580440689256,8.34314863442796,8.26801017039753,8.12630808209152
"TOMM34",9.13309293225991,8.97412354263345,8.84568842585264,8.65804764218416,8.73262710353602,8.19276127529901,8.25471763805653,8.82658109833182,8.61405179182774,8.92703136057898,8.30866236776165,8.88350227011897,7.2990256169366,8.87645428065366,8.68178094678912,8.95446832829467,9.43212729006887,9.07813387915626,8.53434592430484,9.10746533051606
"DDRGK1",NA,5.92457228549092,6.01291309492998,3.94978895928949,6.16967541393267,NA,5.93967606617093,NA,5.62158322055109,6.42430470213677,5.75409378194928,5.2164056205027,NA,6.06886602287798,NA,5.87005279545501,6.40993265889855,NA,6.18666166316187,6.01920058744565
"LRPAP1",7.31179181256543,6.66982398333677,7.47143457128857,7.07922514817296,7.15792238298035,7.07656117751821,7.400211114678,6.42641724491124,6.69432788511157,7.35784619046585,7.13721866818189,7.04717077527873,5.45311597271395,6.69805314023813,6.37041269287944,6.47852010815112,8.08316935974042,7.28089838518347,6.06943696817808,6.96870032350423
"UFL1",7.55001826431899,7.47230505736245,7.74650290396411,7.0713387357091,7.83760671739664,7.64403774239928,7.50944932425257,7.48904466950724,7.79176047382349,7.85480620621103,7.72381109462061,7.81243755317879,NA,7.71328423226176,7.69070552895807,7.52624856076179,7.48502196090448,7.6865469930696,8.18356071760926,7.71466702893811
"LONP1",6.72518314294304,6.56663821072327,6.51279402487396,6.9327500147274,7.00965668630614,6.86695905908116,6.97635876807539,7.53272613586245,7.16631046517949,6.58374972018378,6.1815333122785,6.45168725814946,6.85568327728536,6.96321868565543,6.19089786180021,6.24255372691087,6.67762016328341,7.01543862216368,6.7458745799076,7.22248716805988
"CLEC3A",12.6669307148592,13.1406733758692,13.0862839094204,14.0193013398614,13.3310382769121,13.758274472845,12.8481284468426,13.6182373950028,13.2252880321784,12.9148469900846,12.794393631066,12.2501143554287,12.5820885697826,13.0589832052141,12.9953810933043,13.2923362153817,13.3062629936475,12.5122064221132,13.3892601644279,13.1169916605738
"MAP1S",5.93437560826778,6.64745144415101,5.86871417191992,NA,6.24906818382119,6.10025609222634,6.24456708906747,NA,6.38375169093737,6.6232087331897,NA,6.46155942107107,NA,6.26062964783299,NA,NA,7.02102072389697,NA,6.9458752787536,6.02709087941646
"NAP1L1",9.34342670944164,8.7782307379411,9.18749083117289,9.51513464444148,8.89065658190033,9.44673991339227,9.31390228904127,7.87088390914407,8.59527540983629,9.08816951885467,8.49073856552288,9.15517217171549,8.18187097013704,8.63735744772532,8.59723930200565,8.75238794154698,9.4413712907174,9.03932525849819,8.27779743319219,9.09443104230017
"CILP2",15.4134747021197,14.5980007973337,15.6860130229375,16.3062543891554,16.3812145870621,15.2813014829513,15.4994124105863,15.6511937450245,14.2127712711777,14.6468425030672,16.6106665826467,14.8169003411355,14.728983901424,14.7583914448577,14.8219529315116,14.9750861345942,16.27433260108,15.2389453562272,14.5629396664181,15.2168658694445
"SEPHS1",7.94311155336815,7.53845153536851,7.96446467310832,7.48036361696304,7.82490143551822,7.71580322326164,8.0376659548809,7.30782555415461,7.673279359089,8.15184175126933,7.84197206956686,8.15368783487067,6.66306839246851,7.58372386405816,6.82408584017235,7.8283134926298,7.99159447631974,8.07239894154676,7.62075638204935,8.32771385300847
"ZNF512",6.93722629445056,6.52459390467482,NA,NA,NA,5.47606541548409,6.5478921568802,6.22553862685267,6.7772379090946,6.68117164500424,NA,5.74452468784846,4.62186302942394,4.47997912104814,6.37791151959663,NA,6.45331945183353,NA,NA,5.94696400288147
"NAA15",6.48925526896935,6.2413131477769,6.25117719396093,5.12769283103155,5.9951970737712,6.5468201617435,5.93227341798663,6.3719739592467,6.85174058616201,6.91445175944752,NA,6.99735847897258,NA,6.38328517656043,6.14793817474581,6.79046468600939,6.18892088525039,6.3997700251908,7.07530919685066,6.16661358340711
"NUP155",5.64988986536363,5.20236753638811,5.35693717952886,6.0271979464468,5.65989123300687,4.88736627984575,4.41850831157242,NA,5.06709052914506,5.04255790109324,5.94832841492983,5.17355438905237,NA,4.88896514225673,NA,5.4322494568418,5.34726155887732,5.80479151596526,5.26860422542371,5.53724530621747
"PRPF19",8.00295560159193,7.30405166479954,7.72035899710764,7.83338016708801,7.50512765430045,7.49902685088588,7.74890981574832,7.14663696320343,7.42536436963963,7.72608666117832,7.49916528774321,7.57817021925597,7.82187531286416,7.74943932592379,7.35835207718364,7.51922349522508,7.6841582548086,7.674239049001,7.41807143705033,7.84098796730149
"ACAT1",8.52363928886438,8.15295618881392,8.6502578830041,8.60946212006478,8.87604513808434,8.01352771636516,8.57487517875466,7.42579217492655,7.78630482052948,8.60639628976185,8.38253999809872,8.51809632223527,8.20663730646037,7.9536136551689,7.48500088181718,7.7778935435129,8.80314307048597,8.91535472492053,7.68016605509327,8.83471718535673
"HIBCH",6.56215027200411,5.43710676108871,6.19085389707341,NA,5.81231277536538,5.96385873210459,6.17054848625974,NA,6.26135353175587,6.25186517413329,NA,6.35401845887327,NA,6.04738201769648,NA,5.6387697727109,6.17331480030638,6.26615644842129,5.90248062496112,5.79369940915783
"CD63",8.26468452242703,6.465669131391,5.00662758883601,7.30139503679452,8.12718863151091,6.50421161245204,5.38696791807689,6.48646322981384,6.82105753958491,6.37475127792568,7.97521852216019,5.61524373951255,NA,6.83972644830695,7.30919174493615,7.40722871869519,6.93363779803642,8.13476985005002,6.57456619703912,6.93932024848001
"CAMK2A",9.06563155577255,9.0982868425945,8.98306374853904,NA,8.5125057479102,NA,NA,8.50264288614776,9.15335710538562,8.6205400245822,8.57819790258636,8.58130171757718,NA,8.63139124459906,8.90445237013027,8.84807723444279,8.6361011674591,NA,9.63371737404569,8.38159942190202
"NFKB2",7.24605164670426,NA,6.80664735794624,7.12848235457521,7.27917510501218,7.38004786339346,6.99129248189091,7.5139477715392,7.11816573719408,7.19012058065538,6.47647785210518,6.84721427063007,7.60064880995421,7.35775653311357,7.29036608225622,7.12918241979094,7.19380136840396,7.15828129490416,7.25237008987175,6.63031206677832
"MAT2A",7.33242472455485,7.56053510374664,7.71632039015844,6.51959788451292,8.02079858485946,7.62472953609833,8.07235597956682,8.05483440360304,7.64269831050816,8.27711946537741,7.7734867905204,8.12091648031562,NA,8.02479011685721,7.2811657001067,8.2434820317033,7.97498039042084,7.48585815099641,7.76474791216556,7.23530326121625
"CCT6A",8.67804217183356,8.31123308806503,8.66411227343139,8.49209151549049,8.85062227279368,8.56034979276228,8.62770361971567,8.30435890818469,8.1198487931295,8.30463439531967,8.51216743375767,8.61534074116546,8.23817334090341,8.71388330087092,8.35116210278215,8.53186737756811,8.98364441115684,8.60059031558104,8.1442032221423,8.87196198487153
"LRRC40",7.92320689072169,7.89483909673585,7.49197568409855,6.73236261206031,7.68542309309158,7.4319198414316,7.60886203527245,7.04322132842708,7.82672643292716,7.42047696634799,7.70307094606745,7.67283417845362,NA,7.74105248403944,7.50952319473072,7.73666711050395,7.51469290300781,7.61440955866767,7.98444266922876,7.3415842978846
"RPL34",9.39517795209226,10.1735143044465,8.95515852849434,8.21951494893463,9.7749953373474,10.074819916753,9.75217780343317,10.2478405778801,10.5260545639967,9.89732435944943,8.22996530589069,9.76216556986689,10.3396321330058,9.97852083850466,9.95416990674372,9.60531261668089,10.2333083127616,10.00274827664,9.87149803834464,9.29108591580749
"GLO1",9.82862555446112,9.71222938514559,10.5031528401273,9.78138855677328,9.24319885070946,9.66922441510737,9.85484136634286,9.28259725959354,9.240299811772,9.82710888047484,9.55960513082355,9.96769914905606,9.02599134924746,9.34429605378538,8.93708712614162,9.84516484255731,9.64480590295495,9.78815946133252,9.60552949234516,9.61648478590017
"GTPBP1",4.96918989914504,NA,4.7284698292607,NA,4.51272444366539,NA,5.36491964480757,NA,6.05455686999856,4.28790353635218,NA,5.35127853492902,NA,4.10914786173567,NA,NA,5.10718275859523,NA,4.77860323134288,4.84851258498678
"ZDHHC18",8.33400290355932,NA,NA,7.8942310416605,NA,7.95471970226702,7.64973657759411,6.51295884377592,6.43811045912606,7.54274036565446,NA,7.95180722548522,NA,6.93837544626912,6.04308981965091,7.45681398334005,NA,7.83909250917069,7.03933360559566,7.40924136879602
"LLGL1",6.4714623421506,NA,6.49202070367231,NA,6.40700818380095,6.26519942913393,6.28240152031569,6.14930236116491,5.85554543033824,5.98919920755276,6.72455237864629,6.23266696473415,NA,5.73987393186314,NA,6.5349868267264,6.19803283750267,NA,5.94281277272033,5.64133296133562
"KRT82",10.0980217565938,10.4530461545193,10.1380942441177,11.85364790675,10.9357020384621,10.8555190087753,10.9373685988647,10.7536926012096,11.3328537110033,10.2793836927372,11.1143857688153,11.6283538897417,10.7869497496906,10.4743725159225,11.0401825065383,11.8224372819857,9.94132443598517,11.0922631880826,10.8023430152745,9.99371626753278
"VPS26C",6.20919502615374,5.94447200886032,6.27549178673147,5.07127397445235,6.01382463177018,5.80501364791977,5.57102140854125,5.9211893700496,5.9128374323935,5.91474047039383,6.05801186122898,6.5212784669786,NA,5.97590732692605,5.16630688046495,5.97570016920216,6.19055388359855,6.57264274523513,6.16984731338522,NA
"IMPACT",5.08616773633667,5.82098900360408,6.02666766814404,NA,4.75026719474345,4.47752615830387,5.5081318134516,4.89357643277422,5.84949675322072,5.77855223367993,NA,5.77709969274796,NA,5.18713536714034,NA,5.84138905938759,5.18835350173966,NA,5.98581685072563,NA
"ARSA",8.89589564519338,8.69118501877154,9.24341799393702,9.28800462750001,9.51943639063583,8.99994768128106,9.515058176241,8.79276734500601,8.23640070336546,9.34577573893123,9.27764722483523,8.36957810583904,8.24614400755123,8.61688713047878,7.04996803634112,8.91456468652529,9.63766604236809,9.42510818211337,8.19791756421557,9.13104821211936
"SNRPD2",9.36091567152262,9.60817197702111,8.81178575412512,8.92039593101495,9.86445090829357,9.13611094680373,9.21464418083346,10.3211232022881,9.92492007411833,9.35650029042547,8.15206815597671,8.95923533615745,10.3042724246053,9.80528818134258,10.1534163578589,8.89924670429497,9.79827139847415,8.94708286854292,9.4928755768267,10.0510984924675
"NEBL",6.6949997425269,6.3136139551955,5.66318613400993,NA,5.94409822984908,NA,6.06541119317007,NA,6.42793803043125,6.14117846340929,5.79438262447816,5.54821969196773,NA,5.97787981856352,4.76592021728841,6.50017531330202,4.79622854772031,5.56128419655862,6.19584586561924,6.4220510843867
"FBN1",13.0830342476707,11.5300648327016,12.7369981628382,11.6094028843038,12.8438955305514,11.1962461140685,11.7253045228609,9.74553983386467,10.6540698275429,11.5658934408491,13.8964810455632,11.6162475771304,9.40265533091224,11.6606883901754,11.200074986092,12.0022656121384,11.5297639283256,12.3815121872582,10.8531715763674,12.1380520004099
"DSTN",9.93275730962806,9.56739681307832,9.96732678122638,9.93733865212732,9.53802748653075,9.72696801945027,9.91994780691564,9.43650638630298,9.49977194464224,9.83123418785492,9.84836988467691,9.77043440446936,8.87331006779759,9.63182475513841,8.96545226660671,9.65161587427293,9.869952161974,9.90735527274951,9.28322980112267,10.2798359467065
"GFPT1",10.4399013866747,9.94859937458879,11.0280327080485,10.1216269552056,10.1596068983102,10.2226663694363,9.93291947774718,9.57401857762705,9.91552750863827,9.93141516860204,10.9364173462145,10.4308399200202,8.40127369649034,10.3619991609362,10.0226417362551,10.3539772331752,9.71584493897593,10.2657525759491,10.6770252431348,10.0271743960464
"GARS1",7.78816769203659,7.92676759349142,8.26765270619792,7.99799727079502,7.92326964485546,7.98142300591253,8.24336407572937,7.81955229347901,7.75831176884449,8.20183401348909,8.45973368395786,8.55589426869966,7.48396358035369,8.0701842081701,7.57763348603788,7.62992570886672,8.15209921974587,7.63513534634741,7.97114956139533,7.81634149978373
"PA2G4",9.10703636528956,9.40079765255307,9.20454501903287,9.06300262675763,9.31502719784971,9.29670533357115,9.32599597305605,9.38752286154835,9.5550175986913,9.41981966899063,9.04966029650035,9.04917648712739,9.37877512641919,9.62875138412884,9.35193884160767,9.38769355417306,9.5406097082393,9.23449266457446,9.41261189742246,9.91139845292921
"GNPNAT1",6.72951195032351,6.82640686068276,7.39836254453159,7.1918885496625,7.13405599121953,7.46857518658733,7.3569756572695,6.10528437230021,6.95523940398561,7.0598591428196,7.56803418686009,7.28885601056651,6.79546597639619,7.25951867830023,6.32216846357207,6.52804473970287,7.74498386604716,6.37838067668906,7.14091216687652,6.83071898556491
"TPPP3",7.97037015379258,8.41411327809165,9.09250357275683,9.61943960934157,9.22265924620635,8.11845532623783,8.37173523809483,7.37555119188177,7.49088719119075,9.51412985584949,9.39674456391052,8.3357927253041,7.62622725377826,8.0395997768323,7.89252429953071,8.3298107504113,12.4407700388939,8.38126480526114,7.7184341284731,8.12996214707332
"PAOX",NA,2.31477323625177,6.10243536737859,NA,5.4464314419628,5.00248753630029,NA,4.50106785293012,4.53930671889874,5.54041180742426,4.83363652383521,4.80966669816717,NA,5.40623493617792,NA,4.70688343564192,4.96587224246874,6.14959855975966,4.97889924229559,NA
"TRNT1",5.91814142387259,6.40541288417915,6.09841730201211,6.18292976587734,6.28029610211153,6.21949784749498,6.55711067138112,6.12724977358879,6.80503407030052,6.66605957166313,5.9770118951381,6.76186983661104,NA,6.51719402761554,5.69648822469682,5.93541365186556,6.24123430813215,6.26165139754628,6.79048474724396,6.91377904536799
"SNRPD1",7.09648028103344,8.07498140716316,6.34211207046347,7.89100559186432,7.38081830682251,8.39396940276697,7.75807063215822,8.18722775576388,8.62628002141112,7.52934895344539,6.98932519467095,7.27476780396095,8.74783144992218,7.74602927465249,8.09316309955729,8.09521412930308,7.61623050641372,8.35314528031535,8.22370076126177,6.93797731807339
"SRA1",6.5191919821329,5.66488529535626,6.408868550307,NA,NA,5.38826512120577,6.29562444977653,NA,NA,6.34851072229994,4.77515320347379,6.42349814157566,NA,5.15226221679488,NA,6.25235277062536,6.68651325271892,6.59076587642064,NA,NA
"ETHE1",9.43405085084616,8.95406736472739,8.52343581551382,8.56778761374826,9.02160836692745,NA,9.05736117196082,10.9871732930671,8.21190281222668,9.46295226214044,8.83125474604732,8.84496527446911,10.9690931338931,9.55935400953647,NA,9.17297304480542,8.94631614269769,8.64506598703975,9.13926487211465,8.50477325456339
"ACBD3",7.46719936618423,7.60079500175355,7.67622264575998,7.71585794041984,7.04865621804954,7.5556706354004,7.49638458004256,7.28764655745591,7.43729599759105,7.56125299429968,7.28870524772819,7.6369920508509,6.88301626459999,7.62751973018171,6.87236523072757,7.46033601342789,7.83871869944081,7.27807304064898,7.7199146657964,7.24201840105417
"CLK2",7.55583023889265,NA,7.59372873006041,7.49390704531863,7.71312937777123,6.8241999916717,7.12055647789727,NA,6.92546227806009,6.61711680402822,8.27045802852864,7.51226358867565,NA,7.03158957435851,NA,7.78072298250389,7.06619310514364,7.80757368644941,7.09474900966204,6.8737648680046
"CYP2U1",8.95763914235763,8.66347345484528,8.68231878345249,8.62642080630834,9.14739652025863,8.86077176027751,8.71379483489983,9.08105193515203,9.20012081569415,9.20667016514394,8.31097137471534,8.80380304726783,8.64229677622098,9.23663325950849,8.48092391069627,8.3552555325028,9.17488554749769,8.8504216380583,8.71051601062004,9.67215201182375
"PSMD9",8.12762219146609,8.35877312637663,8.46414435913034,8.25337330816426,7.56777336414236,8.23415590678411,8.58256781269786,7.90827187015763,7.83827476554684,8.23676349055968,8.26390295301408,8.60946469920823,7.76516339164128,7.98743917512835,7.59239810439992,8.23980869166465,8.24371272595391,8.10561603554437,7.75896894624587,8.1960032652354
"LOC100051562",7.88273988156476,7.12593541584387,NA,7.02341443715404,7.51911313011731,8.20391020130129,8.37980478900381,NA,8.00464789898215,7.60383208499328,NA,7.56587776772191,NA,6.96941880888161,NA,5.63067881302126,6.71216049227744,7.09533741639787,7.39134111281297,8.76078835161923
"PLTP",7.39314169661289,8.28287611985307,5.86394489484878,6.40015840280038,8.00505035913187,8.71202550664401,7.76126074841136,6.55728829424609,7.86437549107823,9.0533154947114,6.1431756157618,8.43522491213088,NA,7.63333895188169,8.54166536936587,7.96516703848652,7.41943877872078,5.17117614558075,8.90276279646536,7.12851328998483
"CAVIN1",11.7722224325875,11.8276638526864,11.7641164847097,12.3644208084278,12.1146413290576,11.7355991590431,12.0720934770949,11.954768153659,11.8676013978254,11.8055217583247,11.6388729419433,12.0313907917818,11.6163005586123,12.1232897989359,11.5702811000157,11.4237014490815,12.7992115629152,11.0140793107764,11.3035004251934,11.8631078044358
"DHRS13",7.0899256669748,6.99499888205938,6.43872803227747,6.22791052902644,5.56552977918639,NA,5.96645324928207,6.49799103531072,7.25852100119984,NA,6.20874227272024,5.6026317296085,NA,6.911718562902,NA,6.64111762057681,5.84265757463471,6.26784139957533,7.02558899615547,5.89823661364013
"APMAP",8.01228586787154,7.66345009599602,8.03618083732578,7.66863299305049,7.59448497222366,6.99026550188608,7.19343592728766,6.7589504805637,7.67465037135649,7.08932462814177,7.50823007658562,7.30343386703741,7.16788583933534,7.59177527291362,6.88934606267015,7.59139577068986,6.57223973956401,7.36494487053579,7.40170503512903,7.94232054672132
"CFL2",11.2696218819335,11.33239118576,11.5287791430452,11.4198696689854,11.158921131089,11.0792559500122,11.2831568058664,10.4317152647185,11.0290642158665,11.1801479969338,11.5019918212054,11.3275939703543,10.4730355469884,11.3630442108325,10.4399293803991,11.4822488044186,11.5039284651903,11.1270721191357,11.095903314736,11.429562738531
"LPP",8.39927914193496,7.66187426581821,8.03184407060163,7.83038378091516,8.34064617406714,7.26100904871732,8.09081757155719,7.46320289422867,7.24251053865146,8.00935729555868,7.94784606765893,7.85053730572652,6.50798361986222,7.37136532678554,6.78971006129512,7.17057554990651,8.39350568925134,8.09734142895486,6.71124476492848,7.88062139296178
"SCFD1",7.56844330002891,7.35327232592639,7.90687577262007,7.71209539183868,7.73437561144894,7.93359628522124,7.65880548208848,7.95459607727443,7.83941475835955,7.61477161009303,7.79592617410761,7.80383723300481,8.56979250844896,7.80991700284639,7.52173071667339,7.32527739852475,7.69424605012296,7.61186807948706,8.04740251333341,7.61984620031116
"EIF2S1",8.48199095644496,8.4091642406984,8.53002624267086,8.44492509960466,8.43588908633855,8.35454337678375,8.78115226435682,8.55545459931491,8.92863911161943,9.0151028619872,8.32353403992879,9.21278698729228,7.09047707599913,8.87062791353805,8.1467212298582,8.64859320437675,8.79279106641607,8.8998108845284,8.58281474063488,8.38335724095674
"IRF3",5.7842828608189,4.46824753984296,5.94854195969524,5.94548134869936,5.79888507764924,5.19595712409008,5.46492137882994,5.20354447656499,5.95454698501457,6.14770794301361,NA,5.9412179491139,NA,5.42874640728013,5.0754303619159,NA,NA,4.76319491421009,5.4564512753589,5.02442490640089
"ELOA",6.49647653888779,6.81714511574313,5.82751365525924,NA,7.13545781405915,7.8734109465944,7.01745405246622,7.10284441103764,7.23101486554617,NA,7.22011816670564,6.32933799777449,7.56534321048,7.01825487587048,9.31074644952113,NA,5.83262659932476,7.86840539343583,6.99760374394308,6.17488472405474
"SH3KBP1",7.53471574838798,6.88381079859028,8.11759173936922,7.91767764251401,7.41547873083295,7.6928383494564,8.13752825103483,7.25295593982717,6.93476409346988,7.67669902756419,7.27048347848172,8.13849114053429,6.63224742274721,7.3086236402694,7.09948785789863,7.34495614641271,8.29492454848364,8.10151265591751,6.89624924211593,7.20477692705505
"LYZ",14.28145288485,13.9664238104023,13.2767260982639,12.8436343133548,14.0301540542868,13.0713426009706,12.1608001772392,11.6827142949691,12.408177329585,13.3216956937223,13.692603619429,12.6831620782849,13.7213745647346,13.6892578331306,14.6926507417863,14.2730659647787,13.4524105966174,14.7659969948058,12.6425875860537,14.5345117148366
"PDE12",7.18830595479779,6.68516335738274,7.12763089126995,6.09536964807619,7.05932431710279,7.25671395240081,7.0863731185452,5.56482783907952,7.20210551395403,7.38644039693552,6.77998313286713,7.53431067364513,6.55262155815403,7.30495105034411,7.52993450818993,7.1691765332221,7.34201928833604,7.41324179404513,6.92586262626068,7.11010182603855
"ARB2A",6.80504570927555,6.31675750641327,7.19858709271251,NA,7.40383163902651,6.52555327918329,7.18845618488884,NA,6.9584957792937,7.1641398328932,6.64639987768654,7.13319707065645,NA,7.02545421070229,6.80990519359878,7.03430934176821,6.90784539082934,6.97139326743304,6.55595770321288,7.04047256920152
"CORO1B",7.76278360203412,7.54475645440528,7.8530338452489,7.87897584872284,8.58916746232609,7.66174951211951,7.76826622650157,8.23339598914989,7.72608819075666,8.81132386308874,7.70838735822906,7.92407999051832,7.87559468713237,8.51299766609846,7.98545795838237,7.31135540947402,9.08240236054637,7.7845459542086,7.68175190357144,8.08634585537017
"RPL18A",10.1503025585878,11.1333579183444,10.1008991040295,9.64570695473713,10.5431027928181,11.0297164831756,10.6721485749928,11.0700171070116,11.4082384565628,10.7457738018125,9.33671958773248,10.8075721506764,10.8479465823421,10.7917386386886,11.1886173928295,10.4318450344809,10.6539855278406,10.607364678778,11.0897353486599,9.87495289059732
"EHD3",8.20616162951007,7.75576122491615,8.34613724670046,8.03323014759489,8.07524801262715,8.33892375374065,7.5266858693267,8.02716409971671,8.0106359045643,8.05474423187083,7.90978274077919,8.46126163677671,7.20310858302722,8.03032251412377,7.88132950985028,7.89234746747367,8.25156795296048,8.21187498001766,8.4329861930886,8.43296883683305
"SDCBP",7.69840829321737,8.1188097872654,9.08657629054983,8.322424680898,8.73053347785512,8.53300673497097,7.91890809743126,7.60675953889216,7.92299327182776,8.36657737612505,8.68347661341427,8.0797542296283,7.4444769559274,8.03197249167246,7.17246202906932,9.39383889007107,8.17673266425732,8.02398191390074,8.33350408209276,8.01482108449818
"OSBPL1A",6.45903067547882,NA,6.83619489133657,6.91808873246674,5.6357399881025,6.8156489824741,NA,NA,6.53263394356786,6.45563850574317,NA,5.98904854790858,NA,6.39413730050517,NA,NA,6.18577937537787,6.68535980817591,6.61703417756601,6.63509054402152
"GUSB",6.98893567568696,7.54368027021404,8.06244928024598,7.76993991536617,7.65967243219324,7.92728787662473,7.80024469351275,7.39549699294471,7.20549264686862,7.68519475417551,7.39441765063199,7.64055648574744,6.89616809827145,7.73105233132966,6.66276000668243,7.03785827954351,7.88374283052022,7.34478122562643,7.51371561749507,7.60499698218829
"DDX6",8.53262121871659,8.57322969195124,8.51386251736946,8.39228782657147,8.77203240343347,8.67040781080057,8.64551586405121,9.2577614237064,9.3209276741952,8.53572613996204,8.41258149606201,8.68614355042839,7.43038709167121,8.92370689813328,8.25332015504716,8.26733804479807,8.70123252095615,8.6205854779213,9.33258936072365,8.9437095479675
"FGFR2",8.0187494729437,6.88911860049354,7.06565515749692,4.57527426640105,NA,5.52380904531273,NA,4.67505284570156,6.27104219433706,NA,6.54792151410966,7.18654964333523,4.7465287467565,6.37262514565131,NA,6.9905830618828,6.67915818245137,NA,6.66220027578621,NA
"FKBP9",8.93292612617578,8.09221247042671,9.95679557199581,8.90961111769427,8.54236069207994,8.09444910924071,8.94776668292521,7.33136023551398,7.54932222393439,8.07682674981811,8.98649019421257,8.32239739474034,7.16381051993808,8.42649806910272,7.49221761360043,8.71675081730928,9.17222654962597,9.01793519896209,7.80715933369482,7.98487625535384
"COPG1",9.13010174259771,8.55810236102885,9.33593256771102,9.45373929954622,8.98845664622641,8.91708951693118,8.51634380463399,8.25901079959465,8.42028879942482,8.60007006835649,9.37643091400691,8.92919316110227,7.47174461188557,8.9616734682104,8.44343954118058,8.67243840813743,9.14052753700509,9.06245094440866,8.79173059193017,8.66307772043279
"SERPINC1",10.5100184533,10.8413138003432,9.37279894482489,10.2360426794429,10.7385941904582,10.8112185888686,11.8277366607909,11.258020935441,10.9144247559581,11.204105916466,9.94351523109348,11.6775806293893,9.41954124660229,10.7311225884251,10.9138554665337,9.75341175429063,10.1232075361127,9.6656602809244,11.1840691621607,10.8406062711829
"DEGS1",6.50164841015421,6.25701058970853,6.55994019941491,5.93460015035466,6.68223100366433,NA,4.6461320831242,NA,5.37177511466369,5.73773898662444,6.86917797924253,6.85002540028724,NA,6.11227111760023,5.88607105304909,6.7471164913858,5.45059205573609,6.38608518891864,6.2407393824004,6.60245606265131
"TXNDC5",8.12123577476435,6.89254366008704,8.67704194918831,8.26285114115207,7.47281583181957,7.41612529815124,8.14530205817294,6.87592880169061,7.18272953637945,7.63345244097553,8.14764326760433,8.22289404226355,4.76260854168437,7.66494506045256,6.55617304793511,7.4631253969544,8.56426329611042,7.79528206387123,7.06354805805444,7.18479741011241
"UBA2",7.7414882460719,7.69156174923808,7.69335802671143,7.42882358673787,7.62454544184219,7.88848400997528,7.71237297772789,7.76838765571816,8.03608328256158,8.01677481036134,7.1817836629393,8.29455988072968,7.01116006975091,7.50983944481055,7.11544556580119,7.47129512057715,7.75422207573224,7.6634221338938,7.97744978641312,7.53151854658586
"SERPING1",8.40111280070056,8.94609500082661,7.65637936649649,8.46653454202313,9.62615029573395,10.7022571646185,10.063161281324,9.42484584961253,9.27904470283336,9.91841111844315,7.78158236666126,10.2573242244185,NA,9.10540300726061,9.51415494785926,8.14039698669611,8.44086390141401,8.64178313813512,10.1057428080895,9.46439478594024
"CNOT1",4.09597478795909,4.53558995076623,4.99251983734389,NA,5.23727078131006,4.59497395945628,NA,NA,5.00212964742234,NA,5.25807247482704,3.34052681303225,NA,NA,NA,4.89329877199967,3.9942664848361,5.23782637245863,4.6110476408811,5.54521026829847
"SLC25A3",8.23196550199884,8.08432616438477,8.36283785085732,8.52853762320408,8.28673873685319,7.87168654708791,7.29964696027223,6.64259771696447,7.97067281715101,7.31984893006155,8.39767943866564,7.87968023619114,6.54400084006053,8.18673247934978,8.38770926542255,7.70384446851788,7.62721993513762,8.29795688211985,7.91902342242155,8.56405484903545
"KRT6A",12.1125370767812,12.8112951920376,12.0463684928181,12.9586523491114,12.7482017902346,12.2030757028894,12.8687621681997,12.9090256845385,14.7109619615502,12.6884347397828,13.1197438809436,13.5528099365238,12.8803277040253,12.9737338948479,13.5824414086554,14.0627915593597,11.4425921553736,12.9502944761743,13.2027841939556,12.5629430598344
"BLVRB",9.44373451886432,10.0450511681643,10.8501124855537,10.3155738181472,10.35332507444,9.17614948964543,10.5397320483506,8.80930217116295,9.53360469623308,9.90863804343605,9.93619156416186,9.82220635135056,8.75498092953943,10.1742367986045,9.03722907840664,10.4281543127198,9.85262599954923,9.2968200543052,10.0167404190113,10.3318476929772
"SRPRA",7.04633508860842,7.43201711774208,7.41511326163158,6.70061097252826,7.07513046391142,6.97560242649271,6.93505367195246,7.11095959849011,7.43024014149427,7.17549173531642,6.82910607722434,7.33083766053643,6.11598934193634,7.37574540540978,7.1122459099652,7.05836794241751,7.66969429082042,7.13704037399808,7.30415514036098,7.40801797209564
"CMPK1",8.65111576116592,8.28488074082138,9.5537483263846,9.46225365151894,8.56597549944493,9.04496196630392,9.11709970473668,8.49260914707737,8.31680994451468,8.6853550705838,9.47602684330819,8.73765649019757,7.77236803762927,8.80625867312625,8.06664992400671,9.03129428409001,9.30868620341823,8.94252475148174,8.63024294721425,9.07455523112087
"RALB",9.07178225712783,8.45108987884433,8.88737104864318,8.47337599618639,8.63663144171335,8.25299687160534,8.58759556019898,7.91612854501935,8.55774902846357,8.01544494686927,8.71889848569072,7.82995354617209,7.07594480630202,8.70013065156772,8.37866773917479,8.14755208380638,7.89556995845268,8.81567237329999,8.59898392844576,8.83682350045299
"NDUFS7",NA,6.45503967860465,5.59696786572739,6.44356953030515,6.19687764476667,6.66557996661731,6.07124576444284,NA,7.18515215063105,6.55843735646384,NA,NA,NA,6.72729732675221,NA,5.66389564717092,6.37554910522495,3.4566884903485,6.25130949743776,6.95477740394738
"CYCS",6.5978073419612,7.93977409698354,7.45978120230673,NA,7.83496367715478,NA,7.75350956798383,6.98224133969163,7.85812555840895,8.69206208954275,6.62633440612661,7.9613891268566,7.41356613624765,8.30139144717774,7.32162906422453,7.54000660755507,8.37369708317174,NA,6.95506815826743,5.1485245497045
"TNPO2",6.89032875730418,6.41774085887258,6.99153576828383,6.71618954503447,7.23068218621666,5.61471589290382,5.63996706786333,5.28799903349531,6.25977236750357,6.37025370754669,6.81482383851825,6.91933367485487,NA,5.87256285406398,NA,6.81702294569881,6.21539446712721,5.94494129244225,6.63193340874552,6.99401793350093
"ELOC",7.23886403457456,7.21942507357513,7.44165124917349,7.60350869795275,6.59228686029744,7.1751345972329,7.30224878336663,6.67866528929786,6.94587118451265,7.04567455667825,6.6552251976989,7.23712786916786,6.40617842621867,7.23653372247324,6.49239579244243,7.16638221865926,6.9838931348102,7.1161004658667,7.31761302911376,7.36267094428918
"AIMP2",7.95364482150724,7.61227914192252,8.34426154983076,7.62223858596501,7.81527927422715,8.0550694426454,7.66837912055263,6.98026359340039,7.90719794416519,7.86880932196278,8.0741515265155,8.11438185635751,7.10722915389707,7.69673917380743,7.50461958148565,7.84128321799882,7.76833394296673,7.97299326182914,8.33165961368931,8.11509421117089
"RERG",7.24448158264393,7.34809127279764,6.90493092161091,7.40346910015072,6.81218357192283,7.41180030137057,7.67387220508777,7.76018108894425,7.6642464209708,7.27501382966656,5.30479592516748,6.73237188720937,7.13082873254524,7.08246892011992,6.57306299647912,6.65592385999917,6.74904669341124,6.56586247915398,7.37660418193125,7.06803680758904
"MYADM",11.153952821412,10.4604261020507,10.4763590948058,11.3298361007423,11.3489684483651,10.6290815476587,10.8131071168413,10.2181969185519,10.3044576958436,9.60477960512172,11.8068623190819,9.81560250070423,9.07704138827584,11.1254282697075,9.46755543577285,10.8156090821249,9.91325977902963,10.432968703922,10.5887874911538,10.7184964800705
"RRBP1",9.49684773484237,8.95654258175027,9.59189809739687,9.35289848126861,9.26295196381144,9.04820685786307,9.20573298874122,8.55008612734369,8.72813253642106,8.79711055707014,9.47192255894707,9.36703116770392,7.49946355740518,8.8357227919803,8.6755410982382,8.54755674340202,9.76280260607944,9.48556622328714,8.68039949515429,8.85490150365423
"PRUNE1",8.15714154173548,NA,7.01575871710193,NA,7.33564488846431,NA,7.88522162660212,NA,6.72441711617314,7.43024714395436,NA,7.49045998300522,NA,6.9871804549406,NA,NA,NA,NA,6.96295746429138,7.04312521734685
"DIABLO",6.22203386343936,NA,5.88011630510951,6.43785046054297,5.60481492406937,6.07906033592016,5.73919482021939,NA,NA,5.99864013122685,5.80450816501611,5.02571436816824,NA,6.16860109997119,5.69975371474188,5.68911186284091,5.14829794887857,5.6502928199052,5.96894479905452,6.3456428488497
"SERPINB12",NA,NA,6.52358798261559,7.75093881529233,7.12540993517966,NA,7.12165311458519,7.88104523203039,7.77916236344527,7.4273865036173,NA,8.03643041406855,8.15456565759882,7.38552436301501,8.77765704037003,NA,NA,NA,7.65210413301839,6.59986376981716
"BMP6",7.6379830888223,7.8009903677156,6.32840729231571,5.83788886786099,5.80994277101415,5.8943603076065,7.80472968696186,6.50898300768417,7.6192157158666,8.37120221819966,8.06635498770559,5.81857124432727,7.82375490165805,8.09959387775916,7.9678892757168,9.15053061061509,5.73298756334379,6.99123532488152,7.4002946617608,5.20051650623973
"PICALM",5.94422644235368,6.16778070235512,6.95508879334654,6.34192232090286,6.25762302386293,5.97514026059228,6.13494614142918,5.7667356785908,6.34654463208512,6.31259279599675,6.60589337232087,6.56863502633124,2.96451676172484,6.36432638890382,6.01609898951195,6.46906081025074,6.33707666763077,6.63827422767001,6.68349074758263,6.34120003784504
"PGD",9.42045478540475,9.45081360385421,9.77055861139667,9.01765857696271,9.19314725011224,9.38648849007804,9.07922431107356,8.84803406118477,9.40464201738211,9.62974414212571,9.29131041710583,9.47841834262531,7.95067280338984,9.47846897281563,9.53144220052699,9.41165196864284,9.10725016639561,9.14317045370274,10.1445219412199,9.51641776133454
"CNMD",12.8964009621327,12.2719568036256,13.3732186921726,12.5148280154761,13.5916103203901,12.2302536819527,12.0513170752039,11.6232598483108,12.077976366242,12.2290200736638,12.1398356641931,12.3032905907743,10.2610379769289,12.0253447645968,11.0673794320845,12.3739050698039,12.3335649454939,12.8995924357112,11.694390202445,12.7232900512371
"ENOPH1",8.79509082615935,8.30539318992835,9.1774082590615,8.48988107249739,8.09394353674971,8.47481016138049,8.38976012403436,8.33795451053418,7.93323070894211,8.48931809462366,8.37510238512278,8.72982077969396,7.65970793611879,7.87649485031973,7.22200831144814,8.5045074083897,8.49972081825548,8.00400248385763,8.35225631574525,8.70608062927604
"LRRC57",8.13588592716279,7.57763749316039,8.57463334262189,8.45091956639687,8.46026493636551,8.88741576679641,8.61140288425723,6.9929907938604,8.21784568665067,8.2755349805602,8.40384586161913,8.39294170857605,7.64803916169402,8.33080400551978,7.81248240631184,8.40794284735693,8.27525583858371,8.12516589074218,7.99796194919937,8.63378127499999
"TGM2",9.29008140235767,8.90917970449997,9.04872131304289,9.50906025495905,10.2077371211803,9.51637629476584,9.42066886013408,8.87346331049086,8.66640954285246,8.85932381187659,9.04333791592664,9.64453469725178,8.26416207180139,8.95777408921379,8.61725293606334,8.75872406361718,9.99758410822682,8.88148156399212,8.71810622718815,9.97450128170032
"SON",5.28612764350106,5.44736624340257,5.09347858746377,NA,5.79130762457654,NA,5.6544747194253,NA,5.58580118167834,NA,5.50754296474667,5.529431856037,NA,5.30201882939776,4.44251762024657,NA,5.92572223387194,5.0492579533139,NA,5.96641673448124
"ITIH2",8.43618911026629,9.23179260657023,7.93369896050217,8.19501388372122,9.08392504968441,9.20553116775466,10.0150903089898,9.64789685264425,8.94307911161681,9.95364860262652,8.03562779368753,10.2937180872376,7.45416277980464,8.77312063369368,9.56069322718387,8.29519320134689,8.48144654678407,8.19583693875696,9.71550307406874,8.49220716735564
"DYNC1LI1",5.36280804264292,6.59255214524241,6.60979597238436,7.16079132543265,6.21229993836889,6.53267228577477,6.24009038773644,6.09317475657996,6.50530292263388,6.64468480566818,6.43638432334307,6.81717683359953,NA,5.90049211519609,5.61249893060802,6.76326245019539,6.66349945179009,6.4315308692508,6.2927150001264,6.19800208628301
"RPS7",10.7625687451307,11.3550906936111,10.1166559198439,9.77360382921512,10.8511807415741,11.2943398493677,10.7744480531203,11.4948749870753,11.752698272795,10.6930546990706,9.98493149942888,10.77053201697,11.2277448633579,11.0929648134659,11.3864716070923,10.5722552483225,10.9132897162025,11.1385162818046,11.1790683550032,10.6656025667086
"AOX1",5.71954490614511,5.30225332052818,5.26797592466603,NA,5.0257262337791,NA,4.67875501355197,NA,5.93505082589447,6.19797366816348,4.52384436554545,4.95657730652834,NA,4.94652018362236,5.76051387726099,NA,5.16178660923786,5.1561683129859,5.4814376026416,5.22525152499991
"SLC25A20",5.82807364637431,NA,6.48542557176205,6.10083037321925,5.51233900646309,NA,5.21861823547523,NA,NA,NA,5.59620638560456,5.61799286053831,NA,5.33577352705999,5.9654199713875,5.96829342690723,5.32817392331642,6.08817264320154,NA,5.87470109037087
"UBE2O",6.26006332948522,6.77791797615574,6.07257782500275,5.85646224129915,6.31985439458326,6.4879510972609,6.2891782637638,5.648575261382,6.80991999503159,6.38001151784358,5.57439199630113,6.87166273157248,6.11287870689024,6.50536572719879,6.60520060618504,6.16694824437976,5.99750921364396,6.41853142675153,6.97059329184532,6.2953075272941
"FASN",7.31404654709157,6.53830998322934,7.22678304673811,6.76454232094996,7.18393558357728,6.92844936828699,6.5072388771756,6.65067421661244,6.39496887308278,6.56571600775679,7.17853020161042,7.3556821042012,6.21006430846424,7.27324290508978,6.20833323301575,6.41716144011977,7.55395392910898,7.15503587955587,6.83218618810787,6.45540791765052
"NAPA",9.30585432887418,8.81379364458591,9.3387496519109,9.38288740020658,9.07076606019487,8.99104994414624,9.1783067993547,8.75396387081303,8.7184509325209,8.88186826043684,9.22423561514753,8.93230113419161,8.26169012737929,8.85339409300731,8.27659921184296,8.90157134022332,9.28590901389572,8.92217519477075,8.74518224943878,8.98378530178007
"LOC111772161",8.21060652258362,8.97106622256473,8.16509127236008,7.9230335556407,8.79490353444997,8.92173033925174,8.64848047016834,9.42087426157813,9.44849688772542,9.06270514817978,8.07225567753619,9.12561281593051,8.69230514705634,9.00254831706424,8.91804085941019,8.41258523076858,9.25188687015975,8.57115476563129,8.69382493575824,8.54011375504834
"RAB33B",6.86407204703397,NA,7.04932119234425,6.9722301955479,NA,7.27889807791871,7.01604943942956,NA,7.07884463089131,6.98427034522122,6.76586809362512,6.75382452223535,5.85462793672235,7.34823864912343,7.82489790991122,7.13957920985163,6.69277027804185,6.74390002823952,7.31151133798206,NA
"CNPY2",9.55955406211437,8.44960903516886,9.38847342011212,9.03939546726595,8.57943749078337,8.5211652802296,8.87294138422933,7.98135621519346,7.99074795244914,9.11593898257146,7.79414118638375,9.03974258850931,7.62259942152448,8.146151210439,6.64469073802406,8.85278945771768,9.22893382454643,8.63750525533559,7.90024451073038,8.22281792861497
"PSMB4",8.61791580932093,8.72766331901842,8.90040886342168,8.75264154864531,8.72115450526268,9.00637815637685,8.96686528157032,8.45729887226902,8.74855008523719,8.94346522811625,8.27357844030981,8.77052427465856,8.12392676953036,9.21375558623615,8.44627854721231,8.86508851801279,8.69389187560946,8.83947239024907,8.73005414321833,8.72555526540106
"CHMP3",9.27258707236081,9.15634888467005,9.28423578841856,8.84128487410217,9.11846278091753,9.39847491095722,9.52552460323783,9.08448425455565,8.97865974031298,8.85659740396314,9.29812980408441,9.16789928182574,8.31977277455262,9.40810703336062,8.2067764473088,9.06675379699888,8.95125118932898,8.81036880247087,9.18769414035991,8.94577107550822
"PPID",8.03770384096029,7.1479086152864,7.37797438975992,6.30129174187947,7.28394532897146,7.35072107549583,7.41159888719363,5.6718510144785,6.90619409518257,7.82807579451252,7.17686124457359,7.93420789774857,NA,6.13175313497116,NA,7.41928553321023,7.96925839217708,8.17787212909683,6.72968585943616,7.51675500155627
"MELTF",11.6130974872814,10.6425719150341,12.3159812800835,11.6627729381756,11.328275677515,10.8325123984176,10.1158594057397,9.73662136498726,10.3175346261245,10.0231203618062,12.286159125593,10.5883094522059,9.2106328642829,11.0333864662576,10.8689791644929,11.7537145756554,10.3977674036032,11.5200119926903,10.6905473390656,11.0966617007213
"F12",7.23652033198342,8.44083622473859,4.78004874800444,6.60729918030437,8.42991458773133,7.64876373650282,8.74623404037652,8.07735474734926,8.52623807913956,8.58228177161281,5.8443099093527,8.99169545511483,7.0779890040328,8.34895489740802,9.21987100854911,6.67868400211376,6.73151467773519,7.51413649420243,8.38881744929373,8.03854555220215
"AP2A1",9.02303275781862,8.54720370137913,8.87456889519928,8.71317840592399,9.03078899857966,8.46832779197001,8.48321208153961,8.25178683308127,8.38552217937133,8.67412471380079,8.98970611324485,8.67981159477182,7.78562327830326,8.74316647653597,8.3730489486189,8.64692121179354,8.90553405676356,8.71365388468926,8.68269083350813,8.75533969385383
"ARF5",9.57727917160849,10.1459650499066,9.52497521751003,10.5868052179744,9.96717530890936,9.87896324873411,9.71270255075125,10.5113438248797,10.1594587833545,9.88899802287781,9.46137982725771,9.35108180354855,9.81505975653434,10.266558454391,10.2521433153108,9.97427179718096,9.65927349724354,9.19792990158345,10.2704204257971,9.86781188870161
"RPAP3",6.6432547230925,5.9217896657356,6.17783703041215,5.47644138493717,6.17361150025019,6.29709931948878,6.07657375569063,7.43882052218228,6.3933044784668,6.45448823813348,5.89378888592147,6.2692547047082,5.3949005792528,6.49207317550519,5.89437712727847,6.0592266437097,7.06201975237564,6.02410869545832,6.4391349256487,6.53283946331342
"FURIN",10.6962780459555,10.7761790830662,8.50996637167814,7.72388601314262,NA,9.21493677110894,10.1098538634415,9.18125404929366,10.7739091895626,9.9585011898549,10.0924203642259,8.36732654242724,10.0007689582975,10.2899952920504,10.4755329823565,10.4878528453356,NA,10.3830433114771,9.45844190435255,8.92703038342352
"GALK1",7.83892631612638,7.18954265466641,8.74590335469754,8.81699778050177,8.15241182928668,8.31680475822726,8.2840689788754,7.75154419262364,7.03635558167096,7.76675507546997,8.6442623846047,8.21897427582767,7.67287763223049,7.55822871643272,7.23748491931403,7.9301812669806,8.56636368424443,8.05909316417454,7.40871397855215,8.2385904695292
"SEC14L2",7.73670822823968,NA,7.43383590603717,7.32176596122568,7.10779885353951,6.99544044700994,7.20105766501552,6.57027185685306,7.55512256212958,7.29462933291772,NA,7.15514150840347,NA,7.46116397350764,6.65842249515319,6.95784851174966,6.63375906118401,7.46893114311823,7.32800565375426,8.01284776519249
"RAB12",7.25913572325739,7.09483415140587,7.22251006847549,6.51494557266536,7.75021010039112,7.50517961376123,7.85827926753581,7.79050340621133,7.75989632968611,7.46011578979513,6.83556338181637,7.61889240778513,5.38292913780495,7.92263062237892,7.48036361696304,6.91902844531913,7.33629235506269,7.65054471408191,7.70699855810396,7.56571522692879
"SPP2",11.1089420233348,11.7243239400518,9.26714775250452,10.1306402150217,10.4782182907143,10.1323147200692,10.905672405951,9.70075712083133,12.0450306041427,11.3544433913596,9.55595326237663,9.28301794095368,11.0188118451548,11.1663989323128,8.9687591651801,9.65910948214696,9.37549707060624,10.8349174482653,10.7251186300678,11.4736901023529
"RASA1",5.96391488377393,3.25415555349577,5.92323966464353,NA,5.5498434137183,5.2862251360432,5.91757574442804,NA,5.35864297279664,6.03070989852008,5.62698388588462,5.73431561574887,NA,NA,NA,5.47874900593251,5.74315016413575,5.77736349353835,5.85144140790031,4.58587839633963
"ZNF330",6.07744845838583,6.54941798465187,5.72102261677952,NA,6.53300923075455,6.15886305156363,6.342095773969,6.93393676737951,7.02397594675618,6.39602796784587,NA,6.01828947238945,6.07704382431817,6.59518935938223,6.5602918288441,5.76678178419169,6.56887419526094,6.24294946548487,6.65234385656721,5.61440573412398
"SLC14A1",8.47556928758924,8.02726108847819,9.62135625582341,7.16810423970984,7.79084387526029,6.73684228712327,7.36416036105269,6.55003848229401,7.21947643438961,7.7352647272288,9.74582323789787,7.27261995073714,NA,7.91370301059876,6.38460749827438,8.88539051789241,7.91396719210043,8.66227715683842,8.4556902625612,6.6419648194155
"PPL",5.83677502573272,NA,6.21230794691007,5.78572000514885,6.72793094906832,NA,6.25964398135877,NA,NA,6.77093928165831,5.54809978104483,6.87916341990701,3.85012687732894,5.60234838821706,NA,5.5822136428931,6.71680625548234,5.96086887525522,5.57102884528649,6.90417865079253
"AP2M1",8.08490544264265,7.69754465776447,7.80414938595541,7.32650475935613,8.04169244392943,7.53048151461355,7.58630070218735,7.95852593816608,8.07457621784085,7.8805212618811,7.64552327709703,7.93766777705249,NA,7.71185836053849,7.63542549117651,7.45001490661229,7.98871712880689,7.67953590396986,8.10337161591398,7.77953391778384
"SCRIB",6.72229384444528,6.65161768914691,7.08854734982655,7.07761952019968,6.86875390460804,7.12194746727056,7.09724996113047,NA,6.1378920543976,6.23996096352819,7.38702932870287,6.85159849361503,NA,6.11892789298896,7.92005404875954,6.64722262881503,6.939425479328,5.90025183656108,6.32320730892751,6.9835400772136
"UCHL1",NA,7.35070711476423,7.95171626049566,5.90250052735682,NA,4.28574743057095,6.9950512656314,NA,7.06539936014154,7.90179998313804,NA,6.63461789486675,NA,8.22346182752354,NA,8.55253261209989,6.89638304130445,NA,7.60751826760104,7.12694151363992
"HNRNPAB",9.23270584787353,9.53538769243381,9.4726633194614,8.77415521384657,9.51640955365396,9.11357734257992,9.42745733940014,8.57240928924313,8.98418317796788,9.33432395699813,9.26120651058313,9.33959868596037,8.09152732841859,9.35748961199431,8.45235465121418,9.21009824889786,9.85631047981295,8.81806179233739,9.18518808310521,9.62366530416401
"WDR11",4.59362250299934,NA,4.37369687650279,5.20755222608222,3.43080439056277,NA,3.35614565247469,NA,4.4243940105392,4.52782814714089,4.62696568463409,5.1799257209233,NA,NA,NA,4.65125329455128,4.52511199606149,NA,5.07329160413766,NA
"QRICH1",4.82661110400641,NA,3.6191854597955,NA,4.26735961682049,4.61253676079734,NA,NA,NA,4.44104788637777,NA,4.75396446078791,NA,3.62736638611702,NA,NA,4.30899743401459,4.68590674802692,3.09829967593808,5.13645008829364
"G6PC1",NA,7.41798800999559,7.86750245120486,6.91623359783021,7.52720796428729,NA,8.15313431607073,NA,NA,6.85056774221201,8.7822792230158,7.90790414250759,NA,8.08100794522157,NA,NA,7.259355884112,6.46653180740057,7.74496062836359,5.7383507800581
"CPM",7.83121049664483,8.17518532349905,8.73459613178562,7.10500398741019,8.29920339037141,7.17373574950175,7.20705682438751,6.42099833098951,8.20701733553327,7.55861177617182,8.07552948775372,6.8235439857563,NA,8.13508703923434,7.51682312089635,8.11695832492569,4.43833714655992,7.73706874184971,8.25944361633941,8.44438091432297
"G6PD",7.42697531876757,7.76446242933561,7.72718599707768,7.86504086333244,8.22902572405869,7.66679949529474,7.96774582109384,7.54997034995574,7.50108613783059,8.11574152330922,7.51333735453999,7.96436239913935,7.14536256659119,7.98046149028297,7.21599563999282,7.38527350773132,8.27679518481872,7.75734058278529,7.84894129197388,7.97012547518356
"TNFRSF11B",11.9493377303942,11.5030083671007,10.9179440889123,9.73871316211312,10.6970299160147,10.998099853899,10.4000453265428,9.78215812598028,12.2375007353755,10.9619863005464,11.493391106892,10.8599081276055,9.92211686935521,11.7391815955479,11.6360017804965,12.9077556205116,9.60950157619215,11.1117245960576,12.4542941495132,10.3974262677076
"XRCC1",9.4173851354117,8.3743324687932,9.28081570781385,NA,9.30623268859666,7.68312033932237,8.86735620531269,7.66244373066282,8.57068591987055,8.62312729484747,8.75950083592837,8.59733103653952,8.03537478506446,8.65312150772481,7.99336595238624,8.33797817656911,9.16752575500572,8.61154841204974,8.2621808399719,8.19912565915462
"GON7",4.97905226122655,8.18490380059479,6.69168675127873,NA,6.46933184515039,NA,7.31702923549267,7.1764332163932,6.48235981306835,4.70728892483172,6.53331107439961,6.99222137268059,NA,7.38068204200387,NA,6.97062792933856,6.67130991278352,NA,7.80900360534813,6.16875895613662
"GGCX",8.02029893676072,7.78510048281504,8.75285056445745,9.30543896704251,8.45429850445259,8.28821376548477,7.81407815331233,NA,NA,NA,9.08139913654435,8.37951134584403,NA,8.30876615607101,8.41502013017619,8.73772853190046,8.14805130456883,8.31592381303125,8.21189442418012,8.54958774738699
"ANGPTL7",5.93945025025469,9.1226341220415,NA,6.12451655839393,7.80131407208189,NA,8.06494199120779,7.70530027253856,8.1103288335037,8.58521042307513,6.75427302461961,7.98233752867555,7.06381830267498,8.04990146904303,7.84401406437057,7.19859628077637,6.19643344355282,5.75532592799797,7.92673872057592,8.77716928955999
"PGAM1",13.4652085090417,13.2936255851421,14.0966813725491,13.6897951611746,13.6562508774217,13.844932533408,13.8918340276029,13.5002480191712,13.4830452788944,13.9763275346277,14.3436093197364,14.4191746029432,11.8287259608444,14.2768380245252,12.6372344674783,13.7654647068772,13.7129338966501,13.5108445080294,14.0223835852658,13.3619115145571
"SMG8",6.59485281450028,NA,6.22351391400734,6.53624459322698,6.284312104993,6.05852735650885,6.15508599640509,NA,NA,6.65269811349632,NA,6.38996574865803,4.825423035182,6.23335273659553,NA,NA,5.90556202117548,NA,5.79122914687986,NA
"NACA",8.5517177686066,8.60401154780185,8.3878045204615,8.69868708220515,8.30795140715033,8.34064128941123,8.6959488859641,8.50885548268556,8.76799269110849,8.94126606121086,7.21843250200335,8.54573497329839,8.84312330227073,8.53169603091705,7.75821244457363,8.1322876219194,9.19049315730909,8.0363227647598,8.4307757740945,8.68349232848949
"SERPINA6",6.34259213938687,6.41184374410575,NA,NA,6.26852238064472,7.41972568196961,7.32141164899084,7.35902607029427,6.541627253531,7.29878463786089,NA,7.4080266921343,NA,6.60065164582112,5.35142293651771,5.99332025361772,6.68959574676218,NA,7.56770564712439,NA
"NENF",7.99637705859324,NA,8.22257889735076,7.27145844640366,7.45167720915849,NA,8.37650087701022,7.40656995901217,7.385521909268,7.74618856152925,NA,7.69480398480711,NA,7.47165891715578,NA,7.57021852325611,7.66198548548973,7.40249320428328,7.55623909061312,7.3748925057506
"SULF2",6.84782056909937,7.94619671540271,NA,NA,7.06221786444016,7.27322944485615,7.16405692295826,7.67879462659845,8.17900775659344,7.00505423350868,7.04020599031236,6.89064648169738,NA,7.67116989170496,8.15531261074254,7.05178021094334,7.45425929003365,NA,8.30779191500671,NA
"CAVIN3",10.1349842058721,10.0210423152624,10.2813681946771,10.8836604976856,10.4943803419409,10.1190383474513,10.4745247592649,9.87727159790427,9.97918448356106,10.3463982747006,10.267146757265,9.79043693837835,9.80791620036743,10.2615412778389,9.8577199658327,9.90811009476566,10.6760742520409,10.1515867775381,9.60141368166373,10.6959082720482
"GTF2F1",6.36071860387017,6.19614858839604,6.0691258170217,NA,6.53420753624501,NA,6.1536516687601,6.0415261461101,6.64775138471813,6.16726646017456,NA,6.16806778157287,6.9305418555323,6.43805106846328,3.4226161741886,NA,6.38112996625436,5.22434450683602,6.13662070267444,6.55173364344818
"ADRM1",8.2859811730061,8.65131418876886,8.15683855073655,7.58637613482186,7.80003243199007,8.18742144241753,8.19759593380289,8.26893981468437,8.48712422566331,8.18720111148556,8.14567510482053,8.20532668735309,8.13249964484323,8.39582286402815,8.0036506730198,8.46087384745711,8.34636742657808,8.60742012811416,8.29894448872732,8.64174242469766
"GSR",7.81597798558205,7.67127767292344,7.95051202942336,8.29729640043206,8.05290646613525,8.05782771690363,7.95775358146749,7.51271095698664,7.65027351557206,7.99758299824042,7.91887307440184,7.96282852954249,7.71272402740517,7.81955398905835,7.56862907275795,8.00972136303497,8.07740311226172,8.1037870911668,7.89391554276317,8.32930374485936
"ADAL",7.07176745328047,6.78984002040069,7.54118890153312,4.23689557971583,6.35978033055983,7.25200641119707,7.1855976477437,6.8945373836008,5.70390280904711,7.05238299036648,7.1131488450887,7.23271231171235,NA,6.90895727901028,6.16153874098347,7.17181089764259,7.20111112294708,7.10212144754375,6.57939692707661,7.13013536013082
"RPS11",9.55343610059753,10.2148534807597,9.3914591387715,8.50929337620451,9.90703104682999,9.81677435529568,9.89325286397859,10.2044561870542,10.5428931625229,10.0498902308827,8.96894896630427,10.1771462706726,9.98703275654325,9.91067385381453,10.0560299599156,9.7008540242035,10.3600396429464,9.831948238741,9.86749664236705,9.1592295312016
"BPIFA2",7.5303496055105,8.51844177859991,5.75497727374927,6.03252437292972,7.88846354409317,9.94214986086483,8.63241865970151,9.16892690686946,9.59510630061831,8.91786069668496,5.86649000772549,8.70021982020536,7.29688078065989,7.99558543167806,9.20746128040073,7.11073944169115,8.01746108427493,7.35024326189919,8.5617044733214,6.56230131048208
"SPCS3",7.06039937081325,6.98580768297905,7.6170978839704,6.71768047116623,7.56460443545248,4.97856284491942,7.35387322754168,6.99143388394109,6.77096892047987,6.47680558373493,7.53389052637579,7.38186619890749,7.83011059884627,6.79042054794321,7.11823199064071,7.20169204584223,6.84912216881498,7.30194125576208,6.71725839444327,7.37211049008185
"LOC102148317",9.94690960230908,8.53683350987062,8.96584715174851,9.10290671680422,9.06693064388253,8.98796146691499,8.69216687371119,8.57750888673582,8.3485961361696,8.16806957990677,9.95774114438919,7.74558095575231,8.21977725919215,8.74108759749261,7.43771578480014,9.19864734342187,8.70735044998857,9.26042031889194,8.95851528937213,9.05005256915316
"CC2D1A",7.08861159960415,6.72841447372732,6.61643448970495,6.72313067612854,6.99782372880541,6.57626569022636,6.77319376805908,7.09229389317904,6.72122267433508,7.19513776419181,6.80012652501296,6.80456130736526,6.67027999507449,7.3256188030359,7.53676497219172,6.61072793447758,7.28145730470437,7.40479481796651,6.98554626499458,6.81336793963951
"PRPF4B",6.29178056779365,6.04618464047754,5.58747235183293,NA,5.93421891095008,6.05649241618701,5.4852401740783,7.07797173272315,6.42469899522028,5.7694783078505,6.03940721946568,6.15376483386654,NA,6.21589097911505,NA,NA,6.37905912939586,NA,6.01647213101609,6.61684198222656
"RPS8",12.5008866195765,13.4221931922253,12.2710231079119,11.6748148054035,12.566168161213,13.4128096560261,12.9567005348565,13.3082084854908,13.8637890042944,13.0208636466451,11.7216612455834,12.8695114343527,13.3114568343342,13.2171275143866,13.1246942836682,12.5866165842667,12.9665595552764,12.7291850952531,13.2324569964291,12.5194746403038
"PFAS",7.89075632878632,6.970651304334,7.82777556637271,6.55407751961117,7.44628580195126,7.01446319864817,7.42596794930148,6.9451759186599,6.95697113137108,7.64644198137431,7.79012862440813,7.5382595454307,6.01127194021806,7.17610609983228,6.69704105262285,7.30502916712354,7.50335483816176,7.41710087873312,7.59381633882873,7.52908389810168
"LOC100054696",7.30918588902308,7.07515546994137,7.32163723279278,6.84193386850266,7.51175597232626,7.32510915585891,7.16692919392255,7.44558825547568,7.17673602497759,7.73009306607676,7.46697077052672,7.69352049655386,7.29082935991305,7.32716060685774,7.43114934408727,7.26855626389375,7.77487967856845,7.64075572375499,6.94471810289306,7.3084481367817
"CFL1",11.3306658929928,10.656621518585,11.4012241928898,11.5987775356488,11.2396677907529,10.7480886628167,11.2120207890902,10.44593766591,10.4562782663071,11.325280606389,11.1879770228775,11.3039354332425,10.3956577645817,11.0114668487396,10.165910382667,11.1126694507979,11.7813921205939,11.06911042473,10.6014566372496,11.192167251649
"GGT1",7.43903417749548,6.58883652977202,7.75135468827327,7.78174464326547,8.2769052523129,7.78166344328468,7.81023631534578,7.80437496557315,6.7425377414344,7.07827130883719,8.17047582532246,7.50599366293947,6.5332273168835,6.83408594326297,6.17207768319668,6.60251263208643,7.2464759373143,7.62533802360736,6.22692986804653,7.6336535725106
"PRAF2",8.32249527290412,7.78651308328828,8.50623683727065,8.27436099764309,8.69486440457863,7.77899313897853,NA,7.20575833920772,7.59092254449543,NA,8.4927450985712,7.65328735766361,NA,8.6265779986555,7.91369972952052,8.16233538453038,7.81383824866277,8.44320500583985,8.11250629916016,8.03262228580131
"FIP1L1",7.18413273550991,7.62016805694971,6.58566365658471,6.76763510298347,7.41770237248038,7.55861603106798,6.90213248544603,7.04675856664951,7.66264839140345,NA,6.76748888864841,7.4823521912884,NA,7.06985200863782,6.60844791782237,NA,7.90367013444592,6.93873233462737,6.19147947512106,7.13312561542724
"ZYX",6.5239530437712,6.29090918646575,6.51444402725918,6.44765121010132,6.54445983287931,5.87208607203615,6.29899923041275,6.12473942769302,5.46810256729388,6.24425648829184,6.35871757517226,6.25630866187652,5.12505236506304,6.2216092307023,6.26816056113834,6.07444710900569,7.18768746055382,6.85816759381139,5.13159348693082,5.88860302448857
"LOC100050322",6.7586200940686,8.1830816171266,8.54555089618921,NA,5.98412661314172,3.57206292473088,6.06250327225036,NA,NA,8.35293236597571,6.19568283810769,6.78502299167304,NA,7.20551165725948,4.34706694938134,8.13891410217768,NA,4.10044423210987,9.14125900854497,8.30747033777243
"ADIPOQ",8.74121131804998,9.7696900774048,7.00724727409916,8.67520460795196,10.0649310089423,8.64798744140521,10.3328639928579,9.66382231896733,9.81249295657673,9.16523958614169,7.85470006273628,7.92121478929822,8.44486694252043,9.72784004090129,8.45462511355112,6.27127323115757,7.59348454629075,8.00233942231055,9.28993497086402,10.9570153366881
"SNRNP200",6.83773346780917,6.67598047146748,6.89591480065426,6.59939015087883,7.09266071903993,6.79380152336447,6.26854649011005,NA,6.48965518918114,6.47469654229573,7.20436201773239,6.49820651335322,NA,6.78034796322958,6.65473438897909,6.66530061179514,6.29039775499917,6.64017419216347,6.61960842947003,7.0044432348974
"THBS4",17.4790687665649,17.0196815793023,16.9598288913942,17.7884918269029,15.4833606836014,15.9331873935499,16.9321573970565,14.8963526243508,16.4336158057584,17.0693854534181,15.0820006010465,15.6429473640079,15.2912397774202,15.0162085768648,14.8945385678571,16.6439426499399,16.8824654951935,16.2232789926797,16.9384293832161,15.6002776166974
"PPP1R1B",6.84653407428215,NA,7.63719090696724,7.5926144640827,NA,6.57215615709103,6.23602198616779,6.23264629189373,4.96027719910738,5.99146047019419,NA,4.9834427090275,4.99979825806591,NA,NA,7.25818144619405,6.41939999942606,NA,5.28191617393008,6.43803334077065
"NME4",5.90040899017507,4.97650753360601,5.28700234068697,4.93783895267092,6.81777338732139,5.66110194856346,5.84500872151528,NA,4.86470598708405,5.54437561187775,6.78303462978267,6.36568130569132,NA,NA,NA,5.33819430619866,6.08711023521168,6.50157820603691,4.80768923713559,5.63633366784519
"SNRNP40",7.17359303185784,7.0541634755807,6.66881282220159,6.86628558411903,7.18937362847643,6.73506892798176,6.74994589181037,7.29055017790642,6.41074415956484,6.71862086440552,6.28797396430258,6.83256232088005,6.8765313759616,7.31569701292985,6.87581395747574,6.19798280569109,7.05162755757155,7.11077104561701,6.38235921261106,6.817627111327
"TGFBR3",NA,3.63892494155687,5.49429127409572,NA,4.93571378706739,NA,4.25757251602784,NA,5.05789598824837,4.13496630002969,6.34805297146888,4.94686182939644,NA,5.02063837381033,NA,5.40039573405857,4.62017602957818,4.51392000272582,5.00117875943033,NA
"STIP1",9.01209243004266,8.49843111967732,9.06849024156554,8.43259122697638,8.51792357028195,8.74676278913819,8.83693089498366,8.24646250440131,8.40019076064626,9.0968213700081,8.59893851638616,8.85324829788505,7.93035169685507,8.48385990449986,7.70131543168716,8.8040806309986,9.04250090766476,8.74959236261602,8.54367668395657,8.50635001247147
"TUFM",7.25751568150585,6.49206839526296,6.93239205351806,6.92047430587616,6.92081145572703,6.81268611101854,6.75192669816376,6.35341415131411,6.4202307784057,6.88659381232595,6.61897795560408,6.74413011854515,6.94706742422603,6.33094806897495,6.10039912500098,6.09251057699062,7.37976900958236,7.32494799203586,6.34093094808521,7.5643661216526
"RFLNA",7.05298214237712,6.54451723751306,6.42735427386675,5.82060968935059,6.51902682768425,5.35681246832555,5.24594975397423,5.50396745269436,6.19359387401006,6.92493170899817,5.64361953781521,7.26032305272675,7.46991613486171,6.46437867461457,6.50313365404731,6.74076513096633,7.56095640981135,6.58369437608971,6.49172467812643,6.40967581190307
"NSFL1C",8.13269407250367,7.76597504778709,8.18777109353641,7.55854885042786,7.55654659679359,7.94812665638334,8.05578109556288,6.80919251072385,7.4848324774298,8.19990083599086,8.04290306174027,8.23094724945281,6.95612238971999,7.57602638645154,7.08688540168201,7.60838234692066,8.33072727257113,8.3608203426044,7.54903421091299,7.90685908674572
"TTC1",6.07258114094268,NA,6.27875234856636,NA,6.73516357577328,NA,6.22408230897666,6.36117462769372,NA,6.04482138452271,6.7262118571265,6.05519381062451,NA,5.94540381192459,NA,6.10784558667864,5.85719757528485,6.65222203257426,6.17621705591888,NA
"CFH",11.1428374352288,10.9882036707397,9.7844238422503,10.1178668359996,11.320727770291,11.163466162415,11.0633858739562,9.6118654414328,10.6008631527147,12.008715042364,9.9959172108762,11.8057419927088,10.1824093141471,10.6699998682894,11.224737093912,9.96837951370365,10.3442434086099,11.4720883792386,10.7717163981752,11.3915790750528
"RPLP2",9.45619266560472,9.47040360313581,9.57800787432859,9.32953063304017,9.50197729330414,8.89907192066527,9.31128822510927,8.53283252981352,8.90426411206694,9.21248212903949,8.99584810511541,8.78512916755409,8.99277237805063,9.04086371556754,6.57834693924957,9.12221003311907,10.1731106207985,9.19487252285033,8.34107837643336,9.18990516009712
"WNK3",5.85615922413179,6.3904790656869,6.17149137603205,4.89500896035897,6.03250456400323,4.68089649333515,6.48139998953611,NA,5.98674239324572,6.8359247246902,4.8685842588861,5.30887986201193,NA,6.2661615372873,NA,5.75162188588369,5.73102708102501,5.81686811732597,6.50376752061471,5.56512931400573
"MAGED2",8.04947179482295,8.29362163647157,8.17351212513697,7.68493832828575,8.15051213919792,9.09850499827705,8.21570853339514,8.86334796780411,8.22728824148935,8.05850392034873,7.7174093559152,8.52217256992201,NA,8.36499471573455,NA,7.75688557694415,8.60849353742169,7.46558072599439,7.95602652399368,8.22092364644525
"H9GZT5",14.5753602390855,14.0383202968129,13.0202207901334,13.6193208639417,14.7917417874872,14.2773381462184,15.0651907334179,14.489306638789,14.4632161063443,15.0029676818883,12.9448912339674,15.4310981466078,11.9878074529413,14.3369013661327,14.473207720209,12.7929659927031,14.1782693004904,13.0345238911158,13.9060663407368,14.7171058348431
"TANGO2",6.55827415396157,7.27523855051348,7.00135181018934,6.6567385318942,6.47596937453879,6.90660209307964,7.47517789610073,6.9116930745821,6.60115057737114,6.64874966465154,6.28070118556259,6.22823844360472,NA,6.92478936051898,6.52132857972655,7.10628735747864,6.11493527151037,6.34580728587062,NA,6.6740020639841
"UFD1",8.41101942210852,8.15765706805513,8.70071885612076,8.08244899002342,8.32961559173733,8.42699006099208,8.45699277311848,8.35484218578079,8.10519512254425,8.77516831263911,8.16810544013803,8.71830576502758,NA,8.31826097734833,7.73727750102005,8.80229234706137,8.59450056677471,8.6883646028677,8.09580201328528,8.23262943814567
"ALDH1L1",9.33775042271786,9.50786749517268,8.70686194668333,8.44735509504862,8.85334376984751,8.08769578015642,8.68520277414384,8.07384482306314,9.2187034535314,8.95021048944815,8.62977704374535,8.8728609625812,8.28256315070236,8.88237857178481,7.77668148334388,8.73351005740766,8.81289529939528,8.95264960954657,8.39895157313754,9.33311570228266
"VPS25",8.64325268540161,8.54913413052912,8.82234236142894,8.13280473526576,8.46965336692655,8.57674429518682,8.27021011359673,8.05121390260028,8.46241350412312,7.8452623426714,8.55059503687059,7.83141485934542,7.95491993126266,8.49684123358466,8.14458865484087,8.12666984846486,8.65583089462046,8.72883276751556,8.71304288751519,8.67884356944106
"PPIL3",8.58684792654394,7.48707549860223,8.79358768577568,7.9117971371723,7.38308089293683,8.21687109206757,8.27467093227104,7.31726694853623,7.78320082818705,8.33294141422325,8.14032577643848,8.50376049415356,5.02178433491663,7.54538319212948,7.59385130168075,7.96902932166383,8.00482452325429,8.29669992282514,7.61569307740208,7.91875364014024
"RAB8B",4.55296734776422,6.58724059059119,6.7847701363973,7.19494574828947,7.44479463160023,NA,6.58847312599919,NA,6.45278016537458,6.60310629217075,7.50182835696005,6.54923917071641,NA,6.82015462705962,6.37583515479996,6.57358936164142,7.28378406903706,NA,6.77884728891788,6.76380338970024
"ARHGDIB",5.20193710930388,6.26522733704919,5.93501588135039,6.3301617614242,5.83860448318276,NA,6.32293697338255,NA,4.72195880546661,6.87969334623166,5.70933910660193,7.30738471485131,NA,5.47051846141311,6.76352377407173,5.30861643012758,4.9123001975645,4.96760753566103,6.14086640245811,4.27243009955332
"TIMP1",5.21463663646723,4.92596921250476,NA,NA,4.69972166636781,NA,NA,NA,NA,5.97320136369634,3.11929900702993,6.54602112171468,NA,4.38364756736378,3.9594959895152,4.68335041165732,4.98434145628142,NA,NA,4.19678754759147
"TGFB1",6.95516002075915,6.94717098758924,7.93725737811888,6.77674926330129,6.75845179698132,6.77434686444424,7.22241669324198,6.38603015822158,6.45711447116574,7.54475234155461,6.85829754274285,7.33353004254617,NA,6.93541040813503,6.60402954328663,8.36075339223993,6.85959449591765,6.94721067362355,6.97599938909056,7.25791489447331
"BGN",18.2319050953781,17.8239463395505,18.4464118536088,18.064743969214,18.2302378790592,18.4268339620483,17.9618709623046,17.884567879625,17.4439496786641,18.2322727733783,17.9298499578056,17.9850546051642,17.5331950480749,17.8360374510816,17.8622042648277,18.0736834298724,18.1020902738797,18.4310186723773,17.5639579823304,18.2273170740133
"DCN",18.7635839679037,18.7635839679037,18.0962072099182,17.6401071062715,18.4474248677764,17.6408045128013,18.2220741581815,17.7337935983183,18.4380480872254,18.4491184806572,18.7635839679037,17.7298359712862,17.9171825467226,18.4433972400425,17.5462188097651,18.2120217905392,18.2334607436517,18.2105256566284,18.0890891569502,18.093949845374
"S100A6",11.9085896692071,12.0524031275733,12.1825308669462,12.9256238277449,11.4553898039851,11.7478572675002,12.0612613274094,11.3477933038356,11.6972301420746,11.4896211385862,11.4725317310895,12.6041922911067,10.8724317684934,12.1997462073984,11.4976156028472,11.9357109920241,11.9209182557442,10.6816631807812,11.7094765917413,11.954475680967
"TXN",12.9290876382402,11.7385046300631,13.1246877472361,12.9429783357543,12.17573994767,12.4392930203653,12.6741657692015,11.6004465275391,11.7412763103581,11.9935580469066,12.9791230113495,12.5757670428053,11.1781056476094,12.0362491225396,11.0141467587163,11.8462545722685,13.2545360684095,13.0554586430215,11.7816812510216,12.7948023606876
"CYCS.1",9.52093270324548,8.75280126835172,9.350344232072,9.2807934696187,9.19849627514726,8.88490966285109,9.12854354303741,8.61657082332124,8.59179410889204,8.67865896905183,9.54591734672769,8.73199966808626,8.97335071190312,8.78534287694413,7.48773635905156,8.30310928756251,9.06614770286711,9.45170209982524,NA,9.86105734435256
"CYB5A",5.87511563338457,6.05900612482657,6.57600513901222,6.5457647306872,6.05893357868043,5.14596776663169,6.64087931993495,5.69495757299821,6.46167847867077,6.491254280477,NA,6.05349686176028,NA,6.30792659719514,NA,6.42044927497759,6.00468726390744,NA,5.78301772252052,NA
"SOD1",14.3996271931229,12.7608558083579,14.2516302380154,13.3030718562672,12.965519829724,12.9779635975322,13.2199849189406,12.2230298882398,12.4789224742754,13.4669633329949,13.3846558667997,13.9070159372788,12.1618957862276,12.6569288359019,11.7121508345656,13.1678566644196,13.2251955893969,14.1387734317614,13.0047369747948,13.1399021555662
"PGK1.1",15.3265620596052,14.9687456723893,15.3881642947882,15.0792511673047,15.1715935250201,14.8447839382759,15.248607336502,15.0735475396677,14.7675339930001,15.1866633645026,15.142289453425,15.0186134235617,14.4650449713053,14.9370362082223,14.1217669724565,15.057816193167,15.2632384517062,15.1684428960246,14.9202276142086,15.7621518818942
"HBA",10.9719026984766,12.7348365007148,11.5942485436424,13.9414126562433,17.0609510829968,11.4098826927046,16.0877624027133,13.3941812719697,11.324852462449,14.4032059609185,12.5180911367991,13.8612471445566,12.8492250692113,16.8369944799215,11.4637061477196,13.4927104880491,14.6561005260078,12.0214630594863,14.2591463246948,13.1719792048456
"TPM4",9.40048617132751,8.79641006231184,9.42295903323459,9.27795658597274,8.8309811878099,9.57763359291157,9.30473838233089,8.83273022556471,8.83333551612037,9.17777858283437,8.74054742721808,9.18563206048673,8.16197782902605,8.7899124961186,7.83981111740916,8.96888555134199,10.0705718230268,9.07238720002405,8.58953572735014,9.20877007849178
"FTL",9.26293868413197,9.26340008949433,9.56382967242766,9.13460354250152,9.31808999943366,8.77305167366428,9.49997331448041,8.29260650831631,8.82321490221577,9.00941288893518,9.4482633494463,8.58677943437807,8.4344659089084,9.14191097909089,8.53894663378788,9.45948791815543,8.86647098628583,8.8796330716369,9.05719540166295,9.34775312804766
"P02801",9.53964294926062,9.14630615684236,8.47484176685925,8.94352107006547,8.03093897541493,NA,9.07106513751251,7.53616606734852,9.14358435710215,9.86958881293403,7.95135255254879,9.54428496897568,7.22962369877469,9.62148916925492,8.7640152214833,7.33488299713852,10.4439378179421,8.63118043675377,8.36847985622179,10.1855921038237
"SERPINB1",9.87453109444467,9.41571348875708,9.24603113898658,8.91588428560437,8.94599366173813,9.09293808735304,9.27048494558589,8.64574223561916,9.54117599871534,9.90514251341182,8.73554274775323,9.84221522197958,8.15694575240789,10.0067036057848,8.9433293270857,9.73324167952821,9.1047285265706,9.60282727313931,9.6649340665366,8.97830468555397
"GOT1.1",8.332129091534,8.02158817075464,NA,7.18808408252548,6.06776815274768,7.34395778994138,6.13714013930939,8.20289290531241,7.387220814445,7.36345102587356,7.36582669924924,8.1842552764833,7.2502277223039,6.73768830732687,7.97003243257134,8.15855763981234,6.89924898098495,8.15764198569294,8.63850219205909,8.17921827382799
"ATP1A1",10.6844035355815,10.1404578536389,10.7896444749878,10.6816438393865,10.7775890419797,10.2655629315241,9.86559888511583,9.23306524857065,9.4232690375662,9.49967076391705,11.7944016235412,10.1034128766758,9.03530991428237,10.2771686245626,9.72214331966831,10.5524298117904,10.1416520915918,10.2866364259694,9.783188094724,10.4406199283723
"TF",13.9735397009953,13.8295347528197,12.945091968136,13.5428614928856,14.2039443251534,14.2110862255428,14.840695748974,14.4195661965612,13.4139891759014,14.4633032552962,13.2794452111066,15.2667945052434,11.5551538073361,13.7209676237626,13.6254976494814,12.6633417377174,14.2367316687879,13.2524833717633,14.5029356166444,13.9373172485013
"MT-CO2",5.60716372613152,6.23787408614473,5.05104759353055,NA,6.49414042545566,NA,NA,NA,5.82601100280663,6.36815771418041,4.71981720097262,6.33720549695199,NA,NA,NA,5.69222160841299,6.56577810199799,6.15527079733968,5.53107054172919,6.31156513175468
"MT-ATP8",7.67040991791261,NA,8.26961856489507,7.79256397363465,7.99337483568689,6.78630857119109,6.64951017287553,6.17556270526809,NA,7.34616713642645,8.53219426275924,8.30716443108284,6.12195888256883,7.5700170216374,NA,NA,7.80189285493532,7.05318741013934,NA,8.62702564160016
"ACTB",14.6432012618943,14.1178260115981,14.6142312068819,14.7301459129744,14.3833994610722,14.3416835742935,14.1307410812567,14.2076737203853,14.2759974335781,14.285254461779,14.5374646739902,14.4781268180656,13.5751205440004,14.517686121532,13.7815044856646,13.9894386352961,14.474107946205,14.3868195998777,14.1976246332539,14.823193225609
"TMSB4",7.16086861199016,8.25993313886355,8.35399740624225,9.81921175342553,9.1379977438871,7.51104966386176,9.03291849038564,7.63238146297871,7.54647425073647,9.18767000363091,9.1689439244244,9.13078524127028,7.8830262237631,8.2355675799001,8.64323463768724,7.45150784597496,10.5205958698944,7.9547231428848,8.5131755551042,8.55628626534698
"TMSB10",6.33713249121616,6.56057998440025,7.95295004337055,7.49232226368979,NA,6.50871236376211,7.34612361460312,5.39986713499953,5.9518808173106,7.8351815828346,7.38523778157898,8.06405513844492,NA,6.86487492099819,5.90287990858795,NA,8.45989007098703,6.61535901904643,5.87645370031074,6.99283607925664
"HMGB1",11.6379637967057,12.0034421763619,10.8268520180854,11.2331212400597,12.1602797134119,11.4607140772952,11.7391898482644,12.1740570160171,12.2268223351136,12.0638799693382,10.5652298410989,11.5673047203289,12.2054510983544,11.9259107031896,12.4843975146612,11.6176201144939,12.8284758311539,10.9647671173799,11.9991345106128,11.6515112336694
"defb3",6.90395491390193,8.11328743177861,8.14623884316136,8.37612922855967,7.18018444259814,7.9355599209602,7.89774503657703,7.85242186725399,7.69369785279801,8.89045042139943,8.8622491283785,6.77688257561103,8.12740942310491,8.1299759753236,8.36184699415,8.7016999153134,7.6682070431729,7.97727691982103,7.85560448547306,8.70001783524585
"ATP2A2",6.76867222611066,6.60256428706463,7.31380224775652,6.6463875777744,7.09152434241488,6.59544796837752,5.86140929226018,6.06673677107249,6.15801802914189,5.99631794994062,6.63986897475073,6.5195828338973,NA,6.27425414920431,6.49013323934987,6.2967468563391,6.32757832635546,6.87509285039795,6.3607632308005,6.69622658938933
"GSN",13.5056516220525,12.8565097919068,13.3991649898976,13.1178869041486,13.3811250584859,12.3654417330651,13.4971092807473,12.3364468566236,12.5589300154565,13.1862392773444,12.910512042517,13.1694679250386,12.5547227499197,12.7099088412124,12.1744136154995,12.3454559776252,13.0293543985652,13.2829937031511,12.6244117233868,13.5329748235155
"FN1",17.2231640033878,16.6875548826371,16.6322134239244,16.6083175605435,16.2506869114491,16.0784581239535,16.3033014675951,14.7653878075185,16.0632184225571,16.7603900478966,16.7259241829936,17.8561585295278,15.188024588247,16.3320064038343,16.8143268218852,16.8856655048689,16.5497014599894,16.352784751337,16.6018207378568,16.5037915088051
"HAPLN1",17.0678614762655,17.6871212662071,17.8445953105041,16.9624450708066,17.8474710465308,17.9294147787202,17.8281827472879,17.3066061130386,18.2189715751167,17.8522788604117,17.0694995820113,18.4504851428764,16.6516498882565,18.0914079002561,17.4248723037581,17.9421887645826,16.7676135060495,17.4210160188564,18.4419407566067,17.8405701048402
"MMP3",9.56994799747822,9.35752760654003,6.90025116952661,7.36412886376887,8.53293884708776,6.86248067520409,8.82926620463375,7.13192708283316,10.0213901616705,9.45548838770788,6.42762892910737,9.6623802878331,7.94076471428034,8.35503272895296,7.94435992772456,7.48543568861508,5.93474590182143,8.69928952233648,9.27737487540608,8.39572969914523
"CAPZA2",10.4438744977531,9.87370208022486,10.3660819168211,10.1362988417761,9.95192437251178,9.89333902002314,9.90947509374345,9.66901569315921,9.74330635522955,10.3027096463569,9.86893384211839,10.4466462743317,9.01342840288923,10.1530979161952,9.4750114154669,9.99458813678277,10.4621738933468,10.1998188170918,9.58327248496829,10.2844116433565
"CAV1",8.77973786492095,8.27372356148541,8.94984685692999,9.33716766833996,9.27540690593347,8.21503203628627,8.09650800605883,7.79926887603278,8.15747922637411,8.17015482620027,9.00778017917817,8.86159795259039,3.73971444296083,8.89425255414525,8.2392410937619,8.40607328215859,8.05084438467466,8.24122559002328,8.05653789342227,8.83919862159099
"SLC4A1",NA,6.59554276816894,5.9053697849411,5.95836295748597,10.1741907423392,NA,9.87600788536469,6.47456091952486,5.07556454664391,7.38260506355515,6.60738085933927,7.26683599526318,5.9155452240964,9.58812862298335,NA,6.82004655906331,6.94567537029668,NA,8.10519684660245,5.03041535585191
"MAOB",6.1238247715036,NA,NA,5.91086079586149,6.45860406426401,5.40310888156666,NA,NA,5.1402339606182,5.44933757013365,6.07860413896896,6.12374453062336,5.80463015583374,6.08275758191256,NA,NA,6.3182050468439,5.09487885840479,4.83280857028992,6.13013009158933
"ANG",10.7899860644127,10.8858575494788,8.15382441132221,9.30229365722559,10.6492814566579,8.8269255128128,9.02084749898031,9.67330830685507,10.0339796939299,10.9470728003796,8.31886567938376,9.24874782728059,11.2169887394165,10.6183952346845,12.0306284745162,11.5649180494627,10.5976710365398,9.77004985705961,9.57991750998242,12.8230948223348
"GBE1",11.0911787862649,10.7621979299703,11.6527034077422,10.8927461261323,11.2258424739643,10.3918540655246,10.2843699407156,9.7134288943628,10.2326419586341,10.2921366913398,11.6779447017697,10.8886739798197,9.10128339845918,10.6394646349255,10.9341312250241,10.9933848036581,9.87650109191171,11.1780940529086,10.9399693662798,10.777100538625
"PGFS",10.5984944704943,8.99625603603267,6.37246208835963,7.53180302683561,8.12899092724992,NA,8.10438578190873,NA,8.9864845688132,11.1246790718555,7.6130149662492,6.63959302010161,7.72605609177918,7.44292936525592,7.24585288379708,9.12500521092424,10.4945975308326,NA,6.58892125563387,7.54058012381889
"ANXA1",13.1502369381143,13.1169804846951,13.6483691191272,13.7235594151792,13.4955682225755,13.6539433609266,13.4331591741588,13.5768862525453,12.9260455325825,13.1241776888549,14.104617487199,13.2289383835188,12.3480896173669,13.58809284128,12.843726632369,13.5935322057502,13.4915995452938,13.9356194475983,12.9170118750109,13.3872803580926
"PGK2",7.7480165909281,8.81120022418601,8.03778422375918,9.0974358662614,8.07214107277868,7.00564327014886,8.66221304990554,12.2076512222846,8.53365481688117,8.22795313450438,8.984095185646,9.87928974807336,8.08833292385656,8.40537234627594,7.44940365209194,8.3467750752956,8.16347290881786,8.49197095263989,8.7850041633359,9.25286948533311
"FTH1",12.1729236154228,11.1740843534504,12.5761071308957,11.7806173174433,11.493521526804,11.243312030017,11.4325603425497,10.2353458132627,11.1956562785647,11.5229145960675,11.830982653769,11.5425215381792,9.92873811953278,11.7254746922055,10.6558813141854,12.1523507675611,11.4884296759717,11.1608146608264,11.0502355335676,11.581910810893
"TNMD",7.3976625375445,7.67911946826123,8.00752053382095,8.23892910097933,8.2205302587834,8.40445357782319,7.85323814124196,7.82808578117347,6.77564423097851,6.35807084991167,7.02430715312742,7.15656553427228,7.75240030218104,6.78177916950414,NA,6.41315769889997,6.89128779391634,6.49185342170343,6.72690993732559,8.43481858332871
"CD14",8.19447032776862,8.00227408528715,6.05644929358125,7.49092473318068,8.01309704794282,8.72510141235593,8.4382784950224,6.84276276241525,7.83419465614132,8.52241237470959,NA,8.96289487751855,7.26526146167352,7.14895865891007,8.33575397768925,7.43110420858342,7.54164001264632,7.58096720302681,8.23989195688362,8.2663309338019
"TIMP3",15.1295757370439,15.5579734685638,13.246562004314,11.6190606338473,11.6364351643916,13.3043962129173,13.1562242277665,12.1917823107717,15.4798893505617,14.7000175058373,12.9605699888636,13.4321321895724,12.4417313130882,14.4596847060954,14.180650058937,15.4249443059082,11.6740442105872,14.3229557268369,15.5093199902858,12.3025398223256
